,patch_id,af1,Qal,Qaf,Qat,Qc,Qca,Qr
0,256_50_1781,0.19341555,0.99242216,0.08607557,0.043812286,0.9986351,0.33980465,0.9309997
1,256_50_14066,0.27933225,0.98813033,0.01308047,0.22472005,0.48295,0.3496852,0.6915305
2,256_50_14962,0.42393595,0.79465103,0.02993406,0.11374411,0.6845612,0.49482617,0.868954
3,256_50_11340,0.41846123,0.42496988,0.0016846264,0.006804595,0.023072382,0.019416157,0.9839442
4,256_50_6211,0.096589684,0.35596558,0.01114559,0.021912768,0.99999917,0.9049379,0.96701115
5,256_50_5018,0.39795086,0.7291787,0.013691719,0.04741849,0.29377663,0.3936824,0.92072254
6,256_50_15972,0.10327297,0.30916288,0.0042114942,0.015064992,0.9999981,0.63756144,0.99288297
7,256_50_10700,0.3767229,0.94586295,0.012689641,0.13190663,0.36249912,0.24348877,0.9003507
8,256_50_16698,0.63745016,0.42432946,0.0076826867,0.03489128,0.052319057,0.10406728,0.9264982
9,256_50_2598,0.2260472,0.995654,0.011497608,0.22848557,0.57131207,0.41808525,0.6050102
10,256_50_23226,0.39022833,0.7998225,0.00063786324,0.0026346294,0.20777908,0.020552155,0.99961156
11,256_50_2982,0.17558177,0.53718513,0.041008927,0.07271147,0.9997482,0.9872823,0.62427694
12,256_50_6810,0.44910684,0.8582524,0.030379446,0.14933187,0.31983787,0.392174,0.85496354
13,256_50_12204,0.6346901,0.37804675,0.0053841667,0.022142762,0.032413233,0.04585539,0.926668
14,256_50_6959,0.3418757,0.96235025,0.023723269,0.20638448,0.5869638,0.5994811,0.7093257
15,256_50_987,0.37905902,0.6632871,0.0037871336,0.022702124,0.17365828,0.25274074,0.9774635
16,256_50_16276,0.34320357,0.7353335,0.0012987928,0.004995345,0.56113863,0.12555514,0.9986418
17,256_50_16273,0.3707003,0.69931805,0.0015688101,0.008349874,0.24847332,0.06970191,0.99755186
18,256_50_11296,0.2500744,0.94662446,0.13399667,0.12726778,0.9989907,0.8412784,0.67410105
19,256_50_5799,0.10304986,0.38215464,0.013601259,0.021883843,0.99999917,0.8650253,0.9718248
20,256_50_10381,0.65588367,0.38606313,0.0068421415,0.03357865,0.041355122,0.09729514,0.9258559
21,256_50_12127,0.17360866,0.4870096,0.0039948844,0.011248655,0.9999846,0.29015628,0.9949197
22,256_50_23063,0.37074283,0.6411971,0.0011521478,0.0053996965,0.17457803,0.043520726,0.99809486
23,256_50_22164,0.34890112,0.8068419,0.0010777161,0.0031724353,0.64279693,0.04700909,0.99956816
24,256_50_11571,0.35299164,0.8954672,0.045477938,0.18866736,0.7645766,0.9197576,0.5712349
25,256_50_2151,0.19541071,0.73461145,0.061006475,0.084942035,0.99993575,0.7412327,0.8089899
26,256_50_16810,0.44612637,0.6895501,0.008535545,0.023981147,0.14699475,0.10415925,0.9470178
27,256_50_13832,0.27586788,0.84265834,0.007990353,0.016713353,0.9962494,0.2893018,0.9934324
28,256_50_3790,0.40211254,0.5246427,0.0009464419,0.005336904,0.040224876,0.025380004,0.9955252
29,256_50_14578,0.4091817,0.801312,0.0059150094,0.0096057,0.3855061,0.02943825,0.9926363
30,256_50_14417,0.3113425,0.97084504,0.059722397,0.03739496,0.991552,0.14709313,0.97987306
31,256_50_13695,0.3955947,0.87823445,0.007667965,0.019063955,0.70026803,0.20461203,0.98829997
32,256_50_14302,0.3684329,0.9173785,0.036663815,0.10649869,0.9176509,0.30115432,0.907234
33,256_50_19207,0.4352967,0.8054704,0.0012230952,0.0038145194,0.14996862,0.016268415,0.99859947
34,256_50_3127,0.4086792,0.48018646,0.019997839,0.054427866,0.9815568,0.392866,0.8370444
35,256_50_5422,0.2346112,0.9071029,0.081615396,0.06135885,0.99960834,0.719218,0.8764949
36,256_50_14635,0.42942306,0.6308742,0.0026088518,0.009402982,0.06754911,0.029302994,0.9904895
37,256_50_16695,0.3138055,0.867245,0.03205622,0.049756974,0.9638443,0.7121019,0.86722136
38,256_50_13060,0.67627287,0.3413035,0.005488522,0.02709633,0.03053026,0.07670653,0.9324542
39,256_50_3225,0.40130767,0.5605585,0.0022534784,0.011563096,0.057884943,0.04599246,0.98933953
40,256_50_16469,0.51888895,0.6406681,0.014399265,0.055967174,0.18051286,0.3228436,0.8860533
41,256_50_4149,0.2386641,0.97799325,0.060356125,0.1986025,0.9862504,0.9359894,0.38274795
42,256_50_16411,0.2911024,0.6823793,0.008280854,0.027069384,0.94272345,0.8382401,0.9638165
43,256_50_7179,0.22067232,0.54449743,0.025089853,0.06945195,0.9926703,0.98701596,0.6184869
44,256_50_15396,0.4853595,0.73257935,0.022551414,0.06408083,0.4034444,0.38867962,0.8608893
45,256_50_6732,0.43723196,0.49585235,0.0023529732,0.0075801923,0.0353623,0.020024274,0.98472565
46,256_50_16493,0.49767897,0.7569879,0.03706832,0.049866367,0.7506822,0.19700989,0.9076102
47,256_50_6095,0.14780535,0.47592854,0.0015286126,0.009448242,0.9999708,0.20295167,0.9990895
48,256_50_1020,0.12725908,0.70316154,0.04910698,0.03898377,0.99999833,0.66064763,0.95351464
49,256_50_6817,0.2195356,0.8968605,0.084638916,0.13970749,0.99757725,0.98456985,0.40133423
50,256_50_13395,0.35547048,0.8408531,0.046558056,0.09646054,0.8817408,0.78611016,0.7372637
51,256_50_5979,0.13010715,0.8228294,0.09538884,0.031231921,0.9999999,0.30498862,0.9796689
52,256_50_3936,0.38190946,0.6295355,0.0009897834,0.0063201566,0.12574746,0.043884516,0.9982083
53,256_50_1652,0.2581594,0.6414631,0.03250181,0.07571601,0.9788093,0.984929,0.56595147
54,256_50_1194,0.3460984,0.7054753,0.0010207931,0.004309154,0.29576743,0.058511972,0.99869126
55,256_50_21727,0.3829118,0.64363796,0.0005103601,0.003164855,0.20489629,0.023512123,0.999548
56,256_50_11794,0.5386305,0.53301585,0.00818997,0.03723931,0.07695716,0.10027494,0.94843596
57,256_50_16700,0.55466425,0.61114687,0.015923457,0.051413886,0.2272551,0.19048557,0.898016
58,256_50_4923,0.3651761,0.5132085,7.752265e-05,0.01253405,0.9997861,0.901134,0.71916574
59,256_50_12804,0.45478025,0.6603583,0.0041118483,0.022830822,0.14783609,0.051492162,0.98866314
60,256_50_10657,0.6005086,0.41807145,0.00609383,0.025669813,0.044818234,0.06601343,0.936953
61,256_50_6192,0.31552228,0.6390854,0.0033090333,0.018105062,0.5012141,0.47835928,0.9821
62,256_50_6112,0.25435457,0.83365166,0.08443754,0.07733194,0.99918765,0.6149674,0.8480892
63,256_50_19518,0.4139986,0.7304197,0.010415389,0.027254287,0.2244298,0.15982106,0.9570253
64,256_50_6986,0.38628808,0.489955,0.00091680366,0.0054038283,0.0411256,0.029575119,0.99552876
65,256_50_10980,0.39409262,0.93371505,0.014524081,0.14134212,0.3538326,0.22220278,0.90158737
66,256_50_10505,0.54707277,0.40812105,0.0042340513,0.01730376,0.037043475,0.034437012,0.9564498
67,256_50_6746,0.5350462,0.36216772,0.0030634142,0.0122863455,0.024822064,0.022690412,0.95704764
68,256_50_3814,0.33416203,0.61127234,0.0123417135,0.044693626,0.7919149,0.82099706,0.85183275
69,256_50_10949,0.6503285,0.39306715,0.0063723777,0.029032355,0.038675908,0.07404562,0.9244169
70,256_50_17254,0.43942946,0.7831723,0.011111042,0.020772617,0.25383112,0.0841686,0.97454506
71,256_50_3043,0.1892279,0.9986571,0.010637214,0.20923305,0.64991903,0.49635258,0.5597302
72,256_50_19921,0.3856515,0.47315407,0.00101031,0.0052839317,0.028991569,0.024110293,0.9936515
73,256_50_20998,0.35015607,0.80908954,0.0010375056,0.00297978,0.49341607,0.038749903,0.9994898
74,256_50_21058,0.38721797,0.5564449,0.0005488819,0.0046728677,0.15871267,0.027700331,0.9992079
75,256_50_21038,0.39139637,0.5012906,0.0007332321,0.0043220976,0.048689514,0.023460822,0.99742585
76,256_50_18210,0.3928452,0.6043309,0.0011364644,0.008290963,0.24611554,0.057193935,0.99800676
77,256_50_2879,0.19272515,0.9875378,0.047134735,0.18069506,0.9811118,0.9371324,0.3751592
78,256_50_9661,0.41018218,0.435743,0.0015147503,0.0061951415,0.023587458,0.019018477,0.98701525
79,256_50_9378,0.420413,0.6393556,0.0020488221,0.009920421,0.084966764,0.045091193,0.99223304
80,256_50_16893,0.32065356,0.65170366,0.0010485752,0.0038517558,0.82539487,0.044511426,0.99910104
81,256_50_3082,0.39112875,0.50481147,0.0006841886,0.0043126545,0.043545894,0.025161134,0.997283
82,256_50_21110,0.35080987,0.80969363,0.0011556433,0.002112751,0.84937686,0.019070152,0.9996543
83,256_50_1017,0.17527759,0.6798328,0.06863919,0.08372304,0.9999839,0.8966118,0.77793163
84,256_50_4276,0.1957283,0.8767903,0.17736639,0.12798211,0.9999926,0.6611517,0.7973325
85,256_50_19273,0.4203042,0.77740586,0.0021762848,0.007140426,0.17646348,0.026902346,0.9966454
86,256_50_15316,0.6183904,0.42274365,0.008526526,0.039723836,0.051138934,0.10138437,0.9216298
87,256_50_5772,0.39785263,0.72097987,0.0037989286,0.015065332,0.18527354,0.08953785,0.98914295
88,256_50_21889,0.39105883,0.87018234,0.00083235494,0.0020078172,0.6461589,0.016387792,0.9997322
89,256_50_9427,0.49156144,0.57329696,0.012735819,0.06787788,0.13027823,0.18530989,0.9151044
90,256_50_18944,0.38305628,0.47701836,0.0008923872,0.0051362407,0.03226266,0.026109407,0.99504095
91,256_50_2531,0.51324713,0.5090246,0.007051929,0.027521541,0.07042979,0.06735774,0.94834805
92,256_50_13547,0.13043381,0.5021751,0.0044632875,0.013054875,0.9999895,0.4002135,0.9969326
93,256_50_6097,0.18717836,0.6044497,0.010228095,0.028065097,0.9999727,0.30770504,0.9838738
94,256_50_10576,0.24040361,0.7025794,0.021269094,0.06502706,0.99984074,0.9582486,0.6044012
95,256_50_2866,0.15053056,0.835813,0.059476376,0.020947462,0.99999845,0.3711263,0.9783255
96,256_50_6861,0.3997956,0.46871346,0.0014118649,0.0063164113,0.029005338,0.022282248,0.99055594
97,256_50_7085,0.16595194,0.60550165,0.038035642,0.06416221,0.99996257,0.91954476,0.8005755
98,256_50_15244,0.50159776,0.64173526,0.029039245,0.050490674,0.7751997,0.2191686,0.8786272
99,256_50_3085,0.38805726,0.4878879,0.0009076072,0.005641882,0.035943564,0.03019858,0.9951632
100,256_50_22895,0.36095858,0.80188686,0.0005737774,0.0013516229,0.35836136,0.011463473,0.99986386
101,256_50_8763,0.44348556,0.84968156,0.011636937,0.09136675,0.277933,0.15772437,0.9507431
102,256_50_20204,0.37981674,0.54807466,0.0007222627,0.0042093033,0.06948351,0.029748825,0.99811757
103,256_50_19588,0.3205664,0.7419342,0.017334744,0.025118485,0.96955836,0.41467673,0.9591611
104,256_50_19421,0.41606566,0.57851106,0.0012934278,0.005703843,0.07640624,0.022464916,0.99530655
105,256_50_463,0.42293084,0.89094114,0.011794493,0.05728814,0.36935392,0.17295258,0.97021633
106,256_50_2686,0.37595463,0.7207286,0.008323127,0.041155946,0.25601774,0.41622877,0.92547834
107,256_50_5016,0.29133272,0.6309736,0.0038997722,0.01768143,0.83464634,0.7421208,0.9771189
108,256_50_13022,0.4148567,0.6909208,0.0030127699,0.012576538,0.09595316,0.059874084,0.9884526
109,256_50_8879,0.28172803,0.9542766,0.09273615,0.0573856,0.99826115,0.3749702,0.92545885
110,256_50_19297,0.40692782,0.53498185,0.0022761836,0.007371758,0.038959153,0.02441922,0.9848524
111,256_50_3545,0.36689964,0.6419851,0.049768575,0.10064886,0.9880592,0.7605417,0.6423103
112,256_50_9960,0.5227533,0.6153016,0.010667738,0.03083563,0.12840582,0.08210072,0.9326709
113,256_50_9539,0.5188888,0.475003,0.0053038616,0.01960404,0.049496166,0.038568992,0.9569721
114,256_50_5376,0.11304189,0.42521343,0.010004414,0.025717106,0.9999974,0.8690875,0.9672633
115,256_50_19688,0.42597172,0.83440965,0.0005715096,0.0020049403,0.18587017,0.011262186,0.9997118
116,256_50_21659,0.3613933,0.6714238,0.00023823691,0.0011986694,0.1678761,0.010077635,0.99989414
117,256_50_2966,0.20244384,0.55133224,0.013015307,0.04774114,0.9956577,0.97784734,0.8507145
118,256_50_6561,0.3793639,0.52319664,0.0004796357,0.002965581,0.06441069,0.020150548,0.9989623
119,256_50_5229,0.5200287,0.56753623,0.01589757,0.048707284,0.4190061,0.42970803,0.8121713
120,256_50_9105,0.44290102,0.4492733,0.0023971093,0.008901891,0.02937741,0.022051224,0.97870934
121,256_50_18423,0.3765104,0.50507516,0.0002948213,0.002164846,0.08420211,0.014164487,0.99943656
122,256_50_20055,0.3859135,0.51308244,0.0009119597,0.005369944,0.056501307,0.0330983,0.9965462
123,256_50_3406,0.45743033,0.6467608,0.027758935,0.06908549,0.87683624,0.5906327,0.78383535
124,256_50_19367,0.40601626,0.7379753,0.003253925,0.0070594256,0.114617035,0.02966826,0.9933242
125,256_50_7674,0.29325065,0.78772783,0.008992565,0.015374232,0.9837368,0.59102964,0.9761869
126,256_50_16390,0.42970243,0.71333724,0.006391706,0.023911439,0.13832203,0.09406033,0.96686715
127,256_50_4955,0.20035537,0.7652224,0.024754304,0.02869237,0.99994266,0.5891236,0.9618657
128,256_50_20438,0.37420297,0.517374,0.00025755074,0.0021407194,0.1123947,0.015572957,0.99961746
129,256_50_4602,0.38236696,0.48737326,0.0007383747,0.004455906,0.037317794,0.025272984,0.99656314
130,256_50_21387,0.34992975,0.6418775,0.0003523044,0.0015131962,0.20648487,0.01439691,0.999811
131,256_50_8799,0.3582138,0.8715165,0.042862438,0.05507968,0.8310379,0.4762554,0.8996222
132,256_50_10772,0.39607325,0.54975224,0.001457916,0.0070125856,0.044216886,0.03138725,0.9925748
133,256_50_1006,0.22254862,0.5580081,0.034519486,0.07450878,0.99881977,0.9668406,0.6760367
134,256_50_3311,0.17122315,0.9927699,0.024994567,0.0360911,0.99938715,0.18036482,0.9740292
135,256_50_23245,0.3697084,0.82482904,0.00065603264,0.0017181868,0.34955645,0.013816425,0.9998528
136,256_50_2745,0.2107445,0.97218996,0.01504147,0.013432703,0.99951065,0.115401894,0.9930784
137,256_50_10378,0.58990204,0.53439534,0.00784094,0.03364591,0.06280144,0.09678815,0.94559973
138,256_50_14760,0.38750517,0.935423,0.011968585,0.12979545,0.32776028,0.19925205,0.89594764
139,256_50_12556,0.356173,0.8058873,0.046440955,0.1068812,0.91073304,0.6956784,0.7753741
140,256_50_12049,0.4485831,0.39363307,0.001945778,0.0077817068,0.019637734,0.018500172,0.97374696
141,256_50_20839,0.44588512,0.831365,0.003320887,0.008148822,0.22461057,0.031929262,0.99589634
142,256_50_1903,0.21388048,0.97051954,0.021431655,0.010162403,0.9995931,0.094540626,0.99528015
143,256_50_23123,0.27760556,0.5114067,0.0032070577,0.027614744,0.9993024,0.5431862,0.9457456
144,256_50_4232,0.20967776,0.59819216,0.01210806,0.02514219,0.99832135,0.88908124,0.9409134
145,256_50_19280,0.45696425,0.66637295,0.0016889834,0.007043133,0.07860664,0.023083054,0.99510854
146,256_50_4384,0.20896135,0.53136104,0.033059146,0.05872748,0.99949276,0.9626828,0.73436326
147,256_50_2749,0.20369817,0.9179455,0.08668777,0.046293058,0.9999391,0.6150845,0.93918216
148,256_50_16067,0.35784307,0.7464561,0.0019489567,0.020799382,0.5677107,0.21398284,0.9963469
149,256_50_274,0.40238315,0.60845315,0.0025487002,0.011535623,0.1250322,0.07220996,0.98687625
150,256_50_15127,0.2614495,0.9293384,0.042785045,0.019714413,0.999585,0.15376139,0.98790365
151,256_50_14821,0.4248866,0.8029036,0.03477841,0.13721438,0.5101629,0.7445027,0.74563813
152,256_50_492,0.36077127,0.6683563,0.0015228898,0.014399372,0.77028835,0.11876375,0.99741334
153,256_50_13182,0.55011946,0.5827427,0.008024267,0.029921152,0.07764434,0.08860396,0.9391645
154,256_50_1815,0.3859804,0.48203808,0.00089832145,0.0052176225,0.034000013,0.026748978,0.9952285
155,256_50_18873,0.3976115,0.55121595,0.0009050856,0.005083629,0.06627306,0.027485313,0.99721307
156,256_50_2004,0.2637639,0.693301,0.004781662,0.018607477,0.9975241,0.34713623,0.9908579
157,256_50_16789,0.6152994,0.36836997,0.006065155,0.024449686,0.03937702,0.051016346,0.9381348
158,256_50_6062,0.20479542,0.5867987,0.01230034,0.031792153,0.99988675,0.8742269,0.91542524
159,256_50_16129,0.27916518,0.7345837,0.0057897107,0.024610037,0.9921072,0.3159965,0.9921129
160,256_50_5954,0.24551684,0.613852,0.0031646402,0.020072674,0.9974728,0.306871,0.99449843
161,256_50_14586,0.37871307,0.8989505,0.04459753,0.20210887,0.86662954,0.8267269,0.6458929
162,256_50_7675,0.3368473,0.8844796,0.005058795,0.0064721485,0.9629527,0.10768387,0.99667156
163,256_50_22819,0.33375788,0.8285063,0.00094144157,0.0020644197,0.69564855,0.02517154,0.99976534
164,256_50_3534,0.38390085,0.71247894,0.004933154,0.026238566,0.17044964,0.24079613,0.97576356
165,256_50_12383,0.4486118,0.7429607,0.00545316,0.03965629,0.188241,0.0693706,0.9830589
166,256_50_150,0.33879143,0.67852837,0.034034297,0.0871213,0.9592397,0.8243247,0.7117888
167,256_50_15413,0.3406008,0.94029874,0.042067427,0.02322615,0.91802746,0.20755345,0.97103924
168,256_50_3319,0.18530634,0.9981493,0.009518501,0.22400674,0.6429111,0.46784836,0.53471935
169,256_50_9901,0.19645116,0.81584865,0.06895755,0.042622346,0.9998388,0.84111077,0.8717298
170,256_50_18745,0.39375752,0.4526847,0.0011697375,0.005196894,0.024637599,0.019223792,0.9914478
171,256_50_21713,0.38926446,0.6600078,0.0007980425,0.00578483,0.2970744,0.03850496,0.9991285
172,256_50_21235,0.37685892,0.5799575,0.00059707044,0.0030978336,0.101588495,0.020841839,0.9992411
173,256_50_340,0.2262898,0.8929752,0.050932266,0.03548474,0.99973863,0.39392087,0.9564016
174,256_50_14826,0.4344225,0.88400453,0.040570285,0.057734255,0.72516644,0.22796954,0.9229724
175,256_50_2013,0.38439742,0.7862333,0.035561927,0.09668828,0.7763346,0.6730575,0.7951005
176,256_50_20422,0.4229378,0.71364254,0.0047467584,0.014894493,0.11630161,0.04849466,0.98651
177,256_50_1409,0.40779725,0.56352216,0.0025847834,0.013052485,0.07286163,0.0537076,0.9884399
178,256_50_5955,0.2280307,0.52084,0.0007639057,0.00851402,0.9978515,0.13832536,0.9993278
179,256_50_2093,0.4191598,0.6779657,0.0012149266,0.0075330753,0.123993225,0.050250202,0.99703586
180,256_50_21795,0.3815528,0.6046135,0.00049381395,0.0035218133,0.17587398,0.023631712,0.9994363
181,256_50_14825,0.44122568,0.7838959,0.009712016,0.02250093,0.18568677,0.107024245,0.9696415
182,256_50_13273,0.3945503,0.7513811,0.0041675186,0.015128838,0.38029236,0.1503571,0.9934449
183,256_50_17292,0.51536965,0.6764248,0.012532121,0.05737632,0.13566953,0.21054031,0.9272612
184,256_50_21754,0.41152355,0.8338566,0.0005945315,0.0018106627,0.21660909,0.011973801,0.99975103
185,256_50_6773,0.37510702,0.5823547,0.0059771957,0.031274192,0.26163554,0.33359462,0.94202775
186,256_50_9528,0.55457866,0.35613784,0.003451814,0.014741288,0.026046233,0.027508259,0.94854003
187,256_50_1010,0.1744221,0.4840509,0.01076374,0.03497861,0.99996877,0.65349853,0.9742948
188,256_50_12015,0.44222277,0.8405343,0.022409687,0.037947174,0.43399706,0.1766696,0.9296037
189,256_50_10564,0.35071987,0.9691115,0.017519388,0.17862122,0.50284827,0.3545318,0.8046098
190,256_50_22757,0.3711991,0.7999666,0.0012453699,0.004579221,0.40879318,0.038548876,0.99937075
191,256_50_14024,0.63905454,0.35976675,0.0067813452,0.02568568,0.056311946,0.06690998,0.9213893
192,256_50_17081,0.5604581,0.48113224,0.006550916,0.023831202,0.059206083,0.05739517,0.9584721
193,256_50_11925,0.6593695,0.3744827,0.006432633,0.027912315,0.038545292,0.073164925,0.9130385
194,256_50_7822,0.38634756,0.49159434,0.0012366369,0.0066861273,0.035021245,0.031191623,0.9926784
195,256_50_14928,0.29236603,0.6446773,0.008747778,0.040133264,0.9683517,0.87943715,0.8893224
196,256_50_14616,0.4818869,0.5887057,0.0053923493,0.03280607,0.12281767,0.055044573,0.97952557
197,256_50_16125,0.30058655,0.70798284,0.025070988,0.047907565,0.973957,0.7282749,0.8808134
198,256_50_4058,0.40111002,0.50505084,0.0012017676,0.0060188617,0.03582645,0.023912815,0.9934956
199,256_50_7749,0.6512952,0.37733138,0.006258513,0.030565443,0.039821904,0.08415743,0.93301487
200,256_50_22953,0.33447796,0.8269902,0.0013373852,0.0028297566,0.8059386,0.05074796,0.9994691
201,256_50_7231,0.1776698,0.70920867,0.034925524,0.0397781,0.9999759,0.8500073,0.9070183
202,256_50_2137,0.65679127,0.36950043,0.0060868217,0.02961453,0.036986716,0.08490191,0.92758054
203,256_50_15944,0.5750534,0.4847441,0.00759647,0.030222489,0.06031318,0.06918216,0.9401005
204,256_50_12330,0.44160938,0.401697,0.0019479459,0.007667997,0.021075753,0.018574586,0.97659373
205,256_50_13263,0.2346316,0.51269233,0.004456119,0.0266922,0.9999634,0.4858608,0.94825447
206,256_50_6798,0.36858007,0.6149804,0.0009372218,0.014519052,0.6050354,0.10898621,0.9979048
207,256_50_16777,0.5378391,0.6062883,0.008518074,0.025363125,0.09033273,0.06588376,0.95516884
208,256_50_4767,0.39308748,0.5352179,0.0008587328,0.005199041,0.047157336,0.028421512,0.99648666
209,256_50_13685,0.3192056,0.57778114,0.0011214375,0.013355335,0.87114733,0.35319194,0.994001
210,256_50_22042,0.44693372,0.693714,0.0005509969,0.016220417,0.4509407,0.16157028,0.99520606
211,256_50_1474,0.15282796,0.92646253,0.10494714,0.03433047,0.99999475,0.40207753,0.9623821
212,256_50_19254,0.35051337,0.59582466,0.0012741382,0.005539437,0.6879581,0.048668455,0.9984901
213,256_50_10836,0.4447736,0.8748205,0.015410445,0.1476659,0.28325087,0.18426172,0.9081308
214,256_50_1869,0.13071851,0.62980837,0.02947885,0.035159532,0.999998,0.7330321,0.9436459
215,256_50_75,0.3417058,0.84952223,0.018654665,0.037735242,0.9493573,0.2771429,0.9636634
216,256_50_6906,0.30544236,0.6058491,0.0123176165,0.050947342,0.76574206,0.8588572,0.86041117
217,256_50_19519,0.26332256,0.6762626,0.027472505,0.03712512,0.9977456,0.7157875,0.9130772
218,256_50_11101,0.5337645,0.53111076,0.009688253,0.04746282,0.096999206,0.16780974,0.91883206
219,256_50_893,0.44402164,0.83936936,0.011984045,0.09390349,0.29491705,0.13891,0.94492716
220,256_50_7921,0.3798492,0.94491994,0.035141516,0.21159552,0.75915235,0.58884233,0.73732567
221,256_50_17938,0.36100772,0.6243197,0.00050458073,0.0032052794,0.23354584,0.02627926,0.9994804
222,256_50_5313,0.38999048,0.479487,0.0011378998,0.0058876546,0.032186028,0.024956372,0.9933235
223,256_50_8757,0.3025148,0.7309246,0.025042104,0.06825467,0.9005216,0.91882664,0.7796697
224,256_50_20930,0.34724522,0.8526932,0.00047797203,0.0009273059,0.38995945,0.009717232,0.9999273
225,256_50_14878,0.4682046,0.78701425,0.051875044,0.05905888,0.89978856,0.2389076,0.883235
226,256_50_4878,0.35723835,0.7933309,0.026159596,0.08041008,0.546563,0.7700461,0.7991518
227,256_50_11147,0.18625875,0.76176584,0.065044664,0.096799284,0.999938,0.8422011,0.80205804
228,256_50_22361,0.4099428,0.60511994,0.00030238472,0.012481927,0.9780807,0.60966504,0.9531008
229,256_50_17136,0.39025822,0.76728815,0.0022353064,0.007030425,0.5872616,0.06357136,0.99715483
230,256_50_13253,0.10876303,0.44505775,0.023606515,0.024959492,0.99999976,0.70131844,0.96826094
231,256_50_10264,0.6568737,0.36372373,0.0060238047,0.029750898,0.036411665,0.08371282,0.9288744
232,256_50_23197,0.21450351,0.5780125,0.0017742704,0.009706968,0.9998598,0.43990758,0.9950949
233,256_50_7220,0.27618802,0.858493,0.06275028,0.06412301,0.9943804,0.8416218,0.7658021
234,256_50_11791,0.6576572,0.34575185,0.0051594567,0.023251774,0.029625207,0.053606596,0.9287181
235,256_50_15073,0.29792824,0.7443599,0.009266726,0.04035869,0.9964904,0.6347496,0.92868507
236,256_50_20274,0.39499226,0.5381844,0.0008695762,0.0057199807,0.056031905,0.033135567,0.99672264
237,256_50_5325,0.3850195,0.49849036,0.0007528616,0.004497212,0.040564924,0.025387535,0.9967482
238,256_50_9294,0.39487624,0.9240784,0.015164076,0.16146219,0.33405998,0.22341177,0.87695915
239,256_50_1756,0.2863979,0.98817563,0.014209855,0.22864445,0.5055342,0.38649914,0.6815856
240,256_50_10583,0.098953664,0.47631314,0.02119836,0.028391454,0.9999999,0.35745177,0.9857696
241,256_50_17105,0.38401204,0.50808054,0.0005650818,0.003607464,0.050357375,0.022770878,0.9981737
242,256_50_1630,0.17948498,0.94433564,0.14865068,0.012226155,0.99998987,0.11100669,0.9936358
243,256_50_18381,0.40491727,0.85805076,0.0048343483,0.009363561,0.3643416,0.056665756,0.99439573
244,256_50_1908,0.33378446,0.84813464,0.0029266302,0.018107953,0.76359963,0.23551565,0.99566793
245,256_50_9781,0.38655233,0.4826839,0.00077463104,0.004594557,0.035232168,0.024739768,0.9961683
246,256_50_14958,0.3543858,0.6913973,0.0052071814,0.023606641,0.62534565,0.32555687,0.98705924
247,256_50_17634,0.53510547,0.37108874,0.003358027,0.012941983,0.028430905,0.02555943,0.96096706
248,256_50_12797,0.2590486,0.9922437,0.016072903,0.17396672,0.67790246,0.41799855,0.7300667
249,256_50_7192,0.5480908,0.55076003,0.008627914,0.03935559,0.08597748,0.11642723,0.9414079
250,256_50_10234,0.54752684,0.3724469,0.0035303344,0.013388446,0.02725633,0.025218057,0.9562033
251,256_50_6763,0.41243207,0.768801,0.038681824,0.1118067,0.6623506,0.8361776,0.6583506
252,256_50_17399,0.44548836,0.8549393,0.017870067,0.031071872,0.32623473,0.15106831,0.96173537
253,256_50_23153,0.41865605,0.88047373,0.0021962507,0.005474179,0.6371816,0.04178225,0.9986211
254,256_50_8172,0.53370005,0.4949953,0.0062728235,0.033570394,0.07859739,0.08538052,0.9621902
255,256_50_3356,0.41170043,0.6271846,0.0010749497,0.006104065,0.061262116,0.030361267,0.9961796
256,256_50_15507,0.2680315,0.59676164,0.0016326397,0.016006894,0.9609247,0.33509207,0.9964972
257,256_50_12781,0.6657456,0.34549475,0.0057147876,0.027644623,0.03258208,0.07163419,0.93033105
258,256_50_20215,0.35337672,0.8152989,0.0077034873,0.013844501,0.91968584,0.23932053,0.98874635
259,256_50_3270,0.1409921,0.61561275,0.0075676516,0.013816159,0.99998665,0.58373874,0.99416995
260,256_50_19362,0.38955218,0.45598817,0.0011611771,0.0056230645,0.02535462,0.022334404,0.9914181
261,256_50_12269,0.12705326,0.48093274,0.0375611,0.07580458,0.9999975,0.9064066,0.7807265
262,256_50_20960,0.38626117,0.48845857,0.0007539306,0.00458881,0.039404616,0.02584214,0.9965737
263,256_50_13854,0.413556,0.84388536,0.004368672,0.01050204,0.3246375,0.06281732,0.9932615
264,256_50_8260,0.38552076,0.48243296,0.0008579125,0.005054976,0.03460736,0.027130222,0.9954835
265,256_50_7373,0.13204628,0.6718129,0.028789265,0.018681308,0.99999964,0.26388803,0.9911273
266,256_50_23174,0.33184987,0.7788837,0.0010656822,0.0024499425,0.7648546,0.027552519,0.9996693
267,256_50_15949,0.53855324,0.6125878,0.010780417,0.039366074,0.09354655,0.10889824,0.92842454
268,256_50_16744,0.2506364,0.80175257,0.0138778025,0.020664932,0.9964982,0.6378372,0.97111803
269,256_50_9330,0.34764224,0.96640253,0.022316542,0.21108644,0.537009,0.42416072,0.74661463
270,256_50_12586,0.38375515,0.4806085,0.00076844194,0.0045110127,0.035238303,0.02444923,0.99624276
271,256_50_12829,0.4664123,0.73652285,0.019504052,0.11600379,0.25546965,0.2575069,0.9199181
272,256_50_17562,0.44536483,0.50194746,0.0032508827,0.011834737,0.048000604,0.028520282,0.98192525
273,256_50_5310,0.38757554,0.4793413,0.0009463149,0.0053484105,0.03226861,0.025849348,0.99461514
274,256_50_19755,0.4055946,0.8035024,0.00073160796,0.002291228,0.26497346,0.018496955,0.9995161
275,256_50_19477,0.427016,0.776498,0.00070089777,0.0027744304,0.17592697,0.014919813,0.99936575
276,256_50_16382,0.3307837,0.7364312,0.0058681807,0.029794142,0.6486542,0.60391283,0.9698523
277,256_50_13701,0.38704225,0.5044457,0.00074643147,0.004369628,0.047796153,0.025227683,0.99711823
278,256_50_5495,0.1383132,0.52484614,0.009242339,0.024338512,0.99999356,0.8735389,0.9562414
279,256_50_10792,0.426005,0.5087081,0.0024909417,0.009867935,0.039235555,0.02966616,0.9814674
280,256_50_14819,0.3763152,0.6319563,0.00095285155,0.0055358154,0.12770243,0.034628224,0.9982133
281,256_50_55,0.15026796,0.6348788,0.08317414,0.07077032,0.9999925,0.94825727,0.6969989
282,256_50_19277,0.43337905,0.63142586,0.0011456176,0.0049417377,0.067922,0.018999644,0.9970306
283,256_50_21250,0.35997817,0.80750173,0.0008793222,0.0020089976,0.6565894,0.018861108,0.99972516
284,256_50_22056,0.305829,0.8364011,0.0060764677,0.018259987,0.93955076,0.30588603,0.9939884
285,256_50_3315,0.16924115,0.998968,0.009095333,0.21216357,0.6697404,0.49427733,0.52086526
286,256_50_15012,0.5840204,0.6540489,0.009321273,0.028405434,0.08838048,0.089576796,0.9534581
287,256_50_12971,0.4001115,0.7746447,0.02485508,0.1319141,0.45701972,0.6120982,0.8362758
288,256_50_16099,0.56900996,0.40683487,0.006267244,0.026059948,0.046544004,0.052766584,0.94412774
289,256_50_12341,0.5852709,0.3315474,0.003478049,0.01439068,0.023113541,0.026064638,0.9389955
290,256_50_4110,0.34397689,0.61085147,0.00031101974,0.0054597356,0.9356221,0.1630408,0.99781895
291,256_50_7369,0.09146593,0.513223,0.058793418,0.035100594,1.0,0.72089857,0.94388497
292,256_50_11842,0.28670096,0.8682662,0.08958257,0.09796587,0.99584585,0.900371,0.6311867
293,256_50_17201,0.57925653,0.34723946,0.003563447,0.014884338,0.025813585,0.027401034,0.9459612
294,256_50_12636,0.6677458,0.33405435,0.0055873333,0.025898961,0.031033,0.06483724,0.9247591
295,256_50_8252,0.41511884,0.5534112,0.0028663953,0.01240967,0.049490977,0.04787369,0.9798248
296,256_50_204,0.22639455,0.87664855,0.06307348,0.03173495,0.9998987,0.5086961,0.95143
297,256_50_14337,0.47270542,0.62881404,0.003536543,0.023072114,0.13556747,0.04072389,0.99007416
298,256_50_21728,0.37508976,0.7072198,0.00090917386,0.0036575082,0.32702395,0.030392373,0.9993722
299,256_50_22830,0.36960173,0.8282552,0.0008925879,0.002428549,0.53094876,0.027038727,0.999627
300,256_50_10282,0.38633645,0.91358155,0.03568994,0.10234033,0.6384127,0.61484635,0.8394057
301,256_50_16336,0.27165696,0.78032446,0.0038129762,0.018876614,0.9889815,0.2592981,0.9957163
302,256_50_1724,0.1996616,0.7302805,0.07119825,0.060097225,0.9999565,0.88554466,0.7543424
303,256_50_5199,0.24157631,0.5389843,0.0028911917,0.02105393,0.9997403,0.8761328,0.9439995
304,256_50_15649,0.3351819,0.63449156,0.0006609042,0.011245038,0.66001374,0.14184095,0.9990871
305,256_50_18496,0.3774344,0.5163262,0.00027877893,0.0022610012,0.104861826,0.015373026,0.9995555
306,256_50_11164,0.2269637,0.64658207,0.0033907755,0.0135076195,0.9990151,0.26333395,0.9969602
307,256_50_15684,0.5593947,0.4301229,0.0055043697,0.024649817,0.046054143,0.05504646,0.9479235
308,256_50_15895,0.3931356,0.59295255,0.0040955218,0.025319006,0.15408526,0.20981449,0.9741712
309,256_50_17289,0.5457663,0.55216396,0.010675773,0.043805104,0.088722415,0.15073553,0.9080209
310,256_50_13445,0.40505216,0.7006174,0.004225042,0.017848974,0.13607559,0.100336045,0.9821003
311,256_50_15216,0.29015204,0.51198107,0.00030339602,0.0069148904,0.99450123,0.25066683,0.9944841
312,256_50_11353,0.5876322,0.34669426,0.0034722362,0.013529762,0.024413884,0.024625454,0.94727874
313,256_50_13760,0.67467487,0.34982938,0.005966474,0.027782336,0.036116365,0.08314322,0.9275438
314,256_50_10970,0.62343675,0.37152454,0.0064339372,0.029635997,0.04070551,0.06632574,0.933212
315,256_50_5410,0.1306478,0.5107129,0.015275093,0.021350501,0.99999905,0.3799881,0.9909719
316,256_50_13144,0.40661502,0.5708105,0.00076258776,0.0042937268,0.06457695,0.023200383,0.99798477
317,256_50_10988,0.33460155,0.9744363,0.012173185,0.16820674,0.40688935,0.2584261,0.8360516
318,256_50_10401,0.5532478,0.41739893,0.0061279633,0.030724173,0.05860053,0.062435813,0.9522931
319,256_50_7997,0.4622866,0.4465699,0.0024177846,0.008174654,0.032604225,0.017836304,0.9824065
320,256_50_17690,0.39962167,0.52247477,0.0016878163,0.009036196,0.045151215,0.036741436,0.99106455
321,256_50_12318,0.44751096,0.7081064,0.0012197619,0.004864062,0.10940506,0.020233888,0.99766004
322,256_50_6255,0.15607858,0.7219922,0.015329721,0.011688767,0.9999963,0.14465572,0.99614114
323,256_50_3350,0.39924064,0.6007149,0.0007329415,0.004430485,0.08800586,0.0279482,0.99835736
324,256_50_17436,0.23720141,0.5932414,0.003317404,0.012444343,0.9945734,0.30074772,0.99689156
325,256_50_8099,0.4076094,0.8047378,0.007421031,0.020712178,0.47747448,0.10466056,0.98294914
326,256_50_8274,0.423953,0.5638147,0.0022678992,0.007547409,0.048125464,0.021621017,0.9904897
327,256_50_19937,0.24742639,0.72445947,0.01769651,0.044240564,0.9935315,0.90132517,0.89984035
328,256_50_8409,0.45685256,0.5151171,0.0024129797,0.010323183,0.042067315,0.030034686,0.98293346
329,256_50_1388,0.38656354,0.48493513,0.00077898224,0.0047735455,0.039496735,0.027004039,0.9963965
330,256_50_4385,0.23384167,0.53541285,0.016630849,0.04440711,0.9948265,0.94309676,0.8283761
331,256_50_16357,0.38696775,0.95728934,0.05132879,0.03426088,0.7883995,0.17197128,0.9630251
332,256_50_2107,0.3901391,0.47706679,0.0010117529,0.0052573374,0.029003536,0.023129135,0.99360895
333,256_50_23341,0.409942,0.68612415,0.002019992,0.009051807,0.19022767,0.05072357,0.9946785
334,256_50_10954,0.6383822,0.41480163,0.006992235,0.03159257,0.044121258,0.086603224,0.9348224
335,256_50_3684,0.26946428,0.61045873,0.028653206,0.072014295,0.99700457,0.8940055,0.76790386
336,256_50_6845,0.3855981,0.4858629,0.00075639173,0.004712785,0.03823175,0.026911704,0.9964761
337,256_50_11577,0.40152833,0.8483058,0.03345715,0.21482265,0.6348861,0.66096133,0.7225518
338,256_50_20064,0.38302594,0.48059362,0.0007299031,0.004271372,0.03387112,0.023727737,0.9964083
339,256_50_7317,0.5887633,0.48331586,0.010275888,0.044620425,0.08777659,0.17199588,0.90591127
340,256_50_1992,0.1280867,0.4530067,0.004841833,0.012833652,0.9999918,0.67007345,0.9931426
341,256_50_21710,0.39725468,0.73745495,0.0008215048,0.007935595,0.31975377,0.056438398,0.9991098
342,256_50_3241,0.3934192,0.71190184,0.001745865,0.009624171,0.1781069,0.08135127,0.9955729
343,256_50_2895,0.17864712,0.99877626,0.010551574,0.20898579,0.6833722,0.50610226,0.5383103
344,256_50_23532,0.35775194,0.48644906,4.2286916e-05,0.0058407667,0.9891667,0.5839247,0.9686595
345,256_50_22599,0.34810433,0.7292232,0.00086722703,0.0036838164,0.54193413,0.032843195,0.99950683
346,256_50_18493,0.39828315,0.5968857,0.0010493466,0.00867068,0.21359007,0.056320872,0.9979721
347,256_50_1251,0.34616932,0.64750755,0.0015975337,0.011768505,0.33763617,0.23556478,0.9948873
348,256_50_20129,0.38726887,0.4998334,0.000778528,0.0046222047,0.047416046,0.026648918,0.9970361
349,256_50_11215,0.5753937,0.43129098,0.005560006,0.021425426,0.044867937,0.04555922,0.9437889
350,256_50_4462,0.3857517,0.49622405,0.00078568124,0.004755884,0.040994123,0.0266697,0.99650675
351,256_50_536,0.40371808,0.8568121,0.0042221625,0.008861168,0.74114,0.062309075,0.9965379
352,256_50_10278,0.41590008,0.9079671,0.024269633,0.13475154,0.5353732,0.3434534,0.8818141
353,256_50_15927,0.28097212,0.6581133,0.0013750847,0.013843973,0.9414789,0.27149355,0.9980837
354,256_50_7337,0.5044768,0.6683877,0.014306216,0.068451926,0.14011574,0.33778146,0.87650704
355,256_50_19743,0.36328632,0.5893171,0.00024093676,0.0015000849,0.14098577,0.011638192,0.99982905
356,256_50_17464,0.43893528,0.88987434,0.01400721,0.017077848,0.28275993,0.07597648,0.984574
357,256_50_5193,0.38675323,0.475897,0.0009954112,0.005593831,0.03201479,0.026546065,0.99414754
358,256_50_12308,0.38395238,0.47812662,0.00077968324,0.0044849426,0.03420411,0.023839122,0.99610186
359,256_50_14768,0.3998307,0.8076182,0.023021854,0.06733755,0.5730893,0.63875,0.8779271
360,256_50_20568,0.25995806,0.6355937,0.0027922888,0.016141813,0.97338694,0.40513146,0.9952188
361,256_50_11287,0.2256337,0.8146117,0.08075334,0.09932681,0.99970204,0.7973868,0.7825697
362,256_50_1289,0.22833028,0.7416813,0.038791213,0.054575637,0.9997992,0.68870485,0.87710464
363,256_50_22012,0.3751621,0.7778417,0.0036416731,0.020710183,0.4157743,0.21414132,0.9908223
364,256_50_20627,0.38610724,0.48198047,0.0009852241,0.0054103653,0.031916812,0.025932776,0.99431604
365,256_50_8018,0.61625105,0.43395272,0.009379214,0.045799877,0.05667651,0.13180655,0.9174098
366,256_50_19331,0.32720843,0.83208764,0.012543868,0.015736127,0.98677933,0.23050715,0.9874478
367,256_50_19012,0.38582012,0.4834187,0.00081306975,0.0049911067,0.035546962,0.026979586,0.99589807
368,256_50_15026,0.4506512,0.81504923,0.023606831,0.097362004,0.28762498,0.43715084,0.8591732
369,256_50_2206,0.3390198,0.7736945,0.0101682665,0.029336091,0.8066135,0.5719874,0.9509764
370,256_50_21432,0.37764105,0.701165,0.00071952096,0.003175181,0.38754332,0.02058866,0.9995739
371,256_50_13029,0.419962,0.52852464,0.0015412318,0.0060075265,0.039319687,0.018858774,0.9931369
372,256_50_4477,0.402883,0.6554789,0.0012484494,0.0066349567,0.1240738,0.040668696,0.99678314
373,256_50_16354,0.6044744,0.5878076,0.0118392715,0.04186767,0.104592636,0.14316547,0.91458595
374,256_50_7331,0.59686714,0.5838087,0.012323035,0.048240393,0.14025234,0.15895106,0.90968424
375,256_50_13285,0.42294797,0.64937776,0.00084834866,0.0039667496,0.10927254,0.020585896,0.9985814
376,256_50_13711,0.3811698,0.73193705,0.0009743474,0.004789459,0.25907162,0.049460698,0.9987276
377,256_50_14557,0.36109033,0.91344506,0.02653805,0.07638232,0.9123178,0.48288897,0.91770875
378,256_50_21943,0.34837142,0.7662118,0.0020751413,0.012840565,0.4853139,0.15660444,0.99555004
379,256_50_14313,0.65296394,0.41643953,0.006638081,0.028196732,0.040520582,0.07596363,0.9331063
380,256_50_3619,0.1179985,0.48190826,0.011882203,0.0181294,0.9999975,0.7936301,0.98505926
381,256_50_15017,0.4100157,0.9024156,0.071798146,0.1171352,0.96086556,0.4651238,0.77190286
382,256_50_10530,0.58836675,0.53334385,0.012515279,0.054427132,0.09698811,0.18605766,0.90276694
383,256_50_825,0.36866465,0.6843736,0.0015765416,0.010120131,0.18488283,0.074001946,0.9966054
384,256_50_10635,0.40863755,0.5281412,0.0019258381,0.0073369937,0.038593862,0.023589633,0.989258
385,256_50_21184,0.43211272,0.8185104,0.0014066591,0.0044455444,0.22908275,0.025392585,0.99855465
386,256_50_8007,0.641287,0.42679265,0.0064889705,0.028105965,0.04403947,0.08278177,0.94463336
387,256_50_31,0.39980567,0.6935699,0.0030536347,0.012183196,0.11545056,0.06337098,0.99000657
388,256_50_12303,0.38737303,0.51595837,0.0007423335,0.0044196895,0.049989898,0.025952823,0.99738747
389,256_50_4192,0.38676414,0.49064055,0.0008203604,0.005023647,0.039305847,0.02810557,0.99614847
390,256_50_14384,0.24824454,0.70928925,0.05454533,0.047438882,0.9993629,0.83195984,0.80897444
391,256_50_12300,0.45232412,0.59502393,0.009559634,0.031617016,0.3070689,0.22190548,0.9358493
392,256_50_8544,0.4027628,0.5828994,0.0016777584,0.008374504,0.068975724,0.048114177,0.9917351
393,256_50_20229,0.39611402,0.5451167,0.00046295894,0.004014865,0.1419631,0.024396865,0.99925643
394,256_50_8609,0.26264298,0.990177,0.013715475,0.23085658,0.5638196,0.41747478,0.6445857
395,256_50_21318,0.32766333,0.6728628,0.0005064797,0.0016080055,0.4881886,0.024550192,0.99973196
396,256_50_20200,0.38691577,0.49356797,0.0006445463,0.004111323,0.045633506,0.024841914,0.99756706
397,256_50_7951,0.26278865,0.65690607,0.002316263,0.01608916,0.98650485,0.35371903,0.99682355
398,256_50_9370,0.3870394,0.45805427,0.0011572118,0.005539757,0.025465658,0.022117564,0.9916393
399,256_50_9533,0.50573236,0.3665423,0.002457694,0.009245758,0.021798836,0.018129151,0.96543735
400,256_50_11200,0.4282434,0.47411796,0.0021218592,0.0071983696,0.029555649,0.019491274,0.98404956
401,256_50_19891,0.41330022,0.73957103,0.0017446837,0.008621373,0.21209548,0.06118271,0.99664897
402,256_50_2901,0.17362185,0.98968494,0.0649407,0.020330193,0.9998286,0.14275257,0.9843776
403,256_50_431,0.25554425,0.5736249,0.01545279,0.057213828,0.96339405,0.9614553,0.70468044
404,256_50_17662,0.29217362,0.6429418,0.007963675,0.034713022,0.9492509,0.6890514,0.97063386
405,256_50_10947,0.6806704,0.3464572,0.0058030826,0.028306007,0.032776136,0.08293933,0.9253497
406,256_50_8082,0.16992143,0.997914,0.02891753,0.15066041,0.97728455,0.4790768,0.6881688
407,256_50_3926,0.40699348,0.49278298,0.0017673671,0.008227109,0.042305227,0.031451527,0.9902744
408,256_50_2266,0.57387364,0.400338,0.005230069,0.021734722,0.041368917,0.045278266,0.95008755
409,256_50_5783,0.15689844,0.56365305,0.0028682796,0.009188153,0.99993825,0.30390376,0.9983903
410,256_50_22747,0.3138223,0.8825002,0.004291292,0.0056209853,0.9664007,0.086037,0.9985536
411,256_50_19874,0.33732852,0.71890515,0.00081855664,0.011046006,0.6001857,0.14232914,0.9991726
412,256_50_21005,0.3598654,0.8774456,0.0011841276,0.0021224348,0.7602522,0.020525137,0.9997279
413,256_50_4856,0.35235712,0.63937914,0.0008085038,0.010534661,0.6779326,0.097588874,0.99904376
414,256_50_15278,0.41975588,0.7558854,0.010038901,0.01375718,0.30802175,0.056421272,0.975802
415,256_50_10649,0.4312239,0.55753076,0.002766167,0.008907173,0.057845034,0.024675943,0.9847515
416,256_50_6430,0.3860888,0.46781564,0.0010022522,0.0051178625,0.027115855,0.022458388,0.99339986
417,256_50_19008,0.44350576,0.80245394,0.00053752586,0.0016634793,0.1499666,0.007900674,0.99970156
418,256_50_15469,0.3071602,0.67414546,0.0036875058,0.020459022,0.73352075,0.6196318,0.9817053
419,256_50_9682,0.5361495,0.5141765,0.0066211927,0.019810412,0.06910662,0.050222162,0.936092
420,256_50_811,0.37032384,0.525095,0.00032502002,0.0021992465,0.10266305,0.015224896,0.9995826
421,256_50_8446,0.3895929,0.9302585,0.016671684,0.17968638,0.3379067,0.24316064,0.8541327
422,256_50_4054,0.39334136,0.67205215,0.0008066707,0.004519857,0.10055765,0.029908787,0.99844426
423,256_50_4497,0.40520653,0.7074165,0.0016073809,0.02360324,0.35686576,0.13164638,0.99456394
424,256_50_22744,0.3805886,0.83594096,0.00093304744,0.0026053826,0.45418322,0.023989469,0.9996216
425,256_50_2364,0.40951842,0.6086645,0.0013147797,0.006176314,0.0775166,0.028297681,0.9959966
426,256_50_20659,0.41424516,0.7732891,0.0012122518,0.004093793,0.46133253,0.023059918,0.9990382
427,256_50_4115,0.34763044,0.7313331,0.023618672,0.048010204,0.9538091,0.78864264,0.8423057
428,256_50_11329,0.42001143,0.73318267,0.001388469,0.0055918526,0.109786816,0.028716087,0.99706453
429,256_50_20414,0.3980837,0.5169615,0.0010704625,0.005772067,0.042132292,0.02754376,0.995093
430,256_50_11269,0.42973268,0.88959163,0.014159261,0.11948029,0.30694926,0.18481052,0.93238956
431,256_50_1453,0.25867206,0.85001445,0.12028094,0.10018631,0.99851686,0.88914883,0.6616526
432,256_50_1284,0.1622533,0.48708618,0.021503095,0.050664216,0.99975044,0.9887553,0.7060979
433,256_50_20062,0.38548183,0.48567995,0.00074203,0.0044536027,0.036346857,0.024611503,0.99651307
434,256_50_19766,0.40040898,0.65447634,0.0017827139,0.006799022,0.1813148,0.042631812,0.9959383
435,256_50_1335,0.36068195,0.7253004,0.00062527606,0.002826599,0.278893,0.032211594,0.99950767
436,256_50_7082,0.13892414,0.5486386,0.016366668,0.04531595,0.99999547,0.6033283,0.9595303
437,256_50_12235,0.30132797,0.97396415,0.04249283,0.13931541,0.9429384,0.3403224,0.8235049
438,256_50_20817,0.38843197,0.4950001,0.00066684786,0.004312249,0.045306046,0.025756534,0.99740475
439,256_50_5190,0.39219725,0.51019746,0.00084174506,0.005527786,0.043825157,0.030551713,0.99618345
440,256_50_19339,0.43327224,0.855141,0.0033702478,0.009721858,0.3603463,0.057861496,0.9952573
441,256_50_13776,0.47667506,0.61130416,0.005641748,0.033837955,0.13780661,0.0592358,0.9814912
442,256_50_21861,0.3868783,0.5910344,0.00048281733,0.0041456213,0.19857422,0.030238902,0.99938226
443,256_50_23230,0.4089504,0.8106484,0.0013840186,0.005434582,0.3303993,0.04775262,0.99861777
444,256_50_21698,0.33934468,0.6472051,0.000464677,0.009191917,0.5959054,0.13416311,0.9993782
445,256_50_2773,0.16912799,0.99931955,0.009492821,0.18981664,0.6759591,0.5014797,0.56441236
446,256_50_8679,0.41186064,0.5430116,0.0021893627,0.009467581,0.044172466,0.03220694,0.9870777
447,256_50_19244,0.357731,0.6960552,0.00086309284,0.010201387,0.98094624,0.18508822,0.99574584
448,256_50_18580,0.45325527,0.6987686,0.002695493,0.004721916,0.08444148,0.011936177,0.99616086
449,256_50_947,0.17969945,0.80689305,0.10103441,0.04549893,0.9999852,0.8583946,0.80236614
450,256_50_11461,0.38752475,0.5048445,0.0007951808,0.0048425063,0.04272687,0.02674356,0.9964224
451,256_50_19930,0.3849637,0.48602068,0.00080687675,0.0049299644,0.035080846,0.02723026,0.99590755
452,256_50_18156,0.5784392,0.85072136,0.00021002442,0.014725009,0.48142454,0.5366972,0.9579592
453,256_50_10995,0.22250964,0.62257403,0.03592,0.102990456,0.99756336,0.97714806,0.5621612
454,256_50_13634,0.36304966,0.95847493,0.032417577,0.10405972,0.797937,0.19392577,0.9229585
455,256_50_17748,0.46185812,0.7723829,0.010892979,0.025062552,0.17582057,0.079885356,0.96734846
456,256_50_15224,0.13657396,0.5580706,0.021587765,0.031243952,0.99999905,0.49192753,0.97734433
457,256_50_7618,0.1945299,0.5355607,0.029646311,0.07053331,0.99977225,0.93418616,0.7878745
458,256_50_12912,0.68751246,0.33799416,0.0052683135,0.027217148,0.029648483,0.08291603,0.93131155
459,256_50_7366,0.1281473,0.49749398,0.012409296,0.019932095,0.9999987,0.5176879,0.9858494
460,256_50_1526,0.38823745,0.49357936,0.0006499587,0.003993122,0.04314767,0.023078896,0.99748874
461,256_50_11969,0.38389522,0.9435324,0.017072894,0.19020557,0.34026745,0.25132853,0.83244646
462,256_50_19649,0.39665145,0.47941917,0.0011967324,0.005623395,0.03204637,0.022761755,0.9931378
463,256_50_8470,0.33978254,0.97075844,0.020726485,0.18333058,0.5818199,0.46245468,0.78168947
464,256_50_16300,0.57586986,0.37811607,0.0043038935,0.015490108,0.032489784,0.028283197,0.9534207
465,256_50_12129,0.09420874,0.5365602,0.012509847,0.022492731,0.99999964,0.65024036,0.9838541
466,256_50_18427,0.37262273,0.5064368,0.0002541021,0.0018802825,0.0883046,0.013008914,0.9995766
467,256_50_15636,0.3768834,0.59809715,7.167829e-05,0.003398663,0.97745425,0.37579915,0.99392503
468,256_50_11879,0.3027904,0.8163723,0.026679635,0.027703634,0.9673013,0.402854,0.93474704
469,256_50_1336,0.36151287,0.65094995,0.00083221705,0.0054245708,0.17208908,0.03910267,0.9986872
470,256_50_10787,0.45947975,0.46282107,0.0023908347,0.008618517,0.031104116,0.019292098,0.98049086
471,256_50_18978,0.37945724,0.49743757,0.00047184047,0.0029285888,0.06842437,0.01728445,0.9988871
472,256_50_13397,0.19479972,0.56027275,0.0024494682,0.020653348,0.9999975,0.5872737,0.9520863
473,256_50_3439,0.20816016,0.6881493,0.0046441024,0.013090526,0.9995797,0.29907036,0.99707496
474,256_50_21069,0.38665172,0.5775904,0.00035877267,0.002803552,0.16329652,0.019426359,0.9996082
475,256_50_6078,0.26999348,0.44422585,0.00028263702,0.004879338,0.95014524,0.22343268,0.9977551
476,256_50_15991,0.27927646,0.7593108,0.0029951788,0.014635371,0.9832062,0.19453709,0.99735045
477,256_50_2138,0.60683036,0.47241762,0.0073320293,0.029334335,0.057950854,0.07467249,0.94031465
478,256_50_22384,0.36508667,0.6892767,0.0012680063,0.008732245,0.39330512,0.08027707,0.9978085
479,256_50_9010,0.31577694,0.978007,0.017083133,0.20032443,0.55403256,0.42127398,0.7338266
480,256_50_11708,0.19713007,0.72246253,0.103477314,0.13050424,0.9999167,0.958959,0.42977443
481,256_50_5609,0.386773,0.48691314,0.00078307797,0.0049701226,0.040155206,0.028377062,0.99637383
482,256_50_22501,0.4868564,0.6884168,0.00011831724,0.0063965586,0.38770124,0.1534613,0.9953511
483,256_50_11640,0.46752414,0.43141773,0.002327984,0.008992106,0.029412972,0.02070192,0.97874796
484,256_50_7999,0.51710653,0.38810188,0.0028643217,0.010744606,0.0283265,0.020572672,0.9688074
485,256_50_6733,0.43801412,0.5115018,0.003112402,0.0110433865,0.044287972,0.027457554,0.9809536
486,256_50_4432,0.17821032,0.87861323,0.095040016,0.049679592,0.9999925,0.56070346,0.9403077
487,256_50_1375,0.39601955,0.7169023,0.00057643425,0.0026246707,0.2296087,0.019861054,0.9996131
488,256_50_13629,0.4756804,0.779421,0.017975466,0.06190802,0.22246733,0.28044197,0.91303563
489,256_50_4540,0.13734145,0.6412797,0.036625184,0.058031015,0.99999607,0.7961979,0.9132894
490,256_50_9276,0.64286935,0.40236452,0.0062660505,0.03366088,0.042674076,0.10179317,0.9313553
491,256_50_21670,0.27634105,0.47408748,0.0017552676,0.023432195,0.99941444,0.81311214,0.8995561
492,256_50_6836,0.1955039,0.97914916,0.28540197,0.038135502,0.9999037,0.73152035,0.88429517
493,256_50_3869,0.19087689,0.9971769,0.038440682,0.15426126,0.9707553,0.6155009,0.623829
494,256_50_12726,0.38298133,0.48008886,0.0007436122,0.004350886,0.034749,0.023927743,0.9963762
495,256_50_16240,0.5476896,0.36986873,0.003302714,0.013110926,0.027602453,0.023975361,0.958137
496,256_50_1468,0.14744532,0.959367,0.045943994,0.04468147,0.999962,0.36192307,0.95713085
497,256_50_16692,0.2584478,0.9025971,0.030552153,0.010167565,0.99933016,0.09467695,0.99464285
498,256_50_5324,0.3840061,0.487732,0.00078128756,0.0046197656,0.03656347,0.024992168,0.99625695
499,256_50_14571,0.36528036,0.93247557,0.04970008,0.14848155,0.70341897,0.77729833,0.72358435
500,256_50_2012,0.4217003,0.84317696,0.033400193,0.09537968,0.5428378,0.48970565,0.8664189
501,256_50_6128,0.27299345,0.8675991,0.018395275,0.014653414,0.99649316,0.23237903,0.9916831
502,256_50_17102,0.21930327,0.7199402,0.015484016,0.013587958,0.9999486,0.18516117,0.9922266
503,256_50_23516,0.3412429,0.793799,0.0007531931,0.0015289044,0.81677216,0.016561361,0.9998092
504,256_50_7336,0.38776937,0.7381326,0.020160196,0.06936816,0.4462581,0.62298495,0.8487427
505,256_50_16566,0.40561607,0.8998179,0.04443224,0.02999601,0.90075105,0.14318968,0.94535494
506,256_50_7249,0.26519877,0.69205755,0.0013071657,0.011845287,0.9683192,0.3147317,0.9982528
507,256_50_1817,0.38694265,0.5238103,0.0008527535,0.0051634624,0.05199817,0.029797953,0.99682117
508,256_50_10909,0.39335194,0.6114285,0.001073014,0.005483119,0.05775102,0.029246194,0.9963284
509,256_50_17039,0.35589957,0.65303224,0.00065163575,0.0028847144,0.2919905,0.022124656,0.999385
510,256_50_8125,0.40571907,0.48258206,0.0016951081,0.007236925,0.03342926,0.024124831,0.98925763
511,256_50_12360,0.63220596,0.34238398,0.005232526,0.022437057,0.030565739,0.048416138,0.92963725
512,256_50_11832,0.43319738,0.7671231,0.021974312,0.13976376,0.33282498,0.41880512,0.8744021
513,256_50_16269,0.2859192,0.68891364,0.0056835567,0.031399045,0.9636739,0.59003943,0.98561436
514,256_50_12296,0.5407544,0.3993172,0.0045206896,0.018170286,0.035488434,0.03971525,0.9441421
515,256_50_15900,0.095969334,0.38510123,0.017273152,0.025249654,0.99999964,0.879879,0.96543735
516,256_50_10077,0.47130877,0.38721067,0.002287317,0.009307792,0.023326347,0.020581624,0.97072136
517,256_50_9474,0.20970397,0.9959292,0.015673034,0.21176803,0.83139604,0.4212854,0.6077828
518,256_50_4981,0.24316111,0.5540655,0.0013655135,0.011728539,0.99394715,0.18897185,0.9988674
519,256_50_2973,0.3403794,0.60247666,0.01657868,0.032307297,0.97049755,0.34414145,0.89280355
520,256_50_1486,0.2099213,0.719085,0.012068438,0.018679406,0.9999207,0.20605794,0.99151057
521,256_50_16283,0.5899511,0.5667787,0.009843018,0.03860102,0.078111425,0.11326098,0.93733275
522,256_50_8623,0.41193408,0.9265379,0.02042606,0.2050662,0.3360189,0.27309397,0.82403463
523,256_50_2967,0.2323843,0.61340106,0.008023181,0.03552806,0.9891466,0.9090133,0.9454645
524,256_50_4891,0.3963153,0.56336695,0.0010171352,0.0061198655,0.057951607,0.03399391,0.99608326
525,256_50_4289,0.22121082,0.9831097,0.05349165,0.22085957,0.9900197,0.93902177,0.34235537
526,256_50_2200,0.3260508,0.7254876,0.008824954,0.024983801,0.8728949,0.6321567,0.9581791
527,256_50_488,0.21363997,0.69135106,0.004748912,0.016560452,0.99975234,0.1922222,0.9966
528,256_50_6549,0.16684572,0.9779221,0.02811775,0.011241439,0.99996316,0.10109982,0.9949163
529,256_50_15062,0.47209942,0.61481625,0.0089183515,0.03551629,0.14942338,0.14579684,0.9475847
530,256_50_12750,0.45206633,0.5048119,0.003491425,0.011049706,0.05205346,0.024747923,0.9783239
531,256_50_8219,0.15430154,0.8407354,0.036761824,0.016453315,0.9999974,0.20666012,0.99153167
532,256_50_13359,0.3199228,0.92682195,0.038000867,0.17519718,0.85553247,0.8150475,0.66978276
533,256_50_9407,0.56397027,0.55249274,0.0095380945,0.02892079,0.077719055,0.06860796,0.9473977
534,256_50_9173,0.33809525,0.97230023,0.01381158,0.18100025,0.43123087,0.29396084,0.8100633
535,256_50_4217,0.5239711,0.7620018,0.00024971203,0.011495511,0.17737313,0.15975425,0.9895856
536,256_50_644,0.35241696,0.69390446,0.0007782944,0.002500494,0.540014,0.021199835,0.99954647
537,256_50_15380,0.16059318,0.60135686,0.0065401327,0.015343166,0.99993527,0.51297843,0.9946936
538,256_50_19172,0.33571476,0.76773536,0.021075787,0.035707913,0.9756462,0.44427618,0.9394766
539,256_50_12570,0.3586211,0.7741403,0.01097437,0.040329415,0.60994184,0.64391303,0.9274134
540,256_50_3549,0.100227416,0.49770388,0.034136247,0.020636259,0.99999976,0.7833289,0.97613823
541,256_50_9679,0.5482358,0.5032436,0.007004515,0.025667874,0.06518696,0.058446337,0.9495088
542,256_50_17821,0.39896825,0.90405315,0.027413467,0.034058798,0.59809065,0.21954273,0.954602
543,256_50_6216,0.34892625,0.59141153,0.0007391146,0.022788621,0.99903476,0.87217426,0.7320247
544,256_50_19227,0.40775388,0.50041777,0.0014211608,0.004586682,0.031488918,0.013909435,0.9931526
545,256_50_1009,0.20364016,0.6202576,0.041727223,0.09277975,0.9999099,0.916626,0.744506
546,256_50_12518,0.46224612,0.67056406,0.008632058,0.031928636,0.2082531,0.0702022,0.97656906
547,256_50_13106,0.2003531,0.74717015,0.070468426,0.09156792,0.99857736,0.99180216,0.41475543
548,256_50_11121,0.35847056,0.9712001,0.016970294,0.09390692,0.53062886,0.2374972,0.9261025
549,256_50_6297,0.38795197,0.48964182,0.00074993365,0.0046954276,0.03964687,0.026909309,0.99659204
550,256_50_14880,0.4998969,0.70506674,0.013268517,0.04801083,0.14552891,0.14432555,0.9416428
551,256_50_18380,0.40425405,0.8492481,0.009023937,0.019037047,0.50461715,0.14389881,0.98314244
552,256_50_598,0.15008548,0.6497939,0.046278585,0.039561983,0.9999889,0.91789144,0.85344356
553,256_50_2309,0.16794083,0.9255104,0.07199405,0.03166296,0.9999902,0.29741177,0.9762141
554,256_50_15343,0.5053772,0.45355958,0.004829534,0.020127416,0.049086343,0.04060366,0.9616539
555,256_50_7885,0.48577362,0.639818,0.00852207,0.051356215,0.14007987,0.106927164,0.96264887
556,256_50_22605,0.35961166,0.854994,0.0010621672,0.0020865807,0.57292926,0.020288864,0.9997111
557,256_50_11038,0.27547038,0.94682896,0.08134218,0.015625112,0.9978369,0.12501192,0.9847297
558,256_50_14651,0.3432704,0.86104447,0.011720008,0.022611698,0.9547717,0.40664354,0.97550815
559,256_50_9299,0.34324172,0.8779992,0.040209953,0.077165745,0.7462274,0.68364286,0.83307856
560,256_50_15162,0.36245397,0.9452051,0.029954145,0.07801997,0.798134,0.44372788,0.9033662
561,256_50_2955,0.398515,0.5244237,0.0012900383,0.006589453,0.040043112,0.02808091,0.9933107
562,256_50_12953,0.4717252,0.690397,0.008721825,0.06644317,0.18430223,0.09393045,0.9658726
563,256_50_23261,0.313738,0.64894617,0.0019773846,0.013883056,0.99698144,0.5614434,0.9785841
564,256_50_6526,0.32061172,0.72438467,0.032002743,0.10170768,0.86016846,0.9516321,0.6166363
565,256_50_19920,0.38332894,0.4795925,0.0011683077,0.0060212463,0.030795133,0.026601039,0.9926432
566,256_50_1607,0.1616871,0.9184182,0.14807865,0.037988424,0.9999957,0.5822031,0.93978673
567,256_50_19312,0.3281709,0.6923287,0.0025281974,0.019755451,0.99960715,0.56281537,0.95316976
568,256_50_583,0.56379527,0.51997834,0.0089068785,0.03914925,0.07227697,0.09166407,0.9355258
569,256_50_18785,0.40433013,0.8307884,0.007533,0.008514116,0.44385907,0.04277704,0.99212223
570,256_50_21175,0.39436924,0.63130075,0.0009127229,0.0051504746,0.121823244,0.028338972,0.99857867
571,256_50_17583,0.33219224,0.78337383,0.0045939204,0.006220373,0.98455775,0.0521292,0.99777216
572,256_50_8455,0.42380404,0.7616889,0.020000076,0.09231991,0.33686954,0.44793493,0.8738598
573,256_50_17749,0.46515164,0.7836851,0.011464219,0.020688144,0.21011913,0.0693517,0.97480017
574,256_50_13181,0.5695265,0.4247137,0.0039850604,0.015129023,0.035656746,0.03081132,0.9585504
575,256_50_17140,0.39253536,0.46248218,0.0011329115,0.005447621,0.027682403,0.0220201,0.9926353
576,256_50_21326,0.36873788,0.5359505,0.00023658766,0.00947034,0.9563244,0.47945458,0.98036206
577,256_50_21745,0.36631668,0.6923289,0.0010978355,0.01238361,0.5175747,0.10985655,0.99845743
578,256_50_21503,0.3990974,0.57615525,0.00063056283,0.0053334627,0.16654794,0.03335308,0.99895704
579,256_50_1945,0.3769757,0.69773227,0.0012534526,0.00774683,0.16228811,0.08860461,0.9969356
580,256_50_18728,0.45794544,0.7536651,0.0017005281,0.006675561,0.14009018,0.023152424,0.99682164
581,256_50_17585,0.3859578,0.74906445,0.0015632826,0.0066850884,0.40972292,0.04492198,0.9984706
582,256_50_14588,0.32037422,0.92277217,0.051184673,0.029064499,0.96718097,0.2335233,0.9539014
583,256_50_11526,0.66392034,0.3528297,0.00607648,0.029270073,0.033941604,0.07851907,0.92920613
584,256_50_139,0.26349574,0.63386434,0.006539153,0.033324935,0.9394523,0.8626281,0.9425879
585,256_50_2641,0.3939948,0.5796623,0.0010260561,0.0069159055,0.06697133,0.04212507,0.99634427
586,256_50_5420,0.24150218,0.88439167,0.05553583,0.03904889,0.9998161,0.4419494,0.95567113
587,256_50_21704,0.27697942,0.71515465,0.0011254895,0.011513585,0.92708045,0.1957473,0.99894685
588,256_50_20275,0.38822037,0.5152427,0.00069519336,0.004416541,0.051207636,0.026931647,0.99755484
589,256_50_3770,0.3922585,0.52214205,0.00093540276,0.0058019133,0.04868363,0.032511324,0.9958786
590,256_50_13567,0.38946208,0.5221109,0.0008197516,0.0048394375,0.055318154,0.026455548,0.9973163
591,256_50_21594,0.37519976,0.6545274,0.0030310033,0.013014455,0.6462976,0.10525276,0.99511397
592,256_50_13017,0.4341725,0.74294543,0.0013681288,0.0049171527,0.2313969,0.030221231,0.9977931
593,256_50_12739,0.38458252,0.4647696,0.0010696591,0.005204742,0.026697552,0.02220435,0.9928422
594,256_50_11713,0.49738595,0.61933136,0.011084647,0.06150231,0.14139807,0.1334832,0.9468421
595,256_50_2074,0.38969603,0.7792172,0.032603193,0.075895354,0.7862677,0.40587884,0.8814534
596,256_50_22571,0.4945917,0.6835225,6.931015e-05,0.0046353666,0.4767007,0.20726351,0.9945411
597,256_50_14733,0.68710595,0.3310101,0.0050693043,0.025471253,0.028650738,0.076150924,0.9310387
598,256_50_1236,0.3766846,0.697343,0.00084761257,0.0042374507,0.15092863,0.035550937,0.9989849
599,256_50_16545,0.33181632,0.79133666,0.004891645,0.022631414,0.7072626,0.3853868,0.98802453
600,256_50_23340,0.37539527,0.7069132,0.001262944,0.006352265,0.24821539,0.084619634,0.997724
601,256_50_9432,0.24933432,0.97381413,0.06491369,0.19955982,0.980317,0.860562,0.49102762
602,256_50_10089,0.47133017,0.40286225,0.0024011973,0.009192317,0.024475595,0.02033555,0.9706231
603,256_50_21494,0.3675871,0.7754209,0.001191263,0.012585938,0.5140007,0.11097944,0.99860543
604,256_50_22591,0.3409864,0.7385591,0.0011431986,0.0153332995,0.64050937,0.16156317,0.99843305
605,256_50_11397,0.46944582,0.68286675,0.0071390024,0.051789496,0.17351462,0.083372094,0.97339547
606,256_50_13960,0.22538878,0.6376369,0.042872608,0.046880443,0.99998724,0.63451314,0.8493476
607,256_50_5516,0.16608591,0.45076922,0.005307788,0.022262696,0.99997795,0.9377975,0.9331585
608,256_50_1774,0.14563644,0.90853703,0.23948671,0.027939824,0.9999989,0.6459994,0.933248
609,256_50_14827,0.41063932,0.88444716,0.03802175,0.09289358,0.8062873,0.28385684,0.92229795
610,256_50_6739,0.44657472,0.4876686,0.0028397795,0.00984087,0.040506996,0.02479683,0.98089373
611,256_50_10407,0.63328236,0.35064027,0.0056087594,0.025545685,0.034880135,0.0573892,0.937118
612,256_50_15772,0.37223428,0.78499156,0.0039764056,0.020114573,0.40632543,0.24364357,0.98625654
613,256_50_15422,0.32467178,0.95388895,0.024354288,0.017917167,0.94221926,0.15537982,0.98603165
614,256_50_4166,0.17561162,0.99732375,0.012539901,0.0714471,0.91189474,0.56996304,0.8227079
615,256_50_15799,0.62417716,0.5233805,0.009020253,0.029685972,0.07190033,0.09143565,0.9416919
616,256_50_1574,0.13944785,0.5480899,0.017943004,0.043517057,0.9999906,0.8181302,0.92772794
617,256_50_11347,0.476549,0.3945346,0.0023206284,0.008777894,0.02434282,0.018494535,0.9735865
618,256_50_7203,0.46692237,0.6841852,0.011735273,0.06780515,0.16263531,0.19066331,0.9417904
619,256_50_4735,0.3377405,0.7696513,0.007355659,0.020404717,0.7128442,0.4710809,0.96889013
620,256_50_3027,0.15603149,0.9891311,0.033756472,0.035616647,0.9995572,0.2149914,0.97134405
621,256_50_6457,0.39314348,0.46124473,0.0012044492,0.005999971,0.028890345,0.024098104,0.9919002
622,256_50_4019,0.21188945,0.9885434,0.006380015,0.009849675,0.9925321,0.08437355,0.9973049
623,256_50_1077,0.22749937,0.9839744,0.10198675,0.009295449,0.9997335,0.0756388,0.9969469
624,256_50_4845,0.13499975,0.6787112,0.07949024,0.037711095,0.99999964,0.6145935,0.9261377
625,256_50_1809,0.37962303,0.6589282,0.00103892,0.0051863315,0.16429909,0.043281615,0.99870753
626,256_50_14940,0.43935698,0.6455395,0.00010963009,0.00445477,0.6298259,0.12730476,0.9964399
627,256_50_3368,0.41919512,0.691493,0.0025472802,0.010800567,0.096852675,0.049113207,0.9906329
628,256_50_9547,0.58327323,0.61086506,0.010972444,0.034789465,0.09395991,0.11416998,0.93701845
629,256_50_16895,0.34162697,0.837334,0.0030318308,0.004541539,0.94486064,0.07758996,0.998412
630,256_50_5962,0.23469864,0.61052006,0.007837418,0.04619418,0.99876213,0.580074,0.9725107
631,256_50_12567,0.14574945,0.5946303,0.011026652,0.015376997,0.999995,0.35541883,0.9919193
632,256_50_2490,0.4168505,0.8608446,0.026396135,0.035771787,0.55559134,0.21298054,0.9477158
633,256_50_9934,0.41240475,0.50385654,0.0025220888,0.010776126,0.042021178,0.037956513,0.98190504
634,256_50_15232,0.3178084,0.6498937,0.000925533,0.014083397,0.78577906,0.21120909,0.9985783
635,256_50_2056,0.29834542,0.8284301,0.022003608,0.032106206,0.96041405,0.36356044,0.954273
636,256_50_5976,0.14684033,0.48938254,0.0009117494,0.00851181,0.99997115,0.13880354,0.99935645
637,256_50_9318,0.31034932,0.9006411,0.052328385,0.1921449,0.8907962,0.9006761,0.5750706
638,256_50_2723,0.14638464,0.5530769,0.0051776883,0.014705775,0.9999857,0.35313073,0.9952975
639,256_50_842,0.35970262,0.6216905,0.005283112,0.023255475,0.34015957,0.3846239,0.96434104
640,256_50_18738,0.3812982,0.46718794,0.0009912008,0.005236027,0.027405122,0.024373332,0.99354184
641,256_50_22481,0.3084631,0.88814694,0.0069852523,0.012723534,0.95937085,0.18420495,0.99648786
642,256_50_12054,0.5360415,0.3577443,0.0027782077,0.0108937435,0.022845468,0.020526398,0.95879424
643,256_50_11978,0.24956977,0.673287,0.032412626,0.0835456,0.98422027,0.9794536,0.53774744
644,256_50_11507,0.65174,0.35679165,0.0051216097,0.022918621,0.031513676,0.055227127,0.9346708
645,256_50_13201,0.66729724,0.34159124,0.005807453,0.02767949,0.032354504,0.07190669,0.9299247
646,256_50_14062,0.43959254,0.8151348,0.013357599,0.08566712,0.29619944,0.22039974,0.9473057
647,256_50_7530,0.27916628,0.6816087,0.0011890795,0.012052421,0.9454978,0.25266227,0.99871695
648,256_50_8281,0.53011304,0.45789775,0.0035601163,0.01196094,0.037533484,0.025434092,0.9731424
649,256_50_14593,0.66704315,0.36304796,0.005946653,0.027061636,0.03398349,0.075693175,0.9340559
650,256_50_3139,0.24611682,0.5691702,0.0013120227,0.010041362,0.9902621,0.13785215,0.99851805
651,256_50_12453,0.38254794,0.46967795,0.0010145792,0.0053997524,0.028963445,0.025424538,0.99363226
652,256_50_15333,0.43628088,0.5755155,0.0070750657,0.030647019,0.092216596,0.13303405,0.9449057
653,256_50_11344,0.54290336,0.3878159,0.0036496574,0.013940239,0.03160058,0.025600566,0.95863044
654,256_50_2289,0.11366737,0.48634648,0.014025567,0.030491663,0.99999654,0.861646,0.96046996
655,256_50_22826,0.35920143,0.8360857,0.0008914065,0.0022102145,0.4360288,0.02195514,0.99971646
656,256_50_11327,0.38748205,0.4946803,0.000706851,0.004489118,0.043787003,0.026225785,0.9971468
657,256_50_8520,0.3843407,0.8714586,0.001874048,0.0038412723,0.77967685,0.03924128,0.9987839
658,256_50_14273,0.4430836,0.82981056,0.0032844841,0.00815651,0.24600105,0.040486902,0.9960748
659,256_50_3688,0.16744658,0.65664065,0.019647406,0.021374458,0.999977,0.47905874,0.97945637
660,256_50_5109,0.23730671,0.5934093,0.0014956418,0.012353879,0.9954464,0.21852896,0.99854517
661,256_50_9071,0.26596487,0.71809506,0.0075173522,0.02091587,0.998382,0.21506651,0.9931666
662,256_50_20467,0.3853621,0.65829074,0.0010065573,0.0120602995,0.3075702,0.07909344,0.99808735
663,256_50_2287,0.1545834,0.5183824,0.004560891,0.0115812,0.9999739,0.25690633,0.9971957
664,256_50_12576,0.42553237,0.7556428,0.017717693,0.04939104,0.3124597,0.34048435,0.8962467
665,256_50_863,0.2377719,0.68244296,0.043285724,0.047328074,0.9986675,0.9092998,0.8140219
666,256_50_5595,0.387783,0.5042695,0.0008032183,0.004741893,0.03719088,0.025405824,0.99614775
667,256_50_15057,0.6170516,0.42030182,0.0064251036,0.027133975,0.044330485,0.07336213,0.93466145
668,256_50_21886,0.31706542,0.59316534,0.00032421353,0.0069323555,0.7097025,0.14080583,0.9996107
669,256_50_561,0.39271098,0.48261887,0.0013781185,0.0068762186,0.0346136,0.03004564,0.99062496
670,256_50_21307,0.41504094,0.75886464,0.0016383453,0.007315313,0.25002617,0.043593947,0.9979315
671,256_50_753,0.40644112,0.9313437,0.016752265,0.11968341,0.49021086,0.23378785,0.91114396
672,256_50_10575,0.30943528,0.79067826,0.05710209,0.10430581,0.96866727,0.92322916,0.59093064
673,256_50_5876,0.3853126,0.49786782,0.0006478973,0.003936778,0.045033254,0.023443693,0.9976204
674,256_50_9325,0.18190561,0.9935168,0.045176465,0.15421987,0.99700266,0.40189576,0.73124623
675,256_50_5611,0.39297378,0.5307835,0.0007581945,0.0047819912,0.046663597,0.026653862,0.99706954
676,256_50_14154,0.40339878,0.8347019,0.0069787125,0.0077766604,0.27363813,0.032954376,0.9922402
677,256_50_19847,0.3846801,0.49086455,0.00079504366,0.004839621,0.03771519,0.027544905,0.9961457
678,256_50_11097,0.6377809,0.3778428,0.006850409,0.033691693,0.041835785,0.09120783,0.93330294
679,256_50_6347,0.24576667,0.6510066,0.013525771,0.048083782,0.98875403,0.92999554,0.90005344
680,256_50_6878,0.44228518,0.5053918,0.0028544539,0.009548137,0.04078438,0.023814522,0.9829197
681,256_50_12267,0.09521331,0.4345765,0.012330884,0.014606437,0.9999999,0.28751457,0.99530387
682,256_50_21490,0.3697445,0.7961857,0.001568649,0.009371867,0.42500475,0.07963171,0.99846375
683,256_50_1132,0.34523532,0.66574275,0.0058787554,0.025728637,0.4779905,0.44735387,0.960645
684,256_50_15299,0.44395453,0.879576,0.018109033,0.15578613,0.32348034,0.22721092,0.8981453
685,256_50_15969,0.11270248,0.42017546,0.016546091,0.021791497,0.99999833,0.73055756,0.9786269
686,256_50_7571,0.4643818,0.552529,0.0051748846,0.018026745,0.07390998,0.044905797,0.96916413
687,256_50_20445,0.42584476,0.89054763,0.001276164,0.0030093044,0.4851383,0.01615054,0.99941885
688,256_50_10070,0.4097578,0.46792373,0.0015620594,0.0066342144,0.0285739,0.021661103,0.9888354
689,256_50_21947,0.43648046,0.6548088,0.0001180218,0.00483464,0.45064726,0.11109489,0.9976286
690,256_50_603,0.44938067,0.7126316,0.009554606,0.04007077,0.327594,0.13708323,0.96705353
691,256_50_13673,0.15380113,0.66097903,0.009942293,0.013692072,0.99999046,0.36888704,0.9918716
692,256_50_13401,0.42589366,0.70490456,0.00023588806,0.0049243863,0.9000915,0.17384283,0.99668294
693,256_50_15169,0.51449484,0.78411376,0.012481898,0.032643616,0.14205764,0.104580335,0.96269274
694,256_50_8357,0.15192227,0.46518996,0.00849466,0.027131962,0.9999733,0.71989655,0.97981226
695,256_50_2380,0.46675882,0.46529633,0.0029239405,0.01177937,0.03624938,0.028310867,0.9749723
696,256_50_11932,0.6224006,0.3576865,0.0052836486,0.023099614,0.03505816,0.04775638,0.9395391
697,256_50_7574,0.40254498,0.45285,0.0013589037,0.0055164923,0.025848089,0.018233482,0.9904246
698,256_50_23470,0.13233298,0.45148745,0.002840282,0.006766802,0.9999821,0.26196817,0.99854904
699,256_50_14453,0.6126496,0.52722764,0.008783425,0.03309774,0.060888857,0.09169088,0.9410774
700,256_50_2432,0.49008864,0.6654102,0.017650258,0.06901581,0.23525816,0.24594536,0.8818833
701,256_50_9773,0.37007257,0.835304,0.0041290084,0.020314524,0.6072632,0.1840484,0.9945182
702,256_50_4704,0.09664077,0.48734957,0.026916957,0.031088071,0.9999999,0.43971968,0.98353344
703,256_50_21258,0.34285638,0.58769006,0.0007930007,0.010961443,0.7596127,0.15376501,0.9975446
704,256_50_3384,0.4940935,0.8816928,0.0009382357,0.030406868,0.6043309,0.6505726,0.8984348
705,256_50_18258,0.4062354,0.50488126,0.0017338647,0.007726602,0.03805829,0.02777614,0.9891332
706,256_50_2068,0.20379195,0.9961875,0.05207526,0.120358884,0.98290104,0.6846142,0.6602213
707,256_50_22524,0.24013934,0.71570414,0.003938801,0.015147862,0.99526054,0.32036984,0.99670273
708,256_50_22083,0.3118083,0.45751575,0.00022176394,0.019768095,0.99994075,0.92301434,0.5662532
709,256_50_10534,0.4807775,0.72245246,0.011778542,0.050875273,0.17615956,0.14541145,0.95124775
710,256_50_8714,0.4725845,0.6461967,0.013005363,0.066652775,0.19807315,0.18686262,0.9334041
711,256_50_19984,0.39741278,0.5182404,0.0008804774,0.004652144,0.05701342,0.024080126,0.996644
712,256_50_8964,0.42745018,0.4800204,0.0015733457,0.0068951636,0.03408743,0.02112295,0.9900294
713,256_50_491,0.34052026,0.62037957,0.001660366,0.010681632,0.8745611,0.08058211,0.99799275
714,256_50_10678,0.54282975,0.5457549,0.009105058,0.041431166,0.08284149,0.098442405,0.9429459
715,256_50_15108,0.403905,0.88484776,0.031613912,0.0639819,0.6066617,0.42295125,0.90640014
716,256_50_12239,0.4971232,0.52791595,0.006063873,0.034512136,0.099879086,0.0849536,0.9683054
717,256_50_19241,0.4257097,0.79635566,0.011667974,0.02122269,0.6504475,0.11282948,0.9776905
718,256_50_10360,0.4875661,0.39353415,0.0027425962,0.011306364,0.026626473,0.024174573,0.9665845
719,256_50_1575,0.330767,0.5597206,0.031056743,0.06486944,0.9977926,0.66752774,0.77146953
720,256_50_6629,0.32284537,0.6669719,0.017099762,0.06830718,0.83590937,0.79935646,0.8560008
721,256_50_14237,0.35209733,0.8408412,0.042502686,0.07778616,0.89832294,0.82563996,0.7830219
722,256_50_1852,0.11061659,0.48248374,0.0058224928,0.007455596,0.999998,0.27079776,0.9984243
723,256_50_16337,0.2947891,0.74384665,0.0010615521,0.010390501,0.8762961,0.2025324,0.9986753
724,256_50_10973,0.48149723,0.49011058,0.003154194,0.018262906,0.083586395,0.036659446,0.9866151
725,256_50_4909,0.3840802,0.49188197,0.00073466805,0.0043890243,0.04386602,0.026265781,0.99700874
726,256_50_6638,0.30197304,0.65325195,0.005739795,0.037787158,0.95368016,0.90408665,0.9289145
727,256_50_12788,0.4338501,0.904029,0.011849775,0.06892821,0.40165368,0.17575867,0.9580422
728,256_50_5913,0.38847393,0.66002524,0.0033316587,0.021003464,0.12313047,0.1758589,0.98083913
729,256_50_16634,0.36607727,0.9143749,0.049141895,0.027396822,0.9478716,0.13635872,0.9633929
730,256_50_1286,0.14068758,0.5465194,0.010937601,0.017140571,0.99999,0.61808383,0.98941046
731,256_50_476,0.13476667,0.91073364,0.4599434,0.06359218,0.9999999,0.7091444,0.8133132
732,256_50_11542,0.44125968,0.8796248,0.015410866,0.15275644,0.28246528,0.18391305,0.90199065
733,256_50_11740,0.23350595,0.9764732,0.18101877,0.029870808,0.9993511,0.47752026,0.9460344
734,256_50_5078,0.26181614,0.54087824,0.0012553046,0.007953819,0.99526405,0.2043647,0.99689215
735,256_50_4072,0.40263024,0.62843776,0.0017560298,0.010893087,0.102748334,0.060511194,0.99441975
736,256_50_19346,0.44714308,0.712426,0.00069957785,0.0027570573,0.08270016,0.010594549,0.99910754
737,256_50_9829,0.6439582,0.42133364,0.006846912,0.031207649,0.044602677,0.08894459,0.93240726
738,256_50_5524,0.14414403,0.50926346,0.027914725,0.038000364,0.99999607,0.6828814,0.9596271
739,256_50_20600,0.38389164,0.5010125,0.0006930686,0.0039478247,0.058385096,0.024053045,0.9977323
740,256_50_4119,0.21945827,0.8290731,0.09403508,0.123718776,0.9994905,0.9088789,0.59885633
741,256_50_23427,0.33800903,0.8124359,0.0018733455,0.0037071279,0.732697,0.08259861,0.99870014
742,256_50_20459,0.37945732,0.64111304,0.0009568563,0.0038018893,0.18119292,0.025340557,0.9983688
743,256_50_6207,0.21124133,0.6773721,0.0060337996,0.023623021,0.9980191,0.745348,0.9834979
744,256_50_5708,0.34756047,0.8343832,0.0078765955,0.014633082,0.8730348,0.2968588,0.9870645
745,256_50_14011,0.4263876,0.70158833,0.0022380159,0.004571592,0.10837787,0.014807526,0.9967788
746,256_50_3088,0.42093527,0.53618,0.0029138043,0.011230955,0.05064444,0.037413057,0.98264736
747,256_50_18271,0.3817502,0.8701757,0.009552386,0.010806132,0.97623354,0.09501242,0.9932499
748,256_50_7757,0.23557942,0.5891451,0.016750671,0.06526409,0.9933193,0.94685704,0.7760907
749,256_50_5244,0.16557984,0.5918639,0.0326561,0.044950075,0.9999894,0.8408365,0.89838046
750,256_50_9314,0.21587455,0.9962442,0.010636924,0.22668032,0.5813098,0.4245041,0.5909001
751,256_50_16104,0.40740538,0.6326158,0.0041843494,0.020390954,0.17390893,0.11124613,0.97980404
752,256_50_6949,0.4038802,0.7848817,0.025124868,0.115228385,0.43171877,0.62236696,0.8255865
753,256_50_10066,0.39410287,0.44625092,0.0012508216,0.0056436528,0.023399772,0.020626687,0.9899166
754,256_50_13817,0.18693744,0.601963,0.06332547,0.06810304,0.9997782,0.9819308,0.5625402
755,256_50_9616,0.16815066,0.99048483,0.06951348,0.14156175,0.9989478,0.6565613,0.62927926
756,256_50_12401,0.14703402,0.53046757,0.013544006,0.017412527,0.99999297,0.43802652,0.991286
757,256_50_11511,0.68380296,0.3161054,0.004698232,0.022065777,0.026023228,0.054698627,0.925844
758,256_50_6768,0.32542413,0.6363592,0.018323015,0.06423973,0.7297215,0.8537831,0.7669634
759,256_50_23155,0.36930624,0.9111907,0.0021875238,0.003526646,0.81214017,0.035969663,0.99932384
760,256_50_11129,0.39456645,0.93127316,0.016103404,0.17347476,0.3315942,0.23537017,0.86058915
761,256_50_16689,0.3576873,0.7452071,0.0015407329,0.005648365,0.65481806,0.06601291,0.9986481
762,256_50_10508,0.45481777,0.4115141,0.002153498,0.0089897895,0.026066627,0.021627216,0.9771286
763,256_50_12413,0.47532684,0.77748513,0.015413622,0.10768261,0.2807147,0.16907418,0.9412984
764,256_50_3510,0.41885388,0.70255363,0.00426807,0.018530263,0.099138826,0.07418262,0.97965664
765,256_50_2483,0.31880766,0.7596421,0.0014984417,0.004236165,0.83545816,0.12692453,0.99864656
766,256_50_3067,0.38061097,0.5801061,0.00086817367,0.0047871,0.118458614,0.0377308,0.99843305
767,256_50_13528,0.51121074,0.5214248,0.011952119,0.06613596,0.10591626,0.13060123,0.93209946
768,256_50_16120,0.4008754,0.70558107,0.0018741871,0.010736615,0.14467655,0.083001986,0.9939129
769,256_50_11061,0.45515418,0.46222585,0.0033201643,0.012603,0.03549358,0.031577356,0.9689687
770,256_50_15768,0.28283828,0.5972492,0.0023819346,0.02698902,0.99942315,0.9751995,0.5442838
771,256_50_12179,0.46105367,0.830507,0.0017074293,0.005041447,0.17450209,0.01835763,0.9979784
772,256_50_13766,0.5322272,0.48689175,0.0052933916,0.024563272,0.066699855,0.049405906,0.9687537
773,256_50_2661,0.40336516,0.70899,0.0041852994,0.018166391,0.15399316,0.14180817,0.976757
774,256_50_5763,0.31296182,0.61707187,0.008448231,0.035484526,0.72502416,0.6833444,0.9078609
775,256_50_19944,0.33837378,0.7173767,0.0041001453,0.026355682,0.7632906,0.26197368,0.9930339
776,256_50_5305,0.38519484,0.4777023,0.0009641195,0.005364606,0.03147263,0.025875367,0.99440235
777,256_50_7309,0.5093903,0.40400812,0.00325489,0.012694976,0.030815165,0.024929252,0.9646832
778,256_50_19379,0.46196613,0.5387511,0.0078076324,0.018956766,0.27697855,0.08213184,0.94601476
779,256_50_9602,0.27649987,0.98803955,0.01569444,0.23245183,0.572234,0.44562078,0.6480689
780,256_50_7348,0.38097247,0.9422749,0.017853772,0.19419241,0.36454305,0.26979,0.8279669
781,256_50_6149,0.38890526,0.47994745,0.00094793463,0.0051719,0.031962257,0.024433274,0.9946226
782,256_50_14405,0.33992714,0.8762405,0.04889451,0.03241604,0.9825869,0.20578095,0.96189195
783,256_50_16478,0.3928392,0.6395084,0.00063513767,0.0058394154,0.23056874,0.03704209,0.9992219
784,256_50_18444,0.4384997,0.7158216,0.003033523,0.005861111,0.09675356,0.017979752,0.9953845
785,256_50_21987,0.2863488,0.85003406,0.007317591,0.0123827355,0.98515195,0.26186275,0.9954502
786,256_50_21433,0.38730633,0.54955995,0.00037446417,0.0031663282,0.1418754,0.02089351,0.9994863
787,256_50_15055,0.48351237,0.51495063,0.0039778296,0.013090187,0.050899584,0.02907232,0.9776174
788,256_50_16528,0.42984632,0.48506886,0.0028674367,0.013725076,0.04500182,0.04151086,0.9798907
789,256_50_1129,0.3070515,0.7488879,0.0086244475,0.045795627,0.8445179,0.7441252,0.9579673
790,256_50_3475,0.25409162,0.9880756,0.036666144,0.17271431,0.91686153,0.7970134,0.59637773
791,256_50_4798,0.12712796,0.49804473,0.0028895698,0.007302308,0.9999819,0.2837361,0.9986487
792,256_50_2589,0.17850563,0.78795576,0.03462256,0.028548421,0.9999784,0.5878144,0.9621403
793,256_50_14959,0.34368372,0.6887399,0.004161716,0.018148463,0.6580761,0.27808526,0.98988473
794,256_50_21592,0.36819354,0.6957083,0.00034792427,0.0014726424,0.23135063,0.012101229,0.99984825
795,256_50_6372,0.28684765,0.7367924,0.005120813,0.021697443,0.99839765,0.37639767,0.98599595
796,256_50_1682,0.37715784,0.5255947,0.00095380255,0.0059824167,0.06735681,0.03829845,0.9966504
797,256_50_9476,0.11573265,0.92663735,0.098033056,0.042932797,0.99999917,0.38813794,0.9492454
798,256_50_7946,0.23844802,0.65479034,0.0034516663,0.017439649,0.9983475,0.30291563,0.99630535
799,256_50_10543,0.6192575,0.4762736,0.00827939,0.04206785,0.057722356,0.14393695,0.9155569
800,256_50_2857,0.17011164,0.6056584,0.004827293,0.015973603,0.99987495,0.41962376,0.99489814
801,256_50_21588,0.3689046,0.60676795,0.0002800702,0.0016464783,0.12585242,0.0115938205,0.99975187
802,256_50_2476,0.19731149,0.98102945,0.038174078,0.04435038,0.99828845,0.41312227,0.9515336
803,256_50_13850,0.3809465,0.65591097,0.0013044929,0.0077304887,0.18579328,0.066657245,0.9975235
804,256_50_7086,0.28845206,0.7890477,0.05502227,0.10374894,0.98089623,0.96300304,0.517939
805,256_50_21851,0.38210618,0.6966059,0.0010974957,0.0073992484,0.42645514,0.055733662,0.99888736
806,256_50_4544,0.2416916,0.88092977,0.101218514,0.096670516,0.99812514,0.8742975,0.6926186
807,256_50_9228,0.39581385,0.5176325,0.0011010456,0.0058216094,0.03803723,0.026378004,0.9943356
808,256_50_20517,0.41911766,0.7758751,0.00082895934,0.003534892,0.25829652,0.023745393,0.9992773
809,256_50_7737,0.44909063,0.80458856,0.020241706,0.061421283,0.29744694,0.23455025,0.92989
810,256_50_13043,0.58001786,0.5466961,0.008813557,0.042852987,0.07127764,0.16244055,0.9151998
811,256_50_4938,0.22191294,0.66193676,0.0019287016,0.009390048,0.99981374,0.45650133,0.99419206
812,256_50_1706,0.3290266,0.5181692,0.01858563,0.053991023,0.92871445,0.8073374,0.76966727
813,256_50_5625,0.35389608,0.6831141,0.0070209648,0.020605754,0.7163311,0.45275536,0.96175283
814,256_50_9954,0.57085913,0.37266743,0.0040273564,0.016385071,0.030998938,0.032271154,0.9495855
815,256_50_8211,0.2608816,0.9862521,0.024411527,0.24314335,0.84126985,0.6799542,0.5339002
816,256_50_2669,0.4892308,0.5944436,0.010083106,0.038875844,0.11645772,0.1344268,0.92083764
817,256_50_10660,0.5399609,0.6141198,0.01057381,0.050233208,0.10612735,0.1596418,0.9290686
818,256_50_15727,0.23361005,0.7114397,0.008095786,0.020991739,0.99830997,0.5390364,0.98680854
819,256_50_4044,0.37922674,0.5353955,0.00056724786,0.003421733,0.0615838,0.022554988,0.99862814
820,256_50_17034,0.22215739,0.84816396,0.042036552,0.026274323,0.9999348,0.38171226,0.96937805
821,256_50_13792,0.3698269,0.56427836,0.0011083933,0.0063398615,0.15061903,0.048104577,0.99601114
822,256_50_15271,0.3746763,0.8782065,0.010834667,0.008981002,0.7340508,0.079545155,0.992365
823,256_50_15276,0.45728815,0.7033078,0.003458233,0.0069981064,0.09734021,0.019650511,0.9944792
824,256_50_10440,0.22464944,0.5675846,0.0020677408,0.018969893,0.99998367,0.757234,0.9551252
825,256_50_5777,0.16938388,0.56719816,0.0033859932,0.013325868,0.99976987,0.48950467,0.9958876
826,256_50_9692,0.5588651,0.5741877,0.008771584,0.02599826,0.08612771,0.061135966,0.9533806
827,256_50_12193,0.53069913,0.3627724,0.0031353289,0.013242441,0.025686214,0.026665028,0.9552282
828,256_50_20509,0.38914067,0.88444406,0.0015910458,0.0028387154,0.76380795,0.03149333,0.9991173
829,256_50_13087,0.3561119,0.9557246,0.029220494,0.2176077,0.73442924,0.6284012,0.67366797
830,256_50_7327,0.6273829,0.44642186,0.007493582,0.033011664,0.049017314,0.092090614,0.9379656
831,256_50_23275,0.38204354,0.6206263,0.0015085521,0.009563508,0.27843767,0.07411943,0.9976349
832,256_50_9345,0.19218892,0.59543467,0.004117018,0.016279066,0.9997553,0.45628223,0.9951357
833,256_50_1322,0.31923732,0.97752076,0.027661491,0.22361736,0.7654987,0.60640687,0.6557022
834,256_50_9845,0.57417727,0.41709468,0.0058350707,0.029915774,0.051620968,0.07044391,0.9512441
835,256_50_4008,0.17263779,0.98185235,0.1516708,0.086656936,0.99992275,0.6883613,0.7750357
836,256_50_3751,0.3846611,0.8019306,0.024930967,0.03317727,0.81432766,0.22778106,0.92819595
837,256_50_13402,0.24212974,0.6005061,0.002594706,0.012328729,0.99935204,0.41881558,0.99136823
838,256_50_19897,0.42077917,0.7529863,0.0010292624,0.0036953785,0.31663382,0.02112072,0.99914026
839,256_50_21053,0.28364673,0.6522291,0.00071974174,0.01134524,0.87530035,0.23287003,0.9990514
840,256_50_16322,0.4366751,0.5388106,0.0025469894,0.007990916,0.043632157,0.020031022,0.9879239
841,256_50_11788,0.6246147,0.33433628,0.004447303,0.019671522,0.028560242,0.03878339,0.93610907
842,256_50_21295,0.3802282,0.52965575,0.00041011875,0.0027809793,0.11875909,0.017525313,0.99939215
843,256_50_19965,0.3844851,0.72505933,0.00076847343,0.0024215633,0.42194805,0.017424883,0.9994429
844,256_50_7545,0.398518,0.43670416,0.0013518455,0.005728631,0.022112167,0.019386895,0.98823035
845,256_50_10883,0.19942611,0.5675687,0.0019377198,0.013327348,0.99951446,0.38730454,0.99759066
846,256_50_245,0.2249649,0.9515894,0.14759688,0.029478345,0.9996853,0.47371063,0.94345593
847,256_50_1184,0.38355216,0.94988024,0.013712998,0.1554291,0.36503017,0.2351634,0.86781096
848,256_50_6258,0.12712061,0.49565962,0.0015714593,0.007518074,0.99999774,0.18224394,0.9992731
849,256_50_9884,0.23684761,0.74472237,0.03284927,0.030261727,0.9994803,0.5949694,0.9502647
850,256_50_2787,0.37751323,0.6490242,0.0012853276,0.008399198,0.14548455,0.09024315,0.9958191
851,256_50_17786,0.27970377,0.5872282,0.00076406583,0.009439165,0.9179678,0.23012847,0.9988446
852,256_50_12402,0.14142975,0.5553787,0.0025651471,0.0076782755,0.9999505,0.2393121,0.9989654
853,256_50_8215,0.14631003,0.80845386,0.081236936,0.054153,0.9999969,0.80751693,0.8965036
854,256_50_17966,0.49478355,0.52224505,0.0034533069,0.009752402,0.050492942,0.019379305,0.98372644
855,256_50_14251,0.2956771,0.62217754,0.0008097112,0.011026183,0.89789265,0.18631104,0.9988618
856,256_50_4531,0.10643976,0.554004,0.029383814,0.031933352,0.99999964,0.7059667,0.95616764
857,256_50_20833,0.3851491,0.484687,0.0007924092,0.0048158113,0.035233755,0.026414515,0.9960227
858,256_50_11683,0.40655917,0.92991745,0.022868397,0.21037152,0.38509864,0.31256926,0.8123573
859,256_50_19150,0.38482982,0.48723176,0.0008585602,0.0052230107,0.035562854,0.028556641,0.99552333
860,256_50_9623,0.21020369,0.7048937,0.035651926,0.04489,0.9998467,0.8246558,0.89831775
861,256_50_4151,0.19156325,0.9903002,0.039938968,0.14947596,0.9856983,0.87153167,0.49863812
862,256_50_13713,0.45256904,0.8847692,0.0046604373,0.014013295,0.34558183,0.076781884,0.99288815
863,256_50_6219,0.38559943,0.5516622,0.00030470506,0.015516279,0.99190384,0.863691,0.8787173
864,256_50_9672,0.5385701,0.35397708,0.0031651817,0.013176947,0.023515482,0.024712643,0.94963205
865,256_50_10843,0.42822152,0.79419076,0.025121054,0.12933974,0.31660062,0.52000254,0.84039825
866,256_50_21899,0.31286535,0.8408207,0.0030037232,0.012331501,0.89927256,0.17569253,0.9976432
867,256_50_14609,0.360228,0.9641409,0.024048425,0.22781837,0.5212944,0.39872578,0.73628527
868,256_50_14380,0.17871673,0.6370621,0.02278484,0.025471013,0.9999858,0.6253492,0.9649164
869,256_50_23018,0.39578202,0.8942211,0.001698499,0.0034759822,0.5763305,0.027918361,0.999411
870,256_50_4298,0.24214903,0.91059554,0.018919602,0.01643991,0.99963367,0.14098892,0.9948318
871,256_50_13264,0.47754598,0.6308461,0.00024749324,0.01558887,0.9525505,0.6825378,0.9037233
872,256_50_7268,0.38543212,0.48279065,0.0008668049,0.0050267274,0.034292582,0.02610558,0.9954892
873,256_50_20453,0.42177463,0.6366335,0.0008667421,0.004864877,0.11178615,0.025454579,0.998054
874,256_50_9095,0.45630255,0.45919755,0.003472609,0.014523051,0.03898201,0.037007213,0.9690976
875,256_50_282,0.21330038,0.5379394,0.016384656,0.045269586,0.99707544,0.8886448,0.8327778
876,256_50_7730,0.51552016,0.48232806,0.008797917,0.038608108,0.071128815,0.08944746,0.92847794
877,256_50_12661,0.4649573,0.56196773,0.0041516894,0.023018382,0.11346975,0.04513886,0.98634803
878,256_50_7722,0.53578645,0.3847682,0.00402749,0.017526627,0.031953044,0.03383126,0.94956785
879,256_50_8732,0.46546602,0.77242696,0.00970053,0.082016885,0.23878889,0.11236965,0.9655059
880,256_50_15694,0.41672647,0.79284066,0.008248352,0.030805802,0.35554338,0.16058606,0.96746504
881,256_50_1859,0.14399816,0.4705846,0.01414795,0.033546634,0.9999826,0.9111936,0.93604606
882,256_50_13244,0.52847844,0.48868144,0.007078784,0.037790887,0.08048364,0.09314203,0.95362586
883,256_50_20538,0.29457554,0.6460748,0.0025607075,0.016660767,0.8490865,0.3382753,0.9924816
884,256_50_8709,0.6147358,0.40379637,0.006404085,0.029406426,0.04094075,0.071854986,0.9266612
885,256_50_3909,0.38463488,0.48794836,0.0008645934,0.0050030486,0.035150465,0.026105586,0.9956672
886,256_50_1445,0.19092509,0.6536061,0.038171276,0.079713285,0.99987054,0.93306875,0.75087374
887,256_50_20447,0.43082473,0.8266178,0.0014378054,0.004526197,0.31622142,0.02785429,0.9988343
888,256_50_22759,0.3736747,0.8178708,0.00071262056,0.0017550362,0.3863786,0.018346999,0.99978584
889,256_50_917,0.34269983,0.68567264,0.0019487082,0.0076207994,0.8974793,0.07493376,0.9981558
890,256_50_3608,0.3515182,0.81940943,0.0038338257,0.0061146705,0.8923663,0.14938243,0.9960932
891,256_50_541,0.3887031,0.52735895,0.0009095238,0.006590393,0.058259692,0.04120176,0.9962379
892,256_50_12917,0.65217185,0.3364204,0.0054234336,0.02259234,0.030312067,0.0506966,0.9324444
893,256_50_4334,0.35121793,0.7085934,0.0010213952,0.0041512656,0.37470368,0.07017285,0.9989184
894,256_50_16001,0.30196387,0.8320407,0.0033699404,0.01125803,0.96507293,0.14284058,0.9974542
895,256_50_3749,0.4086226,0.85414207,0.008476101,0.019411338,0.58788544,0.17079836,0.9841673
896,256_50_14697,0.30072314,0.9194248,0.057290662,0.10708952,0.97276413,0.908168,0.65529245
897,256_50_17774,0.49323672,0.61172175,0.0059800977,0.020130467,0.080308124,0.050005905,0.9681751
898,256_50_14569,0.3918764,0.7973168,0.014756637,0.05402897,0.32701087,0.38428843,0.9086629
899,256_50_9571,0.3059194,0.85921025,0.046019215,0.085054554,0.9195113,0.877092,0.72605556
900,256_50_737,0.30783275,0.68379563,0.04312645,0.08516218,0.97718585,0.87219167,0.61117196
901,256_50_22430,0.37963775,0.56859165,0.00030145582,0.013531424,0.98014003,0.62226814,0.9559433
902,256_50_12316,0.40130222,0.48439482,0.0010351292,0.005305648,0.03261459,0.022014359,0.994253
903,256_50_7212,0.3279776,0.92970294,0.04883704,0.09468331,0.7809923,0.7483377,0.8159368
904,256_50_19411,0.4132839,0.82539475,0.00055574026,0.0014344621,0.34404314,0.009321203,0.99981135
905,256_50_19215,0.41253024,0.785571,0.0013336303,0.0042870943,0.2779731,0.02711821,0.9987418
906,256_50_17593,0.36071217,0.7102893,0.00382087,0.018863928,0.6041654,0.31206805,0.98914844
907,256_50_6818,0.20766501,0.8940922,0.1049596,0.11568391,0.99953675,0.9658056,0.53616375
908,256_50_49,0.29353955,0.6826487,0.0036194217,0.013555198,0.7526333,0.5454055,0.98367244
909,256_50_4414,0.14402921,0.5993586,0.017246252,0.030847227,0.9999962,0.5654281,0.98230034
910,256_50_11967,0.27519095,0.98830146,0.012037369,0.21714106,0.4732485,0.33488318,0.6999692
911,256_50_8306,0.43856645,0.82412225,0.012980842,0.112298064,0.25744504,0.15539905,0.93631643
912,256_50_18231,0.39909762,0.88798034,0.0062086936,0.006820275,0.3164514,0.036625292,0.9963301
913,256_50_20219,0.5300236,0.75081056,0.00013221685,0.0076138102,0.3212011,0.20767364,0.9925176
914,256_50_5426,0.15376522,0.9989371,0.0317164,0.13003401,0.985886,0.4473116,0.7049765
915,256_50_4732,0.42788646,0.76079005,0.016842648,0.024440764,0.36983058,0.13273092,0.94326603
916,256_50_4835,0.34365684,0.9174931,0.079868615,0.07829991,0.9867556,0.42148462,0.8965424
917,256_50_6063,0.18959716,0.53387946,0.006698191,0.02597379,0.9995981,0.74197435,0.9765662
918,256_50_13885,0.6420433,0.39733273,0.006576637,0.030394755,0.041332263,0.08455635,0.9353599
919,256_50_20836,0.42379668,0.72580844,0.0018264228,0.006973603,0.17704497,0.036736738,0.99650794
920,256_50_20067,0.3781025,0.5512543,0.00060138927,0.003587306,0.07954648,0.024829077,0.99881554
921,256_50_21685,0.42757964,0.8115871,0.000516495,0.0019238476,0.15684892,0.010829559,0.9997223
922,256_50_13297,0.38977528,0.48880878,0.0008831367,0.004804455,0.034881674,0.023283249,0.995663
923,256_50_8202,0.294326,0.9829623,0.021214763,0.24920577,0.6489517,0.535476,0.6191661
924,256_50_7634,0.12664036,0.76510096,0.14176114,0.087635085,0.9999988,0.9523346,0.6137957
925,256_50_4818,0.3206387,0.720483,0.04204797,0.09662037,0.9837636,0.82471335,0.7325902
926,256_50_9739,0.1910176,0.9964573,0.023688374,0.2000529,0.93603665,0.5404788,0.5641204
927,256_50_18884,0.41196948,0.4683775,0.0016057029,0.0063482905,0.02894761,0.018883167,0.98893344
928,256_50_10216,0.41988868,0.47925735,0.0021025303,0.008043544,0.032741684,0.024397252,0.98390204
929,256_50_1480,0.25923592,0.63767457,0.0047568837,0.017460048,0.9852696,0.4453806,0.9892334
930,256_50_5447,0.3856369,0.4781597,0.0009042917,0.0052313963,0.033436704,0.026682118,0.9950368
931,256_50_10512,0.488462,0.37390247,0.0024033322,0.009748649,0.022131786,0.020685758,0.9657065
932,256_50_17582,0.34501073,0.7215188,0.003383243,0.009526377,0.92369425,0.092550166,0.9971228
933,256_50_19057,0.41964772,0.8078285,0.0013635539,0.0056816493,0.2132651,0.042346872,0.9982114
934,256_50_3623,0.38371393,0.65035206,0.0011704911,0.0070742574,0.10980366,0.039377697,0.9974367
935,256_50_21790,0.38861948,0.6191357,0.00054800266,0.0049268804,0.22330527,0.036139295,0.9993051
936,256_50_17016,0.30684373,0.70041656,0.0049874303,0.0192918,0.78137416,0.69265354,0.9742599
937,256_50_17856,0.29317042,0.6205998,0.00071796955,0.011080058,0.8608455,0.19964592,0.9989747
938,256_50_4423,0.31832245,0.5906993,0.0003857336,0.007203617,0.75451136,0.13837004,0.99953735
939,256_50_4075,0.3899372,0.63363004,0.0018658637,0.010128107,0.1885875,0.08766711,0.9953002
940,256_50_16603,0.6115116,0.52968174,0.008971868,0.038069155,0.06450875,0.12565601,0.93035084
941,256_50_18755,0.44762936,0.69270474,0.01054205,0.03560248,0.22993071,0.19331035,0.94192207
942,256_50_8830,0.40669918,0.49089706,0.0015236484,0.006927509,0.03558672,0.024031613,0.99127686
943,256_50_17349,0.38777214,0.47771975,0.0008762384,0.0051363986,0.034604464,0.02598616,0.99533725
944,256_50_8476,0.1640893,0.9479585,0.042546876,0.043379974,0.9998542,0.59901446,0.92786914
945,256_50_5529,0.10594975,0.4938706,0.009993048,0.017073255,0.99999905,0.55753607,0.99154574
946,256_50_10560,0.36487585,0.95812255,0.014153644,0.16758944,0.37690473,0.2588296,0.8511954
947,256_50_10975,0.4767311,0.7874412,0.018156506,0.15390244,0.246751,0.17481083,0.9043242
948,256_50_10361,0.48886964,0.39527637,0.0028476596,0.011543967,0.027302288,0.024195831,0.9657741
949,256_50_22304,0.36787152,0.8757334,0.0007742569,0.0015688611,0.6626548,0.013798582,0.9998753
950,256_50_9881,0.19814222,0.96392983,0.16317771,0.16451435,0.9998543,0.90813303,0.46926147
951,256_50_11881,0.38821936,0.5623816,0.0007378928,0.0047810725,0.06520899,0.032003142,0.9978689
952,256_50_15537,0.37070316,0.8641103,0.0157103,0.031196143,0.780151,0.39228776,0.9586185
953,256_50_12338,0.6049299,0.4185115,0.0061107366,0.022403391,0.04401245,0.0450177,0.9257756
954,256_50_9557,0.5340732,0.4386114,0.0044624996,0.023785032,0.058622003,0.050653704,0.9685581
955,256_50_11313,0.45416346,0.8597511,0.024878107,0.05613859,0.3119741,0.28640628,0.9187338
956,256_50_3263,0.10848782,0.5445327,0.014681331,0.017109085,0.9999988,0.5095979,0.99315685
957,256_50_12057,0.48326918,0.43139353,0.0029157999,0.010053422,0.031689737,0.021339742,0.974108
958,256_50_8339,0.15653275,0.64943796,0.083247766,0.054752737,0.99998677,0.9747454,0.6111832
959,256_50_10286,0.335734,0.961125,0.020532036,0.083540834,0.78073287,0.4688485,0.9063017
960,256_50_21766,0.3394067,0.6879454,0.0006527142,0.010116559,0.69955564,0.13845794,0.9991867
961,256_50_7668,0.1983983,0.75408214,0.020284567,0.017970787,0.999977,0.1209745,0.99569017
962,256_50_3246,0.11336235,0.35779223,0.0040517086,0.011706241,0.99999404,0.6461356,0.99316037
963,256_50_16657,0.3993521,0.6280686,0.0022113076,0.01310247,0.08169228,0.0717364,0.9903109
964,256_50_12232,0.34230024,0.97149855,0.0078110234,0.0774533,0.3633854,0.14746621,0.94105864
965,256_50_13860,0.4371919,0.64444906,0.0024779849,0.00843224,0.073416844,0.026111651,0.9930019
966,256_50_21120,0.38229725,0.6394775,0.00086595945,0.011614706,0.5725658,0.1232365,0.9974624
967,256_50_6910,0.47859302,0.63990754,0.02221969,0.08633055,0.20810455,0.31419113,0.8677716
968,256_50_9368,0.38511977,0.47366232,0.0010697132,0.0058296383,0.029881414,0.027058944,0.9930999
969,256_50_13651,0.20523544,0.6249224,0.019316057,0.03271407,0.9979614,0.94441557,0.857356
970,256_50_787,0.2410068,0.7941289,0.010118799,0.0068441927,0.99979633,0.059684027,0.9976713
971,256_50_6473,0.30213743,0.6902427,0.004161254,0.023232162,0.9067577,0.50368816,0.98376334
972,256_50_22729,0.4825282,0.7905718,0.0005798314,0.015280143,0.38477087,0.19370824,0.99346465
973,256_50_17523,0.381983,0.6890484,0.0025309331,0.012892043,0.35435382,0.13360474,0.99408466
974,256_50_19235,0.48471648,0.41428944,0.0025124408,0.00888238,0.027870173,0.017661804,0.97612065
975,256_50_14863,0.39830124,0.95196205,0.032695737,0.07997792,0.80794066,0.21762024,0.94584817
976,256_50_15561,0.44605863,0.87455523,0.0019087109,0.004557954,0.26479137,0.023954649,0.99881315
977,256_50_16513,0.5989473,0.42184246,0.0064825737,0.025805192,0.046204854,0.058385674,0.94551575
978,256_50_12962,0.45799044,0.78107864,0.02281115,0.07737618,0.24243861,0.31862924,0.8856218
979,256_50_1162,0.19032004,0.60381585,0.0394341,0.066045575,0.99991524,0.8155577,0.8340204
980,256_50_489,0.28171733,0.72220343,0.004552793,0.0142731415,0.9954041,0.16944166,0.99646664
981,256_50_3159,0.21112873,0.8281468,0.012675431,0.011116162,0.9999504,0.17021005,0.99579054
982,256_50_18065,0.30515724,0.6265241,0.0004984898,0.009550883,0.79506344,0.17726733,0.9993099
983,256_50_20635,0.4051777,0.587623,0.00010930244,0.0055848407,0.903496,0.38614535,0.98958987
984,256_50_9175,0.22158675,0.98963076,0.020546878,0.21236897,0.9100316,0.6956996,0.5267979
985,256_50_15183,0.38300407,0.81238645,0.039406504,0.10353982,0.678363,0.7618035,0.7663287
986,256_50_6673,0.35597095,0.9390089,0.027579483,0.22066055,0.62933964,0.6586597,0.6815814
987,256_50_4047,0.39496964,0.5558979,0.00070254685,0.0047525153,0.06184421,0.029872594,0.99784625
988,256_50_12275,0.444405,0.75811154,0.019304985,0.12652895,0.30687907,0.25935498,0.9109729
989,256_50_1802,0.3977494,0.65905744,0.0014228901,0.008613202,0.12379587,0.063276805,0.9955824
990,256_50_16413,0.3576993,0.7013764,0.0079327915,0.02435873,0.8599571,0.5407577,0.9645353
991,256_50_22348,0.34740794,0.811804,0.0010224748,0.0026022,0.44881937,0.036199056,0.99963355
992,256_50_4070,0.40486434,0.62966806,0.00078297197,0.00449143,0.09199484,0.029176611,0.9983785
993,256_50_19796,0.35983282,0.8006893,0.009399829,0.015631707,0.8105931,0.1479207,0.98137707
994,256_50_18170,0.40936926,0.8721672,0.005711033,0.0077033127,0.35862404,0.048093744,0.9953322
995,256_50_20217,0.34902644,0.6902329,0.0015411319,0.022737997,0.9975567,0.7019139,0.92358637
996,256_50_14801,0.19798075,0.48162028,0.0009333951,0.00564822,0.99748623,0.21151415,0.99891293
997,256_50_2554,0.10529737,0.42350888,0.011992222,0.029629763,0.99999845,0.8743294,0.95948946
998,256_50_20999,0.363692,0.756717,0.00091273244,0.0030677582,0.4424775,0.025711587,0.99957675
999,256_50_23407,0.38456032,0.59442294,0.0010162594,0.007636426,0.23367953,0.058649637,0.99827325
1000,256_50_21062,0.37799585,0.8331656,0.0015607734,0.003912052,0.69820476,0.032809984,0.99917233
1001,256_50_22980,0.3159917,0.56069744,0.00092516624,0.020530453,0.9990158,0.6123749,0.92246217
1002,256_50_20000,0.39778328,0.54847765,0.001363489,0.0076403515,0.05263508,0.039301332,0.9937063
1003,256_50_21793,0.37198907,0.6927739,0.0008765324,0.0039259926,0.5076305,0.0319436,0.99946886
1004,256_50_18220,0.38125402,0.51557493,0.00045748224,0.002925363,0.081276506,0.017405145,0.9991173
1005,256_50_3265,0.14970052,0.55981183,0.06414774,0.07563881,0.99998856,0.968197,0.639888
1006,256_50_15418,0.44607747,0.67600787,0.0072107613,0.014330334,0.13216482,0.042320706,0.97352356
1007,256_50_11718,0.44465464,0.76506954,0.01570623,0.10719463,0.27553698,0.21923007,0.93206716
1008,256_50_11134,0.2880187,0.698369,0.036289714,0.080746226,0.920015,0.9687988,0.6203353
1009,256_50_216,0.36827153,0.5177846,0.0002985277,0.002059204,0.08949967,0.014199499,0.9995278
1010,256_50_23201,0.38874105,0.6029459,0.0008424553,0.0049082134,0.086285815,0.029047798,0.99830675
1011,256_50_20595,0.39127767,0.5061802,0.0007591213,0.004404801,0.04275377,0.024699535,0.99694866
1012,256_50_21244,0.37059528,0.63811225,0.00045133062,0.0024502852,0.14503719,0.019136013,0.99953175
1013,256_50_8844,0.50108635,0.37656218,0.002625803,0.010414191,0.02453952,0.021196175,0.96572536
1014,256_50_4016,0.22756326,0.83145183,0.016767636,0.012333962,0.9996805,0.17259331,0.9944254
1015,256_50_5647,0.26116663,0.69558644,0.039158624,0.06093896,0.99345934,0.9227273,0.78674006
1016,256_50_7866,0.58819675,0.52968925,0.012493564,0.04294888,0.13957667,0.1854405,0.8899311
1017,256_50_20156,0.32358602,0.64261866,0.00050586066,0.009576675,0.71138275,0.14894587,0.99941635
1018,256_50_11086,0.60419244,0.52766424,0.0070989146,0.027175434,0.057229247,0.07705268,0.9496267
1019,256_50_9372,0.39373308,0.55363935,0.001723449,0.007276925,0.04482008,0.027558735,0.9919274
1020,256_50_6170,0.38910577,0.47740445,0.0010260551,0.0053896056,0.030897206,0.023990702,0.9939499
1021,256_50_12686,0.07997766,0.42456368,0.01628538,0.01393397,1.0,0.64384484,0.9912185
1022,256_50_7277,0.39970788,0.5089919,0.0014644364,0.0073509603,0.038657986,0.02919104,0.99157274
1023,256_50_17671,0.44556758,0.7066596,0.0074051307,0.012430737,0.21493164,0.036737103,0.98449177
1024,256_50_12572,0.41705167,0.7051684,0.003926675,0.012142896,0.11254115,0.046100307,0.98895746
1025,256_50_17953,0.40832725,0.9060084,0.016895356,0.018098861,0.43784076,0.094678394,0.9842889
1026,256_50_6018,0.38533425,0.5447237,0.00050192943,0.0030832186,0.06891192,0.020539446,0.9989524
1027,256_50_10435,0.29037505,0.8423741,0.050044026,0.11067644,0.9603733,0.9665949,0.4935344
1028,256_50_14735,0.6723488,0.35552394,0.0057945987,0.02872565,0.033533044,0.08548253,0.93090504
1029,256_50_1733,0.17271113,0.8237186,0.14588393,0.05499977,0.99999547,0.6667597,0.86389357
1030,256_50_1625,0.36565378,0.7775267,0.0015308398,0.008580133,0.42433447,0.06541866,0.9986248
1031,256_50_15435,0.4208237,0.9164966,0.02245012,0.20411065,0.39229584,0.27851176,0.8294092
1032,256_50_8148,0.6571633,0.37435713,0.006478331,0.03092425,0.03806457,0.08550184,0.9317752
1033,256_50_7684,0.38335073,0.47453502,0.0010205557,0.005551114,0.029418956,0.026229335,0.9935229
1034,256_50_16985,0.60949814,0.38000703,0.004414938,0.016734242,0.032454174,0.032113317,0.9399926
1035,256_50_22078,0.40217763,0.7737974,0.0016220015,0.0062802886,0.38124996,0.04752553,0.99799925
1036,256_50_7952,0.2768784,0.7027349,0.010053005,0.031850085,0.9941598,0.52662003,0.98199296
1037,256_50_6450,0.40567163,0.4572208,0.001367213,0.0053633642,0.025721928,0.01722133,0.9903985
1038,256_50_10931,0.44781443,0.42620134,0.0019471489,0.0072319526,0.028018206,0.017785521,0.98437595
1039,256_50_8402,0.39736262,0.49893665,0.001194227,0.0058500245,0.03254337,0.024174685,0.9931356
1040,256_50_18649,0.43790436,0.78752077,0.0023301158,0.003906419,0.10890902,0.013144676,0.99790585
1041,256_50_1656,0.19327274,0.8468392,0.050479762,0.02868309,0.9999759,0.3688227,0.978875
1042,256_50_17989,0.5541994,0.53086245,0.0064881467,0.020668037,0.063780166,0.04984135,0.960706
1043,256_50_5072,0.2626603,0.42531607,0.00014911777,0.0062392633,0.9994554,0.6471446,0.9740286
1044,256_50_13153,0.40148634,0.5251493,0.001064563,0.0063833715,0.05950048,0.03675721,0.99560213
1045,256_50_20135,0.3787234,0.5416194,0.00059907575,0.0037005558,0.0694137,0.02781031,0.9984238
1046,256_50_16362,0.51795435,0.7377557,0.015577184,0.033373762,0.19343288,0.09647879,0.93012637
1047,256_50_16089,0.57493234,0.35526097,0.0031012814,0.011445595,0.025242109,0.022193305,0.96078676
1048,256_50_19911,0.3661869,0.66707116,0.0036798792,0.013191973,0.4983936,0.18578461,0.98454267
1049,256_50_17871,0.361501,0.63952774,0.00061851443,0.014875216,0.9943445,0.7583488,0.95179284
1050,256_50_23237,0.40251604,0.883857,0.00063481875,0.0012915726,0.43066242,0.011525183,0.99985456
1051,256_50_4993,0.17864817,0.7093472,0.006426833,0.010667672,0.99996114,0.18414897,0.9972995
1052,256_50_16681,0.27494448,0.8255537,0.017571706,0.023775728,0.9955888,0.5276398,0.9775727
1053,256_50_14343,0.4293611,0.87622607,0.010246657,0.0943005,0.27939638,0.13648367,0.9542512
1054,256_50_1751,0.16928002,0.91422933,0.11383666,0.032949828,0.99999297,0.43251917,0.9539116
1055,256_50_18905,0.39464313,0.6779705,0.0010855099,0.006289828,0.2711055,0.0459507,0.99890304
1056,256_50_19615,0.41610762,0.82900953,0.0008968641,0.003339661,0.266064,0.022978479,0.9993857
1057,256_50_7021,0.5029925,0.43886447,0.004243857,0.016160278,0.040118977,0.03433528,0.96059585
1058,256_50_12720,0.39887464,0.6174689,0.0016478475,0.00901771,0.09403905,0.05578108,0.9930199
1059,256_50_10571,0.23488772,0.9951165,0.013179452,0.23752098,0.60371095,0.44164905,0.59425294
1060,256_50_7308,0.4686511,0.40832463,0.002032949,0.0068012895,0.025892287,0.0149538405,0.9823857
1061,256_50_12353,0.67462736,0.31971797,0.004859432,0.022555564,0.025668995,0.05415929,0.92459923
1062,256_50_9224,0.3785133,0.5934208,0.00063863763,0.004134492,0.10698706,0.030974902,0.998868
1063,256_50_23327,0.48800406,0.6853241,2.1648433e-05,0.0022817086,0.49706876,0.1640419,0.99733377
1064,256_50_1483,0.36954838,0.81971353,0.0017151926,0.010628923,0.5202089,0.08170947,0.998346
1065,256_50_11524,0.5123697,0.46490127,0.0059951274,0.026928555,0.055759877,0.091887824,0.9424589
1066,256_50_9949,0.48630333,0.38011393,0.0024397494,0.009825694,0.023665793,0.020837922,0.9678909
1067,256_50_15345,0.4020342,0.68504924,0.0034922212,0.017890899,0.18137737,0.12578727,0.98858553
1068,256_50_18017,0.27330244,0.63869303,0.0024725196,0.020315006,0.9502349,0.4661959,0.99477506
1069,256_50_22434,0.37287104,0.66230905,0.0009013935,0.011235611,0.45826718,0.08025393,0.99855286
1070,256_50_21484,0.35429347,0.7620475,0.0012324649,0.005322838,0.68083507,0.043656357,0.9993587
1071,256_50_14000,0.42209733,0.7795031,0.0029150154,0.006009628,0.15076475,0.020679466,0.9965191
1072,256_50_19045,0.3511348,0.84255075,0.001873003,0.0039059771,0.7935741,0.05098642,0.99923885
1073,256_50_2475,0.22461244,0.93754834,0.026995791,0.015433948,0.99926704,0.18751854,0.98850536
1074,256_50_20671,0.37248817,0.5275977,0.00038204037,0.0024534725,0.08889992,0.016296804,0.99932563
1075,256_50_402,0.37272078,0.6029765,0.00055242,0.0038936425,0.14436765,0.024258586,0.99921787
1076,256_50_19917,0.38506997,0.4857531,0.00072274334,0.0043898807,0.038698014,0.025303202,0.9967417
1077,256_50_22686,0.3284138,0.8524559,0.008381872,0.014426663,0.95606655,0.28621805,0.99182194
1078,256_50_10687,0.6173048,0.3661073,0.0062905224,0.029266682,0.040215854,0.068473004,0.937127
1079,256_50_13387,0.4821486,0.68924546,0.016288612,0.10241028,0.19268766,0.16087204,0.9241457
1080,256_50_12143,0.20331654,0.6018907,0.011992459,0.029681556,0.9999174,0.32491174,0.98715484
1081,256_50_2349,0.44867387,0.7805652,0.018263055,0.046199653,0.32501796,0.20674314,0.91807103
1082,256_50_11921,0.5790358,0.33902773,0.0035097818,0.014085615,0.024235431,0.024849838,0.9440747
1083,256_50_11069,0.46438655,0.4013893,0.0024614353,0.010149374,0.025489515,0.022143528,0.9706951
1084,256_50_17853,0.23701043,0.6660548,0.04113896,0.06551333,0.9982027,0.95839685,0.7037477
1085,256_50_18477,0.5296363,0.3708454,0.0028813905,0.010926614,0.026379583,0.021958703,0.96602005
1086,256_50_24,0.41644585,0.75796753,0.003433857,0.013827052,0.14215557,0.07210018,0.9896408
1087,256_50_20832,0.38693395,0.48963493,0.0007066732,0.0044265725,0.04137751,0.02561345,0.99703336
1088,256_50_13151,0.37980983,0.50937563,0.0004579312,0.0029249236,0.05799606,0.020607809,0.99883026
1089,256_50_5287,0.15337227,0.9812152,0.14517486,0.08051484,0.99992466,0.77189505,0.7620297
1090,256_50_14355,0.46881574,0.61822104,0.005158791,0.014953791,0.09114805,0.0443228,0.97678703
1091,256_50_22849,0.47925866,0.7154754,7.772955e-05,0.0048036897,0.68181765,0.25246736,0.9944372
1092,256_50_7330,0.6598446,0.3819336,0.006354324,0.030321473,0.038557112,0.089707404,0.92552125
1093,256_50_21702,0.3014791,0.6289641,0.00061875617,0.009655419,0.8664828,0.1715232,0.9992569
1094,256_50_5277,0.109714724,0.7086062,0.14687495,0.045225237,1.0,0.6100779,0.9221951
1095,256_50_21598,0.30293235,0.6158049,0.0035270012,0.02066638,0.7709192,0.72460794,0.9711093
1096,256_50_5928,0.21277894,0.5652172,0.030626217,0.06719619,0.998727,0.97215015,0.75731754
1097,256_50_22867,0.37232423,0.59851307,0.0014777065,0.016624331,0.64462173,0.18663634,0.9949156
1098,256_50_23376,0.35566917,0.7609908,0.0020887414,0.0074031968,0.7942873,0.09654324,0.99765104
1099,256_50_6677,0.18460135,0.8707145,0.15547866,0.115632206,0.99995613,0.9481477,0.5320484
1100,256_50_1729,0.24285868,0.7459596,0.056252748,0.09245296,0.9987141,0.9277953,0.6277437
1101,256_50_17698,0.4470064,0.45637113,0.0027520861,0.010580816,0.03369548,0.02554869,0.97728616
1102,256_50_14067,0.30925158,0.98238385,0.017384818,0.23816052,0.48685166,0.39432767,0.69293463
1103,256_50_3642,0.40018,0.5061256,0.001956112,0.008811671,0.037604295,0.032588504,0.9875382
1104,256_50_4962,0.37664178,0.85465544,0.03918462,0.11299907,0.6792699,0.63766956,0.8224838
1105,256_50_18323,0.38192707,0.4645105,0.0010495456,0.0052705756,0.026549239,0.023159489,0.9929294
1106,256_50_16302,0.5486787,0.5070921,0.008638949,0.035050433,0.06716269,0.081588715,0.9271148
1107,256_50_4488,0.42073914,0.6725869,0.0020298343,0.01002391,0.12292446,0.050318796,0.99297637
1108,256_50_22974,0.37010038,0.65453434,0.0015179558,0.006990599,0.28665718,0.06701581,0.99781716
1109,256_50_4865,0.15233682,0.99841845,0.026830833,0.16193448,0.98202664,0.52467763,0.6218199
1110,256_50_14667,0.33706802,0.5836775,0.0006964321,0.015496634,0.994941,0.28301924,0.9843499
1111,256_50_2717,0.13185275,0.4827683,0.0042288275,0.01493714,0.99999106,0.4305785,0.9961318
1112,256_50_18287,0.36920184,0.49308184,0.00030410316,0.0020121941,0.0673022,0.01348378,0.99934894
1113,256_50_23402,0.20429625,0.7601829,0.008507689,0.014505086,0.999864,0.30135626,0.993881
1114,256_50_4529,0.17513257,0.43243992,0.010259442,0.03579974,0.9999944,0.89804137,0.8555037
1115,256_50_21185,0.27125636,0.85897774,0.040874466,0.046218432,0.998085,0.44354638,0.9219968
1116,256_50_21859,0.38643473,0.65765935,0.001577761,0.012223127,0.38610175,0.0996817,0.9973188
1117,256_50_9205,0.15349874,0.6701188,0.044118196,0.028930018,0.99999416,0.6539198,0.9650957
1118,256_50_14947,0.3114218,0.6828785,0.0027809066,0.01677749,0.9959429,0.41709703,0.98400795
1119,256_50_11273,0.34822088,0.71514404,0.053006597,0.12263642,0.9678509,0.8703637,0.5931999
1120,256_50_11117,0.46619612,0.62876767,0.006315496,0.04245041,0.13718241,0.07302233,0.9732165
1121,256_50_23223,0.3803297,0.91528916,0.0010821986,0.0018241684,0.61706805,0.022206616,0.99975604
1122,256_50_19934,0.41244465,0.5630629,0.001397872,0.007245618,0.050850265,0.029361038,0.99385154
1123,256_50_3778,0.39504975,0.48835507,0.0009931045,0.0054145027,0.03807039,0.024627516,0.99504566
1124,256_50_19717,0.405683,0.50843024,0.0015204527,0.0070751053,0.03584196,0.02682978,0.9908828
1125,256_50_15338,0.56632745,0.4646519,0.0072775963,0.029911991,0.057794314,0.061529897,0.9433708
1126,256_50_21408,0.34922856,0.80202353,0.0011022368,0.005913297,0.57705045,0.06013779,0.99935347
1127,256_50_7198,0.60341203,0.44765717,0.008808436,0.042347346,0.059369013,0.12384459,0.9217923
1128,256_50_8169,0.5022661,0.5070895,0.004463902,0.025831746,0.08434408,0.050706077,0.9775774
1129,256_50_2111,0.44272125,0.49004203,0.0030724737,0.011907933,0.043210767,0.034038913,0.9756386
1130,256_50_18569,0.38523722,0.4888292,0.0005876449,0.0035025566,0.053833675,0.01954328,0.99822813
1131,256_50_21345,0.38928506,0.7023048,0.0011867395,0.0070243394,0.28213245,0.046886176,0.99886286
1132,256_50_22273,0.31791663,0.8441664,0.002814154,0.011346679,0.80968946,0.15645999,0.99762803
1133,256_50_14260,0.39553222,0.63210326,0.0016212789,0.0106122885,0.10799459,0.078267284,0.9941248
1134,256_50_594,0.13707069,0.5366426,0.07154489,0.08206513,0.99999225,0.98066837,0.5421775
1135,256_50_16135,0.337748,0.77219325,0.0016636321,0.016358064,0.63812613,0.21989463,0.99677354
1136,256_50_23450,0.34307373,0.8906574,0.0019594494,0.0035000972,0.935439,0.04024134,0.9992638
1137,256_50_293,0.119496524,0.46758115,0.015655873,0.025212964,0.99999845,0.79345036,0.9757934
1138,256_50_12475,0.5413901,0.5126679,0.0068322527,0.025310317,0.06695929,0.06108112,0.93867373
1139,256_50_9774,0.32457575,0.7351102,0.0048995297,0.022866108,0.80859566,0.4825866,0.9862482
1140,256_50_13126,0.20674732,0.5345441,0.0034047428,0.014476451,0.9986523,0.42918754,0.99417394
1141,256_50_14516,0.0815918,0.4807688,0.013597191,0.0145732695,1.0,0.48870376,0.9942867
1142,256_50_3190,0.49849126,0.572077,0.011882461,0.04421392,0.24909267,0.10917817,0.9533126
1143,256_50_23183,0.3788247,0.6313804,0.00078446633,0.0048878747,0.1158879,0.03734429,0.9985475
1144,256_50_4744,0.38580295,0.5187632,0.00080491614,0.005164204,0.047914155,0.031075437,0.996795
1145,256_50_18184,0.4058141,0.45653522,0.0013894954,0.0057943044,0.026325408,0.019174645,0.9899216
1146,256_50_6087,0.44766843,0.6687614,0.00018853715,0.0053241993,0.26386532,0.06777946,0.9982811
1147,256_50_20361,0.33498445,0.6363193,0.001412723,0.013030917,0.74363494,0.12822808,0.9977957
1148,256_50_6699,0.20445,0.71772087,0.033590812,0.033322584,0.9999018,0.6909934,0.95067286
1149,256_50_20471,0.33277732,0.7102754,0.0031276036,0.016369378,0.71795034,0.20332274,0.99346066
1150,256_50_19773,0.24421166,0.86617047,0.053290114,0.060661726,0.98838705,0.9576668,0.68122846
1151,256_50_2005,0.14992787,0.4833631,0.004301442,0.011627468,0.9999553,0.5027528,0.99476165
1152,256_50_1420,0.5756495,0.47002017,0.006842115,0.030369317,0.056818195,0.09847618,0.93553495
1153,256_50_3795,0.38906068,0.5255617,0.0007570386,0.005167469,0.0549665,0.03213306,0.9973418
1154,256_50_9024,0.53452176,0.4814141,0.0069827917,0.038193002,0.07889312,0.081860475,0.957537
1155,256_50_3582,0.1493969,0.8861841,0.1513477,0.07379884,0.99999845,0.7947798,0.8261451
1156,256_50_6460,0.43341887,0.4599743,0.0019691994,0.0072222217,0.02977352,0.018986486,0.9853066
1157,256_50_23459,0.36286554,0.6209922,0.0015203701,0.009384311,0.16924864,0.12988605,0.9937587
1158,256_50_5815,0.21955243,0.5149026,0.0041197636,0.022027913,0.9994604,0.38313916,0.9927247
1159,256_50_17658,0.366446,0.64381963,0.0010214127,0.009516078,0.26828432,0.069223404,0.99801385
1160,256_50_1850,0.16543418,0.5698905,0.012149138,0.03392242,0.9998338,0.868884,0.95468795
1161,256_50_5853,0.40083835,0.4806398,0.001502345,0.0072546173,0.034851346,0.02781232,0.9907727
1162,256_50_3693,0.19302066,0.429003,0.0009259591,0.009613311,0.99994457,0.29832032,0.994206
1163,256_50_21925,0.2763905,0.7997316,0.0059215017,0.008698502,0.9962231,0.10684381,0.9984799
1164,256_50_6828,0.2894978,0.77900857,0.0061603705,0.018972363,0.97811365,0.23195316,0.99379456
1165,256_50_8320,0.53635263,0.7005396,0.015754618,0.04328053,0.24668334,0.14759313,0.9309063
1166,256_50_11938,0.5423473,0.43579078,0.006168112,0.02545719,0.050483868,0.05155013,0.94875616
1167,256_50_22126,0.31191325,0.7595737,0.0017178875,0.012892723,0.8104166,0.19957016,0.99797267
1168,256_50_15631,0.12064726,0.472574,0.006853543,0.0154514,0.99999535,0.57881236,0.99325025
1169,256_50_17601,0.4791797,0.70933354,0.008637504,0.02004172,0.13212691,0.055891417,0.9734621
1170,256_50_1975,0.590081,0.5414927,0.011201383,0.047459923,0.09131274,0.20975874,0.8912525
1171,256_50_7626,0.15301809,0.79990065,0.12242957,0.07829918,0.99998796,0.9606611,0.6312835
1172,256_50_22449,0.34408745,0.8395558,0.0010901567,0.0027964304,0.75056213,0.027370477,0.9996885
1173,256_50_13697,0.3541101,0.8917164,0.0045972797,0.00657874,0.9112067,0.08948471,0.99703985
1174,256_50_14672,0.3338212,0.6559039,0.0008415815,0.01210833,0.72085637,0.14586897,0.9986091
1175,256_50_4551,0.27160054,0.89018995,0.054235775,0.056529265,0.99940944,0.6894354,0.8944784
1176,256_50_1985,0.60729414,0.44989872,0.007264091,0.03272165,0.052490283,0.0883559,0.9400859
1177,256_50_17401,0.4504926,0.85871553,0.009753009,0.014686498,0.19871408,0.05203574,0.986019
1178,256_50_965,0.3872249,0.5072707,0.0006322917,0.004037004,0.04829573,0.025082067,0.99778545
1179,256_50_5200,0.15998217,0.44824216,0.019575411,0.036962047,0.9999677,0.93319434,0.90788525
1180,256_50_2668,0.48285827,0.5055928,0.0063659563,0.02446026,0.07379276,0.06045532,0.95270485
1181,256_50_18014,0.18550609,0.5043836,0.0038735396,0.020413097,0.9989973,0.723251,0.9818326
1182,256_50_2407,0.41649857,0.67001677,0.010061322,0.029605808,0.5152911,0.23067403,0.9329023
1183,256_50_17240,0.3761054,0.56968856,0.0006133918,0.003406424,0.10371212,0.021627922,0.9990067
1184,256_50_6308,0.38464248,0.48031393,0.00092155207,0.0052725333,0.032989133,0.026103387,0.99488837
1185,256_50_22843,0.4631257,0.6301743,2.2222583e-05,0.003358343,0.9154443,0.45033085,0.98474926
1186,256_50_5142,0.157542,0.96697927,0.22021556,0.11148951,0.99998915,0.8989185,0.58548087
1187,256_50_20520,0.39614964,0.75537497,0.0006897864,0.001969775,0.3599677,0.015465435,0.99968565
1188,256_50_11271,0.45292336,0.6866587,0.012200177,0.06712083,0.20001815,0.17456393,0.9456029
1189,256_50_11768,0.5070657,0.3888277,0.002717967,0.010368724,0.026824178,0.020787308,0.96950835
1190,256_50_977,0.2197923,0.6293259,0.0034538812,0.019269535,0.997849,0.44310123,0.9945898
1191,256_50_600,0.13387518,0.4528124,0.058959708,0.056571558,0.999995,0.9806065,0.6635393
1192,256_50_776,0.31336695,0.65040755,0.0013164338,0.004834764,0.92900485,0.061995264,0.99895954
1193,256_50_7055,0.4469583,0.65655994,0.012427342,0.047264002,0.1619396,0.22011529,0.91039264
1194,256_50_4341,0.38466436,0.5381314,0.00078086625,0.005364194,0.06523652,0.038030658,0.9974667
1195,256_50_20711,0.392561,0.6626397,0.00095643784,0.009727038,0.28772235,0.06470898,0.99862456
1196,256_50_5030,0.3880547,0.4871586,0.0009967491,0.0058326595,0.034023058,0.028594725,0.9942919
1197,256_50_10667,0.6720155,0.3532203,0.0057535484,0.028945366,0.032785248,0.08279117,0.9316274
1198,256_50_11757,0.3936564,0.48552772,0.0011487659,0.0054012225,0.030091846,0.022401148,0.9931525
1199,256_50_7633,0.18379061,0.8058353,0.061005574,0.053627323,0.9998287,0.95029616,0.7380454
1200,256_50_2216,0.26848933,0.94316494,0.09584298,0.086623974,0.98720586,0.844762,0.7754182
1201,256_50_20871,0.40678903,0.6713839,0.00071268907,0.0037376,0.1404528,0.023368813,0.99926037
1202,256_50_14126,0.3830019,0.891879,0.013295853,0.019371128,0.9338586,0.122507125,0.990271
1203,256_50_1834,0.5550143,0.46144283,0.00938011,0.039233245,0.07515395,0.09803285,0.92626315
1204,256_50_19124,0.35019848,0.70449156,0.00096861704,0.0031380276,0.5459733,0.02546748,0.99928313
1205,256_50_12461,0.40411618,0.4358514,0.0013858031,0.0057684314,0.022277439,0.018589381,0.98776954
1206,256_50_3592,0.17819023,0.9987232,0.0095655145,0.21424976,0.65263045,0.4846224,0.53510123
1207,256_50_7395,0.20165935,0.9424314,0.21897067,0.043864895,0.99996364,0.50885,0.92282474
1208,256_50_17899,0.3123282,0.64017504,0.003610532,0.021713939,0.47764316,0.675006,0.980532
1209,256_50_17025,0.36556485,0.74559903,0.0027965382,0.009820355,0.51240075,0.15035155,0.99613684
1210,256_50_18486,0.33258522,0.6349427,0.0004114572,0.007650738,0.6430381,0.1228337,0.99948585
1211,256_50_15911,0.2935002,0.5774532,0.0048722145,0.016183797,0.87413204,0.4592544,0.96866566
1212,256_50_20074,0.40433154,0.8050812,0.0045910818,0.011127846,0.3436923,0.06388176,0.9927765
1213,256_50_16242,0.39677897,0.5957903,0.002240656,0.0086458735,0.12094383,0.050218493,0.99158245
1214,256_50_2532,0.50305444,0.61836314,0.008398065,0.027023854,0.08802332,0.07146107,0.9574903
1215,256_50_23454,0.41765997,0.8399976,0.00042418262,0.0013727524,0.23606725,0.010330868,0.99985147
1216,256_50_13990,0.38279644,0.7074543,0.001613519,0.0100489855,0.179621,0.08547635,0.9959494
1217,256_50_15928,0.31014696,0.6581893,0.0038707915,0.027492847,0.87574464,0.5430713,0.9877922
1218,256_50_17849,0.62145054,0.43269074,0.0068968195,0.031441506,0.049827028,0.0917637,0.93680966
1219,256_50_17705,0.5506861,0.45692816,0.0041910545,0.014075956,0.040931784,0.02810887,0.96783316
1220,256_50_8510,0.12749842,0.74317855,0.068296745,0.037959445,0.9999995,0.52205634,0.9620667
1221,256_50_34,0.31374606,0.7800127,0.011595426,0.050664097,0.8670582,0.7541251,0.94726944
1222,256_50_15272,0.40182886,0.8968113,0.005528457,0.0045787557,0.2888421,0.020748733,0.9975909
1223,256_50_18288,0.365828,0.495399,0.00026041103,0.0017603105,0.06974959,0.012424049,0.9994758
1224,256_50_5294,0.4797364,0.7014123,0.021738917,0.073324494,0.31246498,0.36434576,0.86326706
1225,256_50_3876,0.21386364,0.7565452,0.014559259,0.0066892826,0.9999455,0.110593885,0.9969887
1226,256_50_22502,0.47454447,0.6729902,0.00015974307,0.007187341,0.28063688,0.0958227,0.9965868
1227,256_50_4222,0.22089754,0.730368,0.0051234807,0.016782941,0.9965144,0.37714437,0.9949852
1228,256_50_22109,0.32845962,0.71730196,0.0020301763,0.019393895,0.8762937,0.19528642,0.9968995
1229,256_50_9977,0.5021356,0.7850981,0.0135408845,0.034290206,0.22012821,0.08640119,0.967227
1230,256_50_22768,0.37063852,0.622568,0.00091082905,0.005167454,0.18333364,0.047387864,0.9982204
1231,256_50_17619,0.42332226,0.5356158,0.0029194814,0.012295168,0.048156995,0.03826016,0.9812182
1232,256_50_8395,0.45921862,0.4375251,0.0030371796,0.012287752,0.031982675,0.031247564,0.9666989
1233,256_50_5297,0.36701545,0.7190883,0.009653335,0.043870132,0.47232255,0.58070517,0.9359292
1234,256_50_5124,0.17894068,0.53846145,0.0017869157,0.010775104,0.99983025,0.23776026,0.99841404
1235,256_50_13302,0.42487276,0.73844254,0.007128924,0.021616327,0.16411902,0.09389801,0.9751728
1236,256_50_13983,0.39160937,0.84055984,0.0007658854,0.0018649377,0.5234914,0.022343965,0.9996655
1237,256_50_20825,0.38711783,0.49351338,0.0006379404,0.003847318,0.042131994,0.022291366,0.997517
1238,256_50_14702,0.36046076,0.9313217,0.07270933,0.11364441,0.95004493,0.46477702,0.8553423
1239,256_50_11574,0.4360753,0.7221331,0.00757811,0.046097465,0.24827975,0.1601777,0.96827656
1240,256_50_7156,0.43998903,0.41606948,0.0021444978,0.008305871,0.024496911,0.01987039,0.97813684
1241,256_50_16140,0.37905896,0.7876653,0.0024141024,0.015658548,0.37779212,0.106530175,0.9964042
1242,256_50_15249,0.40282896,0.8281186,0.035943802,0.05388002,0.83331275,0.2813114,0.89223397
1243,256_50_1801,0.3964477,0.5758749,0.0008829323,0.005592744,0.07419856,0.035242278,0.99744403
1244,256_50_1469,0.16746049,0.9858269,0.057880975,0.090553835,0.99952805,0.41651222,0.86399686
1245,256_50_11408,0.32622182,0.97465783,0.010040561,0.14049675,0.40917453,0.23401384,0.86906976
1246,256_50_8084,0.21293594,0.97230124,0.004501678,0.016627979,0.9945655,0.1003765,0.9943773
1247,256_50_12053,0.5563389,0.35563886,0.0034672238,0.014926565,0.025563069,0.027344137,0.94575846
1248,256_50_11907,0.5077426,0.3698583,0.002731211,0.011243288,0.023697006,0.02278348,0.9610822
1249,256_50_6125,0.1598951,0.998486,0.025374165,0.1405432,0.9789748,0.41175827,0.69644076
1250,256_50_2539,0.50509834,0.39317974,0.0028421974,0.011476086,0.027245061,0.02438453,0.96644205
1251,256_50_14522,0.099981934,0.4210756,0.0042603645,0.0077159083,0.9999994,0.36352178,0.9979842
1252,256_50_15471,0.31941083,0.6233255,0.0050662556,0.027524082,0.6935882,0.7099474,0.96353686
1253,256_50_5392,0.23760913,0.6564486,0.01969846,0.081798725,0.9993647,0.7618785,0.88591444
1254,256_50_7870,0.5238183,0.5990348,0.011491259,0.034776617,0.12173336,0.10783998,0.94830656
1255,256_50_3152,0.13750066,0.68109894,0.011996914,0.01156048,0.99999774,0.22218354,0.9956923
1256,256_50_9642,0.38154605,0.5043235,0.0008588744,0.0051514083,0.049927484,0.03231856,0.99663585
1257,256_50_3554,0.31214833,0.63253224,0.00095371157,0.008158081,0.99250597,0.364018,0.99375015
1258,256_50_20335,0.39328933,0.5571974,0.0010306028,0.0068449257,0.115680836,0.036850516,0.9979067
1259,256_50_604,0.44941953,0.78681284,0.00603249,0.031722337,0.22346734,0.07528616,0.9846038
1260,256_50_11696,0.10989179,0.48268312,0.011391237,0.013925448,0.99999917,0.5583636,0.99276054
1261,256_50_6909,0.537114,0.5181766,0.009934063,0.04263557,0.07938221,0.11166642,0.92916167
1262,256_50_23086,0.3982834,0.9030666,0.002433018,0.004633985,0.6203727,0.04926912,0.99873227
1263,256_50_5845,0.19402084,0.997867,0.009851768,0.22306556,0.62573427,0.4520825,0.5566497
1264,256_50_5827,0.13037017,0.5317237,0.03519992,0.03890174,0.99999654,0.8902354,0.9304756
1265,256_50_18311,0.34860304,0.92321503,0.020278346,0.017571738,0.78544825,0.2000735,0.97982144
1266,256_50_7157,0.43915433,0.4286632,0.002055122,0.008072882,0.02695906,0.019874383,0.9814181
1267,256_50_16414,0.38300344,0.79193044,0.002199637,0.005887897,0.754672,0.0816634,0.9978067
1268,256_50_12648,0.46231806,0.7534764,0.0058483635,0.028074125,0.17766514,0.054648843,0.9843465
1269,256_50_5639,0.22296688,0.584036,0.015801001,0.042180285,0.9988673,0.66169,0.9254469
1270,256_50_4648,0.20315897,0.62695026,0.003813034,0.015589984,0.9991124,0.7020219,0.98793715
1271,256_50_7255,0.17075503,0.9312615,0.20447674,0.02665675,0.9999951,0.30373415,0.9761791
1272,256_50_21334,0.38221505,0.64512867,0.001749937,0.010086077,0.29843193,0.076772675,0.9974318
1273,256_50_5831,0.14577302,0.4740459,0.001965808,0.012691236,0.9999651,0.2687406,0.99831235
1274,256_50_3295,0.24011998,0.98341435,0.054712955,0.18452883,0.98677444,0.6349416,0.6329082
1275,256_50_19669,0.24146503,0.7067307,0.009051029,0.021462237,0.98870975,0.8092346,0.9757784
1276,256_50_17351,0.3999308,0.49668017,0.001948304,0.009765696,0.042808898,0.04038229,0.987793
1277,256_50_8901,0.43803242,0.8681687,0.011235923,0.101234935,0.26656207,0.15449737,0.939618
1278,256_50_11500,0.4302903,0.5383567,0.0017565163,0.0085937325,0.045795605,0.027741168,0.9908794
1279,256_50_3054,0.23493674,0.99609935,0.014626854,0.10638567,0.76239,0.39457768,0.8234454
1280,256_50_23526,0.40343967,0.5376367,0.0010033796,0.005736469,0.05378911,0.029313974,0.9957449
1281,256_50_7434,0.4244441,0.5405962,0.0018400361,0.006963057,0.034958776,0.019806538,0.9893937
1282,256_50_1665,0.38621917,0.7123891,0.0018654037,0.008474687,0.31526428,0.09535896,0.9971501
1283,256_50_6155,0.38573864,0.47980854,0.0009015232,0.0051411474,0.033743292,0.025797466,0.9951296
1284,256_50_16683,0.37489685,0.71739525,0.002294643,0.016658634,0.5331801,0.14135118,0.996637
1285,256_50_13439,0.38604364,0.45310414,0.0011553813,0.005449525,0.024214115,0.021969462,0.99126655
1286,256_50_20545,0.38425824,0.52244526,0.00076623657,0.0049520303,0.06563629,0.037510917,0.9973061
1287,256_50_6601,0.47722492,0.42335567,0.002987048,0.011394229,0.029708698,0.024720259,0.9662026
1288,256_50_2170,0.27738792,0.63828546,0.0031180412,0.009710278,0.9934377,0.11408041,0.9974636
1289,256_50_22909,0.44538125,0.7238118,0.0007301717,0.021708677,0.7947603,0.5105867,0.964779
1290,256_50_16555,0.36581713,0.70789117,0.0021264541,0.0067471494,0.47834238,0.055022575,0.99737984
1291,256_50_12016,0.44338498,0.79752374,0.031915274,0.061944585,0.62758887,0.32497194,0.84866095
1292,256_50_19898,0.42236373,0.6959576,0.0016494077,0.006403075,0.26206568,0.035884455,0.99752647
1293,256_50_12166,0.38314486,0.48087123,0.00075546757,0.00439184,0.035679225,0.02405252,0.99638295
1294,256_50_11862,0.1567227,0.5912072,0.016725965,0.03215485,0.9999919,0.4573234,0.9758204
1295,256_50_23311,0.37015614,0.70812297,0.00041073342,0.0016106748,0.20961161,0.01252026,0.99979454
1296,256_50_22726,0.36515418,0.73632103,0.0013724471,0.01709687,0.7365287,0.19355959,0.99751055
1297,256_50_20076,0.18724594,0.60937476,0.017956933,0.025724525,0.99991703,0.74424785,0.9727453
1298,256_50_10735,0.20199387,0.9453218,0.08252917,0.15188703,0.99915993,0.94673765,0.4418452
1299,256_50_9952,0.50396013,0.37187093,0.002643543,0.010864189,0.024103405,0.022986738,0.9642352
1300,256_50_16673,0.49148747,0.7359476,0.024718596,0.06712881,0.41213027,0.29039964,0.87933767
1301,256_50_6676,0.3036377,0.9008707,0.05231024,0.20352796,0.92533463,0.9715955,0.42394122
1302,256_50_20523,0.41988042,0.701211,0.0017288637,0.009089657,0.13928708,0.056540836,0.9950203
1303,256_50_1785,0.31827122,0.8641594,0.050541002,0.064376235,0.96116394,0.759062,0.8163956
1304,256_50_20518,0.40816954,0.7221438,0.00059446855,0.002605064,0.22854926,0.017770316,0.99952996
1305,256_50_20434,0.37850916,0.64411575,0.0005830473,0.009167686,0.3920641,0.08405367,0.99929476
1306,256_50_13400,0.43111974,0.68928283,0.000266195,0.007892503,0.9246477,0.20766994,0.9931456
1307,256_50_4143,0.24845259,0.5703208,0.002276816,0.016419828,0.9924811,0.38044497,0.99606955
1308,256_50_16785,0.6188104,0.39664236,0.0062920665,0.024880407,0.03937995,0.052150622,0.9329162
1309,256_50_5826,0.12863371,0.50132006,0.029246874,0.047416564,0.99999297,0.9441714,0.8887319
1310,256_50_23346,0.28940454,0.68752456,0.0024983007,0.010763918,0.92730594,0.30127668,0.9952727
1311,256_50_2960,0.4023236,0.69496953,0.00354903,0.02167169,0.15704452,0.15200062,0.98513526
1312,256_50_13578,0.38136852,0.46632123,0.00096451363,0.0050797863,0.027185196,0.023700645,0.9937401
1313,256_50_6558,0.22726865,0.9208259,0.1417139,0.04323443,0.99990237,0.55620176,0.9164346
1314,256_50_15305,0.4157216,0.883961,0.04274517,0.042783763,0.9290113,0.17660241,0.94052804
1315,256_50_17060,0.6064577,0.331563,0.0038445338,0.016225858,0.025569394,0.030326476,0.9396299
1316,256_50_7829,0.39438805,0.47017235,0.0010609982,0.005704044,0.03242522,0.02508352,0.9936333
1317,256_50_7931,0.2312455,0.9790552,0.040649492,0.14459793,0.9797534,0.8135325,0.5877162
1318,256_50_18553,0.33841372,0.659957,0.0014339123,0.01544621,0.7659251,0.17217968,0.9968424
1319,256_50_21382,0.36631432,0.543897,0.00028372588,0.0017284991,0.09520295,0.012537333,0.9996464
1320,256_50_14296,0.42194417,0.8528388,0.040343713,0.17413816,0.80722886,0.3519947,0.8422605
1321,256_50_10392,0.6465496,0.3731957,0.005987756,0.028900528,0.03764586,0.084160514,0.9319785
1322,256_50_19304,0.4690246,0.5447556,0.0032122722,0.0099575035,0.05216875,0.024119392,0.9843716
1323,256_50_22846,0.46096694,0.65336835,2.4431016e-05,0.0021911405,0.50982755,0.12067767,0.99783945
1324,256_50_19129,0.41376293,0.7767172,0.0020220522,0.007520746,0.23534954,0.046116255,0.9964749
1325,256_50_6426,0.3850682,0.48718032,0.0008192308,0.0050196303,0.035855893,0.027548859,0.9958358
1326,256_50_1636,0.25067845,0.923358,0.057689138,0.0235002,0.99910647,0.41252783,0.97534424
1327,256_50_11289,0.15391685,0.79903376,0.25261104,0.10343488,0.9999995,0.79397744,0.6784035
1328,256_50_18740,0.40956768,0.51929456,0.0013601778,0.00565155,0.034749545,0.019112026,0.9928786
1329,256_50_15402,0.2895153,0.94522125,0.057163406,0.02492916,0.9892161,0.3666313,0.95926285
1330,256_50_18329,0.3843157,0.4880907,0.0009112622,0.0054554567,0.034600746,0.029093033,0.9950488
1331,256_50_11359,0.4219721,0.6324956,0.0030646024,0.013127954,0.084669285,0.053434506,0.9866643
1332,256_50_1835,0.50323874,0.6043636,0.0115809105,0.041230384,0.11422399,0.14636476,0.9284057
1333,256_50_1198,0.38865015,0.6498471,0.0009865119,0.012961873,0.34763962,0.08819637,0.9984409
1334,256_50_20231,0.38120422,0.5278988,0.0002836799,0.0023593127,0.12280296,0.01614882,0.999617
1335,256_50_21232,0.3940444,0.67672354,0.0011924983,0.0049814614,0.14368129,0.029274486,0.9982603
1336,256_50_3525,0.38164237,0.585882,0.0002910666,0.011851127,0.9941409,0.76399654,0.9253547
1337,256_50_23472,0.20922302,0.70329326,0.011200378,0.02464165,0.9994844,0.6685589,0.97629255
1338,256_50_17195,0.51279634,0.69034,0.015227928,0.027630443,0.36545822,0.085496195,0.9498383
1339,256_50_10556,0.446618,0.8148651,0.021324249,0.15740167,0.36053592,0.3026676,0.87892354
1340,256_50_1370,0.2350385,0.8778125,0.053471092,0.04977433,0.99736065,0.9418233,0.7491996
1341,256_50_12001,0.2786962,0.75689226,0.05112384,0.06500138,0.9980627,0.7878982,0.79692143
1342,256_50_8695,0.5218421,0.41385224,0.0036663201,0.013922337,0.035259392,0.028803354,0.9656596
1343,256_50_3872,0.15608466,0.9982157,0.018927362,0.17663617,0.9571639,0.7689235,0.452114
1344,256_50_203,0.18579088,0.9485417,0.20329459,0.026283694,0.99999344,0.34514073,0.9612952
1345,256_50_17427,0.61276895,0.3685638,0.0053563886,0.023881515,0.035903435,0.05846384,0.9366798
1346,256_50_11204,0.5107635,0.3719062,0.002488772,0.00955554,0.023357533,0.018753571,0.96737736
1347,256_50_23465,0.4503555,0.61667836,2.631429e-05,0.0021140287,0.9133619,0.40774745,0.99233365
1348,256_50_8999,0.5665807,0.42093593,0.0071085403,0.036914717,0.059441056,0.08887107,0.94847417
1349,256_50_1863,0.1609552,0.5961861,0.008784099,0.019172639,0.99997973,0.47142786,0.98938024
1350,256_50_2305,0.16019478,0.8972587,0.08110721,0.025237106,0.9999956,0.45578787,0.97440094
1351,256_50_19376,0.42155954,0.5199248,0.0016763102,0.005421091,0.037681967,0.015833305,0.9927031
1352,256_50_3572,0.1972759,0.67869765,0.043705687,0.053260423,0.999954,0.80031127,0.888706
1353,256_50_18193,0.4036341,0.54007393,0.0017877596,0.007780223,0.044278003,0.02853263,0.9910116
1354,256_50_11533,0.49069375,0.57481766,0.0049464623,0.03387878,0.11541195,0.05124598,0.97914726
1355,256_50_5835,0.24843034,0.5793909,0.0016557516,0.013630423,0.99578047,0.14142245,0.99843234
1356,256_50_9405,0.5947441,0.4477534,0.007055897,0.022263044,0.05345718,0.04797218,0.92376417
1357,256_50_21612,0.43021882,0.8577536,0.0018986706,0.006192256,0.37262046,0.04307815,0.99819463
1358,256_50_11585,0.19398673,0.5798607,0.0033662622,0.014478805,0.999826,0.28796834,0.99675995
1359,256_50_15863,0.36393502,0.7449222,0.0024570625,0.016572345,0.566578,0.15021381,0.9961183
1360,256_50_874,0.45027646,0.56879133,0.028535778,0.05797288,0.9246069,0.2798478,0.8231643
1361,256_50_20120,0.3937638,0.5040065,0.000752637,0.004559785,0.038957026,0.024339654,0.996619
1362,256_50_14783,0.41624495,0.7752078,0.011710789,0.042039115,0.29489857,0.29876253,0.93971306
1363,256_50_23101,0.3437772,0.87464625,0.00045597588,0.00076630816,0.66501474,0.0066406787,0.9999374
1364,256_50_5251,0.19868954,0.76467955,0.07868261,0.09048978,0.9999113,0.9139098,0.6459274
1365,256_50_9231,0.39401212,0.5043838,0.0012884972,0.0067577697,0.042785272,0.032651752,0.9926685
1366,256_50_6263,0.18188907,0.99424934,0.051832028,0.04992582,0.9989047,0.4362119,0.92736334
1367,256_50_1002,0.37823582,0.7591994,0.035139512,0.080566265,0.84634537,0.7368318,0.7915658
1368,256_50_2120,0.4895767,0.649727,0.011290596,0.05224508,0.13154425,0.19907396,0.9196805
1369,256_50_7436,0.4328727,0.45832315,0.002254645,0.008233071,0.030212129,0.02106723,0.9821098
1370,256_50_11183,0.38278925,0.4785146,0.0009569483,0.005297966,0.031418033,0.025831098,0.99446636
1371,256_50_10663,0.52746636,0.38784558,0.0040025185,0.017515497,0.033272706,0.03731831,0.953651
1372,256_50_11658,0.57740366,0.40681878,0.0065203644,0.029504765,0.04842907,0.073574685,0.92508197
1373,256_50_12418,0.20962194,0.6472069,0.011060471,0.03877434,0.9999621,0.72502834,0.93779856
1374,256_50_5808,0.21304427,0.62451446,0.0013582659,0.0075666197,0.9996494,0.24022178,0.998439
1375,256_50_4860,0.1073863,0.9094537,0.33426905,0.042773623,1.0,0.28416714,0.95847845
1376,256_50_14981,0.25947303,0.9279447,0.056787282,0.022655869,0.9996283,0.21095426,0.9799191
1377,256_50_6126,0.22037442,0.9880287,0.0077380603,0.01031265,0.99659616,0.061112557,0.9971596
1378,256_50_15390,0.32670617,0.9287923,0.07303928,0.06352585,0.98318374,0.48937705,0.88895124
1379,256_50_23143,0.30335686,0.8284758,0.00427206,0.017328873,0.9268084,0.2415819,0.99656904
1380,256_50_14622,0.2887995,0.9864201,0.013396025,0.21703546,0.46663043,0.3400192,0.7106134
1381,256_50_18965,0.30943426,0.68958795,0.0028221402,0.024174437,0.99989223,0.56049,0.91806424
1382,256_50_18662,0.44657254,0.7625192,0.0012485482,0.004583901,0.13127841,0.02137941,0.998444
1383,256_50_6177,0.3881323,0.46998447,0.0010778978,0.0052845213,0.027261721,0.022042377,0.992837
1384,256_50_13009,0.3867332,0.49449405,0.000593797,0.0037371542,0.044306647,0.022566104,0.9978218
1385,256_50_9807,0.58563215,0.33975726,0.0036431751,0.014521611,0.024813343,0.025643278,0.9439037
1386,256_50_16156,0.60158765,0.3512689,0.0047386014,0.020323455,0.031740826,0.03877368,0.9386915
1387,256_50_3664,0.53234756,0.77007055,0.000116261406,0.016890762,0.9069602,0.618499,0.8925331
1388,256_50_680,0.38234654,0.48970285,0.0007974982,0.0047990573,0.045710873,0.029529141,0.9966748
1389,256_50_5332,0.38596174,0.4609115,0.0011145703,0.0055027255,0.026616033,0.023060108,0.9922913
1390,256_50_688,0.37263882,0.68919283,0.0016351116,0.008822781,0.20804311,0.09403768,0.9973591
1391,256_50_17251,0.41473854,0.89135057,0.029415887,0.040747266,0.594358,0.23135526,0.94659185
1392,256_50_15370,0.32632744,0.6140053,0.0012521578,0.016900854,0.77130115,0.26442724,0.99726945
1393,256_50_18029,0.42075405,0.79271513,0.011508918,0.013954431,0.39011875,0.07170022,0.97649324
1394,256_50_2362,0.3916221,0.44531864,0.0012514604,0.005485764,0.02265795,0.019993013,0.9897502
1395,256_50_1479,0.23250587,0.70932186,0.00683953,0.014532867,0.99924845,0.2990353,0.9938689
1396,256_50_13231,0.3991904,0.8637045,0.027735298,0.15133902,0.42385143,0.5824114,0.8362792
1397,256_50_2835,0.5180644,0.52908784,0.009843009,0.03729323,0.20514224,0.18717293,0.89862674
1398,256_50_17631,0.48922637,0.4085452,0.0031416933,0.012207971,0.030969976,0.025578003,0.9682168
1399,256_50_13740,0.36271304,0.9374099,0.0631329,0.0622222,0.9684826,0.13637958,0.95047283
1400,256_50_4104,0.43188253,0.68361866,0.016417425,0.03833947,0.68210113,0.29176325,0.9173412
1401,256_50_11367,0.655431,0.37319148,0.005892409,0.028099488,0.03515108,0.07639287,0.9330587
1402,256_50_15744,0.5733463,0.4310814,0.00655666,0.028098112,0.045768514,0.05939893,0.9287509
1403,256_50_6462,0.4319867,0.6108753,0.0030174057,0.009446858,0.071027584,0.02955804,0.98896116
1404,256_50_16771,0.5197225,0.7026073,0.016474703,0.05101821,0.2829144,0.3143038,0.8788887
1405,256_50_11844,0.20723107,0.64965147,0.0075654816,0.011921599,0.9996147,0.5259292,0.9868411
1406,256_50_8478,0.12638396,0.48834825,0.008356751,0.016919512,0.9999944,0.687747,0.9903487
1407,256_50_11762,0.5072877,0.43507382,0.0034944222,0.013875322,0.03440726,0.028534282,0.96442235
1408,256_50_719,0.5780563,0.4429108,0.009789097,0.038409434,0.17014793,0.20116685,0.89517146
1409,256_50_21908,0.37338522,0.66348046,0.0007986344,0.017413449,0.5462177,0.15419805,0.99793446
1410,256_50_8153,0.6705007,0.3427205,0.005647336,0.027128803,0.03106808,0.07381242,0.9295935
1411,256_50_22873,0.39156228,0.68099767,0.00125093,0.0076188087,0.2897011,0.053558838,0.9985447
1412,256_50_2766,0.19759142,0.993558,0.0691316,0.043372452,0.99689084,0.1982391,0.9389469
1413,256_50_7142,0.43264216,0.5286387,0.0021910863,0.008506653,0.04414584,0.024101453,0.9887211
1414,256_50_13031,0.43140486,0.48677945,0.0018752062,0.0064701685,0.030664844,0.01682754,0.9879879
1415,256_50_16116,0.39790976,0.5827086,0.0014029145,0.008797057,0.06527494,0.05000827,0.99342585
1416,256_50_5472,0.385328,0.46552026,0.0011373352,0.0054565123,0.027078157,0.022817362,0.99232024
1417,256_50_11672,0.48062536,0.5122906,0.0037388378,0.02273974,0.09204218,0.042453192,0.9838395
1418,256_50_18584,0.45996258,0.5636963,0.0031390125,0.0086944355,0.056005016,0.021640569,0.9844332
1419,256_50_1599,0.23270847,0.9201653,0.039190203,0.037938103,0.99957615,0.31619087,0.97106117
1420,256_50_18372,0.4213261,0.83881783,0.0039843377,0.005185018,0.19214575,0.017208872,0.9974329
1421,256_50_21639,0.3767163,0.7359004,0.00080275995,0.007182817,0.34847978,0.059197366,0.9991918
1422,256_50_16183,0.40103593,0.5173808,0.0014629477,0.0077140643,0.051931664,0.03861287,0.99210817
1423,256_50_15672,0.4828833,0.54404557,0.008773965,0.042109005,0.102008134,0.14566408,0.9251305
1424,256_50_5811,0.25200474,0.6303278,0.001951849,0.011280924,0.98645055,0.21728502,0.9978156
1425,256_50_5315,0.3872543,0.46072134,0.0011259881,0.0054849056,0.026606752,0.022651589,0.9921651
1426,256_50_1182,0.35355306,0.9625629,0.011486743,0.13015889,0.3957723,0.23058559,0.89536107
1427,256_50_3178,0.18607162,0.99736434,0.026104303,0.20386584,0.95239526,0.72136366,0.4767325
1428,256_50_10301,0.123199604,0.5158815,0.010592744,0.019642238,0.99999857,0.41293973,0.9912368
1429,256_50_6729,0.39198464,0.46589902,0.0010989048,0.0053616404,0.02753677,0.022027276,0.9927309
1430,256_50_19361,0.38910878,0.48059523,0.0011050407,0.0055390038,0.028458748,0.023726653,0.99279517
1431,256_50_12526,0.41368237,0.8983978,0.011399898,0.11273202,0.2850479,0.17158042,0.9210778
1432,256_50_9062,0.21140803,0.8337116,0.09448741,0.09460614,0.99983644,0.9326627,0.62600595
1433,256_50_9882,0.2018504,0.9614295,0.12492724,0.1310906,0.9994885,0.90186685,0.574306
1434,256_50_19591,0.12639481,0.46506768,0.0073293983,0.014783026,0.99999297,0.52347916,0.99465597
1435,256_50_8606,0.3127876,0.98028606,0.014268755,0.21768716,0.43698078,0.31967628,0.7400761
1436,256_50_17911,0.49504438,0.38505852,0.0024836469,0.009683157,0.025106173,0.019219184,0.9697388
1437,256_50_17826,0.49317658,0.3817038,0.0024740181,0.009287754,0.023856144,0.01880026,0.9693341
1438,256_50_5180,0.3833287,0.48518965,0.00069822173,0.0042114905,0.03846616,0.024382472,0.9969181
1439,256_50_4159,0.29827356,0.817422,0.00551299,0.008616109,0.9894022,0.07022062,0.9983834
1440,256_50_5423,0.32150415,0.9482213,0.03835301,0.07703046,0.9517627,0.6008545,0.8824046
1441,256_50_3491,0.3961994,0.5411928,0.00092659704,0.0055140257,0.0489695,0.030450266,0.996161
1442,256_50_12902,0.6258985,0.39485288,0.006244401,0.028013296,0.039194636,0.0678868,0.9264334
1443,256_50_14584,0.3202006,0.9399526,0.08277586,0.05348176,0.9902768,0.4521626,0.9124612
1444,256_50_13112,0.16046885,0.7672125,0.12972943,0.10762029,0.9999845,0.92145497,0.6435186
1445,256_50_15074,0.24042635,0.5744082,0.0013392587,0.0077291466,0.99998915,0.72624665,0.97752315
1446,256_50_2159,0.23415238,0.56393933,0.0055116154,0.02229874,0.99736613,0.6149162,0.9861768
1447,256_50_10852,0.387676,0.8514785,0.026019465,0.09135325,0.5324849,0.5578419,0.87223893
1448,256_50_19747,0.3492367,0.8739368,0.0020287875,0.0043196687,0.9599168,0.031108564,0.9992193
1449,256_50_689,0.36809722,0.6568998,0.0013365624,0.007922358,0.18909724,0.09226626,0.9967102
1450,256_50_8699,0.4809069,0.90796274,0.0040083854,0.008118728,0.2806586,0.027558422,0.9964179
1451,256_50_7777,0.23037586,0.6286328,0.024215648,0.040266063,0.99945754,0.80353844,0.9064099
1452,256_50_18614,0.5082639,0.4114036,0.0034132444,0.013101404,0.032838084,0.025676081,0.965005
1453,256_50_10962,0.43493956,0.77802414,0.008639595,0.0294635,0.47585446,0.27827778,0.97030187
1454,256_50_4472,0.40569094,0.65965074,0.0009998021,0.006213161,0.09399471,0.037657455,0.99739134
1455,256_50_16653,0.56626374,0.39128572,0.0049569784,0.02169924,0.039171096,0.044999003,0.9471942
1456,256_50_18495,0.3929388,0.5346834,0.00045736582,0.003785542,0.1277803,0.022431845,0.9992337
1457,256_50_21128,0.40229675,0.6203634,0.0003980905,0.0024989888,0.15490168,0.014572106,0.9996582
1458,256_50_11279,0.17627,0.70584404,0.08930445,0.073153585,0.9999813,0.90415126,0.7357032
1459,256_50_14472,0.36326286,0.9617925,0.015940644,0.13429467,0.5074526,0.2471518,0.8852405
1460,256_50_8861,0.63959384,0.38815686,0.006650682,0.030143298,0.04360362,0.08183505,0.93438256
1461,256_50_15053,0.404834,0.68577456,0.002767988,0.017576808,0.14678591,0.124548994,0.98847276
1462,256_50_2764,0.20826949,0.97954935,0.05621223,0.03274275,0.9991021,0.22211528,0.9704615
1463,256_50_3232,0.42970917,0.5665756,0.0028090924,0.009007394,0.0549286,0.026020916,0.98726624
1464,256_50_4152,0.17186719,0.96644974,0.13483986,0.103174664,0.9997584,0.96398574,0.45107043
1465,256_50_5572,0.25325197,0.9606106,0.09131361,0.027908484,0.99719197,0.44665757,0.9407604
1466,256_50_1940,0.39392182,0.63529694,0.00078796287,0.0043943594,0.12067922,0.034855068,0.9984773
1467,256_50_23221,0.3828092,0.87663096,0.0025957008,0.0058248173,0.70779586,0.08023265,0.9982948
1468,256_50_4791,0.46257892,0.647811,7.751201e-05,0.007132985,0.9516764,0.5818154,0.96292007
1469,256_50_11929,0.6210087,0.36733827,0.0055523175,0.023245059,0.033214718,0.04596809,0.92384756
1470,256_50_17972,0.3857234,0.47167638,0.0010790352,0.005927157,0.0306484,0.027220348,0.99326515
1471,256_50_3065,0.37700793,0.64222527,0.0010172379,0.0054908344,0.17215237,0.04137352,0.99880016
1472,256_50_4224,0.45503488,0.78782135,0.00041870883,0.015373828,0.9700132,0.70223737,0.94477606
1473,256_50_11727,0.24485148,0.6843093,0.0041376958,0.013416036,0.99626863,0.4458543,0.9955153
1474,256_50_20823,0.3834403,0.48316544,0.0007520621,0.004506014,0.036088496,0.024999421,0.9964055
1475,256_50_12765,0.5975565,0.4196013,0.008546715,0.03706317,0.052103553,0.097960085,0.9132972
1476,256_50_10638,0.45706365,0.4073776,0.0021633306,0.008765753,0.024241414,0.020260394,0.9754091
1477,256_50_15442,0.33339557,0.96225244,0.0602824,0.14015546,0.95849144,0.6030194,0.7983447
1478,256_50_5245,0.28437528,0.70415205,0.005424154,0.032953095,0.99939275,0.71427387,0.94386375
1479,256_50_12909,0.6974934,0.31636393,0.0047578546,0.022952436,0.024584845,0.06267035,0.92706144
1480,256_50_2610,0.2992219,0.85838115,0.011647032,0.00888849,0.995276,0.066401534,0.9969199
1481,256_50_8754,0.26009628,0.99154377,0.013088032,0.22681437,0.5614196,0.4035624,0.653354
1482,256_50_5927,0.19935538,0.61691314,0.004670393,0.016166944,0.9990958,0.5405425,0.9936952
1483,256_50_6591,0.43230322,0.6795474,0.0032733793,0.010477793,0.13717599,0.033281375,0.9883083
1484,256_50_21577,0.38115928,0.56085753,0.00038375484,0.002919669,0.15462357,0.020462446,0.9995254
1485,256_50_16913,0.42966625,0.9158346,0.017209671,0.018993815,0.39888495,0.0929955,0.98236
1486,256_50_21558,0.3381112,0.8449218,0.002959281,0.008401843,0.730655,0.09827293,0.99802715
1487,256_50_12082,0.579377,0.36883533,0.005427195,0.024637058,0.036765262,0.05752777,0.9314822
1488,256_50_10766,0.38176715,0.4638318,0.001013866,0.005179384,0.026679358,0.023419153,0.99322814
1489,256_50_8528,0.38884676,0.5055813,0.0011088802,0.0067617428,0.039867777,0.03432003,0.9939083
1490,256_50_20400,0.3304778,0.6154272,0.0012267985,0.019890783,0.98520005,0.76268405,0.9637206
1491,256_50_4255,0.20804596,0.63612276,0.020593476,0.03259055,0.9991691,0.9171978,0.88664764
1492,256_50_12208,0.58023524,0.3398676,0.0037056366,0.01500991,0.02548082,0.02716784,0.9437508
1493,256_50_1257,0.3810025,0.7156187,0.00091379404,0.0054786094,0.19881305,0.046163715,0.998798
1494,256_50_20115,0.40785852,0.54420656,0.0012607505,0.0063675577,0.04064439,0.025625551,0.99353784
1495,256_50_10030,0.24283424,0.9932059,0.011446215,0.2324358,0.53881633,0.38922447,0.6277043
1496,256_50_1832,0.52503365,0.37663126,0.0030781252,0.012065323,0.027402448,0.02476196,0.9636067
1497,256_50_11242,0.39503708,0.71677405,0.0050445977,0.024357377,0.19574605,0.2533864,0.97232085
1498,256_50_17423,0.49435958,0.40179813,0.0029980165,0.011251534,0.030709468,0.023780786,0.9707187
1499,256_50_2142,0.26761508,0.54371023,0.002336534,0.02046711,0.9989517,0.4494573,0.9771484
1500,256_50_14330,0.41789556,0.8534754,0.013724843,0.033998664,0.47913453,0.13912198,0.97336257
1501,256_50_13443,0.41696405,0.81455415,0.01045117,0.014107815,0.3186227,0.060083084,0.9832925
1502,256_50_7188,0.5471288,0.52834415,0.0077143786,0.03200179,0.06496618,0.09213,0.9463083
1503,256_50_9496,0.33269337,0.6602755,0.003119737,0.014814693,0.617573,0.31952912,0.9889438
1504,256_50_22096,0.32651466,0.8527674,0.0018835856,0.0027065047,0.96457416,0.035600614,0.9995628
1505,256_50_14720,0.39651996,0.8732106,0.02312662,0.057447255,0.46285418,0.4073637,0.91968876
1506,256_50_9362,0.388478,0.5691997,0.00047887137,0.002954576,0.07304931,0.019680794,0.9990677
1507,256_50_17069,0.43881837,0.77252173,0.0013386861,0.0039906916,0.3664014,0.018193925,0.99875116
1508,256_50_9793,0.39990047,0.44772124,0.0013524262,0.0061299414,0.025155222,0.02161612,0.98940164
1509,256_50_21226,0.37520868,0.6146379,0.0008821889,0.0054318975,0.17034972,0.03815436,0.99867874
1510,256_50_1861,0.13021612,0.44690216,0.019725619,0.026272586,0.99999714,0.7705664,0.9625361
1511,256_50_18541,0.41532525,0.45529845,0.0016959944,0.0070239375,0.029139046,0.02088545,0.98761034
1512,256_50_16844,0.45036724,0.87140995,0.02140047,0.034003213,0.37983015,0.1651639,0.9571724
1513,256_50_1966,0.38734052,0.49426067,0.0009481288,0.0053134398,0.034687582,0.026935585,0.99490094
1514,256_50_7965,0.39132193,0.4974299,0.0008626013,0.005221951,0.03643841,0.027647194,0.99559826
1515,256_50_10617,0.38351408,0.65896493,0.0021137653,0.008838896,0.15235087,0.060757697,0.9948036
1516,256_50_4651,0.40028387,0.6645709,0.00043704853,0.011037477,0.9879531,0.64877975,0.96270347
1517,256_50_11657,0.56926745,0.51514864,0.009340024,0.041888308,0.072151795,0.10986663,0.9271736
1518,256_50_5816,0.16189428,0.50075763,0.0020670206,0.011768245,0.99995387,0.2929662,0.9983437
1519,256_50_3080,0.38512507,0.57247764,0.0007015674,0.004264345,0.079450466,0.03071804,0.99828535
1520,256_50_22815,0.3477912,0.7902769,0.0010583975,0.00261444,0.63702524,0.036868162,0.9994843
1521,256_50_10911,0.40104264,0.6082663,0.0016009049,0.009178369,0.07439549,0.04945919,0.99341375
1522,256_50_18786,0.43694165,0.7337051,0.006007159,0.013607747,0.1611549,0.041238632,0.9850013
1523,256_50_3342,0.37703103,0.5390347,0.00069433986,0.0043703546,0.09093126,0.02760109,0.9985372
1524,256_50_2573,0.349841,0.67145395,0.056017984,0.1072047,0.98181206,0.804002,0.6625913
1525,256_50_16925,0.5982855,0.40876392,0.005808163,0.022063613,0.042399477,0.051288914,0.9500448
1526,256_50_18082,0.37247083,0.5954212,0.0004130961,0.0025270118,0.11675883,0.016570231,0.9994955
1527,256_50_20128,0.39378253,0.52076536,0.0011034891,0.0065607675,0.05693738,0.03457872,0.9959137
1528,256_50_15505,0.4279578,0.7579299,0.0008203487,0.015860472,0.8259764,0.20172536,0.9927268
1529,256_50_8582,0.53420717,0.5079067,0.010476241,0.052477684,0.09258948,0.118212186,0.93444
1530,256_50_11922,0.5854888,0.39096692,0.0045449208,0.01701224,0.033849813,0.033900708,0.92960274
1531,256_50_16803,0.52808905,0.40600738,0.0040467433,0.016091296,0.032992445,0.035135657,0.9516316
1532,256_50_3990,0.19791688,0.5166854,0.0011349542,0.009110778,0.99933845,0.2407449,0.9990791
1533,256_50_17052,0.49410382,0.6919916,0.011688778,0.030849013,0.14380904,0.09533842,0.95158064
1534,256_50_3622,0.38402805,0.6140086,0.001060311,0.00722475,0.10441753,0.044587996,0.9974692
1535,256_50_11177,0.33701748,0.9153443,0.05440183,0.020683084,0.9693341,0.09800454,0.9785204
