,patch_id,af1,Qal,Qaf,Qat,Qc,Qca,Qr
0,sonora_256_50_1357,0.32817775,0.62685627,0.00033135063,0.0072958986,0.59734714,0.13454503,0.9996282
1,sonora_256_50_3542,0.30557021,0.6090091,0.0007873857,0.010240572,0.8036127,0.16073406,0.9987197
2,hv_256_50_2044,0.52615505,0.68486375,0.0002383839,0.013913148,0.27587903,0.15429053,0.9893706
3,sonora_256_50_2075,0.3284737,0.67132825,0.0010560347,0.0129251685,0.74855626,0.15271851,0.99863154
4,hv_256_50_1073,0.3246113,0.6620388,0.0011196315,0.010649828,0.7681363,0.14023185,0.99852306
5,hv_256_50_177,0.3552885,0.75808585,0.0023355025,0.015679237,0.6412885,0.2176269,0.996354
6,hv_256_50_874,0.3383593,0.84154856,0.002503699,0.018448109,0.70481354,0.17579119,0.9974577
7,sonora_256_50_2390,0.35692838,0.60855037,0.0013262142,0.010261437,0.52161574,0.12572637,0.99712425
8,sonora_256_50_2148,0.3643978,0.651554,0.0009351942,0.012587337,0.5331579,0.10831545,0.99854493
9,sonora_256_50_2363,0.30425107,0.5846159,0.00031430906,0.007047653,0.752909,0.15829968,0.9996092
10,sonora_256_50_3562,0.34374487,0.60305065,0.0004341721,0.008942919,0.5643342,0.12562896,0.9994073
11,hv_256_50_263,0.3800417,0.69628406,0.0011336749,0.012184762,0.79356414,0.23578542,0.9956054
12,sonora_256_50_1149,0.2998749,0.6245658,0.00044897015,0.008117135,0.81268126,0.1637106,0.9994822
13,sonora_256_50_2558,0.42427847,0.6878758,0.00036196216,0.0069722086,0.3581328,0.078689344,0.99847084
14,hv_256_50_1911,0.4515382,0.6748586,0.00037085227,0.010078377,0.33052117,0.10991714,0.9968509
15,sonora_256_50_204,0.28263968,0.60024524,0.0005219544,0.008190082,0.8927663,0.20228943,0.999313
16,sonora_256_50_3352,0.37413397,0.6401909,0.00055695616,0.008691925,0.43212974,0.08707809,0.9992562
17,hv_256_50_2401,0.4917733,0.6682748,3.4725468e-05,0.0035956244,0.6077876,0.23571849,0.9935762
18,sonora_256_50_2980,0.4879862,0.6912463,0.00032577265,0.010433427,0.24169503,0.09858245,0.9961681
19,sonora_256_50_526,0.371652,0.75876826,0.0011284782,0.013973182,0.47571847,0.1290956,0.9983266
20,hv_256_50_1682,0.27539197,0.2949062,1.4581377e-05,0.016907802,0.99999154,0.93298966,0.2834729
21,hv_256_50_1668,0.34140056,0.44002637,2.8942025e-06,0.01116729,0.9999987,0.9456916,0.17583176
22,sonora_256_50_1751,0.38620168,0.6563556,0.00068968645,0.013330296,0.4607844,0.11290735,0.9987872
23,sonora_256_50_3244,0.46777937,0.67339164,0.0001867578,0.005829094,0.19435279,0.06143854,0.99837095
24,hv_256_50_618,0.44376594,0.70288324,0.00044335454,0.01805377,0.9912416,0.7045817,0.9357565
25,hv_256_50_3037,0.32731745,0.60529476,0.0003960808,0.008180254,0.6500892,0.13979569,0.99949586
26,sonora_256_50_3369,0.5214246,0.70361185,9.528444e-05,0.005157247,0.1548555,0.08012936,0.9971246
27,hv_256_50_542,0.5793764,0.6956968,9.744904e-06,0.0035978751,0.76989514,0.43424565,0.96502775
28,hv_256_50_146,0.18948323,0.5077785,0.0043964065,0.025693031,0.99957985,0.6018725,0.9885471
29,sonora_256_50_1854,0.37765968,0.66919684,0.0005838898,0.007254106,0.32886758,0.05924114,0.9991233
30,hv_256_50_537,0.54294825,0.73099905,0.00023115774,0.01640064,0.56471467,0.46625903,0.95742595
31,hv_256_50_2165,0.08392834,0.17296144,1.5500214e-05,0.02841006,1.0,0.9100595,0.4143779
32,sonora_256_50_2525,0.34006274,0.71234024,0.000802714,0.009288426,0.7351698,0.12747969,0.9990747
33,hv_256_50_1366,0.3894973,0.6982625,0.0017611982,0.014242368,0.8099175,0.22993186,0.9939272
34,hv_256_50_953,0.34877443,0.7415777,0.0014407851,0.0137096755,0.6054321,0.13497275,0.997775
35,hv_256_50_264,0.33411175,0.6710427,0.0017115435,0.021441894,0.96221083,0.34039447,0.98786014
36,hv_256_50_680,0.38527012,0.61205596,0.00036596556,0.007064722,0.63992596,0.16719916,0.9973207
37,hv_256_50_3439,0.502541,0.698756,3.0397025e-05,0.0027339722,0.2933856,0.09847997,0.9977695
38,sonora_256_50_3280,0.3903336,0.635961,0.00064469065,0.008475268,0.3123552,0.06443656,0.9991037
39,sonora_256_50_558,0.4602227,0.7957381,0.00046689482,0.008348579,0.9366108,0.4165273,0.9858226
40,hv_256_50_3647,0.50739753,0.71025074,1.2904825e-05,0.0016248581,0.3278267,0.092772044,0.99849296
41,hv_256_50_258,0.34165582,0.68921125,0.0022021667,0.013726677,0.74788296,0.15913755,0.99634415
42,sonora_256_50_3005,0.39318284,0.60217625,0.0005113978,0.004210151,0.17806248,0.027056364,0.9993424
43,hv_256_50_2010,0.5073209,0.69174045,2.4967709e-05,0.0033340696,0.45740563,0.16450536,0.995615
44,hv_256_50_3625,0.4604268,0.6532436,1.4100721e-05,0.0016627967,0.6819357,0.1576291,0.99765414
45,hv_256_50_3051,0.35446995,0.675557,0.00075079314,0.010919372,0.53394383,0.11538366,0.9989342
46,sonora_256_50_1641,0.35643768,0.7617877,0.0013120526,0.012829641,0.5366273,0.119555056,0.99841857
47,sonora_256_50_2441,0.4428643,0.7326073,0.0006062418,0.012330966,0.34775105,0.11029528,0.9972314
48,sonora_256_50_3551,0.31729054,0.66288626,0.00071415224,0.010655833,0.7256765,0.16469105,0.99907863
49,hv_256_50_496,0.24204965,0.7406363,0.0031129138,0.016226398,0.9888877,0.32243094,0.9969342
50,sonora_256_50_2196,0.37896225,0.6804601,0.0017177205,0.019864734,0.4311414,0.13429263,0.99710757
51,hv_256_50_2359,0.58175594,0.6939255,5.9186696e-05,0.011855226,0.6629357,0.6259938,0.89850634
52,sonora_256_50_1944,0.3101846,0.5895259,0.00030287897,0.0071072853,0.71408325,0.14912808,0.9996228
53,sonora_256_50_805,0.3218363,0.77215135,0.0015811117,0.014405275,0.7739141,0.1714394,0.99834716
54,hv_256_50_685,0.1997658,0.29564834,0.0005834503,0.022945957,0.99995625,0.7973344,0.84953105
55,sonora_256_50_298,0.30980173,0.6463993,0.00056653464,0.010716917,0.7643484,0.17038597,0.9993007
56,hv_256_50_3226,0.5406487,0.72602016,1.6949807e-05,0.002206721,0.18717016,0.073028564,0.9980406
57,hv_256_50_375,0.2547889,0.31906986,0.0008454927,0.03523452,0.99988174,0.9711666,0.40020236
58,sonora_256_50_2606,0.45545873,0.7339554,0.0005146153,0.011103254,0.30237707,0.108952194,0.9971307
59,sonora_256_50_1441,0.33410376,0.6648073,0.00075091195,0.010691246,0.7417677,0.13085614,0.9990464
60,hv_256_50_3558,0.57061315,0.74909484,6.7963797e-06,0.0015382253,0.19499305,0.09402495,0.99792755
61,sonora_256_50_1902,0.31278595,0.6010983,0.00032703823,0.0072745834,0.7105647,0.14945239,0.99960047
62,sonora_256_50_340,0.3637025,0.74895674,0.0018202974,0.018657586,0.57198817,0.16241267,0.9968804
63,hv_256_50_3162,0.5003175,0.6949183,4.1129948e-05,0.0033985465,0.29651418,0.10605857,0.9971539
64,sonora_256_50_882,0.37902272,0.6267294,0.0007701984,0.0048277145,0.20428836,0.035314616,0.9989359
65,sonora_256_50_3073,0.39043492,0.58711797,0.00063855055,0.005625857,0.20748946,0.039110355,0.99902296
66,hv_256_50_2485,0.41489846,0.5906942,0.00031044145,0.012953255,0.93563044,0.5655762,0.9563036
67,hv_256_50_2690,0.5060349,0.7067593,1.7668182e-05,0.001981519,0.30710483,0.08938085,0.99842083
68,hv_256_50_1130,0.4204715,0.508781,3.664604e-06,0.007739653,0.9998281,0.8940414,0.5020778
69,sonora_256_50_2572,0.31102598,0.58000237,0.00046813907,0.008348148,0.81042117,0.15062648,0.9994299
70,hv_256_50_1837,0.43075734,0.6764116,0.0007520707,0.012944333,0.49982566,0.12732695,0.9952259
71,hv_256_50_3054,0.4881915,0.6811394,0.00046949938,0.015618997,0.3102196,0.12834895,0.9913362
72,sonora_256_50_1279,0.3084331,0.6070854,0.0004778577,0.009080162,0.78229916,0.17045783,0.9993655
73,sonora_256_50_2352,0.36521554,0.7114213,0.0008966035,0.011974608,0.5398556,0.110230185,0.99874675
74,sonora_256_50_3084,0.33588997,0.5933068,0.00039392128,0.0077314256,0.6253354,0.12863299,0.99949944
75,sonora_256_50_1709,0.34190333,0.7963274,0.0015902203,0.010545264,0.6062392,0.13554922,0.9979963
76,sonora_256_50_2983,0.41710177,0.6549713,0.00040200824,0.007676393,0.2777219,0.05393266,0.9988422
77,sonora_256_50_424,0.5224109,0.77428067,0.00020012697,0.009526736,0.6351741,0.34329095,0.9846032
78,hv_256_50_1456,0.14913951,0.21932796,1.6094944e-05,0.023854263,1.0,0.91135746,0.26505667
79,hv_256_50_3249,0.30968273,0.5774306,0.00037624085,0.0083437245,0.75302815,0.15650588,0.9994742
80,hv_256_50_2355,0.33610243,0.5760655,0.0021591245,0.02659418,0.95762444,0.62552106,0.9722339
81,sonora_256_50_3412,0.39543614,0.6879379,0.0012123615,0.019383218,0.5015494,0.1317637,0.99688596
82,hv_256_50_1725,0.34045747,0.6204173,0.0005576196,0.010464997,0.65097904,0.15744966,0.999035
83,hv_256_50_2903,0.3404357,0.6158191,0.00043076277,0.009066623,0.5644345,0.13365404,0.99943095
84,sonora_256_50_3572,0.39935583,0.5961513,0.00035268243,0.007398884,0.29825667,0.04646501,0.9992238
85,hv_256_50_3320,0.35764787,0.64306444,0.0012365934,0.016316684,0.6015553,0.14527652,0.99792176
86,sonora_256_50_2104,0.35190508,0.6537148,0.0005879984,0.010172184,0.5479199,0.11566887,0.99916506
87,hv_256_50_723,0.32397926,0.6451574,0.00080291677,0.012789501,0.7543693,0.17953724,0.99864584
88,hv_256_50_1015,0.35603872,0.6759167,0.00055325305,0.00902259,0.51380426,0.10512594,0.99928635
89,sonora_256_50_900,0.27418,0.6363064,0.0018105024,0.014589343,0.95429605,0.29686368,0.9973309
90,hv_256_50_3280,0.49325544,0.6777835,2.2094862e-05,0.0025554164,0.6247711,0.18995501,0.99549
91,sonora_256_50_639,0.29629266,0.68368953,0.0009658037,0.0114503335,0.8628598,0.23556703,0.99884665
92,hv_256_50_225,0.35800505,0.49359554,8.008082e-05,0.016125448,0.9996766,0.87126386,0.6908486
93,hv_256_50_1884,0.613578,0.70404875,3.3974495e-05,0.008062972,0.9510119,0.87919337,0.69070816
94,sonora_256_50_200,0.34253058,0.7317396,0.0018752578,0.017062038,0.7147014,0.16868891,0.9976125
95,sonora_256_50_400,0.34960115,0.73820186,0.0011791863,0.010810058,0.6137063,0.11481741,0.99851185
96,hv_256_50_686,0.14146124,0.30110627,0.0029114834,0.017804522,0.9999317,0.81317,0.97785234
97,hv_256_50_878,0.36668053,0.74305314,0.0025352607,0.01673975,0.6602077,0.1653799,0.99650323
98,hv_256_50_483,0.5417426,0.6595056,7.109987e-06,0.0038259411,0.9452127,0.61146635,0.9200109
99,hv_256_50_706,0.24788749,0.6281041,0.0015310105,0.014934489,0.98331255,0.35352963,0.99754757
100,hv_256_50_1429,0.33827877,0.6417823,0.00060338783,0.009572636,0.64351064,0.1297415,0.99920255
101,hv_256_50_2017,0.15675691,0.24105999,0.00059940416,0.036669787,0.9999987,0.9096005,0.5694844
102,sonora_256_50_1044,0.2878341,0.62536734,0.0015110911,0.009422878,0.98401433,0.19132613,0.997147
103,hv_256_50_1056,0.5134299,0.64518625,5.830939e-05,0.009236891,0.9365779,0.7885405,0.87187284
104,hv_256_50_1066,0.2488618,0.6043984,0.0016901755,0.015584722,0.9774228,0.434826,0.99593925
105,sonora_256_50_3239,0.39267525,0.6277723,0.0008166338,0.014937996,0.4266242,0.10493927,0.998379
106,sonora_256_50_3669,0.4868883,0.66005164,1.0917123e-05,0.0019822924,0.71192086,0.23751554,0.9951971
107,sonora_256_50_2481,0.3789599,0.70290595,0.0020864368,0.01944859,0.5511169,0.19340703,0.99603575
108,hv_256_50_2670,0.4749557,0.6500511,0.00024779144,0.0092493445,0.22501346,0.07581426,0.9965193
109,sonora_256_50_1334,0.2747022,0.6406236,0.0008463745,0.011033294,0.920166,0.20767032,0.99901533
110,hv_256_50_3597,0.37324244,0.63091356,0.0005613733,0.0103786765,0.44177112,0.09317953,0.9990957
111,hv_256_50_1240,0.53998196,0.7354952,0.00032181735,0.018059494,0.3124707,0.2631031,0.97930306
112,hv_256_50_2521,0.5063415,0.7314547,0.00015801965,0.010279094,0.65382993,0.30803075,0.9796841
113,sonora_256_50_2968,0.4718267,0.6759554,0.00017864685,0.008107864,0.3233349,0.11288591,0.9960741
114,hv_256_50_481,0.32025135,0.46084547,0.00031043464,0.013259729,0.9981188,0.8519236,0.89476883
115,sonora_256_50_2761,0.40808186,0.5667745,0.0011885178,0.027691375,0.8551305,0.5971714,0.94486266
116,sonora_256_50_465,0.3644859,0.7957039,0.0005857152,0.0023754598,0.32044104,0.018179294,0.99975246
117,sonora_256_50_2277,0.38006556,0.6754469,0.0008200923,0.009918609,0.4344691,0.08746866,0.9986651
118,hv_256_50_2905,0.34516123,0.60194767,0.00040754612,0.0086828815,0.56996256,0.1269212,0.9994442
119,hv_256_50_1395,0.22305316,0.33956662,0.0005883578,0.027582671,0.99996495,0.8416349,0.7674517
120,hv_256_50_1834,0.32301494,0.64997727,0.001140085,0.0150428265,0.77273065,0.23743014,0.9976853
121,hv_256_50_3143,0.39910355,0.55052257,6.0958435e-05,0.0068012513,0.96598536,0.58167213,0.97072875
122,hv_256_50_1233,0.47055113,0.73943555,0.0003633503,0.011135672,0.48203087,0.22632886,0.9946837
123,sonora_256_50_244,0.3867001,0.71107817,0.001099287,0.007907834,0.31252378,0.05456373,0.9986848
124,hv_256_50_3005,0.38585725,0.5597993,0.0001893565,0.007181491,0.87783283,0.29299933,0.9913084
125,hv_256_50_3215,0.37504005,0.50168794,3.9418635e-05,0.0073090894,0.99328905,0.7486632,0.92507696
126,sonora_256_50_173,0.3814486,0.6316698,0.0006023134,0.004763435,0.2309394,0.033402584,0.99936193
127,sonora_256_50_2473,0.32027584,0.5973547,0.00033965713,0.0075211814,0.67944217,0.13776582,0.99958175
128,sonora_256_50_2699,0.46363786,0.7168608,0.00047803402,0.012752522,0.30766618,0.109275535,0.9967732
129,sonora_256_50_533,0.38045797,0.74170893,0.00035788727,0.0017126878,0.22604536,0.013165017,0.9998387
130,hv_256_50_2552,0.5042474,0.70474434,4.09655e-05,0.0031961966,0.20264274,0.071063444,0.9981515
131,sonora_256_50_3452,0.42694202,0.6232133,0.00032061813,0.0077935676,0.26125234,0.051726084,0.9982919
132,hv_256_50_454,0.3660602,0.740247,0.0025632908,0.011035921,0.5361704,0.0937879,0.9976513
133,hv_256_50_3378,0.4502174,0.6238362,1.5784442e-05,0.0023427457,0.82257617,0.26275116,0.99462646
134,hv_256_50_2677,0.4094559,0.5288976,2.2685219e-05,0.0052539147,0.99737465,0.6063711,0.9286119
135,hv_256_50_1824,0.33612278,0.56011915,0.001001148,0.012154004,0.9661157,0.5155266,0.98855186
136,hv_256_50_494,0.19612108,0.35045663,0.0028139667,0.03093945,0.99986064,0.9529675,0.81402266
137,hv_256_50_411,0.3941181,0.52416813,2.2988745e-05,0.005941703,0.99618006,0.72188646,0.92279106
138,sonora_256_50_3699,0.31178957,0.6682363,0.0006889166,0.011104374,0.79076564,0.18700191,0.9990589
139,hv_256_50_2102,0.21139906,0.39465708,0.0026574843,0.021549743,0.9976115,0.8246688,0.9691657
140,hv_256_50_1764,0.34200493,0.66548574,0.00095709966,0.010111074,0.6220318,0.10189251,0.99873906
141,sonora_256_50_276,0.3930235,0.7136772,0.0015738674,0.014692192,0.36108118,0.11015215,0.9970234
142,hv_256_50_961,0.22595747,0.58479154,0.0012348678,0.00930642,0.99250025,0.18315186,0.99897516
143,sonora_256_50_1106,0.3195177,0.63495666,0.0012752321,0.014525766,0.8303297,0.22804996,0.9975247
144,sonora_256_50_3522,0.42511305,0.6363362,0.0002619275,0.0057538594,0.2245502,0.045145437,0.99902344
145,hv_256_50_2496,0.460241,0.6618435,0.0006516451,0.017116882,0.43097916,0.16639033,0.9938618
146,hv_256_50_2657,0.43965745,0.6196149,0.00065606507,0.022141637,0.8726349,0.5658652,0.94954216
147,hv_256_50_1420,0.5222722,0.7396481,0.00031405687,0.01235164,0.46409166,0.23465231,0.98638815
148,sonora_256_50_1996,0.36699128,0.67836726,0.00062463875,0.009705978,0.47815982,0.10108769,0.99905676
149,hv_256_50_1029,0.3238954,0.66207296,0.0010873522,0.01021132,0.78974694,0.12071829,0.998475
150,sonora_256_50_3622,0.302153,0.65889055,0.0016049327,0.010770429,0.9250063,0.14220914,0.99820244
151,sonora_256_50_489,0.3183682,0.67126155,0.0021039215,0.013076174,0.97558856,0.3071076,0.99426335
152,hv_256_50_1236,0.31149074,0.6532986,0.0005219777,0.008485315,0.7550066,0.14248762,0.99934536
153,sonora_256_50_3205,0.2674799,0.6766384,0.002015107,0.011470727,0.9831141,0.20165989,0.9982603
154,sonora_256_50_72,0.27328366,0.72499335,0.0015793181,0.012290252,0.964513,0.24176711,0.99831736
155,hv_256_50_677,0.26472092,0.51144713,0.0010789416,0.009197757,0.9902615,0.31347966,0.9960567
156,hv_256_50_1394,0.3197326,0.46040508,2.5235526e-05,0.017046252,0.9999949,0.92939645,0.3652268
157,hv_256_50_745,0.31938428,0.58544844,0.0012672758,0.015286329,0.9519203,0.26046985,0.99462223
158,hv_256_50_2386,0.23344564,0.38636956,0.00031561227,0.025651583,0.9998136,0.77937853,0.86523986
159,sonora_256_50_2802,0.40244493,0.60992444,0.00094932655,0.009403452,0.23989142,0.05757489,0.99838006
160,hv_256_50_1404,0.28864014,0.4137173,0.00010187085,0.016950116,0.9998343,0.81610423,0.7840408
161,sonora_256_50_2417,0.5858244,0.7403875,3.468787e-05,0.0048216265,0.170464,0.13377793,0.99251723
162,sonora_256_50_73,0.25693527,0.6719474,0.0013289239,0.011725732,0.9659223,0.2179711,0.9987342
163,hv_256_50_3382,0.31865126,0.59503657,0.000300165,0.006974094,0.65879387,0.14332214,0.9996277
164,hv_256_50_466,0.3064911,0.65735847,0.0010215791,0.012114758,0.8625372,0.16713269,0.9987424
165,hv_256_50_1584,0.32360467,0.60280347,0.00033877816,0.0073126503,0.65162045,0.13752642,0.999592
166,hv_256_50_2037,0.26097906,0.35871023,8.678394e-05,0.015713906,0.9999474,0.82942927,0.7331033
167,hv_256_50_932,0.41568163,0.62505174,0.0011594428,0.021993933,0.55287004,0.22289138,0.99392927
168,hv_256_50_2911,0.33044514,0.63199574,0.0005669208,0.010938638,0.6584959,0.16716361,0.99916315
169,sonora_256_50_439,0.32638803,0.63734806,0.0005946601,0.010719965,0.7110161,0.18347947,0.9990048
170,sonora_256_50_3339,0.35495296,0.6941596,0.001831653,0.017648606,0.74368036,0.15301989,0.99720937
171,sonora_256_50_2694,0.41546384,0.6316006,0.0006816257,0.012321688,0.43205985,0.090864114,0.99622726
172,sonora_256_50_1865,0.34809294,0.64254713,0.0007762094,0.012668028,0.5900691,0.14103301,0.998841
173,hv_256_50_1005,0.308675,0.6297178,0.0006047754,0.010198277,0.8118896,0.17202987,0.9991365
174,hv_256_50_1355,0.2631504,0.6915713,0.002211173,0.014658689,0.97186446,0.28784436,0.99718946
175,hv_256_50_2702,0.38170028,0.64242977,0.00088489713,0.014073536,0.45792934,0.09939691,0.99841046
176,hv_256_50_2616,0.13525744,0.23139083,7.019445e-06,0.020824771,1.0,0.9339136,0.19788092
177,hv_256_50_3096,0.57739496,0.7157173,2.0103055e-06,0.0016477508,0.74118567,0.32926372,0.9855913
178,hv_256_50_2921,0.45708656,0.66489583,0.0003690388,0.012054392,0.6835367,0.19894376,0.9887587
179,sonora_256_50_2782,0.37923244,0.6556824,0.0008226069,0.013755556,0.4938782,0.113171875,0.9985079
180,sonora_256_50_2364,0.30898008,0.5870016,0.0002939874,0.0068448083,0.7231163,0.14953074,0.99963844
181,sonora_256_50_2630,0.4265421,0.68112695,0.00079490646,0.014521945,0.3592015,0.08087138,0.9973711
182,sonora_256_50_3284,0.37362275,0.6312636,0.0004901486,0.008424752,0.41272917,0.08717136,0.99936956
183,sonora_256_50_3327,0.41685125,0.6503288,0.00038593076,0.0073110685,0.29395524,0.06298028,0.9988972
184,sonora_256_50_1859,0.3336505,0.6106501,0.0003726711,0.007835801,0.6168361,0.13121298,0.99954516
185,sonora_256_50_1454,0.3653848,0.6845943,0.002500519,0.023731941,0.94266444,0.4345352,0.9762576
186,sonora_256_50_1038,0.2995381,0.6360286,0.0005038679,0.008114056,0.8078706,0.17470738,0.9994331
187,hv_256_50_2936,0.42169294,0.59793186,0.00015413084,0.006904315,0.76052475,0.24044068,0.99246407
188,sonora_256_50_3303,0.37271756,0.6236799,0.0005351941,0.009123084,0.38984686,0.06571544,0.9990363
189,sonora_256_50_1530,0.283653,0.6615907,0.0007238662,0.010632303,0.8870451,0.1921353,0.9991602
190,sonora_256_50_142,0.28148332,0.74572265,0.001490708,0.014283625,0.9173024,0.23763669,0.9981487
191,sonora_256_50_2836,0.36251625,0.6844488,0.0013916104,0.013393277,0.6282778,0.111093014,0.9980627
192,hv_256_50_3065,0.48249385,0.671818,0.00028447644,0.015422517,0.8059282,0.5010087,0.95869684
193,hv_256_50_2555,0.27155182,0.491231,0.0019328293,0.019247986,0.96386766,0.62838393,0.9889761
194,hv_256_50_721,0.3289802,0.6220845,0.00040974357,0.008705872,0.6322837,0.150264,0.9994437
195,sonora_256_50_3547,0.40738738,0.6231146,0.00039219245,0.007931928,0.28358716,0.052870627,0.99896944
196,sonora_256_50_3163,0.361079,0.593708,0.0004872116,0.008885214,0.51840156,0.108323835,0.9993018
197,sonora_256_50_2063,0.38165456,0.6123028,0.00048848253,0.004022904,0.17647016,0.026196398,0.99937975
198,sonora_256_50_1039,0.31893933,0.6524192,0.00069325883,0.011223871,0.7379453,0.17496185,0.9991013
199,sonora_256_50_3050,0.45769858,0.6334691,0.000564404,0.01477785,0.32571268,0.0993115,0.9940427
200,sonora_256_50_2988,0.42159462,0.6506001,0.0005644826,0.009796751,0.29806453,0.05785604,0.998314
201,sonora_256_50_2585,0.30446628,0.62531793,0.0006315281,0.009766895,0.8159319,0.1674032,0.99922574
202,sonora_256_50_1914,0.37459064,0.55309916,0.00023757797,0.0018424884,0.12893759,0.013496516,0.9997404
203,hv_256_50_614,0.36512098,0.43617916,4.1404874e-05,0.016692279,0.9998958,0.9644831,0.29310718
204,sonora_256_50_1523,0.3127124,0.66836965,0.0016048027,0.0151503105,0.8690662,0.23993999,0.99740964
205,hv_256_50_1000,0.36137238,0.73173654,0.00090993993,0.013049187,0.5244583,0.13177197,0.9985267
206,sonora_256_50_3368,0.50438905,0.6816657,0.00017154668,0.0070020948,0.1800413,0.07739045,0.9969086
207,hv_256_50_339,0.2638921,0.39321718,0.00024353381,0.00875505,0.9960885,0.47698385,0.9829488
208,sonora_256_50_1330,0.3170807,0.80244064,0.0020103145,0.01670898,0.78206944,0.1992018,0.99771094
209,sonora_256_50_1657,0.41643268,0.6409226,0.0006287121,0.010574235,0.49210396,0.10816825,0.9966695
210,hv_256_50_3040,0.35596183,0.6132124,0.00051427406,0.009601904,0.52799124,0.11730082,0.9992799
211,sonora_256_50_822,0.38287684,0.683175,0.00079837046,0.008859753,0.31938693,0.0633169,0.9989027
212,sonora_256_50_3266,0.3764351,0.6325073,0.00049491663,0.008045668,0.40491295,0.07144755,0.9992755
213,hv_256_50_3091,0.46477857,0.65376514,2.5309588e-05,0.0028029054,0.6278774,0.18619445,0.99651307
214,sonora_256_50_1823,0.43793592,0.69519365,0.0005240072,0.012547857,0.30733925,0.09071518,0.9977276
215,sonora_256_50_326,0.37921393,0.58898264,0.00042543843,0.0034666571,0.17922536,0.023923028,0.999551
216,hv_256_50_1161,0.41260302,0.7140684,0.00079366745,0.016918862,0.5957935,0.19633828,0.996506
217,sonora_256_50_2537,0.37893802,0.6875924,0.0010062467,0.016601747,0.5403856,0.117204875,0.9980469
218,hv_256_50_1818,0.15296575,0.22975612,3.8059345e-05,0.026973447,0.99999976,0.90888417,0.40580258
219,sonora_256_50_856,0.36903602,0.8447675,0.0018847695,0.014059516,0.48112503,0.119011335,0.99769115
220,sonora_256_50_2037,0.2931582,0.590527,0.00030358607,0.006871131,0.81519026,0.15965241,0.9996377
221,sonora_256_50_693,0.41023988,0.74679846,0.00063151063,0.014498672,0.78116935,0.26591098,0.995168
222,hv_256_50_3158,0.49480587,0.6940644,1.9664018e-05,0.002235365,0.3741611,0.09702756,0.9980636
223,hv_256_50_2783,0.44252822,0.6707384,0.0005803494,0.012150256,0.5645883,0.17608313,0.99335563
224,hv_256_50_2776,0.32310832,0.6518201,0.00064359483,0.010969251,0.7185,0.17056336,0.9991178
225,sonora_256_50_2427,0.34059355,0.6409867,0.0006111819,0.010547359,0.7007975,0.14098574,0.999032
226,hv_256_50_1675,0.35357645,0.48927784,0.0009500114,0.025313776,0.98671246,0.79111046,0.88531643
227,sonora_256_50_1192,0.2669213,0.78615546,0.00274671,0.013244709,0.9707592,0.25719434,0.99768996
228,hv_256_50_1665,0.14886843,0.27364665,0.0018402796,0.035421304,0.9999951,0.81433237,0.85135233
229,hv_256_50_619,0.51668084,0.64888513,0.000105917185,0.014225975,0.97048426,0.83276206,0.7726429
230,hv_256_50_2855,0.3253099,0.5212628,0.00019153136,0.0056958767,0.96993536,0.44879714,0.99239963
231,hv_256_50_1630,0.54892224,0.6997128,0.00013188443,0.012868095,0.7479771,0.61678016,0.92915845
232,hv_256_50_560,0.44753936,0.6624458,0.0004094121,0.012478472,0.9900746,0.677525,0.9458764
233,hv_256_50_684,0.2924249,0.3627085,5.5576096e-05,0.015218572,0.9999629,0.86861145,0.581407
234,hv_256_50_1534,0.1598327,0.27249396,0.00011793135,0.029450018,0.9999999,0.9279901,0.39343682
235,hv_256_50_2100,0.31282708,0.43702602,8.737318e-05,0.01591987,0.99919575,0.76003236,0.8446167
236,sonora_256_50_731,0.39922702,0.6882733,0.0007805523,0.008528486,0.28796235,0.054692425,0.9988632
237,hv_256_50_3243,0.47754592,0.6521031,1.5751903e-05,0.002390663,0.72623515,0.227979,0.9949764
238,hv_256_50_1105,0.22359681,0.29264483,1.0263308e-05,0.023042286,0.9999999,0.9476627,0.116255976
239,sonora_256_50_3469,0.43367633,0.6369902,0.0003871243,0.008684741,0.27064353,0.061652675,0.99875045
240,sonora_256_50_852,0.35232326,0.8056391,0.001495189,0.011553116,0.5919277,0.11073678,0.9983203
241,hv_256_50_330,0.4952014,0.7426112,0.0002506927,0.014465264,0.971264,0.79068804,0.8641036
242,sonora_256_50_3255,0.44615936,0.637473,0.00036710786,0.00944312,0.24049848,0.0611346,0.9981504
243,hv_256_50_1988,0.43317083,0.62611026,0.00028015274,0.009690737,0.44060916,0.123657756,0.9954709
244,hv_256_50_1293,0.31449276,0.6653848,0.0010029944,0.011994901,0.83260125,0.1711943,0.9989354
245,hv_256_50_495,0.16082676,0.437009,0.004272851,0.023719454,0.99968135,0.8726581,0.9742149
246,sonora_256_50_36,0.37860936,0.60473335,0.00069918454,0.003380318,0.12624717,0.020574046,0.9990251
247,hv_256_50_2705,0.41151813,0.639383,0.001052752,0.015230595,0.4600236,0.13064322,0.9962263
248,hv_256_50_400,0.4532746,0.5912616,6.7391695e-05,0.0095542045,0.9796713,0.81797665,0.8759052
249,hv_256_50_1532,0.5210848,0.577022,1.4579963e-06,0.0046272883,0.99926287,0.868559,0.5427437
250,sonora_256_50_2205,0.3946647,0.6426066,0.0007173616,0.005789387,0.23155077,0.039105937,0.9990833
251,sonora_256_50_1995,0.37684733,0.65085864,0.0006263992,0.0074743317,0.3759876,0.061889794,0.99910575
252,hv_256_50_3522,0.3405673,0.6119389,0.0005342354,0.009064057,0.6441742,0.122018844,0.9992859
253,sonora_256_50_1855,0.35911596,0.71640736,0.0007028891,0.011290474,0.5264205,0.12650931,0.9990441
254,sonora_256_50_2778,0.37159565,0.6119968,0.00054861675,0.009548836,0.4587054,0.0991439,0.9992298
255,hv_256_50_2178,0.33163175,0.49147815,0.00030952354,0.014614489,0.9935309,0.72684395,0.93678844
256,sonora_256_50_2915,0.39823514,0.64977044,0.0005195752,0.010447714,0.35292947,0.06533059,0.99886334
257,hv_256_50_1318,0.10392831,0.15024339,9.9838784e-05,0.030505946,1.0,0.90889883,0.35976994
258,sonora_256_50_2162,0.32723752,0.60689354,0.00038637506,0.008055401,0.6330774,0.14092477,0.9995123
259,hv_256_50_628,0.14153507,0.3461435,0.00695608,0.023579556,0.99996006,0.8257982,0.9689859
260,hv_256_50_2173,0.4019001,0.6344865,0.00095062813,0.01783242,0.8370918,0.41038254,0.9853961
261,sonora_256_50_285,0.42010644,0.73050696,0.00095041795,0.020218255,0.70816,0.26758546,0.9906782
262,sonora_256_50_540,0.35965198,0.6871709,0.0008487691,0.003647087,0.34229323,0.03049609,0.99923503
263,hv_256_50_3019,0.5234028,0.697187,5.8659076e-05,0.0048136706,0.20811884,0.08878128,0.99633265
264,sonora_256_50_1374,0.3409976,0.7034643,0.0009868296,0.013974647,0.6484506,0.14794846,0.99866915
265,hv_256_50_1028,0.28773224,0.63484496,0.002502639,0.016916174,0.9681626,0.24920514,0.99654764
266,hv_256_50_2948,0.4631192,0.654682,0.00017695692,0.00672916,0.22802655,0.06695198,0.9974759
267,sonora_256_50_3449,0.42551085,0.62809426,0.00055160554,0.011758073,0.31274074,0.070392,0.9971186
268,sonora_256_50_1144,0.33077157,0.66355556,0.000660677,0.011258401,0.6924961,0.15218277,0.9991291
269,hv_256_50_1461,0.36356413,0.48450425,0.0001993452,0.022922417,0.9984907,0.8766751,0.69196516
270,sonora_256_50_3546,0.45823902,0.6791623,0.00040192006,0.010720628,0.25950906,0.08382016,0.9979032
271,sonora_256_50_594,0.3886056,0.6971148,0.00084932573,0.009919597,0.35005748,0.070248485,0.9988041
272,sonora_256_50_2721,0.35659626,0.71963245,0.0010729127,0.012706344,0.5727427,0.117137894,0.9987016
273,hv_256_50_733,0.3336201,0.84069824,0.0022781554,0.014868742,0.7463011,0.15748858,0.99782515
274,sonora_256_50_1875,0.30215865,0.5871816,0.00034294996,0.0074169543,0.78283614,0.15929748,0.9995759
275,sonora_256_50_1101,0.20568345,0.4373073,0.0008676783,0.010896138,0.9919337,0.6936497,0.9964545
276,sonora_256_50_2562,0.47588432,0.710576,0.0005655791,0.0146689,0.31173646,0.13594024,0.9940241
277,hv_256_50_2060,0.6328636,0.78000087,2.862868e-05,0.0051624994,0.123967424,0.15816543,0.98985213
278,hv_256_50_1696,0.298292,0.7037423,0.0015503739,0.014112791,0.9174451,0.21895456,0.9980413
279,hv_256_50_1231,0.43267456,0.69330025,0.000827482,0.015017386,0.3563653,0.097914085,0.99618274
280,sonora_256_50_3431,0.38280213,0.6341188,0.000838483,0.014254712,0.44635683,0.10110382,0.9984938
281,hv_256_50_2625,0.3407213,0.6172156,0.00071428635,0.01139091,0.68801636,0.15705135,0.99886596
282,sonora_256_50_1770,0.3070206,0.5861095,0.00036602173,0.007124602,0.7843598,0.15505861,0.99954754
283,hv_256_50_3235,0.4164942,0.58653545,2.1059073e-05,0.0026894724,0.9141239,0.25287393,0.99373007
284,hv_256_50_2663,0.45040724,0.65182143,0.0004225119,0.011183382,0.4971845,0.14073224,0.9939721
285,sonora_256_50_1341,0.3735755,0.7557094,0.0009207982,0.012503487,0.4738864,0.11578698,0.99865806
286,sonora_256_50_632,0.22893013,0.45477808,0.0027351931,0.018629324,0.9944377,0.5912183,0.9889425
287,hv_256_50_949,0.38623795,0.58283174,0.00077455357,0.005703784,0.18041357,0.03830913,0.998587
288,sonora_256_50_3341,0.37212268,0.69436955,0.0013790282,0.015463799,0.5801434,0.112552114,0.99783915
289,sonora_256_50_1060,0.37118766,0.6415576,0.0039561815,0.02488293,0.5087078,0.23039965,0.98933125
290,sonora_256_50_113,0.3303874,0.79672223,0.001974304,0.0052937204,0.78408533,0.06792223,0.9988776
291,hv_256_50_3427,0.5327746,0.7099727,1.8114488e-05,0.0025883964,0.2892528,0.10734448,0.99694186
292,hv_256_50_3372,0.5214292,0.70462894,3.2956767e-05,0.0033554635,0.22041911,0.08455735,0.9972173
293,hv_256_50_942,0.30049074,0.7258857,0.0010500706,0.012286427,0.8363826,0.19829874,0.99881953
294,hv_256_50_780,0.24858387,0.31741124,0.00011393015,0.0212823,0.9999337,0.77308196,0.7022866
295,hv_256_50_186,0.42487165,0.57057774,0.00079183636,0.027086852,0.82069314,0.50400007,0.9459105
296,hv_256_50_487,0.48730966,0.61646616,0.00010093725,0.022458937,0.998248,0.9606544,0.33566472
297,hv_256_50_1990,0.47120297,0.7215773,0.00044766374,0.01085524,0.25738335,0.09483188,0.9968034
298,sonora_256_50_1223,0.373187,0.8094771,0.0014722429,0.013205034,0.46203992,0.105162054,0.99827254
299,sonora_256_50_3109,0.40406945,0.62791216,0.00046492871,0.008633739,0.324533,0.05929274,0.9990689
300,hv_256_50_1578,0.4241162,0.7210822,0.00086922327,0.013346065,0.37504205,0.104104325,0.9971988
301,sonora_256_50_3396,0.42153868,0.65090054,0.00036652983,0.008692644,0.2667714,0.05848286,0.9982899
302,sonora_256_50_765,0.36500737,0.66874206,0.0012923096,0.016304955,0.8912327,0.2731692,0.9919778
303,hv_256_50_3628,0.45171157,0.6458607,2.2785696e-05,0.0022198237,0.6037685,0.13280286,0.9977182
304,sonora_256_50_1693,0.29697484,0.6327304,0.0006359512,0.010634686,0.84554976,0.19398631,0.9991399
305,hv_256_50_1091,0.30975592,0.66517675,0.00083769,0.012601391,0.8351992,0.20704323,0.99880373
306,hv_256_50_462,0.27932936,0.67342216,0.0013579723,0.011534335,0.93264526,0.24094464,0.9978581
307,hv_256_50_2986,0.47094467,0.6813593,0.0001923597,0.0069676647,0.22034235,0.07205368,0.99771166
308,sonora_256_50_3119,0.44652548,0.6419845,0.00088427006,0.017285896,0.3089472,0.087949835,0.9958544
309,hv_256_50_3034,0.40728974,0.586633,2.978277e-05,0.0028955415,0.9059645,0.26610374,0.99435693
310,hv_256_50_2875,0.44634274,0.62383443,0.00014298515,0.008718445,0.65454644,0.16622806,0.9918243
311,hv_256_50_443,0.2776034,0.44440714,0.0035649235,0.034023874,0.9897335,0.8666133,0.9311501
312,hv_256_50_2748,0.46033093,0.5871218,1.0966073e-05,0.0037713929,0.9611532,0.5273402,0.96642494
313,sonora_256_50_3504,0.42142275,0.6328627,0.0004660295,0.009726464,0.30643502,0.06750394,0.99876356
314,hv_256_50_592,0.27194008,0.6081576,0.0017295155,0.016358763,0.9442,0.46852154,0.99579215
315,hv_256_50_7,0.21524435,0.57285345,0.0017127402,0.011909606,0.99715024,0.39362895,0.99815136
316,sonora_256_50_1004,0.3138202,0.68937004,0.0008545267,0.011988127,0.7882317,0.16282798,0.9989311
317,sonora_256_50_1012,0.32357356,0.67057836,0.000520038,0.0092441505,0.70179105,0.15420398,0.9993761
318,sonora_256_50_2210,0.31759897,0.59623414,0.0014333499,0.015519028,0.85703045,0.22946103,0.99658656
319,sonora_256_50_364,0.27452675,0.65346533,0.00090417877,0.009294334,0.93590736,0.19596647,0.9990847
320,hv_256_50_2541,0.26593435,0.38017848,0.00025358057,0.022256598,0.9996513,0.8753856,0.7698372
321,hv_256_50_3688,0.49303246,0.6763874,0.0002014887,0.007785313,0.19361424,0.07930239,0.99710053
322,hv_256_50_3132,0.46787366,0.64452827,0.00060027826,0.02007264,0.4863489,0.19519289,0.9817978
323,sonora_256_50_993,0.39413834,0.7121487,0.0017480305,0.014318673,0.34989408,0.08936665,0.9972466
324,sonora_256_50_151,0.28327677,0.7196623,0.0013120027,0.01156156,0.9230648,0.19611327,0.9986395
325,hv_256_50_3501,0.53488505,0.71121055,8.034421e-06,0.0016502574,0.41503575,0.15107125,0.99676526
326,hv_256_50_1258,0.47490242,0.66881096,0.00019259389,0.011944614,0.8347454,0.55449426,0.96491367
327,hv_256_50_408,0.335086,0.5410723,0.00036502897,0.008047742,0.9642374,0.40727767,0.9905882
328,sonora_256_50_3290,0.32501832,0.6058351,0.0003320305,0.0075293,0.6325423,0.13643612,0.9995937
329,hv_256_50_3356,0.48462865,0.6694353,8.257697e-05,0.005025871,0.24256724,0.07371799,0.99721897
330,hv_256_50_333,0.36348578,0.6196625,0.001262731,0.014391518,0.9432522,0.45934328,0.98848104
331,hv_256_50_387,0.35375288,0.62158906,0.0013784597,0.007592902,0.3984137,0.10252317,0.99741274
332,sonora_256_50_3249,0.399962,0.6257126,0.00052134274,0.009539126,0.35329738,0.06629233,0.9990368
333,sonora_256_50_2371,0.36128435,0.61314625,0.00062627386,0.011293727,0.54135436,0.12029741,0.99905366
334,sonora_256_50_1835,0.3183675,0.591259,0.0003585101,0.00748538,0.717897,0.14353845,0.99956125
335,sonora_256_50_2885,0.36811244,0.62422204,0.0005506846,0.009694279,0.45500872,0.09695558,0.9992372
336,hv_256_50_1137,0.3672335,0.7187861,0.0011465335,0.014462022,0.49167058,0.121251546,0.9982817
337,hv_256_50_1451,0.27234167,0.35565162,1.3334258e-05,0.02036659,0.99999845,0.95724875,0.16382968
338,sonora_256_50_2527,0.38981658,0.5882874,0.00037826956,0.0029251836,0.15846877,0.018812647,0.99958986
339,sonora_256_50_303,0.3301646,0.7030079,0.0025789998,0.023640757,0.7481047,0.24403296,0.9954709
340,sonora_256_50_866,0.38717222,0.65468353,0.0010361513,0.012830354,0.32812852,0.083771035,0.99823296
341,hv_256_50_2501,0.45065677,0.548305,0.0002656038,0.018961877,0.8737674,0.6214658,0.9069792
342,hv_256_50_1767,0.366172,0.7202193,0.0015783078,0.01921039,0.7623106,0.21086705,0.99629694
343,sonora_256_50_3279,0.38934714,0.68304086,0.000959416,0.010227072,0.31861797,0.07258034,0.9985209
344,hv_256_50_3575,0.36430168,0.50551945,5.0100705e-05,0.0058767186,0.98236334,0.5413171,0.97503585
345,hv_256_50_453,0.3437864,0.78910947,0.002368525,0.013889912,0.6925533,0.13499679,0.99793786
346,hv_256_50_421,0.4634206,0.62100977,0.0005210859,0.027765345,0.8138288,0.6384102,0.9256053
347,sonora_256_50_2671,0.35576952,0.6707027,0.0005778964,0.010266703,0.5313426,0.12759143,0.9991961
348,hv_256_50_2113,0.44583535,0.652717,0.0008548093,0.022315126,0.40165,0.14477837,0.99151784
349,sonora_256_50_3349,0.3865539,0.64613104,0.0005692567,0.007989582,0.3166408,0.065006524,0.9992612
350,sonora_256_50_3309,0.5003754,0.66006744,0.0002667412,0.011135263,0.21693212,0.094156146,0.9954982
351,sonora_256_50_871,0.30356878,0.69456697,0.00075019675,0.010788007,0.8332318,0.17511697,0.99909234
352,hv_256_50_441,0.24501288,0.4903662,0.0019341062,0.019621473,0.97712255,0.6580093,0.98943967
353,sonora_256_50_1906,0.37844893,0.64359385,0.0006731905,0.012059515,0.46895579,0.10577371,0.9989398
354,sonora_256_50_251,0.36046115,0.7463888,0.0011731074,0.004423447,0.66261274,0.06144881,0.9993293
355,sonora_256_50_2657,0.3139919,0.5865152,0.00035453384,0.0072506107,0.73408407,0.14904475,0.9995646
356,sonora_256_50_1294,0.37762022,0.6467542,0.000724156,0.0057898015,0.27617237,0.04448954,0.9990386
357,sonora_256_50_827,0.38452744,0.68467957,0.0008040369,0.009495871,0.38150302,0.07345802,0.99895394
358,hv_256_50_722,0.3274746,0.63243324,0.0006740431,0.012148801,0.691846,0.1742568,0.99881685
359,hv_256_50_2885,0.4641361,0.65130836,2.0699026e-05,0.0022374345,0.6074123,0.11979517,0.99745876
360,hv_256_50_2656,0.3750441,0.60320055,0.0012035249,0.019674836,0.8554153,0.2939077,0.9867112
361,sonora_256_50_1981,0.3912057,0.626459,0.0005269884,0.00479045,0.20889284,0.03282277,0.99935144
362,sonora_256_50_1905,0.34128863,0.6046587,0.00043421224,0.00879539,0.59344286,0.12256061,0.9994141
363,hv_256_50_865,0.26119092,0.5171223,0.001286159,0.01742486,0.96162534,0.53037184,0.9952201
364,sonora_256_50_830,0.24196932,0.6228532,0.0027572708,0.012262707,0.9905992,0.2919919,0.9971426
365,sonora_256_50_2815,0.40442243,0.61179334,0.00083129207,0.012812841,0.4223546,0.096286885,0.9969517
366,sonora_256_50_3662,0.5129021,0.6851966,0.000111997084,0.006252146,0.1811761,0.0785035,0.9963271
367,sonora_256_50_2423,0.45855486,0.68815714,0.0006866185,0.018753774,0.35664433,0.13484015,0.99486935
368,sonora_256_50_2021,0.34874636,0.60465044,0.00045968106,0.008538988,0.59560424,0.1185381,0.9993819
369,hv_256_50_2316,0.40725163,0.6000225,0.0001298586,0.0077528916,0.85747707,0.2494154,0.99116933
370,sonora_256_50_634,0.21727929,0.56905353,0.0017609466,0.010792863,0.9970425,0.21996027,0.9982521
371,hv_256_50_2827,0.2116562,0.29006153,9.068695e-05,0.03056209,0.99999356,0.9442949,0.3487326
372,sonora_256_50_2276,0.39086187,0.6048514,0.0007102949,0.006819345,0.23516478,0.04503039,0.99890614
373,hv_256_50_842,0.17066903,0.28539142,9.798554e-05,0.02767224,0.9999995,0.88735044,0.5053206
374,hv_256_50_383,0.3559256,0.7638375,0.0027352583,0.020773176,0.6010706,0.18739398,0.99581736
375,sonora_256_50_1810,0.3259418,0.63112223,0.00046674925,0.008939078,0.68447995,0.14734761,0.9994355
376,sonora_256_50_2211,0.43991527,0.71393466,0.00041459248,0.010836471,0.46916866,0.18216065,0.99779415
377,hv_256_50_2246,0.27988926,0.40102017,0.00024396378,0.01208254,0.99957234,0.58638203,0.9394959
378,sonora_256_50_3480,0.3770005,0.64484847,0.0007346947,0.011380159,0.43374887,0.08530168,0.9986765
379,sonora_256_50_3670,0.46131828,0.6632643,1.9306266e-05,0.001848857,0.5151984,0.12550351,0.9983437
380,sonora_256_50_3590,0.46886143,0.66497844,0.00016483424,0.0066979597,0.21920198,0.06923626,0.9975042
381,hv_256_50_3453,0.32983407,0.5866394,0.0003863633,0.0075938073,0.6815673,0.12707293,0.9995216
382,sonora_256_50_1724,0.35775495,0.65280366,0.00054579816,0.009332041,0.5354691,0.11051891,0.9993068
383,hv_256_50_3293,0.4865885,0.68117076,2.9958757e-05,0.002637178,0.35528442,0.09613289,0.99797064
384,sonora_256_50_2635,0.34044465,0.6184121,0.0004825739,0.009279698,0.5983325,0.13181707,0.9993548
385,hv_256_50_2408,0.21478076,0.31290492,4.1945408e-05,0.023358915,0.99999547,0.90395606,0.47517794
386,hv_256_50_1639,0.37776184,0.5997584,0.00094560464,0.016543547,0.6946256,0.2050028,0.99342054
387,hv_256_50_486,0.1374077,0.27665496,0.0068495004,0.049424227,0.99999666,0.9451236,0.73781306
388,hv_256_50_1523,0.2424327,0.3165238,5.807295e-06,0.019907318,0.99999964,0.95050126,0.1309553
389,sonora_256_50_1813,0.3195873,0.6163507,0.00046861096,0.0090379,0.7304282,0.15776074,0.99938154
390,hv_256_50_3120,0.36074927,0.67168427,0.0009568954,0.012218745,0.6307656,0.12218209,0.9984395
391,sonora_256_50_1891,0.43730894,0.67932886,0.00084685365,0.015498431,0.3436164,0.09260254,0.9968636
392,hv_256_50_291,0.5324961,0.6403234,2.854232e-05,0.0077880495,0.9900141,0.8873229,0.70107806
393,sonora_256_50_895,0.3786632,0.72944355,0.0016484233,0.017548703,0.46406665,0.1214223,0.9974999
394,sonora_256_50_412,0.35262996,0.6677032,0.0012025841,0.010430109,0.5861153,0.11005222,0.99809736
395,hv_256_50_1823,0.2457522,0.38106272,0.0008681637,0.013849998,0.9934895,0.5118645,0.9822212
396,hv_256_50_1334,0.21435018,0.3458258,0.00027147873,0.025994051,0.99999,0.9335602,0.600791
397,hv_256_50_1673,0.26656654,0.42021194,0.00047124535,0.025121002,0.9999105,0.93326503,0.6813106
398,hv_256_50_3095,0.5697443,0.7343785,6.5332556e-06,0.0016575702,0.22191578,0.08242841,0.9974699
399,sonora_256_50_2445,0.3980689,0.6579085,0.0007735895,0.010063227,0.3897524,0.06518616,0.99845254
400,hv_256_50_3084,0.35000807,0.49839216,9.149347e-05,0.007985644,0.97682583,0.5246732,0.9764454
401,hv_256_50_338,0.4166948,0.55130386,2.0931053e-05,0.0038200314,0.9805031,0.478455,0.97420937
402,sonora_256_50_764,0.39384687,0.6945639,0.00071950455,0.017350582,0.9578816,0.666238,0.9703578
403,sonora_256_50_2483,0.3924186,0.61810386,0.0012750474,0.011876668,0.28283367,0.086239666,0.9974855
404,sonora_256_50_3501,0.393525,0.6223273,0.0005454435,0.009651912,0.37688667,0.07223239,0.9990777
405,sonora_256_50_2733,0.4045373,0.58714867,0.0008324161,0.007651568,0.20313154,0.046891436,0.998517
406,hv_256_50_2216,0.2928058,0.39975992,0.0008512686,0.021203041,0.99941635,0.81450295,0.8495519
407,hv_256_50_3683,0.4524754,0.6719757,0.00062820595,0.012790929,0.3567262,0.10802913,0.99537045
408,sonora_256_50_671,0.36295283,0.7913749,0.0037535802,0.020476362,0.59756917,0.18595405,0.9936644
409,sonora_256_50_3324,0.47410214,0.6638828,0.00016692521,0.006169405,0.19085023,0.06539748,0.9979857
410,hv_256_50_1089,0.36802647,0.7148906,0.0009576534,0.016300619,0.6336154,0.17977975,0.99798465
411,sonora_256_50_3100,0.3864025,0.63635707,0.00074153516,0.014088635,0.524076,0.14404134,0.99834883
412,hv_256_50_1566,0.44689566,0.7172214,0.0004476616,0.011475946,0.63980573,0.2860448,0.9909819
413,hv_256_50_3529,0.37579376,0.6409711,0.00092941424,0.013477199,0.4413709,0.089196,0.9983454
414,sonora_256_50_3694,0.39556628,0.6909767,0.00069675996,0.00982297,0.34806618,0.07528237,0.9990337
415,hv_256_50_3124,0.4524219,0.6466851,0.00030513038,0.008142955,0.29620737,0.076561674,0.9971168
416,hv_256_50_3029,0.46163532,0.5628801,6.8629647e-06,0.006675552,0.9958015,0.81956065,0.75744355
417,hv_256_50_1012,0.3233752,0.7217643,0.001146374,0.013932016,0.7494858,0.1832427,0.9987405
418,sonora_256_50_2642,0.35649166,0.608738,0.0004638516,0.008888906,0.5084929,0.115186915,0.9993937
419,sonora_256_50_2573,0.33343697,0.59914756,0.00047548997,0.008990993,0.67317146,0.13573188,0.9993772
420,hv_256_50_1633,0.42499226,0.6861765,0.000675754,0.014036427,0.696749,0.23468429,0.99163157
421,hv_256_50_2989,0.45939913,0.7144101,0.0007287369,0.01746183,0.5666161,0.19710046,0.9879667
422,hv_256_50_3555,0.4451761,0.6162657,1.8691759e-05,0.0027270464,0.83438087,0.2527106,0.99403524
423,hv_256_50_2158,0.2989159,0.45945448,0.00018288518,0.010527317,0.9951674,0.58947724,0.9687811
424,sonora_256_50_2362,0.30120936,0.58686423,0.00034210843,0.007213034,0.78563344,0.15884042,0.99958175
425,sonora_256_50_1353,0.31208733,0.6648991,0.00061221316,0.009716369,0.77268255,0.1601243,0.9993079
426,sonora_256_50_390,0.38133988,0.7031504,0.0032274567,0.019854544,0.49386016,0.18326437,0.9936573
427,hv_256_50_3634,0.52522206,0.70880896,1.3663037e-05,0.0019049302,0.35697207,0.11850733,0.9974412
428,hv_256_50_824,0.31159383,0.5948139,0.00058826467,0.011275947,0.99146324,0.59708333,0.99237263
429,sonora_256_50_3135,0.32581937,0.591935,0.00042183578,0.008305279,0.68695486,0.13819496,0.99944884
430,hv_256_50_1590,0.27748188,0.34784675,9.921127e-05,0.015289337,0.9999697,0.7863227,0.70132357
431,hv_256_50_3610,0.3928328,0.67680514,0.0008028212,0.014691729,0.43732733,0.10096485,0.9985258
432,sonora_256_50_1011,0.31775805,0.6661081,0.00064746954,0.010156654,0.771947,0.1725712,0.9991756
433,sonora_256_50_3242,0.4279075,0.6349792,0.00048172,0.009949261,0.3227672,0.07413711,0.9975305
434,hv_256_50_1094,0.33656776,0.6735304,0.0008632179,0.011987393,0.6714266,0.13500766,0.99880683
435,hv_256_50_464,0.38398108,0.583115,0.00060733827,0.0048594945,0.16746542,0.03183367,0.99891984
436,sonora_256_50_2132,0.3801025,0.64671284,0.0005294858,0.0034034678,0.22919767,0.027464524,0.99943906
437,sonora_256_50_611,0.39943737,0.5914552,0.00079292594,0.006320744,0.17560773,0.033083025,0.99883884
438,sonora_256_50_2560,0.3820839,0.6862856,0.00097549916,0.012673748,0.5600628,0.12121569,0.99804556
439,sonora_256_50_740,0.36327705,0.817223,0.001749697,0.01010255,0.5632067,0.1024103,0.9984358
440,sonora_256_50_2175,0.34404466,0.6131179,0.0006011996,0.010039702,0.6335266,0.12861198,0.9991911
441,hv_256_50_211,0.41597143,0.6059907,0.0005880713,0.014269869,0.9659344,0.52457756,0.9629488
442,hv_256_50_725,0.37834755,0.6517086,0.00084275875,0.018686898,0.5973239,0.16014035,0.9977975
443,sonora_256_50_3236,0.3595844,0.60384965,0.0005139144,0.009555843,0.53475344,0.11395123,0.99924564
444,sonora_256_50_311,0.39338648,0.6368222,0.0010361978,0.007936454,0.26513198,0.052223355,0.99850696
445,sonora_256_50_841,0.2886368,0.6219914,0.00056153815,0.0066835633,0.99966943,0.589669,0.989876
446,sonora_256_50_1797,0.34503493,0.61795944,0.00056661235,0.010058928,0.61809814,0.13179436,0.9991942
447,sonora_256_50_1740,0.32898903,0.61798483,0.00042316568,0.008152716,0.6639339,0.1402034,0.9994854
448,hv_256_50_3042,0.32517684,0.59745735,0.00033772463,0.007761722,0.637843,0.13507397,0.9995565
449,hv_256_50_2763,0.3392001,0.66628677,0.00092307065,0.0130855255,0.666094,0.15700495,0.9985618
450,hv_256_50_2207,0.5001206,0.66797733,0.00010992519,0.005958758,0.18148226,0.06738442,0.996806
451,sonora_256_50_3346,0.3537929,0.59121954,0.0021704547,0.013356574,0.73856115,0.1485371,0.9956989
452,hv_256_50_2197,0.50165457,0.6697925,0.00014032346,0.007841897,0.26618582,0.10085527,0.9941292
453,hv_256_50_2729,0.43318403,0.5495058,5.3403302e-05,0.008833587,0.9855618,0.73583084,0.9006698
454,hv_256_50_1424,0.29097018,0.6686853,0.0019470304,0.018726796,0.95002353,0.37217167,0.9957634
455,hv_256_50_2868,0.40931237,0.59044963,0.00016549048,0.0062701637,0.8461006,0.25658014,0.9923233
456,hv_256_50_2540,0.31391835,0.42884186,5.3675794e-05,0.012384817,0.99946696,0.8809063,0.77292615
457,hv_256_50_2685,0.35008937,0.42368743,6.6784282e-06,0.009973372,0.99998116,0.9048611,0.40840024
458,sonora_256_50_3164,0.37125385,0.59696466,0.0005630237,0.009787411,0.47207955,0.10185634,0.999169
459,hv_256_50_1270,0.21412605,0.34335917,0.00073693367,0.021898981,0.9997565,0.80081946,0.9134431
460,sonora_256_50_1932,0.31477895,0.5952132,0.00029877143,0.0069275317,0.6864603,0.1449401,0.99963903
461,hv_256_50_3419,0.46502116,0.65482754,4.5470308e-05,0.0033405535,0.46641013,0.108853005,0.9972588
462,sonora_256_50_572,0.32895446,0.7389176,0.0020296855,0.018220443,0.7876202,0.19844316,0.9966659
463,sonora_256_50_477,0.3999347,0.65136725,0.0008717099,0.008724332,0.2394314,0.05059951,0.9986872
464,hv_256_50_3222,0.4573252,0.64148515,4.0046118e-05,0.003040865,0.60712016,0.15923531,0.99631447
465,sonora_256_50_2954,0.35862434,0.6217391,0.00045351975,0.008846958,0.48403314,0.10890435,0.999416
466,sonora_256_50_1487,0.28433558,0.5973753,0.00040721564,0.007980146,0.86209095,0.17970455,0.9995005
467,sonora_256_50_3028,0.30736428,0.5808144,0.00035456935,0.0068973713,0.7800996,0.15525962,0.99957234
468,sonora_256_50_3690,0.29586527,0.654944,0.0010467448,0.011716513,0.9212115,0.21267788,0.99888855
469,sonora_256_50_2348,0.51182985,0.7349482,0.00018556532,0.0093657905,0.27847248,0.15149775,0.9944469
470,hv_256_50_3407,0.44422746,0.67915046,0.00075536314,0.016433148,0.31824908,0.09100992,0.99618214
471,sonora_256_50_1537,0.36079046,0.70656085,0.00079379306,0.010831591,0.51283014,0.10539063,0.99905103
472,sonora_256_50_1000,0.3724948,0.6294294,0.0007405416,0.011064258,0.41138417,0.09187697,0.9989009
473,hv_256_50_2273,0.47480088,0.6790142,0.00013507581,0.0059820847,0.21110196,0.07133554,0.9976284
474,hv_256_50_713,0.15615387,0.27617458,0.003040768,0.035147507,0.99995637,0.90549606,0.86226976
475,sonora_256_50_2860,0.32330805,0.60242486,0.0003169094,0.007360231,0.6277899,0.13849178,0.99961853
476,hv_256_50_1052,0.10838296,0.31799045,0.0048875203,0.018328827,0.99999857,0.66862833,0.9874693
477,hv_256_50_2751,0.42929476,0.52325624,6.135632e-06,0.004029585,0.99559706,0.64450234,0.9157177
478,sonora_256_50_2640,0.34186554,0.6033655,0.0003849607,0.007682422,0.5746077,0.12162922,0.99951935
479,hv_256_50_651,0.4176513,0.62966466,0.0006096082,0.014302591,0.696034,0.40176594,0.9925156
480,hv_256_50_2582,0.42794135,0.50128895,0.00010035574,0.013473502,0.9925753,0.8721483,0.7117142
481,hv_256_50_1902,0.31036285,0.5068705,0.00052562694,0.02068955,0.9936546,0.58595574,0.9570518
482,sonora_256_50_1299,0.37429065,0.7395629,0.0012594819,0.011818844,0.4266513,0.099635296,0.99832016
483,hv_256_50_3107,0.3541625,0.6068682,0.00051937514,0.009937282,0.5309271,0.12467099,0.99927706
484,hv_256_50_2612,0.3282006,0.40430903,3.524442e-05,0.012929525,0.9997923,0.88452715,0.6238477
485,hv_256_50_2261,0.44023627,0.6236562,3.7757884e-05,0.0032892346,0.7020436,0.17737593,0.9962016
486,sonora_256_50_1138,0.4679833,0.73291177,0.0005471623,0.013115765,0.36741817,0.15746243,0.9953296
487,hv_256_50_2584,0.219088,0.34457442,0.0010306363,0.017999826,0.99853384,0.7934017,0.95398897
488,hv_256_50_14,0.29091167,0.484893,0.0013771842,0.014424373,0.99490595,0.7549391,0.96660054
489,sonora_256_50_792,0.3642375,0.66471535,0.0017369342,0.015339953,0.55731875,0.19353996,0.9966608
490,hv_256_50_3570,0.5149634,0.69603354,8.5283355e-06,0.0015021147,0.37405598,0.09148896,0.9981468
491,sonora_256_50_1333,0.2922272,0.6834591,0.0011283513,0.01288004,0.8962392,0.1955473,0.9987073
492,hv_256_50_1709,0.4572507,0.69973654,0.00030814676,0.008898132,0.34827635,0.11595957,0.99667346
493,hv_256_50_3470,0.35459965,0.64199364,0.00069670024,0.010938896,0.5517442,0.12273287,0.9990619
494,hv_256_50_2231,0.5154588,0.6991792,0.000440134,0.026135106,0.58336097,0.45239106,0.95712435
495,hv_256_50_3067,0.47877187,0.5832129,9.38135e-06,0.0044920784,0.9676165,0.48502117,0.95192015
496,sonora_256_50_3101,0.43641937,0.6742503,0.00061581394,0.014403792,0.37452427,0.11485011,0.9975297
497,sonora_256_50_776,0.31302363,0.6811005,0.001154501,0.01521187,0.8341313,0.223117,0.99810106
498,sonora_256_50_199,0.3149926,0.7547983,0.0022807384,0.017820323,0.8347905,0.22527209,0.9970239
499,hv_256_50_2262,0.44766796,0.6404269,0.00010670059,0.005536732,0.6524778,0.21373178,0.9944232
500,hv_256_50_966,0.38537455,0.65498257,0.0011869768,0.020791335,0.71216965,0.43837634,0.9911815
501,sonora_256_50_1834,0.31450528,0.58742565,0.00033967945,0.0076146964,0.71837556,0.14524975,0.9995603
502,hv_256_50_2219,0.3253329,0.44224018,0.0008584424,0.02193421,0.99759406,0.8646206,0.8338084
503,hv_256_50_90,0.1895993,0.32019404,1.9979334e-05,0.021306703,0.9999999,0.9607762,0.218354
504,sonora_256_50_1231,0.32866263,0.8031396,0.0014730041,0.011213975,0.73292965,0.14328665,0.99859756
505,sonora_256_50_1362,0.3849037,0.65636456,0.0015082519,0.01075246,0.39014414,0.09315069,0.99757046
506,sonora_256_50_3035,0.328712,0.5912907,0.0003529112,0.007729333,0.6392674,0.13311484,0.9995301
507,hv_256_50_1755,0.41085625,0.6441261,0.00071319053,0.015339608,0.7982988,0.3344128,0.9864607
508,sonora_256_50_2904,0.3673999,0.7438378,0.0012697103,0.015919354,0.58165103,0.13413061,0.9980634
509,hv_256_50_1144,0.29737037,0.6846052,0.0012534395,0.013329198,0.8530906,0.2313264,0.99815804
510,hv_256_50_554,0.23468114,0.3388532,0.0001048008,0.023306632,0.999997,0.94484764,0.36472857
511,hv_256_50_3653,0.49141413,0.69808304,1.3835841e-05,0.0015367,0.28618798,0.06529786,0.99904615
512,hv_256_50_2299,0.4160544,0.70008326,0.0007191302,0.014033899,0.43753365,0.15869293,0.9963397
513,hv_256_50_2575,0.49769533,0.6790148,0.000103452716,0.0069353273,0.41568318,0.21623512,0.9914243
514,sonora_256_50_2510,0.5247558,0.741782,0.00010713818,0.0056709056,0.17150734,0.09041057,0.99682283
515,sonora_256_50_2873,0.40202817,0.6981252,0.0008187095,0.010241277,0.35103086,0.07617018,0.9987249
516,sonora_256_50_739,0.37518096,0.7959651,0.0013542462,0.01064138,0.45061618,0.08431844,0.99853516
517,hv_256_50_1499,0.37710735,0.68087715,0.00060466933,0.012658547,0.6261653,0.17006063,0.9983353
518,sonora_256_50_1266,0.28165013,0.7149285,0.001188725,0.01415308,0.9056555,0.26690212,0.9984773
519,hv_256_50_2260,0.54325795,0.7008561,1.7594315e-05,0.0033081179,0.4683881,0.17102747,0.9927569
520,sonora_256_50_261,0.3486679,0.7417247,0.0012233666,0.015590869,0.6317956,0.17393489,0.9979627
521,hv_256_50_61,0.24673434,0.3621131,0.0011713277,0.022737801,0.99836713,0.8287787,0.9148864
522,sonora_256_50_3361,0.34994954,0.60100585,0.0005046384,0.009791996,0.56019557,0.12663,0.9992816
523,hv_256_50_179,0.3843302,0.737645,0.0012551885,0.005307788,0.28822583,0.03645102,0.99897194
524,sonora_256_50_2950,0.34713852,0.5960802,0.0005894051,0.011411397,0.5622409,0.14319395,0.99911493
525,hv_256_50_659,0.36184826,0.52405167,0.00034940644,0.019133544,0.99018925,0.9048262,0.8529088
526,sonora_256_50_604,0.3614561,0.7007013,0.0007486084,0.00272175,0.41837677,0.023034018,0.9994972
527,sonora_256_50_3659,0.49843648,0.6906214,9.933908e-05,0.005557528,0.1843246,0.07438496,0.99719256
528,sonora_256_50_416,0.368933,0.66098106,0.0009464781,0.018432133,0.57753265,0.15175134,0.9980903
529,sonora_256_50_1125,0.35509816,0.7852905,0.0012131296,0.010580698,0.5322782,0.11742746,0.99861956
530,hv_256_50_295,0.1477642,0.23589969,0.0010448069,0.030544462,0.99999607,0.8605126,0.7641633
531,sonora_256_50_3439,0.55317473,0.7135963,6.2864856e-05,0.006826609,0.2491899,0.16328634,0.9904855
532,hv_256_50_3489,0.5125801,0.70020276,3.3438697e-05,0.0034220892,0.3280367,0.13594396,0.99609816
533,hv_256_50_3115,0.36077115,0.62723064,0.0006616618,0.011406961,0.5261057,0.12150071,0.99903935
534,sonora_256_50_1489,0.3042167,0.59552217,0.00035100168,0.007406372,0.7762325,0.1563913,0.9995747
535,sonora_256_50_2716,0.44583613,0.73567754,0.0007684573,0.013881829,0.4357072,0.14749657,0.99564916
536,sonora_256_50_3053,0.45203915,0.6629142,0.00023215564,0.0054979757,0.21511926,0.051506016,0.9987337
537,hv_256_50_471,0.45943072,0.6205328,0.000117528885,0.0069670407,0.9129282,0.6368727,0.9629655
538,hv_256_50_2706,0.34585315,0.62997115,0.0011552074,0.016361887,0.65553766,0.17021847,0.9975937
539,hv_256_50_3576,0.4120151,0.6026605,5.4011754e-05,0.004045775,0.83346164,0.27337548,0.99455136
540,hv_256_50_81,0.30205297,0.72584975,0.0017128525,0.013204778,0.95959336,0.19002013,0.997614
541,hv_256_50_1530,0.27893445,0.39188045,0.00012147572,0.022168377,0.9999653,0.9133073,0.5218756
542,hv_256_50_2797,0.51772076,0.62283444,5.354982e-05,0.008621817,0.8052128,0.43275207,0.9463376
543,hv_256_50_914,0.13937405,0.3275666,0.004936207,0.029446213,0.99995875,0.8898088,0.957142
544,sonora_256_50_3034,0.33434704,0.618359,0.00042303378,0.007884905,0.64375305,0.12313141,0.9994764
545,sonora_256_50_746,0.3921772,0.6052593,0.0009450705,0.007382454,0.2260263,0.04705013,0.99845135
546,sonora_256_50_2916,0.42742687,0.67787296,0.0005333532,0.010362042,0.2986583,0.0674333,0.9985103
547,hv_256_50_136,0.51129687,0.6580587,6.977531e-06,0.0022666438,0.88891894,0.38122877,0.9848279
548,sonora_256_50_336,0.26560065,0.5566004,0.001223108,0.013997966,0.96642035,0.35148776,0.99740666
549,hv_256_50_2933,0.38132194,0.5739721,0.00017687732,0.009180933,0.9616618,0.49628875,0.9804387
550,hv_256_50_2566,0.5183186,0.7106293,0.00025177974,0.013292818,0.29121792,0.1656119,0.99122405
551,hv_256_50_2072,0.53173536,0.6496795,3.1039772e-06,0.0028885314,0.9368822,0.5888575,0.9457628
552,sonora_256_50_986,0.31579113,0.79591197,0.0014209929,0.010461783,0.8156636,0.15737025,0.99893385
553,hv_256_50_1731,0.5335617,0.6013083,4.6623572e-06,0.0038179057,0.9795226,0.6964616,0.8711588
554,hv_256_50_1522,0.278392,0.34231973,1.0165499e-05,0.018629128,0.9999988,0.9377212,0.18784294
555,sonora_256_50_1471,0.34808213,0.7139315,0.000921618,0.012642358,0.6481091,0.14671089,0.99874675
556,sonora_256_50_1534,0.31034526,0.62162405,0.0004725156,0.008798341,0.7645849,0.16024967,0.9994394
557,sonora_256_50_496,0.27131203,0.6641517,0.0013603877,0.014884373,0.9590615,0.28986683,0.9980544
558,sonora_256_50_2926,0.34732467,0.6167165,0.0005858079,0.010407813,0.5808262,0.1289903,0.9992077
559,hv_256_50_2961,0.41112465,0.56325656,1.9126344e-05,0.004652661,0.97727203,0.5083243,0.9726848
560,sonora_256_50_3030,0.34819356,0.6021463,0.00041756488,0.008495258,0.5393899,0.123801716,0.99944896
561,sonora_256_50_222,0.3006531,0.62933624,0.0010550462,0.013583492,0.87080157,0.19442175,0.99848384
562,hv_256_50_2762,0.3377536,0.6540136,0.0011709147,0.011866884,0.66070306,0.13305242,0.9981483
563,hv_256_50_2224,0.52676886,0.63321745,1.8082523e-05,0.006484272,0.9788209,0.8711134,0.79642385
564,hv_256_50_3697,0.50307775,0.70242405,2.3297793e-05,0.0022912691,0.27345374,0.08177199,0.9982932
565,sonora_256_50_2309,0.38611048,0.68457454,0.00085012976,0.012311822,0.4498993,0.0784321,0.9985384
566,sonora_256_50_2645,0.34508258,0.67129886,0.0012541465,0.015295843,0.78259474,0.17025575,0.9979777
567,sonora_256_50_407,0.38855568,0.6523003,0.00064712594,0.005918518,0.23336348,0.038113557,0.9992136
568,sonora_256_50_3623,0.3967695,0.57451236,0.0005452433,0.0054726964,0.18592836,0.034798943,0.999175
569,sonora_256_50_3678,0.4010784,0.6309379,0.0018586349,0.024002647,0.63011926,0.18256332,0.9924441
570,hv_256_50_309,0.3417401,0.6418899,0.0017575065,0.018230071,0.7371701,0.21715434,0.99618226
571,hv_256_50_2740,0.5287702,0.6912216,0.000102799066,0.0073799905,0.23004052,0.12940712,0.99316204
572,sonora_256_50_1805,0.30370837,0.60211897,0.00048184954,0.00890344,0.81199545,0.16570362,0.9993837
573,hv_256_50_1957,0.1541951,0.2233287,0.00018753117,0.024869883,0.9999993,0.8093789,0.68267125
574,sonora_256_50_2043,0.33804095,0.62162894,0.00052211405,0.0108149275,0.61022675,0.14400701,0.9992519
575,hv_256_50_3644,0.3945268,0.5367332,3.1502903e-05,0.006055372,0.99174327,0.7075791,0.9429268
576,sonora_256_50_524,0.39727178,0.6757818,0.00092887855,0.008799252,0.26398265,0.05360899,0.99867517
577,hv_256_50_3014,0.40787664,0.5684011,8.571974e-05,0.0073030647,0.9810333,0.47394273,0.9679556
578,hv_256_50_2947,0.46924603,0.6540629,0.00017840513,0.008078038,0.3699799,0.12504514,0.99469227
579,sonora_256_50_3177,0.39603424,0.5982694,0.00034646262,0.0070512816,0.29952043,0.04524901,0.99925846
580,hv_256_50_817,0.27737927,0.65564334,0.0013332226,0.013281028,0.9497896,0.28396815,0.99753124
581,sonora_256_50_756,0.39106584,0.7504534,0.0013294948,0.013709768,0.33888394,0.08750094,0.99790984
582,sonora_256_50_1210,0.31877428,0.66233,0.0007091633,0.011398672,0.7235773,0.16786782,0.9990146
583,sonora_256_50_10,0.26856467,0.66916955,0.0014972378,0.013748185,0.9614227,0.2732179,0.99796486
584,hv_256_50_2908,0.3503644,0.62913185,0.00047941942,0.008706469,0.5392175,0.11331255,0.999356
585,hv_256_50_1946,0.4903531,0.5981619,8.7178405e-06,0.004658492,0.99599993,0.6916268,0.87467974
586,sonora_256_50_2381,0.31693816,0.5932487,0.00037372168,0.0075665885,0.7125551,0.14698707,0.9995407
587,sonora_256_50_3376,0.41860628,0.63317525,0.00034365166,0.00743583,0.27427146,0.05549808,0.99902546
588,sonora_256_50_1664,0.3670784,0.6784379,0.00050508545,0.011547852,0.7953188,0.22674257,0.9980975
589,hv_256_50_2028,0.20539653,0.30551958,0.00010500697,0.019359024,0.9999907,0.8564187,0.6691393
590,sonora_256_50_1442,0.34373015,0.64835155,0.00078774814,0.01123625,0.69623876,0.12454694,0.9988625
591,hv_256_50_2964,0.3455255,0.45843062,3.284372e-05,0.006439594,0.99674785,0.61979204,0.94702935
592,sonora_256_50_1691,0.33314696,0.6473533,0.00060003693,0.00919163,0.69478273,0.12560984,0.99920255
593,sonora_256_50_2807,0.38768485,0.6740783,0.0014042859,0.0139888,0.40144616,0.08986866,0.9979936
594,hv_256_50_1925,0.45448798,0.67565924,0.00022956161,0.0061339717,0.21818542,0.059710413,0.9983998
595,hv_256_50_3008,0.4990872,0.6882733,6.765996e-05,0.004534437,0.26576954,0.09230662,0.9969994
596,hv_256_50_3339,0.3928397,0.6217054,0.00071746064,0.011210703,0.37823507,0.0696017,0.9982943
597,hv_256_50_2730,0.3174597,0.5118769,0.00043811343,0.010168995,0.9583479,0.40155026,0.99015117
598,sonora_256_50_2588,0.31305718,0.58737105,0.00033467496,0.0071354248,0.72189236,0.14883211,0.99959284
599,hv_256_50_3658,0.38925594,0.62542313,0.00056436856,0.007343887,0.30905345,0.057317287,0.99910873
600,hv_256_50_480,0.2904355,0.37304583,0.00024445204,0.009556434,0.99720615,0.7734966,0.93165886
601,sonora_256_50_103,0.3816225,0.75826484,0.002401485,0.022542369,0.5070706,0.19983791,0.9959579
602,hv_256_50_3011,0.48741233,0.676057,8.519468e-05,0.0052903946,0.35672134,0.11864387,0.9963761
603,hv_256_50_1901,0.23561467,0.3819411,0.00034298399,0.028254118,0.9998324,0.78732014,0.8288947
604,hv_256_50_2255,0.56525826,0.7421967,7.126927e-05,0.006777774,0.19424964,0.16260205,0.9917787
605,sonora_256_50_2563,0.37946156,0.647576,0.00070688536,0.00945134,0.41799167,0.062118106,0.9987826
606,sonora_256_50_3075,0.38630953,0.5918789,0.0009943458,0.007903514,0.28153804,0.06700372,0.9982175
607,hv_256_50_3322,0.43161052,0.67275923,0.0005524884,0.011921507,0.35743278,0.10880288,0.9980696
608,sonora_256_50_1095,0.36470908,0.75685155,0.0016229887,0.01822142,0.5701716,0.17227267,0.99763
609,hv_256_50_3278,0.48192787,0.6554004,2.983889e-05,0.003476922,0.7328815,0.29285675,0.9913402
610,sonora_256_50_1188,0.258675,0.5666829,0.0005659059,0.009905292,0.9407549,0.32977954,0.9989473
611,hv_256_50_2156,0.52493894,0.6602299,1.8806995e-05,0.00491877,0.74871,0.27391323,0.97902817
612,sonora_256_50_1173,0.34911874,0.6453801,0.0006078949,0.009612185,0.6048507,0.12628181,0.9992156
613,sonora_256_50_3520,0.43800864,0.6220771,0.00036208468,0.010749832,0.30261645,0.07178682,0.9964875
614,hv_256_50_1401,0.49503618,0.5717967,1.5792062e-05,0.008948529,0.99949455,0.9453036,0.32562736
615,hv_256_50_1601,0.17709203,0.20977554,6.6729626e-05,0.030950205,0.9999995,0.9002642,0.27830586
616,sonora_256_50_1575,0.39651155,0.6138592,0.00075625046,0.0074247313,0.21009003,0.04426144,0.99879396
617,sonora_256_50_823,0.3816898,0.6924187,0.0009886591,0.01128777,0.3492966,0.08360605,0.9984999
618,hv_256_50_2356,0.33715326,0.688523,0.0014616386,0.013126626,0.71214473,0.16500755,0.9978575
619,sonora_256_50_872,0.282012,0.67145604,0.000714814,0.009437773,0.8848403,0.18212932,0.99925
620,sonora_256_50_1113,0.2950052,0.661361,0.0011144037,0.011822793,0.96882075,0.2445078,0.9978823
621,sonora_256_50_1570,0.38466945,0.53617996,0.0003866253,0.003196607,0.123705,0.021205695,0.9993443
622,sonora_256_50_2793,0.32882982,0.6051436,0.00036526742,0.00840253,0.60398453,0.14131992,0.999511
623,sonora_256_50_2680,0.37153974,0.72593725,0.0011061804,0.012148635,0.50879186,0.101954706,0.9982845
624,sonora_256_50_1027,0.38152272,0.76415145,0.0017112503,0.019141156,0.49376807,0.15221249,0.9972664
625,hv_256_50_1933,0.34297922,0.3957481,2.470841e-05,0.01198977,0.9997267,0.89535445,0.5763418
626,sonora_256_50_1833,0.30848768,0.5993654,0.00032995638,0.007281835,0.73601943,0.15196933,0.9995977
627,hv_256_50_3246,0.34310246,0.6001092,0.0004093895,0.00856658,0.55537134,0.12686937,0.99945384
628,hv_256_50_1031,0.3707466,0.66115355,0.0010146401,0.013525849,0.6280745,0.1112996,0.9983145
629,hv_256_50_2646,0.5139243,0.72377217,0.0002708345,0.012114822,0.67198455,0.46878493,0.97482204
630,hv_256_50_1120,0.11130395,0.2889987,0.0055893795,0.01698363,0.99999607,0.7963538,0.97858125
631,sonora_256_50_1807,0.3008878,0.61306626,0.0003320897,0.0075168256,0.7558094,0.16074385,0.9995875
632,sonora_256_50_2548,0.36673206,0.6154597,0.00049274473,0.008817649,0.4563635,0.10122059,0.9994085
633,sonora_256_50_2964,0.33576265,0.5976395,0.00036014104,0.0076546674,0.6009818,0.13146476,0.9995363
634,hv_256_50_913,0.13832368,0.28360242,0.0024643687,0.036465004,0.9999939,0.8904876,0.86178356
635,sonora_256_50_1839,0.33478475,0.6432502,0.0005912326,0.009893948,0.65363437,0.13604133,0.99921286
636,sonora_256_50_2984,0.4345296,0.6546909,0.00030277504,0.006250168,0.24524482,0.05133406,0.99895835
637,sonora_256_50_58,0.27502903,0.6111443,0.0007566491,0.010532559,0.92470115,0.19122073,0.99909985
638,sonora_256_50_1148,0.3111899,0.6630908,0.00070325093,0.010765243,0.80144787,0.1766703,0.9991079
639,sonora_256_50_669,0.37910748,0.776419,0.0029609841,0.015777519,0.6167743,0.1350996,0.9964311
640,sonora_256_50_1794,0.33901814,0.61824346,0.00041917607,0.008011088,0.61636955,0.1275784,0.99949765
641,hv_256_50_756,0.36104056,0.5652002,0.00060515595,0.02035951,0.9174817,0.314479,0.98903406
642,sonora_256_50_2966,0.31374934,0.595749,0.00032884374,0.007523331,0.69520664,0.14428563,0.99958843
643,sonora_256_50_476,0.40092513,0.6301099,0.0009848179,0.009050845,0.2338928,0.0539221,0.9984707
644,sonora_256_50_2270,0.39804494,0.6147455,0.000858498,0.007991925,0.2170856,0.048655167,0.9985753
645,sonora_256_50_508,0.3681479,0.6673513,0.0010517846,0.01724179,0.5524967,0.16531707,0.9974421
646,hv_256_50_2520,0.4315673,0.7729556,0.00046696066,0.0088735055,0.9368371,0.38721403,0.989954
647,sonora_256_50_3395,0.45815164,0.6602235,0.00017034066,0.0062933783,0.21288629,0.06165414,0.9979634
648,sonora_256_50_1337,0.32476658,0.69330955,0.0007592219,0.01136331,0.7119775,0.16756546,0.99906605
649,sonora_256_50_1326,0.27640295,0.6931502,0.0010729567,0.012277629,0.91637003,0.21818586,0.9988199
650,hv_256_50_2736,0.3976987,0.5277171,0.00018724706,0.00944922,0.937227,0.4823718,0.97207546
651,hv_256_50_176,0.34818938,0.7646404,0.0013180043,0.015724419,0.62512046,0.1734633,0.9983028
652,sonora_256_50_1665,0.3341144,0.68305737,0.00096753053,0.012680135,0.677765,0.14589168,0.99850744
653,sonora_256_50_3646,0.50680584,0.6818895,7.546149e-05,0.005111423,0.25625473,0.09303835,0.99643815
654,hv_256_50_1084,0.34449401,0.6426065,0.00046561344,0.008595468,0.5977342,0.12871887,0.9994093
655,hv_256_50_1007,0.3015059,0.67441255,0.0006742654,0.01050001,0.8034464,0.17611358,0.99914753
656,sonora_256_50_122,0.34842002,0.66147405,0.00090553495,0.01085478,0.6220179,0.13371998,0.9983375
657,sonora_256_50_343,0.35026306,0.7408227,0.0008648875,0.011690783,0.6177715,0.15593272,0.9988783
658,sonora_256_50_2632,0.3956085,0.6553523,0.00042421496,0.0073204045,0.31438294,0.051424067,0.99902725
659,sonora_256_50_2479,0.365943,0.6555527,0.00045446496,0.008907325,0.44137105,0.105895676,0.99943405
660,hv_256_50_597,0.36262664,0.8351993,0.0033895287,0.018710991,0.6157477,0.14617188,0.9963971
661,hv_256_50_458,0.39580014,0.6638994,0.003856957,0.024944678,0.34671697,0.16785185,0.9901455
662,hv_256_50_1079,0.30993894,0.6345115,0.0005545169,0.01023133,0.780757,0.182784,0.9992291
663,sonora_256_50_1030,0.53716296,0.76194364,0.00025089167,0.011959988,0.35351864,0.27659753,0.992251
664,hv_256_50_634,0.17216177,0.328083,0.0044236234,0.044081047,0.9996245,0.9493291,0.8656769
665,hv_256_50_2791,0.39900315,0.5515966,4.3739416e-05,0.0064165797,0.9796118,0.611048,0.9622427
666,sonora_256_50_2953,0.34548616,0.61789733,0.00049945916,0.009757967,0.5800591,0.13077462,0.99927384
667,hv_256_50_833,0.10370471,0.29730177,0.0068754214,0.02429933,0.9999995,0.8377038,0.9610052
668,hv_256_50_663,0.32813555,0.7744166,0.0013622417,0.013862717,0.7486294,0.19247182,0.99852955
669,hv_256_50_314,0.3603385,0.8253869,0.0014723311,0.009778067,0.51365066,0.08837317,0.9987859
670,sonora_256_50_123,0.3350539,0.6184877,0.0012020596,0.015688334,0.930946,0.32988086,0.99423534
671,hv_256_50_1122,0.5442031,0.78351825,0.00011084356,0.009179003,0.84030807,0.37733465,0.97464967
672,sonora_256_50_371,0.2635904,0.56685716,0.00058942026,0.009838729,0.93776596,0.3275092,0.9989177
673,sonora_256_50_1663,0.28340748,0.6456798,0.00071660517,0.009659349,0.8945292,0.17881234,0.9992094
674,sonora_256_50_2542,0.34271574,0.63769525,0.0007242098,0.012452526,0.67621285,0.15076438,0.9988959
675,sonora_256_50_3214,0.3957028,0.6419779,0.00086622767,0.010443273,0.29848617,0.067359924,0.99866855
676,hv_256_50_2927,0.39434043,0.47661516,6.1816616e-05,0.011503214,0.9969645,0.8777674,0.72911304
677,sonora_256_50_1363,0.38110095,0.54997563,0.0002654628,0.002070281,0.13458037,0.014999848,0.99971277
678,sonora_256_50_3099,0.34438288,0.60078824,0.00046134085,0.009370659,0.5622966,0.13046013,0.9993631
679,sonora_256_50_516,0.3435782,0.82628846,0.0028681047,0.01754756,0.65989274,0.1847621,0.9959837
680,sonora_256_50_3182,0.41355127,0.64686096,0.0007128677,0.013499241,0.34767652,0.07886947,0.9984296
681,sonora_256_50_548,0.38192728,0.5432017,0.00030901787,0.002666418,0.13856645,0.019040182,0.9995927
682,hv_256_50_1737,0.18555275,0.24607396,3.3224587e-05,0.018623985,0.9999988,0.80427,0.5632714
683,sonora_256_50_2730,0.39945152,0.54901963,0.0004956654,0.004584856,0.15476309,0.028353995,0.99918395
684,sonora_256_50_1232,0.31839257,0.7736912,0.0016260914,0.015126245,0.7815354,0.18869203,0.9981774
685,hv_256_50_1656,0.33081728,0.65521985,0.00073889765,0.012130692,0.69956493,0.16591807,0.9988871
686,hv_256_50_2009,0.44314566,0.60687035,5.391146e-05,0.0049222372,0.9132221,0.47169805,0.98174
687,sonora_256_50_470,0.39113113,0.6149958,0.00071364123,0.0058717863,0.24877298,0.038548637,0.99914
688,sonora_256_50_232,0.36257294,0.67004067,0.0010093345,0.014341836,0.57039046,0.13768756,0.9984706
689,sonora_256_50_3656,0.41676816,0.62890285,0.0005285121,0.010789711,0.6497617,0.27248636,0.9936208
690,sonora_256_50_672,0.35407132,0.8013259,0.0012478255,0.005087856,0.7309541,0.055637546,0.9993749
691,hv_256_50_1259,0.27407807,0.51573193,0.00095529674,0.010260376,0.98945147,0.4450519,0.9929652
692,sonora_256_50_1743,0.32244575,0.6760367,0.0008576518,0.012595423,0.7570335,0.16580449,0.9988319
693,sonora_256_50_3216,0.3851772,0.63462883,0.0007734921,0.009815636,0.3395634,0.071565956,0.99895334
694,sonora_256_50_2722,0.34965587,0.63332397,0.0005220887,0.009424944,0.55398595,0.12704426,0.9993018
695,sonora_256_50_2541,0.35321853,0.6563352,0.00058898225,0.0106923,0.5557821,0.12760727,0.9990996
696,sonora_256_50_1505,0.38715065,0.62741494,0.0006714739,0.0047872183,0.1962493,0.028901586,0.999204
697,hv_256_50_923,0.32462743,0.53771687,0.0005855924,0.015091958,0.99839944,0.7528931,0.9353962
698,hv_256_50_209,0.2206917,0.46267393,0.00149345,0.013817295,0.99113125,0.7438051,0.99247384
699,sonora_256_50_1762,0.31133172,0.6209293,0.0004894884,0.009433428,0.7512706,0.1649976,0.9993724
700,sonora_256_50_3175,0.41737396,0.6201302,0.00035854636,0.007375339,0.24316332,0.044267643,0.99876595
701,hv_256_50_1067,0.32706645,0.6673915,0.0007749065,0.013377572,0.7164575,0.18496493,0.99877423
702,hv_256_50_3138,0.43204045,0.6264352,0.00027176697,0.009043197,0.8408097,0.37455222,0.98630434
703,sonora_256_50_3051,0.45596772,0.6588339,0.00036953835,0.0094669415,0.25657362,0.07097463,0.99728787
704,sonora_256_50_66,0.28688365,0.69367653,0.0010309898,0.012425376,0.9171136,0.19803734,0.9987192
705,hv_256_50_2023,0.40620777,0.67884374,0.0010049945,0.019027539,0.97745866,0.57271296,0.9573077
706,sonora_256_50_3407,0.3284674,0.6244798,0.0006953882,0.0108947605,0.770992,0.1394002,0.9990183
707,sonora_256_50_2169,0.5006395,0.6912827,0.00034329182,0.01270093,0.3234756,0.12796222,0.9924314
708,sonora_256_50_655,0.3878061,0.7010807,0.0010889526,0.012519783,0.37908697,0.10016958,0.9983993
709,hv_256_50_3145,0.48084486,0.6294274,1.27223e-05,0.002730667,0.81363314,0.24741997,0.992074
710,hv_256_50_1408,0.56305724,0.73126644,6.3808734e-06,0.0023173266,0.63477415,0.4082657,0.9876841
711,sonora_256_50_2932,0.2777229,0.63009393,0.00077479787,0.0076887025,0.9614533,0.13796528,0.99944276
712,sonora_256_50_2893,0.31378517,0.6259569,0.0009136078,0.011276601,0.86840725,0.16224043,0.99889416
713,sonora_256_50_2711,0.36443773,0.61552674,0.00047665174,0.008789704,0.474632,0.102641106,0.99935335
714,sonora_256_50_1692,0.29720816,0.6249908,0.00048398072,0.008894373,0.8226236,0.17997974,0.999368
715,hv_256_50_2212,0.42850554,0.51086533,6.6733032e-06,0.007288394,0.99892384,0.8878205,0.6466237
716,sonora_256_50_1884,0.3244426,0.6022462,0.00038966196,0.00806394,0.6770991,0.1438848,0.9995016
717,sonora_256_50_3413,0.34346682,0.66666836,0.0009991879,0.011969666,0.6868571,0.118620336,0.99847
718,sonora_256_50_3060,0.40841058,0.7031029,0.0010009164,0.015793215,0.41053832,0.099098,0.9978046
719,sonora_256_50_1133,0.34248927,0.76952296,0.0014822079,0.013989274,0.6950062,0.15122284,0.99826753
720,hv_256_50_1388,0.32929677,0.450911,1.2707155e-05,0.0119464155,0.99999154,0.8850494,0.44998527
721,sonora_256_50_775,0.2484544,0.69010997,0.0020080064,0.011726174,0.98536795,0.25227603,0.9983511
722,hv_256_50_414,0.43566936,0.54568464,1.3287443e-05,0.0047345823,0.9915616,0.60549444,0.9349114
723,hv_256_50_660,0.4093775,0.65064746,0.0005033577,0.011040783,0.52567464,0.17907584,0.996097
724,hv_256_50_491,0.4194888,0.47920603,0.0001456905,0.013873183,0.93537575,0.44023994,0.9235751
725,sonora_256_50_1078,0.30894426,0.64331436,0.0005713969,0.009772477,0.772154,0.16899112,0.99933004
726,sonora_256_50_1281,0.29828385,0.5866342,0.0003790706,0.0076409634,0.8236342,0.15688077,0.99954873
727,sonora_256_50_2269,0.39823958,0.57658046,0.0008725983,0.0073603927,0.20068772,0.048280742,0.99834263
728,sonora_256_50_738,0.3810455,0.78591424,0.0023332548,0.01715117,0.49204642,0.12140269,0.9966293
729,sonora_256_50_379,0.39169127,0.7098806,0.0009674476,0.008249667,0.28508782,0.057460714,0.9987141
730,hv_256_50_2004,0.38678506,0.47118393,7.004205e-06,0.007894692,0.9998274,0.8779666,0.5890866
731,hv_256_50_3534,0.4225444,0.6176137,0.00038622264,0.010018593,0.3029388,0.064031765,0.99743134
732,sonora_256_50_786,0.32932863,0.77542484,0.002677255,0.01748382,0.79584754,0.23668562,0.9949255
733,sonora_256_50_430,0.28734812,0.70541304,0.0011689089,0.012148738,0.91660154,0.19830577,0.99882275
734,sonora_256_50_2990,0.39691174,0.68810034,0.0009990871,0.013181369,0.39050165,0.07377481,0.9982785
735,hv_256_50_1794,0.46142516,0.7293907,0.00036248914,0.010016308,0.3386291,0.15495037,0.99695504
736,hv_256_50_2350,0.16812252,0.22443846,0.0008053496,0.030007308,0.9999937,0.848939,0.7184996
737,hv_256_50_2162,0.35769078,0.37208575,0.0003702309,0.03172915,0.99678755,0.9423332,0.48367926
738,sonora_256_50_1676,0.34748352,0.64719546,0.0006295042,0.010762197,0.58289003,0.13018827,0.99914885
739,sonora_256_50_3595,0.52793294,0.6975451,4.5136916e-05,0.0045480975,0.21023813,0.0859214,0.99599457
740,sonora_256_50_3267,0.37316835,0.6260308,0.0004891036,0.00891333,0.4426904,0.093063846,0.9993019
741,sonora_256_50_683,0.39752308,0.5822545,0.0008963788,0.006722298,0.19248101,0.044924974,0.99834764
742,sonora_256_50_3241,0.483996,0.69109774,0.00029553697,0.010321054,0.23454718,0.095290564,0.9961409
743,hv_256_50_1635,0.4466103,0.62235534,0.00015513896,0.009502193,0.93966526,0.6056011,0.95975256
744,sonora_256_50_849,0.30021998,0.80478394,0.0022262384,0.012592026,0.877782,0.20163089,0.9980438
745,sonora_256_50_3415,0.29417437,0.6411821,0.0027389966,0.015737863,0.954612,0.27804047,0.99581367
746,sonora_256_50_3679,0.28995115,0.6231069,0.00092810893,0.010045453,0.88132334,0.14835426,0.9988617
747,hv_256_50_2879,0.47007328,0.65158874,0.00017136373,0.008004846,0.34155276,0.12690562,0.99428856
748,sonora_256_50_2191,0.36947307,0.67038417,0.0010439861,0.013574345,0.4221665,0.1045355,0.998218
749,sonora_256_50_2123,0.35045016,0.6908006,0.0011630601,0.014945709,0.6274275,0.15672871,0.9979826
750,sonora_256_50_2031,0.53020376,0.71502656,0.00016200425,0.00832238,0.20974062,0.101309694,0.99419034
751,hv_256_50_2522,0.5326412,0.62802166,7.619335e-06,0.0032170638,0.8763718,0.37268993,0.9671485
752,sonora_256_50_479,0.38480878,0.6924714,0.00088529265,0.009020898,0.31565484,0.06967166,0.99874926
753,sonora_256_50_3420,0.38771048,0.6785937,0.0008598087,0.011811406,0.4108054,0.092655405,0.9987979
754,hv_256_50_2235,0.20060022,0.2982872,1.01735e-06,0.013055822,1.0,0.9307322,0.12785669
755,sonora_256_50_2958,0.30615094,0.5786709,0.00035020013,0.007324401,0.7809069,0.14998758,0.9995746
756,hv_256_50_2997,0.41526604,0.53488386,5.964638e-05,0.008442333,0.9961676,0.70892465,0.882456
757,hv_256_50_912,0.11920457,0.22144715,0.00018668943,0.031684697,0.9999999,0.827332,0.65909255
758,hv_256_50_1176,0.22413099,0.30834237,5.6765584e-06,0.017208163,0.9999999,0.9161463,0.1806277
759,sonora_256_50_953,0.39643344,0.66546005,0.0011199506,0.01378106,0.31857494,0.084263444,0.99776304
760,hv_256_50_1798,0.532392,0.6734453,4.7781698e-05,0.007979301,0.89873374,0.63351595,0.92311215
761,hv_256_50_2899,0.371156,0.6330483,0.0006848521,0.011632017,0.47768283,0.11345389,0.9989423
762,hv_256_50_2640,0.49721915,0.7511223,0.00034756557,0.011085038,0.30468953,0.14727788,0.9947306
763,sonora_256_50_1338,0.3368335,0.7459214,0.0022106997,0.02255773,0.6840696,0.2278164,0.9963948
764,sonora_256_50_706,0.2500944,0.6852149,0.0015167639,0.00870488,0.97716504,0.15407598,0.9991053
765,sonora_256_50_459,0.38466576,0.74193406,0.0026198158,0.021444064,0.48638725,0.18947597,0.9949681
766,hv_256_50_2476,0.48453364,0.5379201,1.0519822e-06,0.006086253,0.999887,0.92873627,0.27157924
767,sonora_256_50_1339,0.35380498,0.81182235,0.0028254085,0.021051606,0.6130856,0.18129067,0.9959214
768,hv_256_50_2838,0.36588368,0.6435144,0.000641857,0.010234155,0.47585577,0.10347858,0.99913245
769,hv_256_50_3304,0.53479415,0.7185981,1.444111e-05,0.0021788243,0.33782777,0.12583439,0.99693584
770,hv_256_50_1220,0.3068366,0.6679509,0.0006111475,0.009701552,0.78762823,0.16242306,0.99931026
771,hv_256_50_676,0.48105863,0.6811757,0.00042935577,0.019642401,0.57725614,0.25038671,0.98028517
772,sonora_256_50_979,0.5306391,0.7064472,2.9487499e-05,0.007839476,0.99611276,0.8585761,0.7716522
773,hv_256_50_2680,0.34697628,0.46301544,2.7348575e-05,0.008163404,0.9994216,0.82091576,0.8347298
774,hv_256_50_3400,0.36081463,0.63928443,0.0009226943,0.011810554,0.6312824,0.14237234,0.99837
775,hv_256_50_2846,0.33786657,0.6560712,0.0006844475,0.012401531,0.67959815,0.15521592,0.99896944
776,sonora_256_50_1667,0.28776467,0.5975392,0.00038433477,0.008115787,0.8442453,0.18805583,0.9994869
777,sonora_256_50_1669,0.29839376,0.65372974,0.0006144163,0.010159319,0.80252045,0.18242092,0.99923646
778,hv_256_50_1543,0.3517118,0.4416992,1.7278915e-05,0.013168269,0.9999726,0.91546476,0.40586573
779,sonora_256_50_3270,0.3293764,0.6868568,0.0011365652,0.014272312,0.74698734,0.1818141,0.9983911
780,hv_256_50_1829,0.5548335,0.59840083,2.103874e-05,0.0075369505,0.79061604,0.47309434,0.90702903
781,hv_256_50_1164,0.33567208,0.6813843,0.0008796959,0.013193693,0.74786985,0.17428222,0.9984097
782,sonora_256_50_80,0.30390263,0.6571743,0.0007314204,0.01031636,0.8452976,0.15647206,0.9991296
783,hv_256_50_1966,0.63200355,0.7489179,1.07060205e-05,0.0049402746,0.563242,0.6309878,0.93110085
784,hv_256_50_178,0.37815505,0.76551574,0.0012939477,0.0061585377,0.41752154,0.06404066,0.9989029
785,hv_256_50_3175,0.33321938,0.60263765,0.000398215,0.008467233,0.60713553,0.13445807,0.9994704
786,hv_256_50_2030,0.42170075,0.5654615,0.00013303355,0.010082221,0.96348155,0.70211256,0.94723016
787,hv_256_50_1840,0.389387,0.67225707,0.001191507,0.01334555,0.6430586,0.1570208,0.99632543
788,sonora_256_50_2449,0.30299863,0.60323566,0.000475938,0.008938377,0.7977315,0.17310885,0.9993893
789,hv_256_50_3524,0.3540782,0.6082032,0.000501906,0.009556804,0.5297318,0.12074162,0.9993253
790,sonora_256_50_3367,0.46085647,0.6577805,0.00058498717,0.013700028,0.2613769,0.07948195,0.99672097
791,sonora_256_50_2198,0.34323883,0.6419013,0.0046409294,0.020168107,0.769501,0.39260504,0.9853491
792,hv_256_50_1292,0.31317168,0.60828024,0.00050569826,0.009136177,0.7918062,0.15938929,0.9993112
793,sonora_256_50_3010,0.39243922,0.62687886,0.001378415,0.013058679,0.30801982,0.08702743,0.9974515
794,sonora_256_50_2543,0.32254475,0.6521118,0.00064199953,0.010350651,0.70859265,0.15258004,0.99914074
795,sonora_256_50_282,0.38979977,0.7067651,0.0010706267,0.018685522,0.6030719,0.20437014,0.99708694
796,sonora_256_50_3029,0.3317098,0.59666276,0.00037082046,0.007976101,0.61499536,0.13372308,0.99952817
797,sonora_256_50_1190,0.28098974,0.70819074,0.0007085783,0.0073505496,0.8975786,0.15593223,0.9994771
798,sonora_256_50_3095,0.33541247,0.5892316,0.00040609573,0.008113449,0.6314803,0.1306005,0.9994618
799,sonora_256_50_2288,0.3768673,0.708249,0.0014004409,0.016963016,0.54551977,0.14485016,0.99706024
800,hv_256_50_1891,0.29111978,0.42700487,0.00014856043,0.015042269,0.99980515,0.7966432,0.8326496
801,sonora_256_50_394,0.3841512,0.7140512,0.0006780841,0.0033220125,0.23954232,0.023619942,0.9995129
802,hv_256_50_1859,0.36918074,0.6620364,0.00072707067,0.011317957,0.48090056,0.09845852,0.9989171
803,sonora_256_50_2074,0.34193996,0.6733281,0.00078334514,0.013215108,0.7020336,0.16032313,0.9987282
804,hv_256_50_1509,0.38555187,0.63250655,0.0017868816,0.022638973,0.7123275,0.22394823,0.9914806
805,sonora_256_50_681,0.39243406,0.5918396,0.0006410402,0.0053317677,0.19356242,0.037564088,0.9990037
806,hv_256_50_3560,0.48148927,0.6836367,4.2936015e-05,0.0036323352,0.3964794,0.1283742,0.99727887
807,hv_256_50_228,0.49310955,0.5238108,6.99502e-06,0.011648728,0.99995244,0.97519296,0.09914036
808,sonora_256_50_2655,0.30521217,0.58497393,0.00034620543,0.0073333723,0.7788025,0.1528205,0.99957997
809,hv_256_50_1214,0.4970409,0.7764312,0.0005429418,0.020471925,0.7874081,0.5220647,0.9631842
810,sonora_256_50_773,0.20820044,0.6074047,0.0028582078,0.012448533,0.99862444,0.32037878,0.9975243
811,sonora_256_50_1102,0.26925987,0.68017393,0.0010998339,0.011149679,0.9486831,0.22752824,0.998844
812,hv_256_50_3366,0.5681314,0.67952,1.992473e-06,0.0026625365,0.9447036,0.66399276,0.92302465
813,sonora_256_50_1057,0.38657692,0.71047,0.0028870925,0.01924267,0.43384436,0.13938859,0.9944115
814,hv_256_50_185,0.50453955,0.742405,0.00042060707,0.021094026,0.42804575,0.27965575,0.9841487
815,sonora_256_50_705,0.2718495,0.68208647,0.0016131841,0.00937412,0.9590402,0.13998823,0.9988086
816,hv_256_50_1033,0.44559738,0.6551017,0.0007118298,0.02018074,0.7936032,0.45703173,0.9654606
817,hv_256_50_2991,0.3910814,0.584921,0.0007027217,0.011359133,0.62045234,0.08810905,0.9962632
818,sonora_256_50_1683,0.36353374,0.6492982,0.0007577553,0.012736564,0.5407079,0.12238442,0.99882525
819,hv_256_50_1319,0.24616714,0.4070051,0.00010166783,0.014997221,0.99999654,0.8978352,0.65524966
820,sonora_256_50_1166,0.32851246,0.60868174,0.00035037313,0.007464995,0.6411453,0.13352707,0.9995876
821,sonora_256_50_1927,0.34471744,0.6363215,0.00049227197,0.008886004,0.5882058,0.12626006,0.9993954
822,sonora_256_50_299,0.3372116,0.67787105,0.0009562985,0.014846197,0.6716182,0.15165387,0.99851257
823,hv_256_50_155,0.3426765,0.5233976,0.0006115355,0.02252024,0.99145293,0.72440046,0.92080754
824,sonora_256_50_1295,0.37700734,0.57080215,0.00046937948,0.0033856973,0.16961844,0.023720901,0.99937963
825,hv_256_50_3213,0.43997827,0.5973691,1.7261424e-05,0.0028939312,0.92749697,0.28751105,0.98985904
826,hv_256_50_1156,0.36268064,0.6901457,0.002397415,0.020928299,0.61259896,0.2089171,0.9941075
827,sonora_256_50_2159,0.36483115,0.66402614,0.00084736216,0.016816122,0.57665056,0.15576173,0.99847955
828,sonora_256_50_2491,0.38635197,0.6460162,0.0006092359,0.01070224,0.41528076,0.084587626,0.9990238
829,sonora_256_50_899,0.23298688,0.6470757,0.003287961,0.012758545,0.99196726,0.31099004,0.9969785
830,hv_256_50_436,0.37323096,0.5236974,0.0017225747,0.029150385,0.92640394,0.5792169,0.9499905
831,hv_256_50_2938,0.45309633,0.63356525,0.00020592236,0.00830965,0.43034905,0.12691581,0.9948797
832,hv_256_50_3357,0.5226283,0.69589084,6.5242275e-05,0.0057561733,0.25339186,0.127371,0.99377114
833,hv_256_50_2365,0.2921427,0.33514643,3.813997e-05,0.019692723,0.99996877,0.9357515,0.31606463
834,sonora_256_50_981,0.3639684,0.5373928,0.00011252118,0.0071838466,0.9560989,0.40780625,0.98614615
835,hv_256_50_1746,0.5242397,0.5758886,1.6583786e-06,0.008488397,0.99965596,0.9275988,0.24628498
836,hv_256_50_3720,0.4763984,0.66532713,1.5318888e-05,0.0020178854,0.5825163,0.15967543,0.997279
837,hv_256_50_1588,0.22842295,0.32224104,0.00017398852,0.019143272,0.9999689,0.86745024,0.7301328
838,hv_256_50_2784,0.55424696,0.7321324,8.326879e-05,0.0075712414,0.3389158,0.20049216,0.98816895
839,sonora_256_50_472,0.37240794,0.6718824,0.00053128,0.0049198135,0.27691627,0.039503556,0.99934953
840,hv_256_50_162,0.2582064,0.43826172,0.0031551146,0.029744498,0.9963547,0.8410471,0.93884015
841,hv_256_50_1367,0.4981432,0.73420924,0.000654628,0.012258809,0.5505738,0.24758466,0.9894377
842,sonora_256_50_136,0.32648373,0.69141513,0.00095485814,0.013577206,0.7271539,0.224257,0.99865
843,hv_256_50_3721,0.5087722,0.7057086,9.8347455e-06,0.0013867874,0.35371864,0.097552605,0.99856913
844,hv_256_50_1948,0.10332373,0.16988069,0.0002462683,0.03807525,1.0,0.8752099,0.46275297
845,sonora_256_50_3635,0.3310994,0.59359515,0.00041134504,0.0088192,0.63059646,0.14163888,0.999433
846,hv_256_50_2333,0.4678843,0.7002477,0.00031822792,0.009939328,0.38101146,0.11789608,0.9950814
847,hv_256_50_392,0.32949325,0.69854516,0.00093004585,0.010316072,0.7128804,0.13328575,0.99850863
848,hv_256_50_1686,0.3412415,0.639358,0.0011861664,0.013586105,0.7543417,0.19330084,0.9970794
849,hv_256_50_577,0.41015133,0.6444963,0.0010091191,0.014567121,0.67001057,0.29066208,0.9919309
850,hv_256_50_260,0.4401019,0.7120883,0.0006701295,0.021210415,0.73601073,0.32556474,0.98106164
851,sonora_256_50_3703,0.32558587,0.59503627,0.0004538917,0.008744673,0.68107766,0.14222176,0.9993963
852,hv_256_50_1968,0.47697884,0.61034197,6.4858646e-06,0.0041170726,0.97940195,0.44108424,0.9532197
853,hv_256_50_915,0.4029647,0.6121595,0.00044402276,0.013141848,0.97762054,0.75574654,0.96816885
854,hv_256_50_2045,0.4992243,0.6455297,0.00022445619,0.013904961,0.5332498,0.3338601,0.9712177
855,sonora_256_50_2398,0.31710157,0.6004976,0.00052656565,0.009629778,0.74904346,0.15419199,0.99931765
856,hv_256_50_2538,0.43741453,0.5670932,2.2033739e-05,0.0060187876,0.9859454,0.6949977,0.92779046
857,hv_256_50_535,0.33413166,0.6803648,0.0009546807,0.012120096,0.74411404,0.14760341,0.9985959
858,hv_256_50_1370,0.4618014,0.67975485,0.00025680708,0.008196665,0.4089697,0.123356804,0.99604934
859,hv_256_50_2016,0.31881654,0.39187902,2.6777221e-05,0.009385765,0.9997421,0.7774548,0.7988773
860,sonora_256_50_3424,0.32771263,0.5979276,0.0003150369,0.0069096107,0.6283923,0.13185257,0.99962187
861,hv_256_50_112,0.380422,0.67829674,0.0011960395,0.0063037947,0.18994679,0.038166624,0.9982894
862,hv_256_50_802,0.33418658,0.82793266,0.0019334124,0.013387677,0.7411091,0.14022498,0.99814427
863,sonora_256_50_1417,0.30626655,0.59057,0.00042706254,0.008229825,0.8057059,0.15461086,0.9994629
864,hv_256_50_1795,0.50111324,0.6973342,0.00021666632,0.014298733,0.87981963,0.67694765,0.9263013
865,hv_256_50_3448,0.456638,0.63407004,1.8028388e-05,0.0024440004,0.7650079,0.23990537,0.9952734
866,sonora_256_50_881,0.38517934,0.63670564,0.0013574937,0.009238134,0.26641497,0.06397916,0.997924
867,sonora_256_50_869,0.3637173,0.68754315,0.0009067964,0.011110664,0.5088067,0.098850384,0.99870896
868,hv_256_50_2291,0.3297524,0.4289256,0.0003556096,0.0115274275,0.9859336,0.53723145,0.96513677
869,hv_256_50_3370,0.49687102,0.6875176,5.1448544e-05,0.0038991487,0.24096122,0.077318415,0.9975395
870,hv_256_50_3566,0.5304975,0.68132013,4.834016e-06,0.0018147479,0.72988933,0.30702195,0.99013686
871,sonora_256_50_1590,0.31455928,0.63413393,0.0012803508,0.0144027835,0.8505141,0.26499948,0.9977679
872,sonora_256_50_3218,0.3613372,0.65576744,0.00067454367,0.010883217,0.4696829,0.11181683,0.99911565
873,sonora_256_50_393,0.38392287,0.73258084,0.0006064418,0.0029160315,0.22384654,0.020398285,0.99959546
874,hv_256_50_3523,0.3516528,0.6234511,0.0004696556,0.008673336,0.53672355,0.11323637,0.9993926
875,sonora_256_50_602,0.3692477,0.7120857,0.0023885975,0.010906458,0.5092412,0.10012532,0.9965103
876,hv_256_50_417,0.13453929,0.2907702,0.006617706,0.0359698,0.99995196,0.93200904,0.9151596
877,hv_256_50_1276,0.331939,0.59395134,0.0004264527,0.008825488,0.6409375,0.14047672,0.9994073
878,hv_256_50_460,0.3829658,0.5784593,0.0006260549,0.0046043284,0.16761164,0.032314118,0.9989831
879,sonora_256_50_2376,0.4044928,0.6547682,0.0005653516,0.00927365,0.33051118,0.059863362,0.99883634
880,hv_256_50_319,0.36953488,0.64438343,0.0005597389,0.00267508,0.15785925,0.017889878,0.9994742
881,hv_256_50_3198,0.3781745,0.5936651,0.0010526436,0.014365994,0.7800561,0.21640006,0.99364895
882,sonora_256_50_361,0.252804,0.7168443,0.0011035363,0.0104203895,0.9628316,0.19860482,0.9990551
883,sonora_256_50_2734,0.3934727,0.5739338,0.00043292728,0.004780698,0.19476673,0.032760445,0.99937254
884,sonora_256_50_382,0.38433334,0.7616473,0.0013140498,0.010473528,0.36773914,0.07723593,0.99844897
885,sonora_256_50_3110,0.37715137,0.6128799,0.000469849,0.007627325,0.3688409,0.061499596,0.99927706
886,hv_256_50_1333,0.27964634,0.41677073,4.000589e-05,0.010275966,0.99982005,0.7731057,0.85883826
887,sonora_256_50_2350,0.34061876,0.6233093,0.0009546398,0.0123682525,0.71174735,0.15943514,0.99767023
888,hv_256_50_1790,0.35499647,0.6947116,0.00096472865,0.011944159,0.57926506,0.11587454,0.9987656
889,hv_256_50_1030,0.29764888,0.6253822,0.0010361039,0.009412465,0.92415535,0.12266299,0.9988494
890,hv_256_50_2769,0.37850842,0.63143486,0.00067014416,0.010910918,0.44790965,0.093874075,0.99898094
891,sonora_256_50_307,0.3412619,0.75095814,0.00070939586,0.01120916,0.6245363,0.15643033,0.9989808
892,sonora_256_50_1730,0.2955307,0.59153455,0.00037213572,0.007916944,0.8041806,0.16697206,0.9995334
893,sonora_256_50_3410,0.43303564,0.6560974,0.00059789955,0.012391107,0.3260655,0.08718484,0.99817
894,sonora_256_50_1272,0.3419809,0.7739578,0.0021859778,0.017528392,0.6960834,0.17140256,0.9972218
895,sonora_256_50_1340,0.37951747,0.7787683,0.0015972886,0.017752605,0.49924946,0.13553798,0.99738663
896,sonora_256_50_366,0.28241035,0.7458064,0.0010019743,0.009563505,0.891332,0.17738943,0.99918765
897,hv_256_50_3056,0.50260377,0.692254,0.00032041277,0.013310898,0.39695945,0.21884237,0.9869229
898,sonora_256_50_2458,0.38596386,0.68410045,0.0010490728,0.0076479334,0.34487617,0.05379229,0.9986767
899,hv_256_50_2055,0.34871352,0.4919101,9.945585e-05,0.006936477,0.98729324,0.62134516,0.9697288
900,sonora_256_50_405,0.21518682,0.48453638,0.0011186347,0.011765411,0.9949639,0.38902995,0.9979036
901,sonora_256_50_612,0.40802753,0.5697763,0.001043999,0.008885499,0.1629645,0.043141507,0.9979005
902,sonora_256_50_547,0.3734614,0.5323543,0.0002552745,0.0022343474,0.13090993,0.017261138,0.9996642
903,hv_256_50_1993,0.53592855,0.71440774,3.45332e-05,0.0035609268,0.18825345,0.08478943,0.99708396
904,hv_256_50_1436,0.46625656,0.77156425,0.00070719875,0.010889779,0.62894875,0.19699553,0.9927349
905,hv_256_50_66,0.3816925,0.5071142,5.5911416e-05,0.008129179,0.99803966,0.68204767,0.90181303
906,hv_256_50_2364,0.51009995,0.62772745,2.4978808e-06,0.0027397638,0.9711945,0.5647279,0.9418903
907,sonora_256_50_3006,0.39676422,0.6060648,0.000589672,0.0047320845,0.18879943,0.030604685,0.99921715
908,sonora_256_50_1633,0.2943896,0.57826114,0.00034829532,0.007156697,0.82405543,0.16608067,0.9995802
909,sonora_256_50_1707,0.381468,0.5293289,0.00032519363,0.0027122702,0.123767726,0.017918622,0.99952745
910,hv_256_50_2553,0.5104835,0.69623095,4.7100104e-05,0.0038846594,0.19078991,0.06965224,0.99747074
911,sonora_256_50_3411,0.37103638,0.6456403,0.0009034425,0.013074383,0.48431158,0.0967641,0.9982798
912,sonora_256_50_3541,0.36765337,0.6096833,0.0007672508,0.01035116,0.50288403,0.08983832,0.9982331
913,hv_256_50_1505,0.4032431,0.69551563,0.001416286,0.01718687,0.83054656,0.29696265,0.988991
914,hv_256_50_2140,0.4944631,0.6552532,7.5627304e-06,0.002003277,0.6753633,0.18143003,0.9951196
915,sonora_256_50_586,0.37321588,0.78546757,0.0014796709,0.013421124,0.47425267,0.116683096,0.99810517
916,hv_256_50_3100,0.21970011,0.28739828,3.120557e-05,0.026047394,0.9999994,0.937528,0.19379345
917,sonora_256_50_674,0.4073742,0.819743,0.0006513384,0.0024239249,0.31094024,0.014612709,0.99975926
918,hv_256_50_1955,0.291906,0.3856351,0.00015020174,0.017311806,0.99995446,0.8375137,0.6337459
919,hv_256_50_3425,0.5555326,0.7250894,3.5473277e-05,0.0038325235,0.15718178,0.095899925,0.9962459
920,hv_256_50_3447,0.43771225,0.60287374,1.9858955e-05,0.0033089407,0.8816629,0.35023367,0.9904592
921,sonora_256_50_221,0.26732847,0.60348195,0.0007973615,0.0112650385,0.93710923,0.2480774,0.9988244
922,sonora_256_50_2533,0.3674205,0.6636642,0.00081593456,0.009957569,0.41518813,0.086105086,0.99863845
923,sonora_256_50_3462,0.5163705,0.6994258,6.1713305e-05,0.0050473744,0.24786939,0.104272634,0.99588865
924,sonora_256_50_3146,0.3962674,0.67125636,0.0014035251,0.013818297,0.3227776,0.082258694,0.99770844
925,sonora_256_50_409,0.38838342,0.77143306,0.0014759079,0.0147142345,0.44053483,0.11104277,0.9977775
926,sonora_256_50_148,0.40497983,0.71340895,0.0008927053,0.012841532,0.76241136,0.26996058,0.994662
927,sonora_256_50_1405,0.31363943,0.686179,0.0007437518,0.010904951,0.77040285,0.16625422,0.9991003
928,sonora_256_50_759,0.3923846,0.69866014,0.0012778364,0.013988262,0.33804715,0.08556665,0.99791163
929,sonora_256_50_2519,0.2967162,0.5842182,0.00037162556,0.007583724,0.81107473,0.16663602,0.9995357
930,hv_256_50_71,0.2723128,0.5633566,0.0016750705,0.01835704,0.963395,0.5639782,0.99415034
931,hv_256_50_213,0.4548631,0.5265113,0.00011728259,0.023548447,0.99516773,0.9676739,0.35791647
932,sonora_256_50_3713,0.5218095,0.6787318,5.7399142e-05,0.004979122,0.18762624,0.07450115,0.9958968
933,sonora_256_50_2579,0.5073464,0.6802446,0.000103963495,0.0062218853,0.19114201,0.073439054,0.996318
934,hv_256_50_1390,0.09146859,0.21799137,0.005598493,0.038149945,0.99999976,0.88679117,0.87101674
935,sonora_256_50_1187,0.23836048,0.47039002,0.0018519239,0.01906513,0.9799469,0.7488165,0.9895092
936,hv_256_50_2180,0.40509662,0.6181552,0.0005709183,0.010989643,0.41722313,0.08707942,0.99741083
937,sonora_256_50_3416,0.38984364,0.62719274,0.0007083319,0.006375914,0.20822608,0.039054155,0.9989441
938,hv_256_50_836,0.1945336,0.3116484,0.0033885657,0.043552782,0.999905,0.938075,0.735888
939,hv_256_50_3286,0.40579537,0.5740554,8.241224e-05,0.0048898,0.86186105,0.24291849,0.9927666
940,hv_256_50_892,0.22132386,0.56192505,0.001589598,0.009931138,0.99419445,0.26793242,0.9983406
941,hv_256_50_3268,0.37946934,0.6896667,0.001176236,0.012151634,0.53207415,0.09359205,0.99817646
942,hv_256_50_1406,0.3831218,0.53506964,5.2207044e-05,0.0053117946,0.9789667,0.55807424,0.9743939
943,hv_256_50_2358,0.42583773,0.5995157,0.0014133448,0.02930551,0.86736006,0.69528574,0.9375204
944,hv_256_50_253,0.3757736,0.68143266,0.00090329966,0.013265116,0.41471308,0.111461505,0.9983353
945,hv_256_50_698,0.31090352,0.7016897,0.0013438815,0.014109016,0.9978284,0.68802756,0.97797936
946,hv_256_50_671,0.32759655,0.65954113,0.0013230325,0.01004882,0.561204,0.13837716,0.9966588
947,hv_256_50_2063,0.3688394,0.55151093,9.8312725e-05,0.008204329,0.96827805,0.3953258,0.982698
948,sonora_256_50_1369,0.350296,0.77852994,0.0012914409,0.01403861,0.5952084,0.13703926,0.99830604
949,sonora_256_50_146,0.24604887,0.62174416,0.0014429834,0.009314795,0.9797106,0.25208366,0.99861705
950,hv_256_50_2472,0.39871636,0.5885842,0.00016844558,0.008133105,0.90553284,0.381004,0.98762137
951,sonora_256_50_186,0.32591647,0.80564225,0.0013627256,0.0047048004,0.68391603,0.051849805,0.99928635
952,hv_256_50_2524,0.12715088,0.19077817,0.00016159756,0.028965404,1.0,0.9085801,0.4366148
953,hv_256_50_1648,0.38699964,0.70423615,0.0012078005,0.013411594,0.46866843,0.086721696,0.9981858
954,hv_256_50_198,0.43618327,0.5834009,3.5999004e-05,0.0046527507,0.941298,0.48559815,0.97782826
955,hv_256_50_819,0.29504216,0.64695406,0.002034846,0.019304782,0.9505268,0.27458993,0.99599236
956,sonora_256_50_2193,0.32745638,0.6079708,0.0004062436,0.008324713,0.64724356,0.14148541,0.9994981
957,hv_256_50_10,0.28898045,0.51495576,0.002443375,0.018209089,0.9959103,0.58172274,0.9794335
958,hv_256_50_3671,0.46453056,0.6494447,0.0002826551,0.011872918,0.33203015,0.111024536,0.9938881
959,sonora_256_50_235,0.40315527,0.61984,0.0012349631,0.009082732,0.21505791,0.04927675,0.99807763
960,sonora_256_50_2586,0.28853348,0.58367944,0.000392754,0.0076547726,0.8627396,0.1672707,0.99953353
961,sonora_256_50_1129,0.32828984,0.77972114,0.0036564295,0.023252783,0.7619721,0.27098915,0.99411523
962,hv_256_50_1548,0.1640431,0.29906502,0.0044122343,0.037442148,0.99990284,0.88206226,0.90974474
963,hv_256_50_2084,0.41479343,0.55280316,6.883852e-05,0.006136603,0.96160793,0.42059234,0.9757691
964,hv_256_50_2809,0.53067,0.65877277,0.000120342644,0.010572922,0.3334287,0.20135745,0.98131263
965,hv_256_50_1069,0.3587692,0.7476567,0.0014810185,0.016458316,0.6137678,0.14800021,0.99732757
966,hv_256_50_1629,0.4512619,0.6678605,0.00054739503,0.01386003,0.6165593,0.24105176,0.98810834
967,sonora_256_50_1799,0.31019384,0.6095718,0.00041136425,0.008387807,0.74879706,0.15509859,0.99947673
968,hv_256_50_602,0.34120423,0.6748705,0.00078924635,0.0094458945,0.48073992,0.11410174,0.998563
969,sonora_256_50_649,0.24402133,0.5604143,0.0010552121,0.011715822,0.977196,0.33762786,0.99827135
970,hv_256_50_708,0.3219275,0.5910196,0.0017627312,0.024623709,0.99234325,0.82134044,0.9377653
971,sonora_256_50_2956,0.31599542,0.5977358,0.00028640017,0.006641717,0.6678584,0.14374672,0.99965894
972,hv_256_50_415,0.3655004,0.5528899,0.00019664728,0.010608453,0.9980646,0.9012934,0.8657798
973,sonora_256_50_164,0.3837956,0.642795,0.002830564,0.021637132,0.39385495,0.134177,0.9937156
974,hv_256_50_779,0.52827394,0.6208863,2.3179586e-05,0.009507547,0.9480487,0.70200646,0.8585383
975,hv_256_50_648,0.31689778,0.5961417,0.00038863142,0.007811183,0.72269607,0.15186091,0.99949014
976,sonora_256_50_2149,0.3447683,0.63137066,0.00056326046,0.009621663,0.6042393,0.13009152,0.9991992
977,sonora_256_50_3072,0.39488444,0.5631626,0.00042267703,0.004204525,0.17143728,0.02800179,0.99939966
978,sonora_256_50_896,0.38382035,0.68416315,0.00090718357,0.011934467,0.40170956,0.09097444,0.9987459
979,hv_256_50_839,0.48533377,0.59771013,7.377832e-05,0.011922625,0.99307996,0.715899,0.7500923
980,hv_256_50_3164,0.55736995,0.72323215,1.151013e-05,0.002233124,0.21942824,0.08349562,0.99707615
981,hv_256_50_18,0.5518831,0.6327522,3.8672165e-06,0.006404389,0.9993327,0.9373243,0.3434594
982,sonora_256_50_1783,0.34707552,0.63365406,0.0008856243,0.005316407,0.3399065,0.046376128,0.9985056
983,sonora_256_50_2287,0.38563022,0.671651,0.0007937885,0.013640741,0.4094782,0.08416557,0.9982362
984,hv_256_50_2170,0.2569881,0.3718991,0.0002260696,0.018176137,0.999757,0.76987237,0.84950805
985,hv_256_50_3603,0.45028183,0.6703662,0.00028075514,0.008534161,0.24913073,0.073653184,0.997718
986,hv_256_50_1348,0.35841295,0.65489095,0.0010237322,0.015214113,0.57236797,0.13348393,0.99814487
987,hv_256_50_1275,0.34905156,0.67129993,0.0006594597,0.0117310705,0.53877926,0.14586565,0.9989064
988,sonora_256_50_3295,0.43379974,0.6632331,0.000885615,0.019676993,0.4561157,0.17574012,0.9943786
989,hv_256_50_3569,0.44822735,0.6386458,2.3534725e-05,0.0023836826,0.8041427,0.19919853,0.9963159
990,sonora_256_50_1841,0.3473904,0.6222669,0.00053560286,0.009817958,0.5840501,0.12731333,0.9993279
991,hv_256_50_902,0.19959028,0.43544674,0.0013078295,0.017129617,0.9999865,0.8022965,0.94515437
992,hv_256_50_2251,0.36839417,0.6481083,0.00091503386,0.013427059,0.5981797,0.123942986,0.9982817
993,sonora_256_50_3574,0.46456173,0.6521735,0.0002466485,0.0076048328,0.21034801,0.06510779,0.99785775
994,hv_256_50_1173,0.51505184,0.6691401,0.00023450133,0.017128397,0.5794983,0.34338617,0.9633203
995,hv_256_50_1807,0.09387898,0.17308527,0.00031960738,0.033927977,1.0,0.86751014,0.62358093
996,hv_256_50_3643,0.30878255,0.4149006,5.9001515e-05,0.011098312,0.9997596,0.82451904,0.80723155
997,sonora_256_50_2619,0.39693725,0.6519933,0.0016181669,0.015703429,0.37286922,0.103994034,0.996985
998,hv_256_50_180,0.37845132,0.62868255,0.0006267587,0.0029898738,0.15356816,0.019636935,0.9994573
999,hv_256_50_2641,0.3362782,0.64471626,0.0010202758,0.00973758,0.7018057,0.10073739,0.9985481
1000,hv_256_50_380,0.28106362,0.5549636,0.0010859764,0.014804042,0.92386526,0.49154806,0.99672616
1001,sonora_256_50_2242,0.34946942,0.68019986,0.0010863945,0.013726024,0.63463193,0.12973915,0.9983777
1002,hv_256_50_3527,0.41577828,0.66809976,0.0012252908,0.019617708,0.4466357,0.13922359,0.99491537
1003,sonora_256_50_3604,0.44676882,0.6478175,0.00021683205,0.006824844,0.22519182,0.05594909,0.998131
1004,hv_256_50_2771,0.37518445,0.6512108,0.00071175717,0.013684707,0.5102634,0.11670295,0.9987257
1005,hv_256_50_2579,0.35307556,0.69060826,0.0014629491,0.016383158,0.6964126,0.16979589,0.9969458
1006,hv_256_50_2807,0.413692,0.6153172,0.00073118345,0.017196426,0.5225806,0.15922913,0.9922501
1007,hv_256_50_3401,0.3553822,0.6804445,0.0009111494,0.010114382,0.6160121,0.10052619,0.99900705
1008,hv_256_50_402,0.38656738,0.6001623,0.00022494873,0.0071768104,0.84461296,0.3533345,0.9926334
1009,sonora_256_50_3650,0.46742588,0.6701279,0.0001370221,0.006010287,0.23321429,0.06880398,0.99758923
1010,hv_256_50_869,0.31895423,0.7058945,0.00085101963,0.011739847,0.7791253,0.15917793,0.99901307
1011,sonora_256_50_2469,0.4149342,0.72736555,0.0010517346,0.015231512,0.4813518,0.12294635,0.997271
1012,hv_256_50_2058,0.4444383,0.67642146,0.00043969034,0.010154515,0.30258656,0.081201315,0.99743444
1013,hv_256_50_490,0.4592852,0.6605783,0.00034947874,0.014048765,0.5205577,0.2587287,0.98828995
1014,hv_256_50_2325,0.49502778,0.66055727,0.00011690752,0.008057691,0.52401,0.27236465,0.9869047
1015,hv_256_50_621,0.39551184,0.4491787,7.7691375e-06,0.010919042,0.9999033,0.9464288,0.29891002
1016,sonora_256_50_1371,0.33935887,0.70792663,0.0010416504,0.013309108,0.68551755,0.15437222,0.9986327
1017,sonora_256_50_1933,0.34874484,0.6222596,0.0005881229,0.0104959225,0.5933654,0.12548235,0.9991571
1018,sonora_256_50_67,0.3289398,0.7505879,0.0013358003,0.013279677,0.75395346,0.15847847,0.9985147
1019,sonora_256_50_1896,0.39882398,0.6351682,0.0007568208,0.009766531,0.44982874,0.09272594,0.9979559
1020,sonora_256_50_2113,0.3057632,0.590414,0.00037491674,0.007852581,0.76623595,0.15802512,0.99952674
1021,hv_256_50_1196,0.4000588,0.62906915,0.0017436892,0.027778825,0.82775414,0.40337178,0.97788006
1022,hv_256_50_1060,0.40623707,0.49916753,1.6630662e-05,0.007179573,0.9982141,0.7283127,0.8269633
1023,hv_256_50_1579,0.4142414,0.7392289,0.001318293,0.015489615,0.41214275,0.1067777,0.99709404
1024,hv_256_50_168,0.40388483,0.5430591,5.1392686e-05,0.006712292,0.977394,0.6124632,0.9562457
1025,sonora_256_50_42,0.3564895,0.83671165,0.0016786724,0.0070690243,0.6679983,0.051987603,0.9990957
1026,sonora_256_50_1324,0.22739623,0.5395176,0.002896822,0.016321376,0.99369884,0.5164646,0.9925343
1027,hv_256_50_426,0.26720926,0.7448649,0.0047461097,0.023096314,0.9751272,0.45737764,0.9924597
1028,sonora_256_50_1413,0.35951403,0.6792933,0.0011571446,0.018200297,0.6582392,0.1676459,0.9975205
1029,hv_256_50_3214,0.4431119,0.57445204,1.6688668e-05,0.0049787867,0.9783101,0.64871454,0.94794434
1030,sonora_256_50_1759,0.38282233,0.6810728,0.00061965734,0.008413845,0.40661165,0.065202534,0.99886984
1031,hv_256_50_552,0.42818698,0.5175129,1.1742149e-05,0.010995827,0.99810237,0.85362864,0.6509176
1032,hv_256_50_1646,0.40409127,0.65276146,0.0007120747,0.011539756,0.35447386,0.06556302,0.9983182
1033,sonora_256_50_339,0.3608954,0.7299366,0.0013201237,0.014121285,0.6073095,0.12551151,0.9981213
1034,hv_256_50_2281,0.29051822,0.3307008,3.7834478e-05,0.01768544,0.9999579,0.9241992,0.39928147
1035,sonora_256_50_857,0.32828668,0.8519596,0.0032366554,0.016740888,0.7796561,0.1948625,0.996831
1036,sonora_256_50_2866,0.30207187,0.6622879,0.00083782966,0.011737961,0.8487391,0.22672041,0.9989806
1037,hv_256_50_2907,0.36740834,0.6335932,0.0007677159,0.01150162,0.4974566,0.10948847,0.9989058
1038,hv_256_50_1760,0.6268983,0.703932,2.0647627e-05,0.009472559,0.97957295,0.9569099,0.4025056
1039,hv_256_50_2832,0.33526695,0.6241641,0.0006599702,0.010614941,0.667898,0.15953065,0.9990337
1040,sonora_256_50_3621,0.25524965,0.6786559,0.0008025358,0.008429314,0.9686978,0.18071897,0.9993988
1041,hv_256_50_776,0.5162944,0.7944496,0.00026123814,0.013823952,0.42032498,0.35868457,0.9851667
1042,sonora_256_50_2243,0.33903384,0.6595194,0.0007455905,0.011453621,0.66490775,0.14256245,0.9989427
1043,sonora_256_50_3237,0.36987063,0.5924913,0.00050447154,0.008798449,0.46344778,0.09501305,0.99925643
1044,sonora_256_50_1653,0.34099123,0.6700533,0.00058321515,0.009605356,0.61144584,0.13442773,0.9993019
1045,sonora_256_50_328,0.39142826,0.65343606,0.0013607945,0.011481086,0.33712488,0.075723894,0.99768233
1046,sonora_256_50_1084,0.32704943,0.70680803,0.00083235826,0.012360537,0.6815409,0.17325856,0.9990416
1047,hv_256_50_3408,0.3926369,0.6478295,0.000543996,0.0091431765,0.33463722,0.051952854,0.998976
1048,sonora_256_50_1254,0.45000327,0.67648125,0.00020736817,0.0070953397,0.494848,0.21181819,0.99519557
1049,hv_256_50_3073,0.4072819,0.5653229,4.4910816e-05,0.0056708436,0.970214,0.49957156,0.97557735
1050,sonora_256_50_1702,0.3012649,0.5848672,0.00035250897,0.007766913,0.7831461,0.1626116,0.9995542
1051,sonora_256_50_3085,0.33296528,0.5998177,0.00033537505,0.0072671594,0.59525216,0.13162841,0.99958616
1052,hv_256_50_1003,0.39234433,0.65772104,0.00047131904,0.010188328,0.4473183,0.10602577,0.99897623
1053,sonora_256_50_843,0.31861117,0.6014221,0.0024015172,0.024901893,0.9511794,0.50302327,0.9842293
1054,sonora_256_50_2677,0.5398699,0.7438044,8.865002e-05,0.005549735,0.17549428,0.10386682,0.996326
1055,hv_256_50_1202,0.15385729,0.2596156,0.0028667853,0.027517023,0.9999938,0.93513393,0.8131674
1056,hv_256_50_1059,0.30141217,0.38959244,0.0003217407,0.023389492,0.99974185,0.88240355,0.6679515
1057,sonora_256_50_2278,0.3200699,0.5673787,0.0019755766,0.020396246,0.9302979,0.39667204,0.99045426
1058,hv_256_50_2369,0.43564194,0.6687932,0.0006287133,0.0147489235,0.4288173,0.1571268,0.99428976
1059,sonora_256_50_2329,0.3378399,0.61126345,0.00043418654,0.008896466,0.60451907,0.13087954,0.99942505
1060,hv_256_50_1142,0.42543975,0.72752094,0.0005268448,0.010285582,0.5417035,0.15571061,0.9971271
1061,sonora_256_50_1566,0.38270587,0.708901,0.0009463546,0.012168577,0.40200123,0.094253086,0.9987112
1062,hv_256_50_1546,0.3875113,0.47135925,1.0205421e-05,0.008084949,0.998589,0.7248168,0.8046723
1063,hv_256_50_1378,0.432386,0.69470084,0.000707759,0.016828243,0.38953868,0.122383595,0.9973672
1064,hv_256_50_805,0.36451384,0.7677088,0.001133772,0.013656669,0.5161971,0.13923529,0.99852484
1065,sonora_256_50_2312,0.32067063,0.6220212,0.00043876583,0.00854347,0.7014984,0.15549701,0.9994392
1066,hv_256_50_327,0.35872692,0.67913234,0.002703686,0.018606437,0.53373367,0.17237777,0.9935759
1067,sonora_256_50_2421,0.3690292,0.6829995,0.00081788213,0.01265079,0.5014405,0.11975596,0.9986634
1068,sonora_256_50_749,0.3858051,0.6395272,0.0014550699,0.011738741,0.3290353,0.08575673,0.9972958
1069,sonora_256_50_3711,0.46131474,0.66669685,0.00025170966,0.008094602,0.22348334,0.06876113,0.9976324
1070,hv_256_50_54,0.23283504,0.68790895,0.002744222,0.0153330695,0.99288577,0.38709414,0.9963168
1071,hv_256_50_2286,0.3684588,0.6724176,0.0014029065,0.016940042,0.93872887,0.40232882,0.99147344
1072,hv_256_50_1704,0.31215143,0.49267057,0.002005741,0.01955321,0.9924011,0.55442625,0.9623733
1073,hv_256_50_740,0.36189115,0.6571777,0.002576163,0.013510333,0.52299535,0.13792764,0.99432266
1074,hv_256_50_80,0.2515357,0.6445165,0.0015823451,0.013436393,0.9878079,0.22692855,0.99803346
1075,hv_256_50_1747,0.12662658,0.22431707,2.5792473e-05,0.028717343,1.0,0.912305,0.34703836
1076,sonora_256_50_2592,0.30082393,0.6357961,0.0019126885,0.009575128,0.9194833,0.1304234,0.99733365
1077,sonora_256_50_1473,0.35306814,0.70505,0.0009483331,0.0128423,0.6209163,0.14139816,0.99875176
1078,hv_256_50_3421,0.47473118,0.67038935,5.5225824e-05,0.0038017428,0.4188756,0.11931174,0.99679273
1079,hv_256_50_2139,0.500196,0.68356615,8.362553e-05,0.004791041,0.17391369,0.06552593,0.9975852
1080,sonora_256_50_97,0.3791537,0.5343457,0.00039762023,0.0033183503,0.13559233,0.0220671,0.9993923
1081,sonora_256_50_2808,0.3731068,0.7081767,0.0010998851,0.012082848,0.4690162,0.09698047,0.99849045
1082,hv_256_50_2370,0.46407282,0.5915515,0.00050480483,0.02361941,0.8239045,0.45028886,0.935549
1083,hv_256_50_910,0.3900971,0.50898826,5.012029e-06,0.008473678,0.9999858,0.90971494,0.37851048
1084,hv_256_50_2123,0.4841688,0.65450644,2.334107e-05,0.002809353,0.6966431,0.23511916,0.9937366
1085,hv_256_50_1815,0.33689758,0.35419342,2.902434e-05,0.01310067,0.9999465,0.8983189,0.4010571
1086,sonora_256_50_171,0.3460828,0.73575103,0.0008747653,0.012863324,0.5906537,0.15383168,0.99888045
1087,sonora_256_50_1828,0.4008229,0.6682387,0.0008321956,0.01099241,0.3813125,0.0723886,0.9982838
1088,sonora_256_50_2845,0.38506204,0.6594913,0.000654769,0.009932385,0.3964276,0.07219431,0.9989986
1089,sonora_256_50_3477,0.4084902,0.6798007,0.00075941655,0.014472091,0.42016408,0.11150651,0.99825436
1090,sonora_256_50_1153,0.33892363,0.7224616,0.000985917,0.012582389,0.7037332,0.15667385,0.9988072
1091,hv_256_50_506,0.40126345,0.6472869,0.0012160208,0.024098778,0.71270275,0.31964257,0.9862802
1092,sonora_256_50_618,0.39650774,0.5815164,0.0011161832,0.0092872195,0.2212147,0.055410583,0.9977622
1093,sonora_256_50_2910,0.43840665,0.6537853,0.00052286015,0.012393924,0.28782237,0.07778618,0.9980751
1094,hv_256_50_528,0.33870596,0.7366463,0.0043749777,0.02194526,0.7470867,0.37133902,0.990081
1095,hv_256_50_254,0.42207944,0.6807105,0.0005356907,0.012344528,0.5777844,0.23589285,0.99668676
1096,hv_256_50_2187,0.5639321,0.7425975,0.00010051367,0.0066815307,0.19949429,0.13821495,0.99304116
1097,sonora_256_50_582,0.30266356,0.60821724,0.0005149745,0.00862099,0.85530704,0.1686317,0.9993687
1098,hv_256_50_1195,0.37790927,0.6378831,0.0013027213,0.023013072,0.9123519,0.58050656,0.9760257
1099,sonora_256_50_141,0.2787334,0.825763,0.0038255996,0.017992916,0.95214903,0.27408755,0.9952756
1100,sonora_256_50_1290,0.34438542,0.6741371,0.0006051242,0.009701177,0.57478976,0.11817292,0.9992816
1101,hv_256_50_502,0.12825775,0.21781299,0.0029391244,0.029323366,0.9999987,0.97081256,0.6808172
1102,hv_256_50_3348,0.5293223,0.68264467,4.8981554e-05,0.005794664,0.5189846,0.26831868,0.9858148
1103,sonora_256_50_184,0.3756016,0.7735357,0.00093181623,0.0045527173,0.37519822,0.0357544,0.9992955
1104,hv_256_50_1160,0.28580073,0.60814154,0.0012039205,0.013411608,0.9152862,0.28029472,0.997879
1105,sonora_256_50_2231,0.30360842,0.5928494,0.000354895,0.0072533535,0.7894509,0.15685737,0.99957556
1106,sonora_256_50_2189,0.38242894,0.6066412,0.0014856842,0.010448517,0.28352383,0.07071904,0.9970151
1107,sonora_256_50_2303,0.35750085,0.61163515,0.0005203191,0.009333787,0.54286116,0.11252363,0.99926263
1108,sonora_256_50_435,0.32178587,0.7950021,0.0021193489,0.014279899,0.78473175,0.1523303,0.9980823
1109,sonora_256_50_2010,0.36137134,0.6617038,0.0010231951,0.012637396,0.530316,0.111455746,0.998575
1110,hv_256_50_983,0.09284861,0.23459598,0.009350671,0.030499494,0.9999993,0.89786065,0.9342843
1111,sonora_256_50_1202,0.34286803,0.8141605,0.0020839465,0.01539507,0.683501,0.1548938,0.99775165
1112,sonora_256_50_1091,0.37780792,0.764077,0.001501038,0.013293237,0.58676124,0.12956123,0.99747145
1113,sonora_256_50_1134,0.34451512,0.7274232,0.0009197276,0.011764259,0.65015304,0.13847436,0.99873227
1114,sonora_256_50_1671,0.33616868,0.63926053,0.00055993744,0.010031587,0.6607132,0.13541368,0.99928373
1115,sonora_256_50_1764,0.3153878,0.6053096,0.00035689273,0.007776006,0.7123952,0.14809784,0.9995592
1116,sonora_256_50_3687,0.36510682,0.6463402,0.0008289957,0.010993551,0.47786835,0.08683015,0.99879885
1117,hv_256_50_154,0.583125,0.7090875,2.6032567e-05,0.0097685605,0.9877406,0.9525218,0.5193047
1118,sonora_256_50_94,0.36938113,0.6673723,0.0035046558,0.02698209,0.5301836,0.2750459,0.99096936
1119,sonora_256_50_1066,0.33411762,0.6072507,0.00050908374,0.009681603,0.65509534,0.14407745,0.9992994
1120,sonora_256_50_1816,0.32625538,0.59379494,0.00039866052,0.008669094,0.6580253,0.14175634,0.9994634
1121,hv_256_50_2745,0.36801103,0.50351816,5.130323e-05,0.006877642,0.9906437,0.6663154,0.95638037
1122,hv_256_50_3657,0.50996906,0.65237105,5.000041e-06,0.0023675729,0.8533435,0.38661733,0.984202
1123,hv_256_50_1903,0.2619593,0.5121832,0.0025380526,0.026972089,0.96926826,0.6939288,0.98238534
1124,hv_256_50_359,0.3270184,0.5747346,0.0006984034,0.012425447,0.996256,0.53822654,0.9787654
1125,sonora_256_50_1343,0.3548226,0.60936636,0.00049812166,0.009852406,0.5269919,0.12422915,0.99930656
1126,hv_256_50_2528,0.42728606,0.6244964,0.00060936477,0.015694821,0.45324776,0.13583761,0.993443
1127,sonora_256_50_108,0.37395844,0.66201115,0.0007872229,0.0046052663,0.18040796,0.029444361,0.99906796
1128,hv_256_50_25,0.27928993,0.5378922,0.0014564063,0.019185407,0.9336442,0.5869608,0.9933201
1129,sonora_256_50_1001,0.37965533,0.64679235,0.00075784273,0.011378304,0.3753925,0.09078464,0.9988035
1130,sonora_256_50_833,0.4644288,0.7018845,0.00019891401,0.0077312784,0.87853473,0.30118868,0.98953736
1131,sonora_256_50_1934,0.36530077,0.6359155,0.0006289033,0.010281035,0.4950824,0.10196702,0.9990767
1132,hv_256_50_3330,0.34157872,0.5285936,0.0015774666,0.020089766,0.8556503,0.38509345,0.98743826
1133,sonora_256_50_574,0.4150541,0.7033482,0.0006556845,0.01381458,0.39999434,0.12577525,0.99806505
1134,sonora_256_50_2443,0.47755975,0.7275968,0.00030050546,0.008675928,0.2434398,0.09238645,0.99750036
1135,sonora_256_50_566,0.24085717,0.6680895,0.0014461571,0.008684438,0.9859964,0.18189378,0.99904305
1136,sonora_256_50_2482,0.3977193,0.65305626,0.0020266857,0.018060096,0.32360816,0.115751304,0.9956388
1137,sonora_256_50_1922,0.38099667,0.5244816,0.00033869935,0.0028662032,0.12105285,0.01931446,0.9994294
1138,sonora_256_50_1802,0.4668467,0.68148065,0.0004263442,0.013230382,0.29918972,0.10210256,0.9960598
1139,sonora_256_50_75,0.27682063,0.6915021,0.0018581643,0.011409322,0.9817062,0.18713668,0.998176
1140,hv_256_50_3547,0.51312995,0.70915115,0.00011021057,0.005525949,0.17468593,0.08183836,0.99732506
1141,sonora_256_50_1284,0.33474118,0.6448368,0.0005536471,0.009641913,0.65956753,0.1396353,0.9992889
1142,sonora_256_50_1218,0.30077338,0.5999603,0.0003755793,0.007588548,0.7952704,0.16418827,0.9995419
1143,sonora_256_50_2428,0.3158556,0.6462773,0.0005315961,0.008613353,0.77554613,0.14201994,0.99936
1144,hv_256_50_3577,0.4901373,0.66718924,2.1572307e-05,0.002739163,0.54096884,0.16474217,0.99602795
1145,sonora_256_50_1490,0.3147708,0.5940344,0.00031536532,0.007238172,0.7056194,0.14236043,0.9996172
1146,sonora_256_50_3602,0.49173167,0.6955489,4.351604e-05,0.0030275243,0.24815254,0.0770481,0.99833554
1147,hv_256_50_609,0.34415898,0.5478697,0.0008955005,0.021327868,0.9937231,0.6457075,0.9530604
1148,sonora_256_50_228,0.35263836,0.6599621,0.0007038336,0.011231257,0.5311964,0.12349414,0.9989287
1149,hv_256_50_1497,0.3285527,0.7174527,0.0017424395,0.01871371,0.7953691,0.24089894,0.99673283
1150,hv_256_50_3543,0.38501653,0.6451256,0.00075079466,0.012104616,0.4240711,0.08878561,0.99878865
1151,sonora_256_50_1483,0.31529453,0.63568854,0.0005500614,0.009385214,0.7510811,0.16119766,0.99931574
1152,hv_256_50_1381,0.33678645,0.49117586,5.260209e-05,0.016020635,0.99996555,0.94659567,0.43046492
1153,hv_256_50_111,0.3875608,0.5472489,0.00086888624,0.0046575917,0.12975106,0.025799105,0.9986247
1154,sonora_256_50_290,0.28846732,0.64583427,0.00058060285,0.009347599,0.8700969,0.17801607,0.9992774
1155,hv_256_50_2983,0.33082837,0.64506733,0.000660529,0.010992114,0.659439,0.14664803,0.9990754
1156,hv_256_50_3517,0.44416103,0.62769014,1.8792349e-05,0.0021445213,0.7788676,0.22504012,0.99634856
1157,hv_256_50_3361,0.48136532,0.6705522,1.8735176e-05,0.002682969,0.5416318,0.1555633,0.9968573
1158,sonora_256_50_771,0.31407925,0.5454438,0.0005906221,0.0062021385,0.9418552,0.1974818,0.99760854
1159,sonora_256_50_1627,0.3153875,0.59649044,0.00033193047,0.007397795,0.6912114,0.14786974,0.99959713
1160,sonora_256_50_560,0.18931517,0.48446655,0.0054709865,0.017770799,0.99975187,0.5481258,0.9897495
1161,sonora_256_50_2797,0.3157888,0.61371136,0.00038834775,0.008480498,0.69145757,0.1607127,0.9995517
1162,sonora_256_50_2099,0.46039578,0.70444846,0.00067422807,0.020360285,0.368194,0.14875628,0.9944207
1163,hv_256_50_705,0.14671877,0.33003947,0.003600264,0.027734477,0.9998178,0.9142666,0.9558308
1164,sonora_256_50_1945,0.3071346,0.5961868,0.00034006214,0.00718218,0.76180255,0.1532813,0.99958664
1165,sonora_256_50_237,0.36972395,0.6915292,0.0015886206,0.01810668,0.4892177,0.15457603,0.9964778
1166,sonora_256_50_3201,0.34868205,0.62632656,0.0006461275,0.01105949,0.5792721,0.12812825,0.99908686
1167,sonora_256_50_86,0.20047276,0.431715,0.0044511594,0.018943312,0.99857247,0.7389896,0.9835638
1168,sonora_256_50_3025,0.30540013,0.5849834,0.00029063484,0.0066068093,0.73901814,0.1511252,0.9996518
1169,sonora_256_50_3118,0.42828226,0.64907247,0.00080971885,0.013840244,0.33143306,0.07690882,0.99778026
1170,sonora_256_50_568,0.28736418,0.70724833,0.0015241011,0.01394199,0.91382205,0.24095286,0.99828005
1171,sonora_256_50_1680,0.3578383,0.62228906,0.00051896344,0.009529868,0.5192901,0.11828997,0.9993057
1172,hv_256_50_2796,0.49615756,0.6601278,0.00023985832,0.013767289,0.42593256,0.18790172,0.98550445
1173,sonora_256_50_1966,0.34049875,0.66703886,0.0011835457,0.014537498,0.6985007,0.15745534,0.9980421
1174,hv_256_50_1321,0.09598905,0.26674682,0.0076536606,0.031708457,0.9999989,0.86541796,0.9444518
1175,sonora_256_50_742,0.36719707,0.80033857,0.00086868095,0.0027361456,0.6051518,0.02398917,0.9996916
1176,hv_256_50_2632,0.35353255,0.62344176,0.00087838847,0.013774576,0.5760266,0.14739907,0.99842405
1177,hv_256_50_43,0.32849985,0.735428,0.0023517061,0.011294851,0.5537319,0.14533809,0.99551815
1178,sonora_256_50_3256,0.41216606,0.6154469,0.0004423886,0.0092977015,0.27311465,0.051733557,0.9984686
1179,sonora_256_50_1650,0.34390882,0.66337794,0.0007310546,0.010988212,0.6482761,0.13575535,0.9990545
1180,hv_256_50_3499,0.3707094,0.504075,5.114501e-05,0.0071003237,0.98689216,0.5935535,0.96106875
1181,hv_256_50_894,0.2698095,0.58417296,0.00095281703,0.009425731,0.9510221,0.19326827,0.99895203
1182,sonora_256_50_163,0.35174602,0.7235068,0.002677212,0.023198983,0.6481795,0.21434505,0.9956735
1183,hv_256_50_386,0.35879326,0.6648108,0.0012375277,0.0054599424,0.44201967,0.047097784,0.99868065
1184,hv_256_50_574,0.47205395,0.6995924,0.0005291195,0.01784587,0.59700817,0.37784338,0.9829369
1185,sonora_256_50_131,0.3440662,0.7956126,0.0038501148,0.019072428,0.7643518,0.16805136,0.9960368
1186,hv_256_50_138,0.42402172,0.5532311,1.8059292e-05,0.0056105074,0.99502736,0.7972838,0.89208066
1187,sonora_256_50_1549,0.3435712,0.627186,0.00047497946,0.008870395,0.61657786,0.12740572,0.99939513
1188,sonora_256_50_3040,0.37585965,0.6600638,0.00064212375,0.008242968,0.4021563,0.06293888,0.99921525
1189,hv_256_50_3393,0.4466566,0.66021043,0.0003255044,0.008970931,0.25472316,0.068996534,0.9977343
1190,hv_256_50_398,0.39319125,0.74513847,0.0016262525,0.017624505,0.8424412,0.21603663,0.99441683
1191,hv_256_50_3707,0.28641593,0.40406388,0.00013298333,0.01406399,0.9990777,0.7914533,0.88323766
1192,hv_256_50_1722,0.35166162,0.60444444,0.0005138507,0.009860563,0.5593388,0.12539756,0.9992705
1193,hv_256_50_2650,0.43209675,0.6593703,0.00044941073,0.010294173,0.3549701,0.08738601,0.9969007
1194,sonora_256_50_28,0.3769995,0.5629731,0.00035590198,0.0032652882,0.1714742,0.02410798,0.99956733
1195,hv_256_50_1553,0.36365718,0.65850604,0.0006238606,0.0131018665,0.51606894,0.13933818,0.99882954
1196,hv_256_50_3260,0.5264233,0.71682626,6.0689414e-05,0.004962862,0.29784432,0.12563239,0.99509805
1197,sonora_256_50_1971,0.3133948,0.59562206,0.00033745976,0.007133141,0.7339929,0.14484705,0.9996043
1198,hv_256_50_603,0.33702028,0.72720253,0.0010530308,0.013222648,0.6678698,0.15624669,0.9986607
1199,sonora_256_50_460,0.38890177,0.58269763,0.0015919897,0.012036302,0.3142887,0.10722545,0.996296
1200,sonora_256_50_1127,0.38066941,0.76681685,0.0021624558,0.016378777,0.43031275,0.10606001,0.9969126
1201,sonora_256_50_2812,0.43944874,0.69131,0.0007281427,0.016258186,0.37095174,0.116038896,0.9967931
1202,sonora_256_50_3001,0.2758907,0.6513649,0.0014246134,0.006876935,0.97943306,0.08363343,0.99924964
1203,sonora_256_50_3138,0.31004173,0.62512225,0.0012544378,0.010124408,0.9083953,0.16255195,0.9986234
1204,sonora_256_50_2346,0.39858937,0.6481901,0.0011441725,0.010416514,0.25578544,0.058826037,0.99802196
1205,sonora_256_50_2887,0.3404441,0.61702085,0.00042254088,0.008267937,0.57462955,0.12314818,0.99947053
1206,hv_256_50_1797,0.38072082,0.5528798,0.00020178362,0.012687257,0.9769274,0.61114687,0.95195884
1207,sonora_256_50_781,0.3030074,0.6708484,0.00056129793,0.009575335,0.79361117,0.1888782,0.99926645
1208,sonora_256_50_2862,0.31805065,0.5933532,0.0003130244,0.0075146873,0.66768974,0.14565375,0.9995951
1209,sonora_256_50_2667,0.36614898,0.7241912,0.0015035858,0.016382659,0.4637235,0.13125195,0.99717295
1210,hv_256_50_809,0.36207235,0.6883668,0.002204796,0.013642481,0.66525185,0.14311549,0.99659437
1211,hv_256_50_1262,0.31905925,0.545756,0.0012428506,0.023285255,0.99583447,0.6199285,0.95214623
1212,hv_256_50_1726,0.35867116,0.5058777,0.0008772902,0.016529944,0.9944999,0.8523545,0.8987962
1213,hv_256_50_1328,0.3078755,0.48202556,0.00044198605,0.011999055,0.9941691,0.6707575,0.9660307
1214,hv_256_50_261,0.3385417,0.5415406,0.0016746686,0.028975336,0.98445845,0.6883607,0.9460711
1215,sonora_256_50_3148,0.37794718,0.65501803,0.0006266124,0.008894545,0.36381575,0.07431428,0.9991696
1216,hv_256_50_3245,0.3264132,0.593842,0.00032530617,0.0073615806,0.629866,0.13677013,0.9995852
1217,hv_256_50_3165,0.5264566,0.66449964,4.5980746e-06,0.0019401015,0.6693431,0.1761675,0.99300885
1218,sonora_256_50_1513,0.32506192,0.6492058,0.00053167006,0.009500895,0.68617004,0.14866216,0.99939084
1219,sonora_256_50_848,0.29770193,0.7948913,0.0026113717,0.016020201,0.88417315,0.24256243,0.9974075
1220,hv_256_50_889,0.29903162,0.68434554,0.0021850024,0.018925007,0.9275293,0.28234667,0.9960425
1221,sonora_256_50_2158,0.32341585,0.6050457,0.0004298009,0.009267304,0.6885829,0.1481648,0.999406
1222,sonora_256_50_3384,0.4285277,0.6698419,0.00047670305,0.0086420905,0.28567147,0.066254064,0.99814606
1223,hv_256_50_1909,0.4374918,0.68990314,0.00051002594,0.010189385,0.44833285,0.15249409,0.9961255
1224,sonora_256_50_3589,0.4976093,0.69699943,0.00015484101,0.0069461633,0.21055219,0.09560383,0.99646324
1225,sonora_256_50_2738,0.37050125,0.73309726,0.0021099248,0.016675403,0.5575437,0.13281517,0.9970475
1226,hv_256_50_2960,0.5502758,0.7156649,4.2250285e-06,0.0016796396,0.55679977,0.19617432,0.99452704
1227,hv_256_50_3128,0.43956646,0.6720737,0.00045846184,0.011430514,0.5514819,0.2692567,0.9927604
1228,hv_256_50_2945,0.3662543,0.51322,0.00018516181,0.013403337,0.985502,0.678361,0.93699133
1229,hv_256_50_1922,0.5358936,0.75330657,0.00023750278,0.0097203255,0.24343872,0.14837046,0.9931331
1230,hv_256_50_475,0.40317672,0.5374429,3.1261956e-05,0.008386681,0.986894,0.59739876,0.930496
1231,hv_256_50_2813,0.4941426,0.64321226,1.2306445e-05,0.0026501198,0.68222886,0.1866324,0.9935668
1232,hv_256_50_3550,0.38809916,0.6026353,0.0011231429,0.01814302,0.6845711,0.22494332,0.9918544
1233,hv_256_50_1688,0.36245343,0.62976944,0.000607589,0.012263251,0.57428813,0.13620399,0.99894994
1234,sonora_256_50_975,0.4174156,0.6596394,0.00037157454,0.011065375,0.93771994,0.2706177,0.9836737
1235,sonora_256_50_2863,0.30455416,0.5914753,0.00039173363,0.007668643,0.80306953,0.15925545,0.9995345
1236,hv_256_50_3508,0.5167642,0.7070345,1.7968056e-05,0.0023236256,0.3524006,0.11497988,0.99743146
1237,sonora_256_50_1180,0.29665893,0.6523744,0.00062921323,0.010410623,0.82914495,0.20088598,0.99919647
1238,hv_256_50_2416,0.50671023,0.65962857,0.00011138819,0.013762901,0.9357484,0.6769776,0.87902486
1239,sonora_256_50_2773,0.36968905,0.62415737,0.0005618856,0.009542655,0.47703224,0.09888888,0.9992175
1240,hv_256_50_3487,0.43371135,0.6195229,4.052998e-05,0.0038692828,0.76224166,0.23213874,0.9947706
1241,sonora_256_50_2803,0.39619425,0.5737818,0.000429008,0.004863709,0.20048434,0.033322584,0.9993599
1242,sonora_256_50_202,0.3084733,0.7531798,0.0019204105,0.015905742,0.8510479,0.22028528,0.9972572
1243,sonora_256_50_518,0.37650982,0.80524236,0.0013098139,0.010540145,0.4323806,0.08558844,0.9985864
1244,sonora_256_50_2546,0.3226753,0.5979677,0.00031445234,0.0072237337,0.647447,0.13568284,0.9996253
1245,sonora_256_50_2796,0.3102414,0.58863765,0.00030656034,0.0069564427,0.7196413,0.14878398,0.9996276
1246,sonora_256_50_2664,0.3995445,0.5519435,0.0005119777,0.0044764965,0.15452564,0.027027955,0.99919504
1247,sonora_256_50_248,0.37894392,0.64454347,0.00089568144,0.007127524,0.2712068,0.050932415,0.99866223
1248,hv_256_50_3615,0.5165548,0.704004,0.00020782938,0.0101514775,0.2106537,0.10810155,0.9939374
1249,sonora_256_50_1705,0.40431678,0.6533242,0.0016862811,0.015978491,0.29518393,0.087758735,0.9970446
1250,sonora_256_50_1021,0.36483273,0.78819233,0.0007580283,0.003876667,0.30473125,0.030709593,0.99950826
1251,hv_256_50_553,0.45631155,0.5267063,9.395038e-06,0.010468864,0.99979216,0.9283905,0.31627417
1252,hv_256_50_1728,0.43565714,0.5417357,0.00015169418,0.01098587,0.9389681,0.5233235,0.9452252
1253,sonora_256_50_546,0.38323322,0.5748086,0.0004152451,0.003721532,0.16229554,0.02509149,0.99943763
1254,sonora_256_50_1445,0.31188348,0.62211174,0.00040979713,0.008719578,0.73486423,0.15781683,0.9994802
1255,sonora_256_50_3518,0.41085222,0.65778387,0.00043187084,0.008919603,0.2976404,0.05901115,0.9986066
1256,sonora_256_50_2258,0.3764816,0.7096981,0.0009387115,0.010634048,0.36535782,0.085665554,0.9983779
1257,hv_256_50_1025,0.3213307,0.67225176,0.0008879412,0.011845812,0.7843459,0.15987772,0.99889946
1258,sonora_256_50_2628,0.3893531,0.67718196,0.001092598,0.012983775,0.52165455,0.103623495,0.99758077
1259,hv_256_50_1323,0.51776403,0.6283312,1.4528078e-05,0.01025075,0.99984324,0.9643837,0.218734
1260,hv_256_50_3046,0.33050102,0.6144168,0.0005094255,0.009138845,0.6640345,0.14117813,0.9993364
1261,hv_256_50_3308,0.44906512,0.61278945,1.2251724e-05,0.0023208295,0.8600686,0.26132563,0.99344856
1262,sonora_256_50_1684,0.34075385,0.6310319,0.000824943,0.011608945,0.6834406,0.13225505,0.99884915
1263,sonora_256_50_1837,0.3563734,0.6015569,0.0005399959,0.009889726,0.5483334,0.117911935,0.99922085
1264,sonora_256_50_137,0.34900376,0.7791332,0.0017237935,0.013693863,0.68404657,0.14639822,0.99806994
1265,hv_256_50_2802,0.49507827,0.6532435,0.00012827443,0.009077532,0.520709,0.25227094,0.98479986
1266,hv_256_50_1822,0.27572906,0.404763,0.00026489823,0.01615107,0.9994203,0.7391596,0.89802116
1267,sonora_256_50_2217,0.3728455,0.67565715,0.0007227957,0.010617546,0.44920495,0.08426026,0.9988219
1268,sonora_256_50_2682,0.3529222,0.72838116,0.0014774827,0.013365833,0.65618855,0.12505968,0.99806696
1269,sonora_256_50_3387,0.46414188,0.6869486,0.00034633907,0.008840153,0.22723305,0.07214209,0.99766916
1270,hv_256_50_1086,0.30672333,0.6303489,0.0026589863,0.01850379,0.93534845,0.37339684,0.9953382
1271,sonora_256_50_1031,0.3862965,0.6155605,0.0031342802,0.038508277,0.9210536,0.64817137,0.9504483
1272,sonora_256_50_816,0.3872967,0.7274261,0.0014690862,0.013866399,0.36025444,0.0954838,0.99754375
1273,hv_256_50_1234,0.3662943,0.68329126,0.0008257279,0.010660192,0.4750316,0.089433536,0.9987149
1274,hv_256_50_2645,0.34950823,0.5422877,0.0004917622,0.0074898866,0.87749213,0.23981519,0.9954158
1275,hv_256_50_3110,0.33675224,0.59749746,0.00041730423,0.00790027,0.62822276,0.13029611,0.9994715
1276,sonora_256_50_1193,0.2964461,0.8153476,0.0023879907,0.011412479,0.89459926,0.15521206,0.9984119
1277,sonora_256_50_3674,0.40428928,0.62529904,0.0003788885,0.0071806745,0.26434267,0.043493908,0.9989641
1278,hv_256_50_3028,0.44559607,0.5825921,1.4640694e-05,0.005652876,0.9794143,0.6659989,0.93571424
1279,sonora_256_50_2972,0.36903444,0.724457,0.0011960145,0.014492521,0.5175896,0.12069852,0.9983518
1280,sonora_256_50_1544,0.33764437,0.652904,0.0005843173,0.009849569,0.6350431,0.1309903,0.9992644
1281,sonora_256_50_124,0.21636982,0.48116636,0.0028317377,0.021368759,0.99773175,0.582318,0.9912259
1282,sonora_256_50_2272,0.39439055,0.661898,0.0009499934,0.009382599,0.27526486,0.060585365,0.99852765
1283,sonora_256_50_1381,0.510389,0.629971,0.00026711353,0.02238436,0.71965134,0.59883004,0.89953643
1284,sonora_256_50_2789,0.34330595,0.70667785,0.0012564085,0.014522251,0.68895257,0.16591845,0.99819165
1285,sonora_256_50_1790,0.34359583,0.61665237,0.00048810273,0.008893936,0.6155382,0.1314648,0.99937797
1286,hv_256_50_569,0.46733868,0.5818282,2.552646e-05,0.008583983,0.99670994,0.88695395,0.73052067
1287,sonora_256_50_3168,0.34499028,0.5970887,0.0004145047,0.0085609695,0.5549667,0.12745184,0.9994337
1288,hv_256_50_3626,0.4817649,0.6779416,1.1823592e-05,0.0014970197,0.46505147,0.10498954,0.99845994
1289,sonora_256_50_996,0.3358825,0.67102873,0.00066261407,0.011323177,0.61740655,0.14982733,0.9991386
1290,sonora_256_50_2029,0.36181206,0.67511034,0.0008473954,0.014314171,0.56560206,0.12864369,0.9986343
1291,sonora_256_50_1457,0.28137803,0.6287728,0.0010001851,0.0128596015,0.9300117,0.22663426,0.99865377
1292,hv_256_50_2506,0.3500974,0.5150342,0.00046663854,0.013548702,0.96895796,0.603668,0.9694002
1293,hv_256_50_1065,0.20193575,0.39673793,0.0067257853,0.043653917,0.999094,0.9487315,0.86736494
1294,hv_256_50_2473,0.51133823,0.6741871,5.7497913e-05,0.0055633103,0.38951686,0.14673957,0.9931705
1295,hv_256_50_3572,0.5283608,0.6674416,6.169975e-06,0.0028559528,0.92688423,0.64495707,0.9602841
1296,sonora_256_50_1041,0.24403456,0.61744905,0.0025737723,0.01178175,0.98836064,0.24838337,0.99776745
1297,hv_256_50_1306,0.3226287,0.59144336,0.00040270208,0.007918274,0.7039078,0.12901841,0.99950516
1298,hv_256_50_1416,0.33522323,0.62400204,0.000542605,0.009501473,0.6279939,0.12686032,0.9992612
1299,sonora_256_50_1977,0.30289948,0.5843658,0.00032295735,0.007061919,0.7582875,0.15764897,0.9996001
1300,hv_256_50_920,0.2506731,0.3738368,0.00012821978,0.02045784,0.9999832,0.9161787,0.5949416
1301,sonora_256_50_3725,0.4668416,0.6780478,0.00020050896,0.007945304,0.32820627,0.11028987,0.9963408
1302,sonora_256_50_1301,0.3197971,0.73617643,0.001287609,0.014051004,0.8188384,0.19383472,0.9984849
1303,hv_256_50_611,0.40098152,0.5206237,0.00021911818,0.0073731192,0.87530273,0.23779698,0.98878366
1304,hv_256_50_3351,0.47957644,0.67806786,2.015332e-05,0.0019335478,0.4241802,0.09753695,0.99830866
1305,sonora_256_50_27,0.36947182,0.5447577,0.0002854842,0.0022538279,0.13650787,0.016983788,0.99967086
1306,hv_256_50_712,0.21040371,0.29841945,0.00020363541,0.030535368,0.9999914,0.93731654,0.44219387
1307,hv_256_50_1288,0.30958453,0.6440292,0.00067496486,0.010281196,0.8098698,0.17021188,0.9991431
1308,hv_256_50_2998,0.43551746,0.51537585,3.676923e-06,0.005098432,0.99971694,0.7593252,0.6904314
1309,hv_256_50_1385,0.32622662,0.38304737,6.355403e-06,0.0144826155,0.9999945,0.9130058,0.23827553
1310,sonora_256_50_930,0.3547887,0.62997156,0.0009350391,0.013791057,0.5348257,0.120854035,0.9986274
1311,hv_256_50_2410,0.37861112,0.54382753,5.743051e-05,0.008525366,0.9944159,0.6213283,0.94356364
1312,sonora_256_50_250,0.3776647,0.7208743,0.0011801729,0.007129643,0.5506774,0.05271119,0.9990183
1313,sonora_256_50_1282,0.28853112,0.58558834,0.00042721198,0.007664511,0.8782926,0.16509321,0.9995152
1314,sonora_256_50_1121,0.27698067,0.6294976,0.0005162234,0.008323001,0.89252114,0.21458574,0.99936193
1315,sonora_256_50_1428,0.38052884,0.7061353,0.0010178651,0.012797457,0.41150787,0.09688511,0.99856097
1316,sonora_256_50_205,0.29657713,0.65642667,0.0007531967,0.010215971,0.8703515,0.22589847,0.999108
1317,hv_256_50_3466,0.4588358,0.60692596,0.00026664155,0.014411397,0.69727856,0.40203038,0.9700192
1318,hv_256_50_1038,0.17772286,0.297239,0.00056195684,0.039152432,0.99998677,0.89025,0.6739197
1319,sonora_256_50_921,0.38730153,0.73723906,0.0023234168,0.019341435,0.41460997,0.13362901,0.9958562
1320,sonora_256_50_3252,0.42337412,0.6208362,0.0005476252,0.010952038,0.27625695,0.05758175,0.99834836
1321,sonora_256_50_2714,0.37097347,0.6954259,0.00089989434,0.012694313,0.4976993,0.11151993,0.9985979
1322,hv_256_50_2710,0.34767765,0.65777576,0.0014798273,0.012881963,0.77363217,0.15766232,0.99725807
1323,hv_256_50_716,0.32541257,0.56868285,0.0023942261,0.029935215,0.9132575,0.4930932,0.98471016
1324,sonora_256_50_1986,0.3652891,0.7131126,0.0019342004,0.02042167,0.47101888,0.15100446,0.99627656
1325,sonora_256_50_2824,0.32384616,0.62434804,0.0006710779,0.010459918,0.7547137,0.16809388,0.9991635
1326,hv_256_50_2051,0.49364454,0.6757771,2.2858278e-05,0.003140045,0.66907144,0.23791805,0.99376464
1327,sonora_256_50_3651,0.53211975,0.712783,6.560725e-05,0.005499371,0.18913716,0.10314359,0.9954592
1328,hv_256_50_3551,0.45836532,0.6501106,0.00037141802,0.011814623,0.35237646,0.12911499,0.99460185
1329,sonora_256_50_241,0.38418904,0.6800415,0.0010410651,0.007800938,0.33239257,0.055191126,0.9987991
1330,hv_256_50_3621,0.5118434,0.68819505,7.643216e-05,0.0048494553,0.17256612,0.07250001,0.99720216
1331,sonora_256_50_2627,0.42264223,0.64953107,0.0006216887,0.011581604,0.33852673,0.073652856,0.9975937
1332,hv_256_50_3452,0.3081027,0.5837847,0.00032102832,0.0070079984,0.7719825,0.14213085,0.9996208
1333,sonora_256_50_545,0.38041446,0.6017171,0.00035959965,0.0031536345,0.16988198,0.02289368,0.999585
1334,sonora_256_50_1811,0.33714485,0.6807343,0.0006795585,0.011529595,0.63563216,0.14795658,0.9991085
1335,sonora_256_50_2622,0.33897918,0.6446661,0.0015383697,0.019053726,0.679242,0.30572596,0.99692047
1336,hv_256_50_1503,0.50632024,0.74971247,0.00038282745,0.013253449,0.3539426,0.15933564,0.98979723
1337,sonora_256_50_498,0.30712694,0.717514,0.0011241426,0.012654907,0.8362615,0.19393566,0.99872005
1338,sonora_256_50_57,0.25753123,0.5782478,0.0007267264,0.010525024,0.96600527,0.21981901,0.99897766
1339,hv_256_50_1174,0.13223383,0.15971334,0.000181658,0.038738657,0.9999999,0.9056611,0.27680245
1340,sonora_256_50_3630,0.3244694,0.5978491,0.00033514653,0.0073942975,0.65457875,0.13876522,0.99958104
1341,hv_256_50_997,0.3270919,0.6907668,0.0009921059,0.012130834,0.72288305,0.1475169,0.9987129
1342,hv_256_50_3187,0.4850407,0.72099453,0.00031309988,0.010920911,0.28075543,0.13695836,0.99631965
1343,sonora_256_50_3210,0.39948925,0.59521765,0.0005648427,0.0062190527,0.21173576,0.04112332,0.9991211
1344,sonora_256_50_3391,0.45319957,0.6561529,0.00020832458,0.00598327,0.20004922,0.05370235,0.99848974
1345,hv_256_50_2088,0.3413775,0.49008164,0.00017553824,0.0081944605,0.957823,0.41221386,0.9857873
1346,sonora_256_50_2409,0.37765858,0.6394326,0.002502737,0.02326257,0.42066556,0.16873668,0.99370736
1347,sonora_256_50_652,0.34688437,0.78813267,0.0017616306,0.01386226,0.70781636,0.13206306,0.99788505
1348,hv_256_50_2171,0.26347002,0.4657052,0.0011330151,0.012625287,0.99480057,0.7577047,0.97944045
1349,hv_256_50_1644,0.44773427,0.6461615,0.00018742926,0.007079773,0.35305017,0.09390734,0.99674076
1350,sonora_256_50_1062,0.38673812,0.6912749,0.0011803956,0.0130313765,0.37115195,0.0883697,0.9980597
1351,hv_256_50_3512,0.49951196,0.69890094,2.1428512e-05,0.0020756272,0.2559907,0.06651013,0.998645
1352,sonora_256_50_588,0.3919598,0.5823493,0.00039847053,0.0036966829,0.18551661,0.025767835,0.9995435
1353,sonora_256_50_1572,0.3886477,0.64605546,0.0019274482,0.016042639,0.32367402,0.10790047,0.9959122
1354,sonora_256_50_2914,0.39979294,0.6593286,0.00050372916,0.008578819,0.31091696,0.052578118,0.9989982
1355,hv_256_50_3423,0.5031013,0.6931418,7.81825e-05,0.0054798564,0.2604497,0.111463554,0.9957664
1356,sonora_256_50_3285,0.36246973,0.62802756,0.0004224789,0.007705929,0.4361181,0.09020374,0.99948055
1357,sonora_256_50_2065,0.3907151,0.6459869,0.000710096,0.0066887946,0.24924341,0.043779887,0.99898213
1358,sonora_256_50_3078,0.3960556,0.6631614,0.0005089144,0.006406076,0.2661295,0.04559123,0.999356
1359,hv_256_50_2503,0.33706027,0.48139244,0.0007912781,0.013915374,0.9570275,0.45798215,0.9786689
1360,sonora_256_50_2683,0.33609277,0.6353006,0.00074819906,0.011662488,0.6893477,0.190802,0.99865097
1361,hv_256_50_545,0.24888381,0.33518344,0.00019882905,0.027881034,0.99995446,0.9426654,0.48953122
1362,hv_256_50_2402,0.4973586,0.698363,4.6536847e-05,0.003398978,0.36632487,0.12210721,0.9972825
1363,hv_256_50_1996,0.43371588,0.68778807,0.0004006344,0.007916653,0.27014855,0.062239323,0.9985777
1364,sonora_256_50_2673,0.39742115,0.65222025,0.00067994784,0.0155643765,0.43870765,0.105527475,0.99849737
1365,hv_256_50_1445,0.33491874,0.59902847,0.0003701423,0.007588228,0.61581063,0.12589012,0.99955636
1366,hv_256_50_161,0.19518858,0.33870414,0.0006478176,0.02149745,0.99999523,0.82899016,0.82558036
1367,sonora_256_50_3307,0.3935819,0.60881734,0.00051370234,0.009359311,0.37856603,0.07409937,0.9991301
1368,hv_256_50_1255,0.20727807,0.2988467,0.00010975666,0.022233896,0.99999475,0.87537444,0.5947491
1369,sonora_256_50_3113,0.39985228,0.62098056,0.0005880416,0.010347989,0.37325978,0.07638568,0.99898833
1370,sonora_256_50_597,0.35837087,0.7683316,0.0014740622,0.016224306,0.5567581,0.15277317,0.9979997
1371,sonora_256_50_3359,0.327556,0.5920666,0.00034031447,0.007264741,0.6523566,0.13430566,0.9995732
1372,sonora_256_50_3371,0.5009405,0.68760437,9.374053e-05,0.0052870433,0.19251296,0.07907377,0.99705756
1373,hv_256_50_1425,0.30342522,0.7134495,0.0016487025,0.013758823,0.9142636,0.1935042,0.9980708
1374,hv_256_50_150,0.24150242,0.6365445,0.001228611,0.010099192,0.98657286,0.22110207,0.9987379
1375,hv_256_50_1951,0.35253853,0.67780215,0.001350722,0.01857896,0.7004191,0.24184038,0.996042
1376,hv_256_50_1620,0.4923752,0.71284693,0.0003694964,0.011135488,0.31446478,0.17653632,0.99676454
1377,hv_256_50_3619,0.42005473,0.6259342,0.0008042054,0.01621483,0.50647956,0.1652048,0.9937349
1378,sonora_256_50_1391,0.24717045,0.41077697,0.0036222327,0.024499523,0.99767333,0.79590744,0.9523651
1379,hv_256_50_973,0.60568863,0.73805904,1.9865454e-05,0.008894406,0.8864992,0.66185975,0.8369897
1380,hv_256_50_1875,0.4645421,0.5233255,1.877238e-06,0.0030983195,0.9979539,0.63762873,0.8436268
1381,hv_256_50_3455,0.35597846,0.6012897,0.00052651804,0.0093237655,0.5531708,0.1178483,0.9992976
1382,sonora_256_50_3601,0.48150486,0.69666386,2.0649044e-05,0.0018378961,0.3293682,0.08618644,0.9988888
1383,hv_256_50_1212,0.4849098,0.69396627,0.0008202532,0.02508205,0.43992352,0.3190726,0.9770145
1384,hv_256_50_2259,0.46862224,0.6407433,0.00016134906,0.008749183,0.55787414,0.18383421,0.99111605
1385,hv_256_50_49,0.29376352,0.4624459,0.0020693906,0.025578883,0.990892,0.73290247,0.94010293
1386,sonora_256_50_938,0.35609135,0.66462487,0.0005866483,0.010055316,0.55450445,0.11753705,0.999243
1387,sonora_256_50_83,0.31628793,0.64706296,0.0008520802,0.0132649345,0.7835428,0.20217313,0.99857175
1388,sonora_256_50_1285,0.3350524,0.6476292,0.00046671994,0.008611578,0.61469114,0.1329997,0.99944264
1389,hv_256_50_3310,0.37340838,0.5157962,2.1916883e-05,0.003639734,0.99010485,0.41844988,0.9827474
1390,hv_256_50_2348,0.39107895,0.48752213,1.7326802e-05,0.0056361975,0.9973642,0.67117393,0.9101212
1391,sonora_256_50_2147,0.3896776,0.69568896,0.0012733472,0.017121173,0.4845439,0.112684146,0.9975574
1392,hv_256_50_1521,0.24906448,0.34708315,1.2445417e-05,0.016615946,0.99999976,0.95034933,0.1899115
1393,hv_256_50_548,0.28923678,0.41666368,0.0024986807,0.03551902,0.9986854,0.9016121,0.75777876
1394,hv_256_50_546,0.30783308,0.4696153,0.00019591571,0.013795599,0.99867237,0.8555415,0.88100046
1395,hv_256_50_2150,0.32271367,0.41101265,6.64991e-05,0.009453189,0.99613935,0.760979,0.9080353
1396,sonora_256_50_174,0.38762277,0.6195957,0.001115095,0.008125393,0.2569397,0.051687885,0.9983328
1397,sonora_256_50_3422,0.32626596,0.5947427,0.00033932636,0.0072980956,0.6464224,0.13554113,0.9995828
1398,hv_256_50_2853,0.5387328,0.6842308,5.1741834e-05,0.006482137,0.7339237,0.44098657,0.9652995
1399,sonora_256_50_3637,0.37004167,0.61146915,0.00059411465,0.011234715,0.48331687,0.114937074,0.99905366
1400,hv_256_50_946,0.38024518,0.6608724,0.000845811,0.011237819,0.39048296,0.087595806,0.9987429
1401,hv_256_50_2873,0.40654433,0.55830294,0.00048301203,0.013496866,0.8534665,0.452479,0.97573155
1402,hv_256_50_2638,0.46459168,0.7170351,0.00076010294,0.012062544,0.35320362,0.11379078,0.9961731
1403,hv_256_50_534,0.3467518,0.7249188,0.0024944916,0.022288483,0.63240254,0.20014189,0.99512696
1404,sonora_256_50_1019,0.39494392,0.6213117,0.0006473542,0.0051469915,0.21983685,0.03704818,0.9992337
1405,sonora_256_50_294,0.20314978,0.66702765,0.002064921,0.008432145,0.9978114,0.22945003,0.9991346
1406,hv_256_50_1851,0.4299157,0.6350156,0.0003322205,0.00942904,0.32660446,0.07710853,0.99724317
1407,sonora_256_50_2212,0.44376928,0.7267488,0.00051386293,0.011633219,0.42603168,0.15959089,0.99702805
1408,sonora_256_50_1618,0.36669505,0.610659,0.00048219823,0.0098635005,0.5040593,0.1147462,0.9992625
1409,hv_256_50_1362,0.3082667,0.6232403,0.00048088087,0.008806393,0.7926095,0.15604591,0.9994301
1410,sonora_256_50_3596,0.54810077,0.73166835,2.175259e-05,0.0027341284,0.22491972,0.111530624,0.9970149
1411,hv_256_50_2245,0.3062532,0.37746653,0.00013585071,0.009897088,0.9990963,0.7018892,0.91471153
1412,sonora_256_50_1291,0.38154885,0.72541904,0.001343989,0.014046988,0.48953438,0.1083942,0.9981876
1413,sonora_256_50_53,0.43259972,0.6697173,0.00052882155,0.015204134,0.6735848,0.32683265,0.99206674
1414,hv_256_50_3117,0.37265357,0.6225283,0.000572384,0.009995897,0.45129168,0.09223949,0.99912184
1415,sonora_256_50_2770,0.3681088,0.6823942,0.0013805302,0.01345378,0.55277073,0.11027681,0.99785763
1416,hv_256_50_750,0.26515618,0.49586236,0.0042653433,0.024330318,0.9960013,0.76545185,0.959424
1417,hv_256_50_470,0.35044646,0.49485093,0.00017443369,0.008856219,0.98238385,0.59514374,0.96891487
1418,hv_256_50_1325,0.15536253,0.29814816,0.0009776847,0.031953797,0.9999994,0.9415868,0.6301023
1419,hv_256_50_900,0.15195364,0.2541695,0.0016497502,0.048008,0.9999969,0.91922504,0.60558444
1420,hv_256_50_3693,0.5084498,0.698974,8.848313e-06,0.0015518537,0.4146353,0.1131313,0.9980915
1421,sonora_256_50_8,0.38602027,0.75120807,0.0008546603,0.013593379,0.8228433,0.23709653,0.9961312
1422,hv_256_50_1466,0.13768032,0.3125754,0.006628931,0.041054465,0.9999498,0.9364491,0.89345855
1423,hv_256_50_3174,0.5131306,0.7005268,9.707597e-06,0.0015915865,0.44463497,0.12704849,0.99773514
1424,sonora_256_50_2536,0.38634256,0.66505927,0.00083265646,0.014447472,0.46901482,0.111560516,0.9984401
1425,sonora_256_50_932,0.39092392,0.6044682,0.0011431898,0.010838695,0.27898085,0.0691838,0.9980039
1426,sonora_256_50_662,0.4011071,0.64052564,0.00066203775,0.0075479415,0.24610381,0.047931787,0.99903333
1427,hv_256_50_1962,0.3187799,0.4870871,0.002158771,0.026870443,0.98136395,0.77768457,0.9391929
1428,hv_256_50_325,0.27538288,0.659364,0.00069457747,0.009412753,0.90368783,0.24922223,0.99907494
1429,hv_256_50_2810,0.45698014,0.61769086,0.00022322091,0.011782466,0.5965603,0.2942175,0.98383844
1430,sonora_256_50_987,0.3597622,0.7870162,0.0017905274,0.010604876,0.58466846,0.09949183,0.9983038
1431,hv_256_50_2381,0.34569737,0.5014823,0.00017502431,0.0072008176,0.9911975,0.50997657,0.9808921
1432,sonora_256_50_1812,0.32877415,0.67168313,0.0006218678,0.010685962,0.68398184,0.15764628,0.9991585
1433,hv_256_50_1002,0.36960942,0.6237127,0.0006862391,0.01070264,0.4864922,0.09603271,0.99901116
1434,sonora_256_50_1919,0.36226928,0.7168915,0.0028476515,0.01504853,0.6573033,0.19502454,0.99524695
1435,sonora_256_50_3338,0.32488278,0.6267699,0.0004488375,0.008567616,0.70339984,0.12862854,0.99942833
1436,hv_256_50_1945,0.2267793,0.36312687,0.00027326925,0.012990039,0.9997645,0.63561535,0.94951093
1437,sonora_256_50_1065,0.33870515,0.68824923,0.0007240366,0.0108257895,0.66627705,0.13962968,0.9990683
1438,hv_256_50_2283,0.16253091,0.28896263,0.0024576774,0.034185514,0.99999344,0.8431852,0.83904606
1439,hv_256_50_3166,0.32314685,0.42404503,2.6753918e-05,0.008262942,0.99942493,0.7080395,0.8831262
1440,hv_256_50_2341,0.4660388,0.6643052,5.243981e-05,0.0037094306,0.5160229,0.12455036,0.996828
1441,sonora_256_50_486,0.3196683,0.66733694,0.00091099564,0.013712546,0.8390381,0.17629412,0.998357
1442,hv_256_50_2914,0.32909226,0.59224254,0.000408992,0.0082294205,0.660528,0.1390278,0.9994493
1443,hv_256_50_1170,0.34052482,0.6088272,0.0008058909,0.012175428,0.7159452,0.14755721,0.99863476
1444,hv_256_50_2976,0.34805822,0.63381755,0.00065623334,0.011162072,0.5800242,0.12878542,0.9990219
1445,hv_256_50_2574,0.5345926,0.7048705,0.0003036906,0.019908369,0.5554286,0.4037568,0.95184153
1446,hv_256_50_457,0.38631454,0.6947939,0.003656989,0.025240503,0.48755714,0.22917,0.991478
1447,hv_256_50_1949,0.18141532,0.31980312,0.00074450346,0.027023226,0.99999034,0.8156238,0.830135
1448,hv_256_50_429,0.18998319,0.50930786,0.0027030252,0.019417364,0.9996984,0.81206506,0.9818454
1449,hv_256_50_2715,0.5220782,0.7164289,0.00022189147,0.011882081,0.58594716,0.30618185,0.9792702
1450,hv_256_50_1017,0.31782448,0.69045407,0.0028360984,0.01536835,0.91849023,0.2319585,0.9964426
1451,hv_256_50_304,0.6206373,0.7408367,4.6296586e-06,0.0029578337,0.74406993,0.6258524,0.9431172
1452,hv_256_50_729,0.31774235,0.47475687,0.0018970771,0.022873284,0.9532148,0.76947486,0.9577112
1453,hv_256_50_917,0.57426536,0.66784424,1.6985114e-05,0.008043374,0.9981248,0.93009204,0.46716884
1454,hv_256_50_1678,0.14665547,0.27194694,0.0003695722,0.03339077,0.9999988,0.94824684,0.5624902
1455,hv_256_50_697,0.14373808,0.42532074,0.0045753713,0.02024928,0.99993134,0.77431315,0.98593396
1456,hv_256_50_906,0.120384544,0.29352915,0.0069597843,0.027221138,0.99998677,0.94564575,0.92699885
1457,sonora_256_50_1375,0.34813672,0.7369643,0.0011692127,0.015027927,0.619674,0.15630902,0.99840695
1458,sonora_256_50_268,0.33163577,0.69452536,0.0008000047,0.012061886,0.6819944,0.15798393,0.99897975
1459,sonora_256_50_1046,0.21387407,0.63154733,0.0036872255,0.0136255585,0.9997234,0.46511027,0.9916147
1460,hv_256_50_2186,0.48045093,0.67690545,0.0002981426,0.010431926,0.27853078,0.09646871,0.9953015
1461,hv_256_50_2065,0.42881152,0.6496926,0.00040510047,0.009612408,0.3054186,0.073173665,0.9977303
1462,hv_256_50_141,0.4199006,0.6957308,0.0009919442,0.02494676,0.5662083,0.24948242,0.9933982
1463,sonora_256_50_2521,0.29904026,0.58019644,0.00029733442,0.0067168684,0.77788776,0.15875031,0.99964094
1464,hv_256_50_1494,0.36466306,0.71690464,0.001345171,0.014829503,0.626744,0.117993414,0.997965
1465,sonora_256_50_2219,0.37331355,0.6504969,0.00086999557,0.012462364,0.5360854,0.10074921,0.9985434
1466,hv_256_50_331,0.3816769,0.5437023,0.00034491796,0.014748652,0.9904507,0.73504984,0.9239677
1467,sonora_256_50_3619,0.32950822,0.6681962,0.00096497784,0.013411676,0.6970673,0.16960455,0.99843127
1468,hv_256_50_1782,0.45083386,0.6666081,0.00023808342,0.0077795237,0.2917237,0.085541055,0.99729246
1469,hv_256_50_3302,0.48556942,0.67238575,5.477664e-05,0.004076993,0.31329304,0.08901807,0.99712974
1470,hv_256_50_3041,0.3387253,0.61643213,0.00037352613,0.007918076,0.56888914,0.12513763,0.9995277
1471,hv_256_50_2535,0.49266303,0.6757631,2.6223783e-05,0.0032147327,0.45934018,0.13368349,0.99620026
1472,sonora_256_50_1928,0.3213806,0.60951096,0.0003525974,0.007618045,0.67493904,0.14173567,0.9995715
1473,hv_256_50_171,0.35241672,0.6527083,0.0005085977,0.011166362,0.7045684,0.15402453,0.9989196
1474,hv_256_50_1409,0.30102858,0.45890254,0.00032208778,0.016846905,0.99593544,0.8070255,0.92097086
1475,hv_256_50_2268,0.59405196,0.7217819,4.048508e-06,0.00221208,0.53888154,0.25629476,0.9860961
1476,hv_256_50_183,0.38041607,0.66432285,0.0014034063,0.0092577115,0.30810165,0.062350098,0.99784184
1477,sonora_256_50_1174,0.58037966,0.7555473,0.000159902,0.010947178,0.20372559,0.19774754,0.9876754
1478,hv_256_50_2095,0.47736788,0.6135555,2.2577051e-05,0.010451209,0.9944945,0.8183792,0.74006957
1479,hv_256_50_2845,0.3259651,0.6155018,0.00046165273,0.009829373,0.6752295,0.16227178,0.99934083
1480,sonora_256_50_3093,0.33518162,0.6003255,0.0003421528,0.0072731543,0.5851626,0.1279434,0.9995808
1481,sonora_256_50_224,0.294782,0.6702799,0.0015852103,0.009966275,0.9907295,0.29494372,0.9962966
1482,hv_256_50_1415,0.34637177,0.62102324,0.0006582503,0.0115136495,0.5957154,0.13880168,0.9990319
1483,hv_256_50_2327,0.5930834,0.76413524,1.9114e-05,0.0028839796,0.19209589,0.14150546,0.9951976
1484,hv_256_50_1418,0.36133277,0.638488,0.0014953811,0.018054582,0.61032706,0.14698668,0.9972
1485,sonora_256_50_2298,0.3130363,0.60129505,0.00035674268,0.007734912,0.709552,0.15488014,0.9995517
1486,hv_256_50_1397,0.20372519,0.39468455,0.0031501483,0.019693948,0.9998641,0.9041796,0.9272045
1487,sonora_256_50_497,0.30355027,0.7236615,0.0013859246,0.01591801,0.87724906,0.2477957,0.9981133
1488,sonora_256_50_1239,0.33840206,0.6679267,0.0007700605,0.0114158355,0.67285484,0.14756489,0.9989793
1489,hv_256_50_1075,0.30045068,0.6681665,0.0008068922,0.009912486,0.8511612,0.15539041,0.99912673
1490,hv_256_50_2801,0.47939396,0.65450656,0.0001625486,0.008789821,0.42356372,0.16288891,0.99200106
1491,sonora_256_50_3576,0.5002158,0.6543374,0.00018201828,0.010869498,0.33132234,0.1429782,0.9890476
1492,sonora_256_50_2223,0.31231862,0.5978302,0.0003491883,0.007660193,0.708871,0.14871508,0.99956423
1493,sonora_256_50_3433,0.40342453,0.6380936,0.00065793487,0.012728412,0.3697329,0.07847393,0.99869835
1494,hv_256_50_222,0.3869942,0.5209422,7.940951e-05,0.01332699,0.9999176,0.97490364,0.34529004
1495,hv_256_50_3518,0.47583404,0.67294365,1.3319757e-05,0.0015411511,0.5060374,0.11879083,0.99836236
1496,sonora_256_50_3310,0.47645134,0.66158104,0.00020394941,0.0070875445,0.20638184,0.06914401,0.99743634
1497,hv_256_50_1727,0.40096962,0.5409769,0.0005071866,0.017528746,0.96795315,0.67736715,0.92637813
1498,sonora_256_50_115,0.37149283,0.77115375,0.0014868305,0.011493112,0.33366746,0.097692445,0.9976331
1499,hv_256_50_1893,0.34585667,0.56276524,0.0014583658,0.022761611,0.9697686,0.77127343,0.95122015
1500,sonora_256_50_1244,0.4942616,0.68044114,0.00011160881,0.0058769584,0.44989887,0.20821278,0.99353117
1501,sonora_256_50_1067,0.37066063,0.61739045,0.0006158562,0.011867243,0.5226656,0.11996266,0.9989936
1502,hv_256_50_342,0.2982299,0.37007236,5.994575e-05,0.014901308,0.999724,0.87139827,0.7016965
1503,hv_256_50_2377,0.43150955,0.6692569,0.0009880601,0.015099594,0.39436677,0.12361238,0.9962335
1504,sonora_256_50_2801,0.39239442,0.6311378,0.0006221754,0.005641673,0.21622746,0.035325516,0.9992409
1505,hv_256_50_2174,0.59212196,0.7123119,3.1631807e-05,0.008285864,0.68941826,0.4538178,0.93858415
1506,hv_256_50_1241,0.50072205,0.64353615,0.00026458976,0.01583393,0.6034678,0.40277237,0.9620754
1507,sonora_256_50_3282,0.39398658,0.62067264,0.000535316,0.006777739,0.27861178,0.050216068,0.9993012
1508,sonora_256_50_1160,0.35427156,0.777211,0.0016301358,0.01424901,0.6369337,0.14161378,0.99794453
1509,hv_256_50_1087,0.37679535,0.6825911,0.0015462163,0.01561262,0.4126249,0.13704798,0.9966537
1510,hv_256_50_2850,0.48643315,0.68924826,0.00042018027,0.016121583,0.39242402,0.18818888,0.9895356
1511,hv_256_50_1127,0.3405278,0.5120963,0.0018071308,0.032176077,0.97923756,0.72361124,0.92752904
1512,hv_256_50_3094,0.52621126,0.70526904,3.298255e-05,0.0036910868,0.23976429,0.09454351,0.99657464
1513,sonora_256_50_2799,0.39066315,0.5402944,0.0003505365,0.0032492839,0.1432885,0.02139136,0.99949205
1514,sonora_256_50_1141,0.3553527,0.6805591,0.0008681811,0.011476161,0.5824026,0.1130644,0.9988254
1515,hv_256_50_3540,0.35399666,0.6070204,0.000541646,0.009556343,0.53289324,0.11780151,0.99925524
1516,sonora_256_50_1356,0.33341587,0.6565287,0.0006297874,0.010268495,0.6833049,0.14155576,0.9991799
1517,hv_256_50_2336,0.5078898,0.6497356,6.254131e-05,0.0059308917,0.6655934,0.2749587,0.9850911
1518,hv_256_50_412,0.34563664,0.4646825,4.6492707e-05,0.005695299,0.995817,0.5959497,0.9668838
1519,hv_256_50_3692,0.5260095,0.7131172,9.4649695e-06,0.0016892336,0.26846653,0.08147064,0.9983423
1520,hv_256_50_3354,0.44585308,0.6311216,0.00014121973,0.0067336746,0.56294537,0.17299514,0.9938601
1521,hv_256_50_3006,0.531554,0.7078328,6.695572e-05,0.006229653,0.36882722,0.1900952,0.99012166
1522,sonora_256_50_170,0.353546,0.7056379,0.0011581193,0.016101975,0.57465816,0.15254663,0.998078
1523,hv_256_50_2452,0.41397464,0.47935385,7.709728e-05,0.012402781,0.9950918,0.79166687,0.78041667
1524,sonora_256_50_688,0.386126,0.67921203,0.001790686,0.015803892,0.38245627,0.11186126,0.99657613
1525,sonora_256_50_960,0.37941277,0.7259524,0.0011405477,0.012296795,0.4216309,0.094161816,0.99842864
1526,sonora_256_50_495,0.20420541,0.54725486,0.0017041748,0.0128922565,0.99726653,0.50225616,0.9966664
1527,hv_256_50_629,0.37455666,0.6872404,0.00045990324,0.017949307,0.9967481,0.6441475,0.9484123
1528,hv_256_50_3505,0.4461176,0.5956294,1.3067653e-05,0.0030131538,0.92865115,0.34952515,0.9869723
1529,sonora_256_50_2838,0.361597,0.68071276,0.0011415314,0.01422738,0.57071656,0.1299487,0.99813974
1530,hv_256_50_3413,0.45972064,0.65710586,0.00028803962,0.009371898,0.26199788,0.07598067,0.9967789
1531,sonora_256_50_1571,0.3933057,0.6068296,0.0011861211,0.009255477,0.23156738,0.059766073,0.99763846
1532,hv_256_50_1371,0.5072337,0.7039686,0.00012508214,0.005777148,0.20193392,0.08632839,0.9970913
1533,hv_256_50_2893,0.38011786,0.489754,1.9540863e-05,0.0052248295,0.99439114,0.63675267,0.9467023
1534,sonora_256_50_1890,0.38496566,0.68417007,0.0009046088,0.015987739,0.48914945,0.11659136,0.99824524
1535,sonora_256_50_3438,0.5352851,0.69760126,7.261781e-05,0.006016075,0.17294104,0.0883983,0.99502903
