,patch_id,af1,Qal,Qaf,Qat,Qc,Qca,Qr
0,256_50_1781,0.19946861,0.9914655,0.0784084,0.060339496,0.97986686,0.58539546,0.93022704
1,256_50_14066,0.2900775,0.98895115,0.009670404,0.31716767,0.53993917,0.35087895,0.7407126
2,256_50_14962,0.47364038,0.69666976,0.0072060074,0.18497156,0.38372698,0.4308656,0.90111697
3,256_50_11340,0.5382669,0.30062193,0.00077969517,0.020689566,0.017580358,0.0584323,0.9666385
4,256_50_6211,0.13887252,0.5289462,0.0018406879,0.0132130515,0.9981304,0.76446176,0.9763322
5,256_50_5018,0.45828274,0.7027746,0.0045667426,0.046544727,0.2201061,0.31725144,0.923142
6,256_50_15972,0.18380585,0.43027687,8.495479e-05,0.008393612,0.97498316,0.6103699,0.98691607
7,256_50_10700,0.35778797,0.95184684,0.0051863287,0.20734249,0.3775226,0.21350366,0.9078032
8,256_50_16698,0.5143448,0.5840086,0.001549948,0.024270581,0.072595105,0.053980198,0.97936237
9,256_50_2598,0.25179312,0.9960037,0.0079462705,0.28943983,0.6034798,0.3617462,0.74177617
10,256_50_23226,0.40055987,0.77367234,0.00072387897,0.012032883,0.35216206,0.14286722,0.99696916
11,256_50_2982,0.23149554,0.8332546,0.010938298,0.08596501,0.99252325,0.94745934,0.76110244
12,256_50_6810,0.4416156,0.78313625,0.007087477,0.16046086,0.30473435,0.53065515,0.9099426
13,256_50_12204,0.6512182,0.2653084,0.0010170756,0.02936725,0.02042467,0.048672862,0.9416115
14,256_50_6959,0.35721597,0.96526784,0.00842384,0.2417755,0.4187159,0.4173945,0.8495394
15,256_50_987,0.29542965,0.57869065,0.001021969,0.022375831,0.265293,0.6369262,0.97027594
16,256_50_16276,0.34510246,0.81735,0.0023179553,0.011142055,0.81790644,0.170964,0.9969393
17,256_50_16273,0.41271588,0.61167574,0.00073380355,0.014174698,0.1736447,0.12810762,0.9951821
18,256_50_11296,0.31425267,0.9517722,0.026639102,0.20512556,0.9512629,0.7706099,0.72613126
19,256_50_5799,0.07846063,0.3424211,0.0021633138,0.0104355095,0.9997359,0.543701,0.9867692
20,256_50_10381,0.53950804,0.3845199,0.0009954785,0.027882876,0.035484176,0.052234765,0.9781148
21,256_50_12127,0.112416655,0.45529252,0.0003762146,0.003403508,0.99927086,0.21266451,0.9962859
22,256_50_23063,0.40270934,0.6085863,0.00058583106,0.009610859,0.21097778,0.07011501,0.9973794
23,256_50_22164,0.3389961,0.79524237,0.00061560154,0.0064620813,0.7539706,0.089511685,0.99869126
24,256_50_11571,0.31971532,0.873477,0.0072742007,0.15095587,0.62479496,0.69792354,0.82474834
25,256_50_2151,0.26844403,0.72379553,0.025141418,0.17354463,0.9979989,0.89123255,0.65742266
26,256_50_16810,0.491829,0.56231487,0.0014219596,0.017453792,0.06310677,0.08113278,0.9748951
27,256_50_13832,0.16666536,0.8030044,0.0029262588,0.012199379,0.99477935,0.19555253,0.9910494
28,256_50_3790,0.35827,0.54951096,0.00043306305,0.008205113,0.042448092,0.06075133,0.99507153
29,256_50_14578,0.32705784,0.83464587,0.00563748,0.022602506,0.7736296,0.11021962,0.9803136
30,256_50_14417,0.30194956,0.9074698,0.029303616,0.142675,0.9894386,0.35525724,0.87428534
31,256_50_13695,0.27422422,0.9067756,0.013203338,0.034962732,0.9200325,0.58729565,0.9535801
32,256_50_14302,0.36198348,0.95262855,0.015902579,0.22273088,0.75128293,0.40247208,0.8613837
33,256_50_19207,0.37297958,0.75129074,0.0020568566,0.007873763,0.41384205,0.03194672,0.9943276
34,256_50_3127,0.35754818,0.6898995,0.009413278,0.1613856,0.9434897,0.7938768,0.74170756
35,256_50_5422,0.27715933,0.81691235,0.018906983,0.11292637,0.99046665,0.74705184,0.77863306
36,256_50_14635,0.47447306,0.39572042,0.0005264284,0.0076313796,0.028289622,0.02281446,0.9838567
37,256_50_16695,0.2890871,0.90314806,0.016525643,0.05957706,0.9419964,0.69471943,0.8856002
38,256_50_13060,0.5692054,0.27409056,0.0006124863,0.022257917,0.021319753,0.03721767,0.98050493
39,256_50_3225,0.44573092,0.58499247,0.001166304,0.02113128,0.056618158,0.10157718,0.981306
40,256_50_16469,0.43445212,0.69432455,0.003927098,0.07670043,0.30196437,0.47874248,0.90035266
41,256_50_4149,0.29373708,0.97862417,0.013224296,0.12170708,0.77078533,0.622226,0.8974301
42,256_50_16411,0.33002138,0.822211,0.0017626414,0.011090825,0.6506709,0.19974335,0.9965475
43,256_50_7179,0.22971305,0.5006853,0.0062594977,0.079784565,0.9949004,0.92379194,0.7811366
44,256_50_15396,0.33037654,0.7333526,0.007862187,0.114045694,0.75809944,0.86545527,0.7736894
45,256_50_6732,0.55772114,0.33934093,0.0010440995,0.023310443,0.025312752,0.0586164,0.95710665
46,256_50_16493,0.4159072,0.8787684,0.010532067,0.026927281,0.8074671,0.06095194,0.9845116
47,256_50_6095,0.08845698,0.42107213,0.0011380857,0.004208098,0.9994318,0.31648573,0.99768
48,256_50_1020,0.06629939,0.3926107,0.0040700333,0.023642683,0.99986553,0.89935094,0.9289539
49,256_50_6817,0.28816977,0.89982307,0.015776334,0.21712844,0.9532889,0.88023704,0.63424516
50,256_50_13395,0.39284354,0.8345832,0.017212631,0.1564486,0.7179194,0.8261215,0.7676009
51,256_50_5979,0.09321672,0.7467536,0.013588777,0.031146487,0.9999565,0.3643004,0.885852
52,256_50_3936,0.34468427,0.5898709,0.00073358056,0.016087575,0.16472173,0.30476046,0.98993266
53,256_50_1652,0.31296182,0.8955798,0.027529595,0.115559824,0.939283,0.8689286,0.71475005
54,256_50_1194,0.3842162,0.5963431,0.00054699136,0.012939863,0.3266572,0.10660654,0.9941328
55,256_50_21727,0.4192228,0.71775305,0.0008486017,0.010826835,0.54159695,0.064640105,0.9972187
56,256_50_11794,0.5384486,0.34584188,0.0009347693,0.02510655,0.02420194,0.06217368,0.96715176
57,256_50_16700,0.53509724,0.5225512,0.0012932473,0.022025505,0.08379601,0.038702883,0.9837853
58,256_50_4923,0.07883542,0.30732486,8.674558e-06,0.0064273477,0.9993857,0.57822263,0.9507849
59,256_50_12804,0.51427203,0.5890563,0.0021893156,0.088455625,0.11578346,0.09344725,0.98089874
60,256_50_10657,0.60629654,0.3719937,0.0015081672,0.034170054,0.03351986,0.07116548,0.9475317
61,256_50_6192,0.26809403,0.5559543,0.0015679984,0.02728941,0.79518855,0.7066363,0.95914364
62,256_50_6112,0.28020662,0.874919,0.06135605,0.19800289,0.997867,0.8680355,0.5429102
63,256_50_19518,0.49449795,0.5253454,0.0010273879,0.009778911,0.054292623,0.023525972,0.9794129
64,256_50_6986,0.374041,0.4639094,0.00027629302,0.0054125544,0.03193815,0.029010251,0.99681383
65,256_50_10980,0.36631522,0.9534027,0.006585057,0.25266445,0.40041772,0.25257415,0.87962174
66,256_50_10505,0.56290066,0.41412276,0.0014178334,0.029925982,0.03167496,0.0699261,0.93704045
67,256_50_6746,0.6004138,0.30634943,0.0010963252,0.02610814,0.019421127,0.05769544,0.9469058
68,256_50_3814,0.33664027,0.6594576,0.006148308,0.082285956,0.8733443,0.9158201,0.79745364
69,256_50_10949,0.5975145,0.25594404,0.0006215682,0.020725971,0.016831154,0.032543287,0.9701147
70,256_50_17254,0.5239347,0.56491935,0.0014285621,0.015916733,0.067772195,0.03786555,0.9755729
71,256_50_3043,0.21525365,0.9983771,0.008816036,0.24829262,0.73148143,0.42505303,0.7359743
72,256_50_19921,0.36233935,0.42320463,0.00036554105,0.007325132,0.024747714,0.042395946,0.9942882
73,256_50_20998,0.36449993,0.77948356,0.0012906872,0.015067327,0.720335,0.16301818,0.99542385
74,256_50_21058,0.38602516,0.5995856,0.00043245955,0.0072477586,0.28947347,0.08937853,0.99850744
75,256_50_21038,0.36904168,0.5221409,0.0003040643,0.005916053,0.050190635,0.07043952,0.9980386
76,256_50_18210,0.41481516,0.5905363,0.0006810487,0.011299921,0.22150765,0.082942516,0.9970476
77,256_50_2879,0.23321316,0.99309444,0.016446024,0.17548864,0.9512897,0.75764585,0.712321
78,256_50_9661,0.55073345,0.269611,0.00048304952,0.012926197,0.014050655,0.026560256,0.9729954
79,256_50_9378,0.40111148,0.55127007,0.00066989835,0.006910671,0.053005945,0.024653932,0.990299
80,256_50_16893,0.37225762,0.69197553,0.0013516864,0.0076851672,0.8504844,0.046515364,0.99835926
81,256_50_3082,0.35751167,0.54517865,0.00035880416,0.0059956876,0.05000275,0.031741448,0.99767214
82,256_50_21110,0.34930754,0.7189877,0.001459754,0.0058310754,0.8880918,0.026772417,0.9991259
83,256_50_1017,0.10701891,0.53047967,0.008115142,0.0662746,0.9996288,0.98244333,0.6443311
84,256_50_4276,0.24869518,0.90064913,0.034188002,0.18797295,0.9961267,0.7708367,0.680617
85,256_50_19273,0.3967189,0.7323681,0.0025127036,0.019033227,0.26455835,0.10589746,0.9841875
86,256_50_15316,0.53807986,0.34978613,0.00083288935,0.029944967,0.035222106,0.041657973,0.98568463
87,256_50_5772,0.3582617,0.7436345,0.0032383187,0.048441507,0.20163278,0.4841953,0.93813175
88,256_50_21889,0.32458583,0.8970823,0.0033087311,0.005943063,0.8770244,0.028296886,0.9987846
89,256_50_9427,0.4987615,0.48585638,0.0023454162,0.08492697,0.09091945,0.16974233,0.9613549
90,256_50_18944,0.36436698,0.4545646,0.00028110418,0.0066592186,0.027049486,0.047989573,0.99623305
91,256_50_2531,0.620391,0.31639746,0.00111847,0.026163071,0.023439704,0.05006796,0.9498987
92,256_50_13547,0.117249124,0.6273767,0.0009596939,0.0063014138,0.99814713,0.31532648,0.9938367
93,256_50_6097,0.06508446,0.5816604,0.0034142693,0.015610437,0.99978215,0.48948362,0.9743775
94,256_50_10576,0.089811765,0.5519095,0.003212915,0.0593933,0.99954516,0.94495845,0.64601856
95,256_50_2866,0.0940362,0.72244257,0.0036742506,0.036489878,0.99969304,0.8147349,0.80573153
96,256_50_6861,0.4978868,0.34736696,0.00049733865,0.010200804,0.02326191,0.022297285,0.9826927
97,256_50_7085,0.21240273,0.7049397,0.024811806,0.058652576,0.9983107,0.725324,0.8496823
98,256_50_15244,0.48551503,0.62109953,0.0015152689,0.023102915,0.26353925,0.044469293,0.9937664
99,256_50_3085,0.38083383,0.49371588,0.00035834662,0.0068300264,0.038613778,0.04622292,0.99453706
100,256_50_22895,0.41154155,0.7245353,0.0005614239,0.0053818994,0.5477698,0.02232932,0.99913293
101,256_50_8763,0.43097386,0.832498,0.003129311,0.1422205,0.22434635,0.12754649,0.96066153
102,256_50_20204,0.35544035,0.5142485,0.0002937417,0.0043406878,0.0635282,0.027148193,0.9986939
103,256_50_19588,0.29932788,0.78972924,0.008015329,0.052058574,0.9429065,0.52158755,0.8563225
104,256_50_19421,0.36953238,0.56785697,0.0006658194,0.0071759345,0.10641598,0.026148738,0.9958318
105,256_50_463,0.4388203,0.8952718,0.005290568,0.119134024,0.3913181,0.17497735,0.974684
106,256_50_2686,0.32655072,0.5531253,0.002395771,0.03911774,0.37133032,0.61376756,0.9229875
107,256_50_5016,0.3543113,0.6254321,0.0012458445,0.015167353,0.7387511,0.47959223,0.9909072
108,256_50_13022,0.3982307,0.64054805,0.0018159393,0.0092922095,0.16438363,0.042593732,0.98792654
109,256_50_8879,0.3156047,0.9817199,0.03591771,0.10586331,0.9545262,0.5109509,0.9131248
110,256_50_19297,0.535908,0.3702804,0.0010116107,0.01895898,0.03277243,0.04301266,0.9646956
111,256_50_3545,0.33721393,0.7626834,0.024184572,0.23045217,0.9889693,0.91062784,0.4598796
112,256_50_9960,0.5447346,0.46024618,0.0015078059,0.018153902,0.07634086,0.04205812,0.97902864
113,256_50_9539,0.5778592,0.40133733,0.0011457436,0.02424738,0.028845863,0.07094588,0.9572864
114,256_50_5376,0.11506052,0.565558,0.009901644,0.017455623,0.9996214,0.8478479,0.96692055
115,256_50_19688,0.39238796,0.72878635,0.0008598943,0.0031453946,0.3605094,0.0071691326,0.9989392
116,256_50_21659,0.39634794,0.7040893,0.0003314315,0.0031865765,0.4372171,0.016653987,0.9996991
117,256_50_2966,0.15909597,0.52548605,0.0019689822,0.027187051,0.99728453,0.9679741,0.91363496
118,256_50_6561,0.3658775,0.46409437,0.00021612264,0.0029049597,0.06507464,0.017319676,0.9993099
119,256_50_5229,0.4095595,0.7906046,0.016118519,0.20861575,0.80709547,0.8840626,0.6455021
120,256_50_9105,0.57112676,0.29600707,0.0009394962,0.023811482,0.018247668,0.056295924,0.9585376
121,256_50_18423,0.39443105,0.47942343,0.00035165914,0.0057116477,0.15344903,0.055033114,0.99880934
122,256_50_20055,0.34241793,0.4579865,0.00029449965,0.0056850174,0.036645707,0.04395702,0.9974043
123,256_50_3406,0.38858348,0.8018132,0.022850355,0.19969134,0.9307638,0.8712994,0.61173064
124,256_50_19367,0.42833173,0.7134688,0.004110179,0.01652603,0.28143427,0.06477289,0.97549397
125,256_50_7674,0.209592,0.82256263,0.005866089,0.026402868,0.9809975,0.8798174,0.94174576
126,256_50_16390,0.4490755,0.63439983,0.0025099146,0.054242354,0.10239555,0.45310906,0.9356966
127,256_50_4955,0.115933225,0.5882315,0.012350214,0.033403445,0.9998697,0.6649594,0.9243027
128,256_50_20438,0.3946108,0.47441566,0.00029989268,0.0043713134,0.18672997,0.035930037,0.9991885
129,256_50_4602,0.35094446,0.41911966,0.00025854618,0.0045904373,0.026877636,0.024215974,0.99678963
130,256_50_21387,0.39586532,0.5985236,0.00041452452,0.0040907245,0.29572806,0.023665583,0.9994832
131,256_50_8799,0.36059132,0.9244514,0.033460293,0.07472116,0.9300183,0.620101,0.8536988
132,256_50_10772,0.4030848,0.497572,0.00059695775,0.008115038,0.0698489,0.031756092,0.9937086
133,256_50_1006,0.16540053,0.6702452,0.007224517,0.07008212,0.9968094,0.983491,0.6127722
134,256_50_3311,0.15491661,0.9851777,0.029123161,0.098392576,0.9980888,0.56903523,0.789922
135,256_50_23245,0.36444068,0.80520695,0.0006152001,0.0056011565,0.7376913,0.04041867,0.99909985
136,256_50_2745,0.12780239,0.9451322,0.010876181,0.036481567,0.99765766,0.4223007,0.96161574
137,256_50_10378,0.528645,0.42710721,0.0009981266,0.022704797,0.04140963,0.049382377,0.98054653
138,256_50_14760,0.3646208,0.95360506,0.005763855,0.22838841,0.38355714,0.23264177,0.89715797
139,256_50_12556,0.29267034,0.72961766,0.012655699,0.15928873,0.96281064,0.92472893,0.597586
140,256_50_12049,0.57696646,0.25318208,0.0006287756,0.01630849,0.013034554,0.034245327,0.9594382
141,256_50_20839,0.4102318,0.8299393,0.0031672327,0.009426141,0.31834406,0.03645945,0.9913463
142,256_50_1903,0.18539461,0.9308816,0.018313134,0.027187608,0.99797267,0.2980032,0.9746347
143,256_50_23123,0.14500788,0.5505781,5.879892e-05,0.0038250233,0.99336064,0.32378137,0.992916
144,256_50_4232,0.1544924,0.70774055,0.005192562,0.023715612,0.9970693,0.83939517,0.95716494
145,256_50_19280,0.47554716,0.62542474,0.0014222114,0.007990307,0.12995519,0.013300244,0.99031454
146,256_50_4384,0.16714722,0.7350431,0.011476649,0.037116125,0.99440974,0.8900033,0.9141024
147,256_50_2749,0.18010898,0.90800846,0.03214571,0.06601743,0.998536,0.45372477,0.9072995
148,256_50_16067,0.37260464,0.60759145,0.0004177355,0.009895966,0.45348012,0.16465208,0.99609333
149,256_50_274,0.37541765,0.6879095,0.002826193,0.04391001,0.29041234,0.62736744,0.9524848
150,256_50_15127,0.19470547,0.9322848,0.042420715,0.08552899,0.9900227,0.6316812,0.876694
151,256_50_14821,0.51071066,0.538554,0.0023272363,0.07233848,0.09679088,0.17012356,0.96301216
152,256_50_492,0.3537825,0.58543766,0.0004723974,0.011382403,0.55584216,0.2901427,0.9923131
153,256_50_13182,0.5997098,0.46078604,0.0021886337,0.035310864,0.067106135,0.06953733,0.92776316
154,256_50_1815,0.36911318,0.474224,0.00030286194,0.0061502573,0.029929258,0.035458904,0.995811
155,256_50_18873,0.3773736,0.5462307,0.00034267546,0.004596049,0.0763119,0.019624198,0.9986488
156,256_50_2004,0.08667341,0.3918553,8.894809e-05,0.003104178,0.9966467,0.50543666,0.99571866
157,256_50_16789,0.6138432,0.2685588,0.00086352555,0.025645424,0.017797828,0.045891467,0.9590818
158,256_50_6062,0.15639023,0.68422425,0.0020069804,0.025245383,0.99570435,0.817968,0.88257897
159,256_50_16129,0.13401337,0.44981822,5.2349922e-05,0.0035426684,0.99744105,0.16774362,0.99582016
160,256_50_5954,0.077429965,0.37626985,9.25988e-05,0.0027734558,0.99775875,0.31676862,0.9977545
161,256_50_14586,0.39532804,0.940638,0.010004532,0.18299209,0.52105916,0.46270284,0.9054134
162,256_50_7675,0.22131008,0.82316047,0.004806599,0.008299691,0.9483781,0.18961333,0.99640524
163,256_50_22819,0.39285097,0.7843818,0.0006105531,0.007974393,0.57738703,0.051660903,0.9986842
164,256_50_3534,0.35190985,0.55944073,0.0023733363,0.035355292,0.34948596,0.4937891,0.9280516
165,256_50_12383,0.4641361,0.74588114,0.003012263,0.13810642,0.18720172,0.11969606,0.9661973
166,256_50_150,0.2546212,0.67528576,0.009527609,0.14046553,0.98354083,0.9769082,0.42512435
167,256_50_15413,0.32735357,0.9342843,0.0145483995,0.014282304,0.7689862,0.11228288,0.9835233
168,256_50_3319,0.23347753,0.99671894,0.008158548,0.29860425,0.6271521,0.37332356,0.6939434
169,256_50_9901,0.12741333,0.8355034,0.016128574,0.072431855,0.9996803,0.903623,0.575254
170,256_50_18745,0.46097556,0.39140764,0.0005808422,0.013068362,0.023459718,0.03948413,0.98387754
171,256_50_21713,0.37634808,0.6281767,0.0003216407,0.004510565,0.33541018,0.027829498,0.9992194
172,256_50_21235,0.37450153,0.431969,0.00022035072,0.0032640905,0.069155686,0.028426623,0.9993918
173,256_50_340,0.23410773,0.8726465,0.05144525,0.061494093,0.9964617,0.6763067,0.9282349
174,256_50_14826,0.47951508,0.711336,0.0068823695,0.05951176,0.4008188,0.20275892,0.960681
175,256_50_2013,0.35201654,0.7108797,0.006269754,0.10089188,0.51560265,0.5617131,0.90329033
176,256_50_20422,0.48494077,0.55609643,0.0014146745,0.018022863,0.06591523,0.045137256,0.9731375
177,256_50_1409,0.45516503,0.49522755,0.00090938044,0.015758263,0.065348774,0.06266695,0.9813737
178,256_50_5955,0.24189213,0.53922236,0.00015259144,0.0019080687,0.9668077,0.11011841,0.99964154
179,256_50_2093,0.39858216,0.6302213,0.00046742827,0.0067709787,0.0805447,0.029780079,0.997232
180,256_50_21795,0.38875484,0.6663595,0.00036060828,0.005818456,0.2964084,0.049053147,0.99914634
181,256_50_14825,0.5491152,0.5307144,0.0012750481,0.014269266,0.058383144,0.027499236,0.981975
182,256_50_13273,0.3780307,0.7793837,0.0016532044,0.024143346,0.31062415,0.4107459,0.98724955
183,256_50_17292,0.33042586,0.48410755,0.0018581606,0.03588613,0.1425308,0.4428975,0.9506262
184,256_50_21754,0.37842447,0.82643104,0.0021415162,0.008507601,0.6638324,0.036293425,0.99825746
185,256_50_6773,0.42812842,0.61475223,0.0033792946,0.059270695,0.30407104,0.44971836,0.914329
186,256_50_9528,0.6191802,0.3393131,0.0015714713,0.03856894,0.02539063,0.09460549,0.9258938
187,256_50_1010,0.079136394,0.35090768,0.00036629871,0.006235873,0.9990682,0.4910866,0.99297607
188,256_50_12015,0.39833665,0.7341515,0.0030393056,0.034130424,0.19663545,0.18406954,0.9639848
189,256_50_10564,0.33908558,0.97138804,0.014096877,0.28380165,0.61475056,0.5064341,0.7818599
190,256_50_22757,0.34913862,0.74947864,0.0008173142,0.007094557,0.8458759,0.0756432,0.99842536
191,256_50_14024,0.6352491,0.24554713,0.00071101246,0.022190658,0.018143538,0.036655124,0.9602219
192,256_50_17081,0.61576974,0.29288337,0.0006653842,0.016791211,0.020672973,0.025560107,0.96937764
193,256_50_11925,0.63702744,0.281781,0.0010256564,0.028683586,0.024246031,0.037704635,0.95345
194,256_50_7822,0.37578452,0.40008312,0.00037297053,0.0072067166,0.023993956,0.036806047,0.9931444
195,256_50_14928,0.13617766,0.5595503,0.0018254869,0.03779973,0.99754024,0.9404004,0.78434306
196,256_50_14616,0.5254984,0.54290664,0.0025761581,0.10791113,0.11468929,0.106062606,0.97231513
197,256_50_16125,0.29769155,0.70464766,0.010796035,0.16487105,0.9943153,0.8758109,0.47422427
198,256_50_4058,0.43136266,0.4789943,0.0006799731,0.0119306715,0.037441514,0.038708523,0.9889754
199,256_50_7749,0.5379359,0.3588875,0.0008454653,0.030210834,0.03181182,0.056952924,0.9820156
200,256_50_22953,0.3662709,0.7981825,0.0008739112,0.0076605044,0.75234073,0.08921325,0.99848676
201,256_50_7231,0.097850144,0.67261803,0.009250752,0.040860895,0.99971384,0.9525035,0.74297357
202,256_50_2137,0.57559204,0.32109874,0.001462885,0.04437757,0.02683745,0.113020115,0.95167947
203,256_50_15944,0.59372234,0.33405942,0.0014427827,0.03861371,0.029884545,0.0840461,0.94477296
204,256_50_12330,0.5999161,0.24500315,0.000635282,0.015647806,0.013642218,0.03163248,0.9547263
205,256_50_13263,0.06498838,0.44964737,8.9474495e-05,0.005828831,0.99964476,0.41690302,0.97298366
206,256_50_6798,0.30997437,0.5561961,3.3141016e-05,0.0014382552,0.3831278,0.050227534,0.999561
207,256_50_16777,0.6227043,0.34502828,0.0011731219,0.025275094,0.032841794,0.04049435,0.9533248
208,256_50_4767,0.3492689,0.65222484,0.0005805013,0.008808894,0.07851174,0.061759505,0.9963276
209,256_50_13685,0.22192153,0.60185665,4.701121e-05,0.0027855386,0.74858445,0.15195377,0.99851185
210,256_50_22042,0.27772266,0.64282393,3.7922906e-05,0.0023157198,0.5516981,0.12686338,0.99891746
211,256_50_1474,0.17102909,0.9159085,0.05064672,0.061213728,0.9994916,0.42332593,0.90009314
212,256_50_19254,0.3655728,0.64862275,0.0007529664,0.009699591,0.6269778,0.09148902,0.99712425
213,256_50_10836,0.40852365,0.90583754,0.008159482,0.2934978,0.33662355,0.27609032,0.8542629
214,256_50_1869,0.16116849,0.6473972,0.013960093,0.030558156,0.9984357,0.7822734,0.9541929
215,256_50_75,0.40622613,0.8417659,0.007119359,0.15357395,0.73306406,0.31857535,0.91665643
216,256_50_6906,0.30026564,0.6165668,0.0072617917,0.08905296,0.96532947,0.89854723,0.7665147
217,256_50_19519,0.22903071,0.6925893,0.008819537,0.0754889,0.9962534,0.8187003,0.6336944
218,256_50_11101,0.3627643,0.3998079,0.0019494022,0.04526458,0.114403695,0.50355905,0.9317259
219,256_50_893,0.44377312,0.88858175,0.0077325776,0.24431951,0.3531775,0.23996603,0.8930402
220,256_50_7921,0.37009048,0.9498451,0.012702414,0.29633868,0.57540464,0.5151268,0.799175
221,256_50_17938,0.40682924,0.61454684,0.00045401134,0.008300669,0.2378956,0.09505304,0.9979913
222,256_50_5313,0.4220916,0.44753316,0.000533675,0.011173941,0.027895369,0.038705394,0.98932064
223,256_50_8757,0.35763136,0.65099806,0.0055399095,0.05852181,0.8720164,0.62428653,0.86884654
224,256_50_20930,0.39410734,0.8320896,0.00077677576,0.007643827,0.5960272,0.04083276,0.9988506
225,256_50_14878,0.47084433,0.78235763,0.0063083027,0.036189906,0.61900586,0.101253785,0.98458844
226,256_50_4878,0.4788856,0.7416541,0.006758193,0.08269622,0.29260108,0.5333952,0.8767009
227,256_50_11147,0.13271753,0.73311067,0.0039889067,0.07916465,0.9992398,0.93747985,0.62546664
228,256_50_22361,0.15884581,0.49498442,4.427275e-05,0.005962326,0.9851756,0.5318683,0.98554265
229,256_50_17136,0.40228647,0.7642992,0.0050529432,0.037653968,0.54821354,0.1864615,0.96970963
230,256_50_13253,0.10896049,0.4329352,0.0029688624,0.020127453,0.99976975,0.90367526,0.9448948
231,256_50_10264,0.5136526,0.36864161,0.0008412881,0.029765552,0.03409591,0.059524354,0.98608196
232,256_50_23197,0.088832915,0.4736213,0.000322669,0.0027848778,0.99820113,0.41835272,0.9975898
233,256_50_7220,0.32353625,0.88642347,0.03724054,0.1736887,0.9938922,0.9308062,0.48205715
234,256_50_11791,0.6173603,0.2555276,0.00081321434,0.025758347,0.01704841,0.046712194,0.9586631
235,256_50_15073,0.14367631,0.81314045,0.0014862664,0.038489867,0.99748707,0.92742807,0.760165
236,256_50_20274,0.35377285,0.5532281,0.00030603935,0.0063390844,0.049617067,0.06454249,0.9971066
237,256_50_5325,0.3447627,0.5296289,0.00034823356,0.007669652,0.036760356,0.08634909,0.99645954
238,256_50_9294,0.3600316,0.96136856,0.005250726,0.22929788,0.40508568,0.23148063,0.8998899
239,256_50_1756,0.2902706,0.9888814,0.009349342,0.30672568,0.5503465,0.3808465,0.7444342
240,256_50_10583,0.09912694,0.5357284,0.01246041,0.021343697,0.9999486,0.6008334,0.9586818
241,256_50_17105,0.37556562,0.42953795,0.00023123006,0.0039586173,0.043249227,0.022731794,0.99869055
242,256_50_1630,0.2089121,0.95881605,0.078360185,0.05225226,0.99242204,0.46023673,0.94048214
243,256_50_18381,0.3613877,0.8592811,0.008046578,0.018862925,0.58641636,0.13606061,0.97749263
244,256_50_1908,0.2809686,0.821435,0.0004426031,0.004613604,0.8749932,0.10150279,0.9988294
245,256_50_9781,0.37149078,0.40022895,0.00023184331,0.004541149,0.023902465,0.020357357,0.9967277
246,256_50_14958,0.36804003,0.7738404,0.0020657089,0.03195464,0.62807775,0.53504455,0.97873336
247,256_50_17634,0.6093491,0.3014034,0.00079826504,0.01845985,0.018086018,0.032216556,0.95691264
248,256_50_12797,0.283042,0.99216485,0.007669358,0.23314768,0.5981235,0.37398174,0.82784474
249,256_50_7192,0.42254135,0.4951007,0.0033303066,0.07032532,0.17231406,0.5137248,0.88286066
250,256_50_10234,0.648148,0.24506113,0.00078109064,0.021158045,0.014333532,0.037192427,0.94548064
251,256_50_6763,0.4305215,0.76262164,0.005006121,0.06140764,0.14622779,0.44389096,0.9410036
252,256_50_17399,0.4968715,0.6545399,0.0024348325,0.018750926,0.16648325,0.045898847,0.9762734
253,256_50_23153,0.34941694,0.9310621,0.0028524392,0.019808156,0.9118109,0.18042444,0.9900351
254,256_50_8172,0.49026272,0.53539497,0.002304783,0.076917805,0.07727038,0.20364875,0.9709307
255,256_50_3356,0.35985005,0.57923144,0.00043092997,0.00505324,0.061299283,0.021117806,0.9972139
256,256_50_15507,0.2840342,0.56646067,2.6850968e-05,0.0016623148,0.49865738,0.06088044,0.9994357
257,256_50_12781,0.54224503,0.32390413,0.0009116382,0.03447601,0.029028682,0.06640752,0.9815072
258,256_50_20215,0.23617773,0.7976608,0.025469497,0.0507312,0.99572796,0.6237269,0.8727646
259,256_50_3270,0.07383361,0.38454804,0.00026988026,0.007917218,0.9994367,0.7555516,0.9779294
260,256_50_19362,0.44304553,0.38701952,0.00047396676,0.010903144,0.023816263,0.041280847,0.98728776
261,256_50_12269,0.1997151,0.60894156,0.010666677,0.12185532,0.99957126,0.9065369,0.6012341
262,256_50_20960,0.35961518,0.5141396,0.00026179565,0.0053799218,0.039728306,0.049948715,0.998185
263,256_50_13854,0.37615323,0.87096715,0.0028955126,0.013149284,0.2943501,0.08165533,0.9877073
264,256_50_8260,0.34927142,0.49740475,0.00026275864,0.004770527,0.033635058,0.031832445,0.9971615
265,256_50_7373,0.10694242,0.7369706,0.0064784377,0.014833997,0.999585,0.2695044,0.97946435
266,256_50_23174,0.33228576,0.7560274,0.00043112985,0.0065182857,0.8278012,0.060098525,0.9983205
267,256_50_15949,0.5272601,0.47005463,0.0017155731,0.03154968,0.06080299,0.07634842,0.9638059
268,256_50_16744,0.1779387,0.7409106,0.004844414,0.053258535,0.998154,0.95048136,0.70573974
269,256_50_9330,0.3235189,0.98101634,0.008403678,0.275688,0.59598905,0.37904227,0.80339384
270,256_50_12586,0.3492025,0.45586446,0.000258991,0.0055581946,0.026348593,0.040332396,0.9973218
271,256_50_12829,0.48156267,0.66889536,0.0042537204,0.13180153,0.19624269,0.27829367,0.9422673
272,256_50_17562,0.55603814,0.35890225,0.00080496265,0.01590766,0.022235999,0.03227687,0.9610968
273,256_50_5310,0.379075,0.44735608,0.00025851288,0.0046363235,0.027422458,0.019099683,0.99533844
274,256_50_19755,0.3900445,0.7987976,0.0011876775,0.007428654,0.38507777,0.02924566,0.9978091
275,256_50_19477,0.36835176,0.69034916,0.00044845496,0.0037585034,0.15727498,0.016505769,0.99919087
276,256_50_16382,0.38080016,0.7613169,0.0016469855,0.044010915,0.4305963,0.51750284,0.96160406
277,256_50_13701,0.36857098,0.47600535,0.00027374332,0.0054698214,0.037593614,0.042617638,0.99804723
278,256_50_5495,0.10449488,0.5223611,3.6032667e-05,0.009303383,0.99819213,0.8293204,0.93418765
279,256_50_10792,0.5293903,0.3162054,0.0005773701,0.010598078,0.022576394,0.023013083,0.97188795
280,256_50_14819,0.39982247,0.5962712,0.00064622366,0.0139344325,0.10580348,0.1084964,0.9950004
281,256_50_55,0.1025472,0.40067378,0.0029470674,0.056688964,0.999821,0.8819766,0.70018256
282,256_50_19277,0.4330547,0.5640502,0.0008091713,0.004190191,0.13711226,0.008905624,0.9955655
283,256_50_21250,0.36625323,0.75286007,0.0007729436,0.0053928555,0.79532254,0.025513925,0.9991078
284,256_50_22056,0.26262817,0.8629015,0.001540785,0.011896063,0.94683826,0.23883955,0.9942169
285,256_50_3315,0.21473154,0.99814963,0.007890547,0.28244966,0.6653093,0.390988,0.69687605
286,256_50_15012,0.5650622,0.48273236,0.0016462816,0.030363632,0.0603619,0.05726377,0.9647554
287,256_50_12971,0.42101476,0.7702171,0.008605709,0.21572399,0.59465146,0.64030856,0.812762
288,256_50_16099,0.6146918,0.28683,0.0009117003,0.02417245,0.01844519,0.04863222,0.9559239
289,256_50_12341,0.6479204,0.23389614,0.0009261796,0.027097208,0.013672522,0.050924763,0.93730813
290,256_50_4110,0.20142983,0.54347,4.7261005e-05,0.0031573034,0.9350282,0.12998253,0.9982254
291,256_50_7369,0.06373586,0.49365604,0.0011000187,0.023470663,0.9999465,0.5846687,0.8498356
292,256_50_11842,0.22958982,0.8276127,0.018780876,0.14597122,0.99707747,0.968175,0.4123883
293,256_50_17201,0.6092536,0.31306127,0.0011033998,0.027060691,0.020207489,0.055344258,0.94714344
294,256_50_12636,0.5778461,0.28689945,0.00084656844,0.027291492,0.019838471,0.051680896,0.96960294
295,256_50_8252,0.45871904,0.39560017,0.0007961429,0.016514711,0.028459413,0.0628432,0.98229516
296,256_50_204,0.15631485,0.7922469,0.04224858,0.051389176,0.9996793,0.67080134,0.83806306
297,256_50_14337,0.51733977,0.58308804,0.0030221662,0.13516767,0.13186955,0.11994912,0.9669143
298,256_50_21728,0.40314758,0.7439288,0.0007619972,0.010534339,0.54601157,0.089690655,0.9978542
299,256_50_22830,0.3581261,0.80212355,0.0013953608,0.0067732944,0.86392176,0.040050615,0.9988912
300,256_50_10282,0.42304158,0.8417353,0.0057450933,0.08720395,0.34737077,0.40532532,0.9573685
301,256_50_16336,0.2079719,0.81137884,0.000721438,0.0052428017,0.9905696,0.15488373,0.99737394
302,256_50_1724,0.1813501,0.86788255,0.028622784,0.074135184,0.9983016,0.960499,0.6520681
303,256_50_5199,0.13326155,0.5806811,0.0032408072,0.019604528,0.99873716,0.8251928,0.94635636
304,256_50_15649,0.3480944,0.66809875,8.005563e-05,0.002955472,0.42120308,0.10247349,0.9993243
305,256_50_18496,0.39178956,0.4640116,0.0002980073,0.0039774477,0.18819651,0.03740857,0.9993274
306,256_50_11164,0.07706055,0.3676474,0.00021316276,0.0037323143,0.9987587,0.24538782,0.99781644
307,256_50_15684,0.56853324,0.34853807,0.0016440557,0.042946067,0.029550275,0.12006067,0.93790925
308,256_50_15895,0.43115386,0.62981594,0.0031512326,0.050720446,0.23245543,0.34958413,0.94746727
309,256_50_17289,0.57881373,0.4225929,0.0014444317,0.033499774,0.040187553,0.099527806,0.95008236
310,256_50_13445,0.360969,0.52480155,0.00072302134,0.008788612,0.072056,0.049497154,0.98946124
311,256_50_15216,0.15663671,0.50747395,3.8682938e-05,0.0030708425,0.987631,0.21461503,0.996736
312,256_50_11353,0.6631296,0.24953398,0.00090176624,0.024170576,0.016187714,0.03875956,0.93841594
313,256_50_13760,0.5518934,0.27887115,0.00058280973,0.021241754,0.02179357,0.038276624,0.98495597
314,256_50_10970,0.52740335,0.33453608,0.0006441551,0.024722299,0.032982554,0.03832971,0.989938
315,256_50_5410,0.124321215,0.729404,0.006088829,0.012594083,0.9994691,0.30842122,0.97945213
316,256_50_13144,0.38236165,0.54062235,0.00038198754,0.006203779,0.057564788,0.029268697,0.9980671
317,256_50_10988,0.29001734,0.993544,0.0076511586,0.20187192,0.63431674,0.28935304,0.88985234
318,256_50_10401,0.5193952,0.37994313,0.0009505071,0.039832957,0.04435704,0.049876582,0.9860794
319,256_50_7997,0.58428437,0.3559404,0.0009250067,0.017277906,0.024012126,0.034248024,0.95997375
320,256_50_17690,0.38560703,0.47075546,0.000576119,0.009836714,0.03192585,0.050402053,0.98952687
321,256_50_12318,0.37721682,0.6478684,0.00048528973,0.005063939,0.069068395,0.021194488,0.995717
322,256_50_6255,0.14811371,0.78334445,0.009305787,0.037643693,0.9995521,0.47008982,0.8570193
323,256_50_3350,0.37839934,0.5995627,0.00039405914,0.0060098646,0.11387765,0.050044842,0.9982651
324,256_50_17436,0.14531194,0.39335483,2.366221e-05,0.0017075316,0.9646462,0.13613948,0.9990963
325,256_50_8099,0.360506,0.8147875,0.007345319,0.055048794,0.5643858,0.48779994,0.9296641
326,256_50_8274,0.5602599,0.3539245,0.0007503554,0.012393924,0.02584882,0.022241822,0.9709343
327,256_50_19937,0.15033236,0.6840335,0.0034140637,0.03416481,0.99857235,0.8416125,0.87094074
328,256_50_8409,0.49254125,0.3601874,0.0008418165,0.016308192,0.026233621,0.050641965,0.9752265
329,256_50_1388,0.36004877,0.41493294,0.00021086656,0.004326173,0.026504435,0.02612487,0.9977598
330,256_50_4385,0.17192975,0.76299834,0.0076040598,0.08007968,0.998254,0.98232645,0.57148457
331,256_50_16357,0.35807455,0.9044094,0.008094893,0.016717758,0.72784436,0.066469245,0.9904545
332,256_50_2107,0.4136924,0.526313,0.00051658833,0.0121936565,0.037106276,0.0642853,0.9905814
333,256_50_23341,0.37811682,0.867177,0.0034473406,0.043447554,0.51930124,0.5204383,0.9735286
334,256_50_10954,0.5384056,0.28620213,0.0004359251,0.014620053,0.024218906,0.023388764,0.9909894
335,256_50_3684,0.32197112,0.6753364,0.019281426,0.14153175,0.97908825,0.90322167,0.6939574
336,256_50_6845,0.36168444,0.43176728,0.0002298389,0.005011694,0.026499463,0.033018924,0.99754024
337,256_50_11577,0.42613477,0.8778858,0.008878015,0.2888057,0.32655933,0.3624462,0.85568357
338,256_50_20064,0.33355755,0.493348,0.00026447076,0.0054743034,0.030435557,0.059283394,0.9974796
339,256_50_7317,0.5458605,0.38507703,0.0014602204,0.048303507,0.035523266,0.12550254,0.97165245
340,256_50_1992,0.066431336,0.2543044,0.00017598152,0.002411184,0.9993851,0.61944836,0.99742234
341,256_50_21710,0.37048936,0.61185503,0.00027483774,0.0049332827,0.30980617,0.03389881,0.9987903
342,256_50_3241,0.34962714,0.7099197,0.0020308963,0.031340916,0.37407413,0.35371658,0.96782637
343,256_50_2895,0.20688747,0.99849606,0.010660972,0.27248597,0.7882635,0.43887535,0.67542076
344,256_50_23532,0.1318905,0.34143063,1.3318322e-06,0.0032170361,0.9911539,0.15764643,0.9906036
345,256_50_22599,0.35740656,0.7880494,0.0006149005,0.00803283,0.8961636,0.052820668,0.99753654
346,256_50_18493,0.3595932,0.48493817,0.0002687005,0.0050249007,0.2673929,0.065775104,0.9985455
347,256_50_1251,0.3825234,0.6400553,0.00054340437,0.016319746,0.35518917,0.3127692,0.99109125
348,256_50_20129,0.34915277,0.5399655,0.00032732237,0.0065473765,0.053317398,0.09755296,0.99720395
349,256_50_11215,0.610885,0.28399783,0.00083799136,0.021556398,0.018032925,0.036910743,0.9551642
350,256_50_4462,0.35462105,0.5246574,0.00037694428,0.007931744,0.041032292,0.055470403,0.9958697
351,256_50_536,0.3039784,0.8323523,0.007547134,0.04077499,0.92303586,0.51709044,0.9520762
352,256_50_10278,0.42889753,0.88805026,0.0074109295,0.22163235,0.3468039,0.3019242,0.9090661
353,256_50_15927,0.36645126,0.7429073,0.00073750474,0.014227273,0.70799714,0.4097116,0.993705
354,256_50_7337,0.50316495,0.5148347,0.0021473372,0.04789041,0.06979337,0.17235616,0.94591874
355,256_50_19743,0.39294422,0.6522934,0.00043183647,0.0050724293,0.43877983,0.02965335,0.9993374
356,256_50_17464,0.5274249,0.5941889,0.001823677,0.017091174,0.085041754,0.03488843,0.9697943
357,256_50_5193,0.42728484,0.43718117,0.00045743847,0.0098844655,0.031430587,0.03608007,0.9910019
358,256_50_12308,0.3515512,0.46327144,0.00027772362,0.006188783,0.02739371,0.05725619,0.99705553
359,256_50_14768,0.28185618,0.5282069,0.0034185052,0.046485815,0.49473432,0.8335975,0.9025767
360,256_50_20568,0.24741204,0.67393374,6.223082e-05,0.0023430923,0.744369,0.13751438,0.99900275
361,256_50_11287,0.21216314,0.8785163,0.019008217,0.21894833,0.9992649,0.9819224,0.19262452
362,256_50_1289,0.1891028,0.87963605,0.028327728,0.08452752,0.9966163,0.9430908,0.6615843
363,256_50_22012,0.2789604,0.6964684,0.0017383975,0.029774038,0.9198149,0.66353136,0.96050996
364,256_50_20627,0.36506748,0.47120658,0.00028455944,0.00449747,0.037184127,0.016890137,0.99685884
365,256_50_8018,0.5479399,0.28942207,0.00049530645,0.018761268,0.023275333,0.02800146,0.98828727
366,256_50_19331,0.25412074,0.932004,0.03250814,0.03815858,0.9919526,0.65733784,0.94343233
367,256_50_19012,0.36567605,0.50051874,0.0002794871,0.0075128316,0.03203238,0.08225413,0.9961482
368,256_50_15026,0.4235851,0.6617928,0.0012397865,0.022948822,0.12717871,0.04412162,0.99285275
369,256_50_2206,0.37589264,0.7258623,0.0057113827,0.045120485,0.6198721,0.5751637,0.95048887
370,256_50_21432,0.35794175,0.6723238,0.0006586883,0.0051155705,0.7891761,0.031893067,0.9989593
371,256_50_13029,0.49931636,0.5673704,0.0017602049,0.02982506,0.07937629,0.10308423,0.9615848
372,256_50_4477,0.37415302,0.69980645,0.00059289305,0.007524641,0.090528235,0.0323719,0.99671197
373,256_50_16354,0.43855602,0.8221765,0.0039716624,0.026343284,0.3037042,0.09440428,0.98590034
374,256_50_7331,0.42851412,0.595663,0.005095448,0.10616995,0.42570913,0.6416249,0.8059986
375,256_50_13285,0.3961107,0.6506892,0.0006567993,0.008489954,0.15164219,0.03178289,0.9971219
376,256_50_13711,0.40905735,0.72832274,0.001741986,0.013312395,0.43306425,0.09459485,0.99578613
377,256_50_14557,0.37810448,0.92723674,0.013235133,0.2607894,0.82070667,0.6022489,0.77026767
378,256_50_21943,0.2334429,0.59695196,0.00062710705,0.022398023,0.9569134,0.79745144,0.9529098
379,256_50_14313,0.585716,0.3742364,0.00087057357,0.017459108,0.040151455,0.025288325,0.9797362
380,256_50_3619,0.091909856,0.35821074,0.0002306782,0.007251318,0.9979837,0.7856052,0.98227924
381,256_50_15017,0.4167727,0.92862964,0.0114941085,0.06841238,0.6176168,0.19072625,0.9710696
382,256_50_10530,0.49123305,0.48061886,0.0010902112,0.025629353,0.054628696,0.077343814,0.98331857
383,256_50_825,0.35502544,0.57931083,0.000511398,0.012609129,0.26680344,0.16610096,0.9928686
384,256_50_10635,0.5170194,0.34394655,0.0007523982,0.015840404,0.022823034,0.037167214,0.9716894
385,256_50_21184,0.3980916,0.7816318,0.0017744302,0.007371235,0.31406686,0.044427212,0.99735814
386,256_50_8007,0.56401634,0.55695105,0.0031503115,0.05397669,0.111452036,0.11600057,0.9439878
387,256_50_31,0.41751635,0.65519285,0.00192433,0.021396616,0.15424243,0.10960986,0.9722136
388,256_50_12303,0.339954,0.49858922,0.00023239461,0.004306745,0.039973184,0.030886684,0.99835217
389,256_50_4192,0.36842576,0.482497,0.00031220715,0.005923287,0.035825353,0.029704725,0.99692315
390,256_50_14384,0.2625735,0.8772464,0.052440807,0.1350494,0.99645716,0.9115356,0.54958045
391,256_50_12300,0.46181056,0.6054876,0.0059489845,0.07283626,0.30979136,0.38251647,0.9029333
392,256_50_8544,0.36211577,0.58396924,0.0009824801,0.009991808,0.13027215,0.07761109,0.9934994
393,256_50_20229,0.37824437,0.4786766,0.00023994753,0.0043385657,0.16767514,0.038294587,0.99900633
394,256_50_8609,0.273114,0.9918304,0.0080408435,0.29136163,0.56201386,0.34475282,0.75646365
395,256_50_21318,0.36338753,0.61728233,0.00030510448,0.004007184,0.5378997,0.03155121,0.99923027
396,256_50_20200,0.3654642,0.50210404,0.00026196244,0.005049471,0.045369916,0.043915708,0.99831957
397,256_50_7951,0.32335162,0.7503596,0.002289406,0.020912174,0.9333946,0.40946516,0.9897524
398,256_50_9370,0.46454084,0.33235005,0.0003700014,0.008419317,0.017762193,0.022548221,0.9871181
399,256_50_9533,0.63410014,0.250847,0.00079469895,0.019588204,0.014899574,0.034311883,0.9432116
400,256_50_11200,0.5227526,0.31760073,0.0007336187,0.016198752,0.019331973,0.040307175,0.96417356
401,256_50_19891,0.38949975,0.8053261,0.001489077,0.008620534,0.30696464,0.030492686,0.99732924
402,256_50_2901,0.17406893,0.98525476,0.0533546,0.0695233,0.9961994,0.49698272,0.88902944
403,256_50_431,0.23542413,0.660653,0.0067113545,0.10681122,0.9857459,0.9814136,0.544896
404,256_50_17662,0.31987834,0.6986949,0.004126378,0.04046604,0.9678771,0.8058842,0.93853366
405,256_50_10947,0.5718645,0.29006252,0.00063091086,0.020551762,0.020672934,0.03369298,0.9778977
406,256_50_8082,0.17285508,0.9982279,0.029455835,0.19243796,0.9869379,0.46233907,0.6438703
407,256_50_3926,0.48837692,0.42429197,0.00065419014,0.0153186275,0.029620081,0.06903756,0.9830117
408,256_50_2266,0.526936,0.4227467,0.0018693062,0.044928677,0.038197514,0.15856215,0.94206166
409,256_50_5783,0.08144996,0.32345554,0.0001504942,0.003072494,0.99893016,0.46549937,0.9974687
410,256_50_22747,0.28139925,0.9168047,0.0014591938,0.012263695,0.9726443,0.17708682,0.9926662
411,256_50_19874,0.38541627,0.59735525,0.00023533229,0.005314801,0.23469423,0.04489969,0.99853766
412,256_50_21005,0.3418616,0.88100845,0.002432398,0.0063130064,0.86680233,0.033284884,0.99877876
413,256_50_4856,0.35555664,0.56166834,0.00022121445,0.004069888,0.4308899,0.042580344,0.9989918
414,256_50_15278,0.5449221,0.6380363,0.0037912126,0.025162118,0.16032909,0.046775863,0.9430886
415,256_50_10649,0.53964806,0.3398507,0.00066158077,0.012438742,0.02365468,0.02587805,0.9729908
416,256_50_6430,0.40675783,0.39783904,0.00034984993,0.007062384,0.0244275,0.029583516,0.9936
417,256_50_19008,0.4154524,0.6803105,0.00082051824,0.003017628,0.36150736,0.0049684434,0.9991253
418,256_50_15469,0.36948568,0.74906075,0.00125639,0.027445002,0.5577034,0.38192257,0.977683
419,256_50_9682,0.62024426,0.38352376,0.002233661,0.031913634,0.0741824,0.074489735,0.926293
420,256_50_811,0.4014896,0.5053062,0.00036526134,0.004470194,0.17666826,0.037770115,0.9992742
421,256_50_8446,0.36025548,0.9594517,0.008471486,0.2747782,0.43683323,0.31531844,0.8451627
422,256_50_4054,0.35929468,0.6061958,0.0005762535,0.006764998,0.13878408,0.04130382,0.99703985
423,256_50_4497,0.21185656,0.5084982,0.0004616567,0.01185025,0.9681,0.8755961,0.9786668
424,256_50_22744,0.3743973,0.78117317,0.00055734906,0.005809286,0.6685162,0.032789763,0.9990984
425,256_50_2364,0.44598863,0.6349991,0.0020097422,0.032718614,0.15069202,0.13561247,0.9710541
426,256_50_20659,0.3666922,0.7704071,0.0015114213,0.009589994,0.67207754,0.05681434,0.9971413
427,256_50_4115,0.30195263,0.68915963,0.0070925523,0.063985035,0.8623002,0.90396273,0.8677322
428,256_50_11329,0.37166214,0.66907555,0.0009643468,0.008914365,0.15987554,0.061369818,0.9947148
429,256_50_20414,0.37994096,0.54042774,0.000497069,0.009895676,0.044654354,0.06937195,0.9943826
430,256_50_11269,0.40964425,0.8903712,0.00418057,0.19476451,0.29407224,0.1758267,0.9361473
431,256_50_1453,0.28723383,0.83371294,0.038948648,0.22935012,0.9951013,0.968904,0.3235312
432,256_50_1284,0.09323541,0.48632178,0.0043986742,0.03317581,0.9995421,0.9657866,0.81308335
433,256_50_20062,0.35920307,0.5527331,0.0003466212,0.0077233957,0.04069904,0.08260035,0.9969476
434,256_50_19766,0.3783974,0.57179415,0.0006420714,0.004675405,0.14817455,0.016675694,0.99734324
435,256_50_1335,0.38638532,0.62107706,0.0013023459,0.013537885,0.34025303,0.07447473,0.99430966
436,256_50_7082,0.042646304,0.56257504,0.0009089737,0.009415364,0.9999032,0.40908957,0.9741402
437,256_50_12235,0.30266386,0.98788804,0.015150617,0.16531138,0.76471424,0.31031927,0.8935421
438,256_50_20817,0.36989972,0.5343697,0.00027973903,0.0062481365,0.043482795,0.07048341,0.9977526
439,256_50_5190,0.3711972,0.59262073,0.0003977933,0.009971285,0.04888757,0.129686,0.9944581
440,256_50_19339,0.31887156,0.83221257,0.0026183084,0.01107859,0.38788596,0.08522056,0.988853
441,256_50_13776,0.51989967,0.53552544,0.0023304992,0.11049384,0.10388826,0.11112055,0.9712814
442,256_50_21861,0.37452355,0.6020286,0.00027528647,0.0049281823,0.2685924,0.031197993,0.99895644
443,256_50_23230,0.39063072,0.8840253,0.002212123,0.028190313,0.5311102,0.1899493,0.9875218
444,256_50_21698,0.32649192,0.55579555,7.291744e-05,0.0027642364,0.5439596,0.07933058,0.99948066
445,256_50_2773,0.19699274,0.9991148,0.0071958005,0.21540867,0.7688921,0.36735067,0.78252333
446,256_50_8679,0.4537812,0.4061463,0.0009873676,0.02086563,0.031206055,0.09580204,0.974721
447,256_50_19244,0.17241657,0.58279353,6.662255e-05,0.0019455197,0.9153424,0.17784716,0.9983809
448,256_50_18580,0.5031654,0.64438444,0.0025230306,0.012053399,0.19027391,0.029024243,0.9792849
449,256_50_947,0.19223994,0.7882184,0.06391593,0.14234778,0.9995425,0.9251039,0.49160337
450,256_50_11461,0.3335666,0.5024943,0.0002983598,0.005816578,0.03559744,0.049965076,0.99742377
451,256_50_19930,0.32883036,0.47703066,0.0002660278,0.0057701594,0.029411145,0.06481179,0.9967481
452,256_50_18156,0.18157417,0.6750242,0.0013171209,0.03172743,0.99341524,0.97151846,0.83845735
453,256_50_10995,0.1584666,0.5368316,0.005782464,0.07594234,0.99727386,0.98259974,0.57918066
454,256_50_13634,0.3512029,0.97802174,0.010028704,0.16522023,0.6607886,0.2522581,0.92752576
455,256_50_17748,0.5196425,0.5227626,0.0009972587,0.012992057,0.047222994,0.02935337,0.9822404
456,256_50_15224,0.0478922,0.49051225,0.0008207286,0.0089127105,0.9999163,0.44267118,0.9777917
457,256_50_7618,0.121777445,0.45826846,0.0039594765,0.045230612,0.9989502,0.9742421,0.81747985
458,256_50_12912,0.5764646,0.25353247,0.00058693567,0.021134831,0.017912254,0.038034394,0.9789236
459,256_50_7366,0.053831585,0.34509704,0.00035502648,0.005422122,0.9997434,0.501053,0.9902766
460,256_50_1526,0.3741295,0.54771304,0.00032466388,0.00736895,0.045087423,0.08137938,0.9973398
461,256_50_11969,0.3378393,0.972295,0.00855139,0.30552503,0.4674043,0.2968972,0.80369186
462,256_50_19649,0.38218784,0.44131234,0.0004968245,0.009249725,0.028576337,0.043099266,0.9922897
463,256_50_8470,0.32289082,0.97564566,0.0047017606,0.17374942,0.47597635,0.223811,0.92413294
464,256_50_16300,0.6072686,0.29548547,0.00063829473,0.013849646,0.018036252,0.0209177,0.96321225
465,256_50_12129,0.09692826,0.4135868,0.0059991986,0.019990956,0.99992347,0.7151955,0.96386516
466,256_50_18427,0.39730573,0.45321092,0.00030761166,0.0040773964,0.1587504,0.03533019,0.999302
467,256_50_15636,0.14407866,0.3891142,2.215918e-05,0.0060401633,0.99623775,0.24848096,0.9841574
468,256_50_11879,0.40172517,0.54398954,0.0033789093,0.023418538,0.52591866,0.09221055,0.96726125
469,256_50_1336,0.35651523,0.5785436,0.0007266236,0.014369748,0.409735,0.24386685,0.9931792
470,256_50_10787,0.5636595,0.28543037,0.00057565543,0.01324054,0.015616828,0.025354166,0.9683602
471,256_50_18978,0.41009644,0.43511462,0.00030350074,0.004396175,0.08839673,0.0319861,0.9992186
472,256_50_13397,0.038692668,0.28603303,0.00015395472,0.0067385966,0.99988854,0.6119826,0.98080117
473,256_50_3439,0.15791525,0.7228419,0.00092961965,0.007853385,0.9897692,0.15505655,0.99371827
474,256_50_21069,0.37898695,0.633432,0.00030720458,0.004724964,0.35743898,0.036563084,0.99924016
475,256_50_6078,0.17416534,0.41928667,4.7396957e-06,0.0035717206,0.95920724,0.2477685,0.9935028
476,256_50_15991,0.22339167,0.84839976,0.0019762649,0.018025894,0.99534875,0.43913656,0.97061497
477,256_50_2138,0.5521972,0.33354244,0.0015350672,0.042626053,0.028988501,0.09870706,0.9512602
478,256_50_22384,0.3753203,0.81093144,0.0004709492,0.009102822,0.46121562,0.10083689,0.9972487
479,256_50_9010,0.30475414,0.9875842,0.01352266,0.30334574,0.674554,0.5208927,0.7204959
480,256_50_11708,0.282931,0.82984036,0.037635844,0.25703752,0.99915516,0.9620065,0.28865653
481,256_50_5609,0.3670402,0.55791277,0.00034983875,0.008142886,0.045263227,0.11256014,0.99654144
482,256_50_22501,0.20696975,0.5407779,2.2098297e-05,0.0030336385,0.91075706,0.13554654,0.9978758
483,256_50_11640,0.6202245,0.28668517,0.00094114523,0.023898717,0.01976042,0.054676946,0.9428763
484,256_50_7999,0.62015265,0.3304503,0.0010775082,0.023770262,0.022935426,0.040448196,0.945706
485,256_50_6733,0.5328701,0.40039086,0.0018176404,0.040046047,0.03496378,0.13263343,0.9424729
486,256_50_4432,0.10992675,0.8267913,0.0041334224,0.033777807,0.99684274,0.8286322,0.91688156
487,256_50_1375,0.41186973,0.7120003,0.0008112481,0.009596918,0.30700746,0.09842533,0.997835
488,256_50_13629,0.46313027,0.5409967,0.0007372234,0.0188398,0.06287278,0.038363915,0.99490166
489,256_50_4540,0.06511322,0.41132388,0.0038447022,0.036098145,0.99984694,0.92605716,0.86455625
490,256_50_9276,0.53318864,0.3767644,0.0009801624,0.035233174,0.033403315,0.07044358,0.98285484
491,256_50_21670,0.08661718,0.40074334,1.6325994e-05,0.0054286215,0.9982913,0.79975915,0.9569423
492,256_50_6836,0.19106127,0.9339217,0.05083084,0.12028891,0.998676,0.89127755,0.56612873
493,256_50_3869,0.2122829,0.9930615,0.014060057,0.1920103,0.90343654,0.6402436,0.7728314
494,256_50_12726,0.34576264,0.43416798,0.0002472654,0.0050175632,0.026045423,0.03456239,0.99751925
495,256_50_16240,0.55019224,0.34789613,0.00096324953,0.02060041,0.023835585,0.04335401,0.96116114
496,256_50_1468,0.17261316,0.9717378,0.02233407,0.10334958,0.98963135,0.69683075,0.8333038
497,256_50_16692,0.21511757,0.9033234,0.044463005,0.029997492,0.98886234,0.2881673,0.9755107
498,256_50_5324,0.35099626,0.5070998,0.00036902752,0.008112705,0.033325616,0.074687384,0.99602085
499,256_50_14571,0.40986583,0.8849637,0.015011251,0.16843721,0.5785969,0.7627604,0.8418197
500,256_50_2012,0.44082496,0.80382663,0.011470321,0.17423147,0.61948663,0.5454382,0.88441235
501,256_50_6128,0.26263812,0.8045275,0.025320696,0.04257749,0.9968066,0.4613982,0.96075714
502,256_50_17102,0.16177486,0.8025719,0.010290783,0.020088391,0.99831474,0.4734884,0.9684922
503,256_50_23516,0.31212935,0.8138796,0.0010971746,0.006471849,0.8820234,0.10689142,0.99861264
504,256_50_7336,0.41999936,0.6147056,0.0020233844,0.028350392,0.122432515,0.201989,0.96156496
505,256_50_16566,0.50585574,0.7761734,0.014623528,0.089455344,0.51425576,0.30758056,0.8964763
506,256_50_7249,0.3241163,0.7158948,0.00051220227,0.010102759,0.87844044,0.39343825,0.9949492
507,256_50_1817,0.36759725,0.5586558,0.00056926074,0.009240465,0.13614997,0.053671565,0.99367636
508,256_50_10909,0.3468941,0.6707319,0.0006971658,0.009897438,0.09667391,0.086614355,0.99555284
509,256_50_17039,0.33662456,0.5301463,0.00025930628,0.0037772467,0.4960433,0.030351331,0.999086
510,256_50_8125,0.50884455,0.36963502,0.00066522066,0.015918704,0.024453795,0.041890457,0.9781576
511,256_50_12360,0.62443477,0.26538736,0.0009787664,0.02924215,0.0180429,0.06257064,0.95320964
512,256_50_11832,0.49239647,0.7001978,0.006157709,0.19354762,0.18974943,0.3599821,0.9222667
513,256_50_16269,0.40178847,0.75874686,0.0011579915,0.024105413,0.4245635,0.292093,0.9844641
514,256_50_12296,0.62931097,0.2558053,0.000968016,0.02722503,0.015339678,0.05331728,0.94236434
515,256_50_15900,0.13529922,0.6371056,0.0038644741,0.02116959,0.9988127,0.8262482,0.94729745
516,256_50_10077,0.6164992,0.24281828,0.000765425,0.02043437,0.013483242,0.038956903,0.9489848
517,256_50_9474,0.25329477,0.99540085,0.0094267875,0.28300798,0.6614569,0.38771924,0.7342631
518,256_50_4981,0.2670795,0.59083503,0.00025309698,0.003690128,0.9534721,0.19895265,0.9987165
519,256_50_2973,0.38735688,0.57205886,0.0104058245,0.16149987,0.9750436,0.790116,0.5339478
520,256_50_1486,0.15383452,0.72846663,0.0088185705,0.014832178,0.9988391,0.297707,0.9862698
521,256_50_16283,0.52379495,0.61156166,0.001171442,0.016384948,0.07778763,0.02831132,0.989734
522,256_50_8623,0.36519527,0.9536648,0.009803686,0.3182655,0.42316073,0.34825125,0.7937664
523,256_50_2967,0.19925582,0.5261771,0.00044004797,0.011303484,0.9794881,0.77999,0.9816569
524,256_50_4891,0.3436329,0.50229967,0.0003574571,0.0055708573,0.050729185,0.030364048,0.9962884
525,256_50_4289,0.27058548,0.98853743,0.023797197,0.2863996,0.91462153,0.8376094,0.5336962
526,256_50_2200,0.2666051,0.67592126,0.0054564816,0.03276754,0.8635394,0.72181344,0.9497156
527,256_50_488,0.11986135,0.65891963,0.0012629151,0.0041505755,0.99919695,0.103859395,0.9983658
528,256_50_6549,0.14160423,0.97453654,0.028819172,0.037704237,0.9965965,0.3411749,0.96416605
529,256_50_15062,0.46187043,0.5378059,0.0017961005,0.027794147,0.07916338,0.10603303,0.95555925
530,256_50_12750,0.55954915,0.32199284,0.00090863986,0.02104629,0.022098312,0.045332495,0.95774144
531,256_50_8219,0.10592268,0.77785295,0.0039411723,0.01731325,0.99942905,0.5157384,0.97448945
532,256_50_13359,0.3309223,0.94409025,0.011743837,0.24842636,0.6820886,0.61194587,0.7831508
533,256_50_9407,0.5980204,0.45153412,0.001967388,0.025326673,0.090553604,0.040975627,0.9648979
534,256_50_9173,0.34497234,0.9692458,0.010180309,0.31230462,0.44999632,0.37089795,0.78490824
535,256_50_4217,0.17142203,0.38465354,0.0004429188,0.017896816,0.98908806,0.94154495,0.92869115
536,256_50_644,0.38415763,0.65536326,0.00170877,0.008886562,0.7022685,0.04759229,0.9983657
537,256_50_15380,0.23769909,0.8334709,0.0039788294,0.020534035,0.988988,0.5208233,0.97545344
538,256_50_19172,0.25641936,0.8020235,0.004658894,0.051032554,0.9723838,0.82216245,0.8416041
539,256_50_12570,0.22347645,0.73424464,0.0017311778,0.012356213,0.383308,0.4707407,0.9809693
540,256_50_3549,0.08158115,0.43920058,0.0036566919,0.017328914,0.9998036,0.76903576,0.93902415
541,256_50_9679,0.59631544,0.3293176,0.0011455477,0.026987491,0.023756312,0.058409013,0.9551232
542,256_50_17821,0.41868475,0.82157165,0.008529127,0.029541204,0.6589937,0.13374794,0.95101947
543,256_50_6216,0.09073491,0.28695375,2.9624507e-05,0.006135158,0.99652594,0.79449624,0.9728521
544,256_50_19227,0.47986773,0.4610061,0.000897521,0.016549064,0.031884443,0.047115404,0.97635865
545,256_50_1009,0.108096495,0.5892543,0.0035242336,0.044606607,0.99873024,0.9631384,0.8255835
546,256_50_12518,0.4960812,0.58793586,0.0017030435,0.048421543,0.17361003,0.061872944,0.99085706
547,256_50_13106,0.284054,0.6945752,0.041727655,0.14469081,0.9842098,0.8713219,0.66484463
548,256_50_11121,0.35017458,0.97716445,0.0055663213,0.15493596,0.4867616,0.23782729,0.94271934
549,256_50_6297,0.361632,0.46750996,0.0002356954,0.0049427906,0.03396479,0.031829853,0.9978563
550,256_50_14880,0.5073888,0.47093529,0.0008127364,0.02484668,0.065085575,0.034028064,0.99371696
551,256_50_18380,0.3166922,0.82093304,0.0071951402,0.013962346,0.5959589,0.12907435,0.97833747
552,256_50_598,0.12187187,0.56719595,0.0039514396,0.06915557,0.9998173,0.89025974,0.6074817
553,256_50_2309,0.16062333,0.948594,0.022190576,0.06612185,0.9965077,0.50287044,0.9098996
554,256_50_15343,0.5455461,0.426452,0.0014611607,0.026985914,0.038732175,0.0776731,0.95016813
555,256_50_7885,0.47825974,0.58280575,0.001602044,0.069151625,0.08837713,0.09008996,0.983085
556,256_50_22605,0.34399652,0.8861032,0.0013462405,0.0066283,0.89969957,0.033379484,0.9987602
557,256_50_11038,0.31699494,0.9222952,0.06637865,0.07817692,0.96742755,0.40812606,0.9106912
558,256_50_14651,0.23988277,0.86558676,0.014510049,0.040691864,0.9689288,0.861953,0.9327438
559,256_50_9299,0.4781241,0.7615998,0.0079583535,0.0975545,0.27983913,0.5363061,0.9207791
560,256_50_15162,0.37761647,0.94389784,0.0044641565,0.05377239,0.49541566,0.12066316,0.9874736
561,256_50_2955,0.36613715,0.41268864,0.00037271672,0.0062656077,0.029632645,0.031207114,0.9931827
562,256_50_12953,0.4727144,0.73414063,0.004201928,0.1843797,0.18985756,0.17835775,0.94370705
563,256_50_23261,0.15344858,0.5256597,0.00058066455,0.005467407,0.9898201,0.2098166,0.9965731
564,256_50_6526,0.30640265,0.6403055,0.0032924474,0.048076943,0.4413897,0.77407414,0.91604954
565,256_50_19920,0.36759546,0.49252737,0.0004677267,0.0101202605,0.02946677,0.064067945,0.9932974
566,256_50_1607,0.13903001,0.8473921,0.030244725,0.081290804,0.9997546,0.90150416,0.6478209
567,256_50_19312,0.11156341,0.561066,0.0004076864,0.010336539,0.9974583,0.66933244,0.97141147
568,256_50_583,0.5387112,0.4325928,0.001534332,0.05458721,0.055550065,0.08973544,0.97541726
569,256_50_18785,0.3464782,0.8094969,0.004759679,0.007282093,0.60209155,0.03127417,0.99192715
570,256_50_21175,0.42020643,0.632874,0.00065651076,0.010352595,0.131971,0.095138624,0.9971506
571,256_50_17583,0.26808798,0.84441304,0.007413838,0.020702923,0.9851473,0.2578568,0.9835681
572,256_50_8455,0.473867,0.6533879,0.0059856307,0.15715258,0.2681434,0.624061,0.896036
573,256_50_17749,0.55126745,0.57874286,0.0018134639,0.02143286,0.074781656,0.043494344,0.9682841
574,256_50_13181,0.6673085,0.33024594,0.0019109752,0.040055215,0.041777447,0.064706296,0.9003538
575,256_50_17140,0.4510874,0.4214729,0.00057353405,0.0142368125,0.02664273,0.04894508,0.98750395
576,256_50_21326,0.19189352,0.45424315,1.2513732e-05,0.004291707,0.9496472,0.17075185,0.9950891
577,256_50_21745,0.38109228,0.5219399,0.00028087804,0.0067485236,0.18650366,0.054913383,0.9972742
578,256_50_21503,0.3826922,0.5050429,0.00028698266,0.0047931056,0.17089012,0.035087757,0.9989423
579,256_50_1945,0.3777183,0.6298461,0.00040226468,0.00868521,0.11516721,0.114914834,0.9968836
580,256_50_18728,0.3670121,0.84355664,0.0029740848,0.009377314,0.43535092,0.050275028,0.9914888
581,256_50_17585,0.36296844,0.6098626,0.001274305,0.00815075,0.76277876,0.04192895,0.997256
582,256_50_14588,0.26754645,0.8688923,0.0049742083,0.012621627,0.6700078,0.16649063,0.98506445
583,256_50_11526,0.5695728,0.2552132,0.00053158595,0.019363629,0.019513117,0.03133784,0.981217
584,256_50_139,0.2594988,0.5808076,0.0008367921,0.020285012,0.94094086,0.7284429,0.9766495
585,256_50_2641,0.3307466,0.5967434,0.0005077716,0.008927068,0.072975285,0.08882856,0.99433255
586,256_50_5420,0.19406343,0.84317756,0.022838326,0.062082592,0.99725765,0.8781203,0.8330093
587,256_50_21704,0.3211303,0.8497809,0.00057310105,0.00618549,0.6785264,0.16178544,0.99827135
588,256_50_20275,0.36449727,0.4336975,0.0002237617,0.0038402993,0.047904212,0.020047741,0.9983713
589,256_50_3770,0.34736708,0.4490354,0.00025610017,0.004611708,0.029582398,0.028005514,0.9966395
590,256_50_13567,0.35760817,0.54776466,0.00033527947,0.0062164594,0.0565235,0.087767676,0.99782974
591,256_50_21594,0.4148847,0.6121353,0.00084411056,0.009941256,0.33071908,0.0703275,0.99773526
592,256_50_13017,0.4671241,0.7798708,0.0015443586,0.019311562,0.3273568,0.06622088,0.9906969
593,256_50_12739,0.39690527,0.45580673,0.0004468854,0.011603666,0.026671428,0.07558974,0.9912184
594,256_50_11713,0.5211449,0.5036194,0.0020229279,0.07443837,0.08284711,0.11701606,0.9769821
595,256_50_2074,0.41600773,0.71475935,0.012717516,0.19049466,0.7732566,0.7942533,0.72316706
596,256_50_22571,0.20455222,0.4952272,3.2829474e-05,0.003965887,0.93755823,0.17244604,0.9964696
597,256_50_14733,0.57600594,0.31818599,0.0007740359,0.025162948,0.024755813,0.04618209,0.9757447
598,256_50_1236,0.41911694,0.61855006,0.0005384884,0.010853499,0.17574418,0.09760373,0.99704427
599,256_50_16545,0.29753542,0.74067014,0.0005779334,0.013797363,0.82610285,0.34405673,0.988967
600,256_50_23340,0.3770361,0.6163971,0.00056240964,0.0074072443,0.19168372,0.16723341,0.9980592
601,256_50_9432,0.26654336,0.97689134,0.030615544,0.27570152,0.9623851,0.8857268,0.5409253
602,256_50_10089,0.60049343,0.30417743,0.0010585916,0.025902787,0.020554304,0.05704695,0.9426595
603,256_50_21494,0.3601493,0.797563,0.0005671303,0.0077818683,0.52302146,0.09723693,0.9977012
604,256_50_22591,0.3057389,0.7203967,0.00024815626,0.00953126,0.7497929,0.32827553,0.994514
605,256_50_11397,0.4916973,0.67917705,0.0042475043,0.17504151,0.17053369,0.17210439,0.9455626
606,256_50_13960,0.08136654,0.6027628,0.0005682102,0.0283683,0.9998012,0.6428994,0.766615
607,256_50_5516,0.07624311,0.40064105,0.0031522196,0.013057056,0.99963,0.7773935,0.97495925
608,256_50_1774,0.17043386,0.95887667,0.06616168,0.05589679,0.997912,0.68179303,0.88295114
609,256_50_14827,0.43414685,0.8331805,0.01105386,0.15948921,0.5984587,0.3816164,0.93093556
610,256_50_6739,0.58657336,0.29810515,0.00070220185,0.016049294,0.016986242,0.029704588,0.95920646
611,256_50_10407,0.52933514,0.3364298,0.00074622454,0.028407395,0.0316331,0.04932878,0.98598194
612,256_50_15772,0.35853687,0.85819566,0.0022964855,0.04880788,0.5861054,0.6957064,0.9522329
613,256_50_15422,0.18227571,0.8701975,0.005520375,0.029177237,0.9955605,0.29762283,0.9366492
614,256_50_4166,0.1570082,0.9958402,0.050949313,0.12847467,0.99100447,0.60756934,0.7797178
615,256_50_15799,0.5883512,0.3752052,0.0014376411,0.030764615,0.061081722,0.03995059,0.9740735
616,256_50_1574,0.16417788,0.49133846,0.0041737803,0.04577472,0.99846625,0.9063522,0.9168149
617,256_50_11347,0.5892434,0.2991472,0.00064154237,0.013102372,0.017886225,0.021395952,0.9643887
618,256_50_7203,0.5133624,0.530532,0.0025035036,0.09064447,0.08595541,0.20817634,0.97013724
619,256_50_4735,0.27143514,0.80546385,0.008548156,0.077439174,0.935824,0.9529976,0.7799646
620,256_50_3027,0.08841059,0.98473084,0.06922695,0.05994022,0.99936527,0.3286262,0.8797071
621,256_50_6457,0.47183684,0.35153604,0.00040402502,0.009062387,0.020457558,0.025121456,0.98778653
622,256_50_4019,0.1303027,0.9816259,0.006137583,0.030094171,0.97580045,0.25014448,0.9786034
623,256_50_1077,0.16198918,0.96347547,0.09574205,0.05060549,0.9991043,0.45376745,0.9292411
624,256_50_4845,0.13559534,0.6624918,0.020551668,0.040530168,0.99962294,0.8326003,0.8905929
625,256_50_1809,0.38261133,0.5308188,0.00035033506,0.006707201,0.06443226,0.06181197,0.99787974
626,256_50_14940,0.18760978,0.48042968,7.868727e-06,0.0021744964,0.8812914,0.11482179,0.99807125
627,256_50_3368,0.37560177,0.59761524,0.001432426,0.010368157,0.15455273,0.060622312,0.99037945
628,256_50_9547,0.5369975,0.54486716,0.0016798833,0.018461432,0.114794835,0.03149588,0.98724884
629,256_50_16895,0.36359105,0.8523695,0.0024653687,0.008978137,0.7447749,0.07883875,0.9981193
630,256_50_5962,0.09807941,0.4872777,0.0005910748,0.006891863,0.9980184,0.5402434,0.9902912
631,256_50_12567,0.09799182,0.47923622,0.005075301,0.0192323,0.9998454,0.6824248,0.9616003
632,256_50_2490,0.49518615,0.709343,0.00428246,0.032837,0.16487622,0.103196315,0.9604173
633,256_50_9934,0.49272573,0.34398463,0.00081321853,0.019576926,0.021513797,0.06861735,0.97492933
634,256_50_15232,0.36186793,0.75454545,0.00033585262,0.00884452,0.47190088,0.154016,0.9948219
635,256_50_2056,0.22963686,0.85954964,0.010899376,0.042021777,0.96677935,0.7571397,0.9201428
636,256_50_5976,0.08267792,0.4588455,0.00038958288,0.004047007,0.9990814,0.20202625,0.9979126
637,256_50_9318,0.41499978,0.88808954,0.012726458,0.23441297,0.44792995,0.7219715,0.818473
638,256_50_2723,0.16005445,0.4864696,0.0018159592,0.008502563,0.9973246,0.42316923,0.9938019
639,256_50_842,0.33549288,0.6293243,0.0010364368,0.020475747,0.20508558,0.6746164,0.9792123
640,256_50_18738,0.36216193,0.4216414,0.00031614891,0.0065650707,0.024021063,0.039567873,0.9944307
641,256_50_22481,0.27026182,0.87839055,0.0007084277,0.0037382375,0.9231911,0.059780635,0.99937445
642,256_50_12054,0.6512073,0.2444891,0.00083305326,0.022150652,0.01402942,0.037873093,0.939257
643,256_50_11978,0.29217732,0.872946,0.020225922,0.16201033,0.98203087,0.98259306,0.47476906
644,256_50_11507,0.61440134,0.25579634,0.0006251212,0.020330995,0.016315017,0.03042517,0.96768177
645,256_50_13201,0.5515401,0.29235014,0.0006138205,0.023187116,0.023709325,0.037426766,0.9839483
646,256_50_14062,0.48109582,0.74419016,0.004005167,0.15414625,0.18738295,0.19787218,0.9585265
647,256_50_7530,0.33089152,0.6855036,0.0002755275,0.0062928568,0.6859942,0.12942675,0.99735034
648,256_50_8281,0.5527391,0.41679522,0.0008808668,0.015343795,0.027454702,0.037198935,0.9701672
649,256_50_14593,0.58877444,0.27951315,0.0006564467,0.022107773,0.02071028,0.037112735,0.97692513
650,256_50_3139,0.15267365,0.37859383,4.4944663e-05,0.0011057262,0.98617923,0.10573207,0.9993876
651,256_50_12453,0.36871594,0.4827877,0.00039799258,0.0088664675,0.03008922,0.054506455,0.9949516
652,256_50_15333,0.56641465,0.38876775,0.001444815,0.035296887,0.031874415,0.14375195,0.94336146
653,256_50_11344,0.6224211,0.32536694,0.0011588614,0.025975665,0.02171723,0.052581728,0.9427658
654,256_50_2289,0.1306019,0.5205448,0.0027939423,0.020402769,0.9991673,0.8049689,0.95242167
655,256_50_22826,0.38924778,0.79160786,0.0007018751,0.0050337915,0.56459445,0.023358915,0.9994305
656,256_50_11327,0.36879274,0.52079177,0.0003206111,0.006417796,0.04025694,0.040659923,0.9971704
657,256_50_8520,0.36503077,0.85194284,0.0058113798,0.01418061,0.876525,0.093385465,0.9939355
658,256_50_14273,0.370803,0.8041498,0.0030058818,0.005596627,0.36984545,0.019769652,0.99450964
659,256_50_3688,0.046985593,0.5765857,0.00012285942,0.008450752,0.9998042,0.7038049,0.88915366
660,256_50_5109,0.2222589,0.6503138,0.00030092546,0.0034659507,0.9828311,0.20047204,0.9985902
661,256_50_9071,0.11603362,0.40817776,0.0003752749,0.009616548,0.9993476,0.5060576,0.9755997
662,256_50_20467,0.21163464,0.42137438,0.00044931288,0.016359897,0.97297126,0.7421574,0.9693291
663,256_50_2287,0.148496,0.5393633,0.0002796489,0.0033749584,0.9949432,0.29246125,0.99643135
664,256_50_12576,0.51830256,0.6089617,0.0040530637,0.050917115,0.14050056,0.16418096,0.91427594
665,256_50_863,0.19010356,0.59395736,0.0115256775,0.0487207,0.9895649,0.8974513,0.8620138
666,256_50_5595,0.3290977,0.51553553,0.00033655696,0.0064400733,0.03818457,0.08288964,0.99660337
667,256_50_15057,0.62114954,0.31514344,0.0012592041,0.036782846,0.02450619,0.06852819,0.9482851
668,256_50_21886,0.37577635,0.57184196,7.680632e-05,0.0024854902,0.28025138,0.03728363,0.9995586
669,256_50_561,0.44925395,0.50288165,0.00076793286,0.022799652,0.036517724,0.19464806,0.9772321
670,256_50_21307,0.39869356,0.70230514,0.00065285823,0.0073969867,0.18115278,0.0522095,0.9985518
671,256_50_753,0.3629508,0.9650702,0.009242788,0.16523775,0.6030534,0.2851615,0.93710154
672,256_50_10575,0.3076716,0.73649365,0.015362536,0.18524428,0.9637585,0.9576969,0.48950088
673,256_50_5876,0.36954474,0.43168357,0.0002472699,0.0041873846,0.035818245,0.019745065,0.9982033
674,256_50_9325,0.19911046,0.995249,0.018898683,0.3291765,0.98635525,0.7015356,0.33216184
675,256_50_5611,0.36144897,0.56219655,0.00037228654,0.005965458,0.048493594,0.038110506,0.9963431
676,256_50_14154,0.48358852,0.6822152,0.0031540543,0.009651029,0.2631229,0.026379032,0.98774195
677,256_50_19847,0.35143438,0.43712553,0.0002629932,0.004507158,0.030136093,0.024152158,0.99746835
678,256_50_11097,0.5274788,0.31391093,0.0007182197,0.025003066,0.026229464,0.042072766,0.9829449
679,256_50_6347,0.22912952,0.56779814,0.0032825163,0.038021978,0.9931305,0.8876751,0.9292622
680,256_50_6878,0.5487721,0.36146322,0.0010088668,0.021262009,0.025051497,0.047139406,0.9649537
681,256_50_12267,0.06733044,0.48560664,0.00081737374,0.0070092925,0.9999155,0.38669077,0.9835918
682,256_50_21490,0.27867192,0.81030816,0.0012427742,0.010470114,0.9502493,0.20916376,0.99610364
683,256_50_1132,0.34842378,0.7045245,0.002682136,0.037538283,0.4027378,0.71672785,0.9543818
684,256_50_15299,0.40556973,0.9070663,0.008272301,0.29223904,0.35222393,0.29313275,0.8514192
685,256_50_15969,0.12752089,0.56495464,0.0020569498,0.013667817,0.9983998,0.65390533,0.9718403
686,256_50_7571,0.56945795,0.53101516,0.0023399377,0.042100273,0.059091736,0.1354084,0.9239772
687,256_50_20445,0.33211452,0.8769862,0.0031052183,0.0058410238,0.65912485,0.029497003,0.99871886
688,256_50_10070,0.51940656,0.28299055,0.00038661915,0.008153552,0.01480311,0.017194273,0.98059225
689,256_50_21947,0.19304939,0.5512618,1.6799215e-05,0.0023306524,0.91878843,0.09680723,0.99847513
690,256_50_603,0.49511647,0.6289933,0.002919837,0.10536906,0.14423974,0.15056796,0.97132707
691,256_50_13673,0.12873983,0.6916996,0.006287908,0.011603666,0.9990577,0.45020953,0.98683864
692,256_50_13401,0.16537067,0.5029195,8.794552e-05,0.0039032525,0.97724086,0.17392062,0.99686915
693,256_50_15169,0.4689017,0.680393,0.0018081848,0.03148975,0.114378326,0.09218132,0.98695534
694,256_50_8357,0.13562617,0.5150288,0.0064131483,0.014893627,0.99868375,0.53908485,0.9874148
695,256_50_2380,0.6045798,0.3282615,0.0011132021,0.029703744,0.022924036,0.07722615,0.94543463
696,256_50_11932,0.61182165,0.25831243,0.00082108646,0.02476666,0.01676174,0.04340223,0.9556329
697,256_50_7574,0.51528627,0.30333623,0.0005742504,0.014392648,0.016538823,0.03673584,0.97516567
698,256_50_23470,0.14081328,0.4588182,0.00037174407,0.0057923575,0.9963708,0.40057188,0.99409324
699,256_50_14453,0.56950694,0.40724847,0.00088022114,0.019853564,0.040272743,0.02996572,0.9821016
700,256_50_2432,0.4190597,0.64217967,0.0040399227,0.09242906,0.23721947,0.41336533,0.93727934
701,256_50_9773,0.3834164,0.808211,0.0008610689,0.011017492,0.5066924,0.10832353,0.99680126
702,256_50_4704,0.13299292,0.5789447,0.007467748,0.0144770965,0.9995023,0.40490508,0.98614615
703,256_50_21258,0.21188475,0.5751362,1.832151e-05,0.0023590478,0.8183515,0.12502514,0.99844486
704,256_50_3384,0.12130624,0.6452121,0.0015326457,0.037820905,0.9986985,0.9729505,0.7289206
705,256_50_18258,0.4153998,0.43215752,0.0007826818,0.01632895,0.02746077,0.07841285,0.98251706
706,256_50_2068,0.21869363,0.995004,0.023366308,0.07725257,0.9493592,0.38244197,0.94245285
707,256_50_22524,0.23221713,0.71256703,0.0014288694,0.007632417,0.96781456,0.4089532,0.9964234
708,256_50_22083,0.071170285,0.27299818,7.5732455e-06,0.0064687156,0.9997582,0.6762839,0.9339386
709,256_50_10534,0.48256257,0.5961223,0.0017453872,0.055090394,0.09172821,0.0980214,0.9824923
710,256_50_8714,0.51118773,0.5016025,0.0018680594,0.072725736,0.07096753,0.13528551,0.9732317
711,256_50_19984,0.3610533,0.46624509,0.00028073776,0.0038788328,0.05045331,0.016517654,0.9981186
712,256_50_8964,0.5422275,0.37292233,0.00071073,0.0129144,0.02943151,0.029795825,0.978877
713,256_50_491,0.34190333,0.6460728,0.0006784639,0.009422936,0.7233731,0.19778974,0.99591357
714,256_50_10678,0.508219,0.389155,0.00078111264,0.030423356,0.04190035,0.04613986,0.9903384
715,256_50_15108,0.34665966,0.8646534,0.0054465258,0.053013712,0.39098668,0.2877297,0.95810807
716,256_50_12239,0.5392799,0.4686522,0.0026776756,0.09954842,0.07814813,0.19867337,0.9600873
717,256_50_19241,0.3621593,0.82033145,0.012025364,0.050454695,0.83966917,0.53596056,0.9115132
718,256_50_10360,0.5898872,0.25185928,0.0006344603,0.015795462,0.013616486,0.028992925,0.9566412
719,256_50_1575,0.33815497,0.7676148,0.020363046,0.1992808,0.98307806,0.8991793,0.66405475
720,256_50_6629,0.30688453,0.655733,0.010188294,0.11091866,0.9711024,0.88683015,0.723219
721,256_50_14237,0.31093737,0.7572346,0.016585616,0.130319,0.9483706,0.9327293,0.55495775
722,256_50_1852,0.10363913,0.34999216,0.00015680553,0.0013960567,0.9967198,0.34295443,0.999159
723,256_50_16337,0.31393677,0.79332274,0.0002581703,0.0044602207,0.66322654,0.16981298,0.9988127
724,256_50_10973,0.53634536,0.43185067,0.0016269928,0.07764558,0.07205495,0.079587355,0.9800183
725,256_50_4909,0.34816384,0.43737197,0.00020995353,0.0036281713,0.037521593,0.025862135,0.99857676
726,256_50_6638,0.13461073,0.4377793,0.00026015294,0.009604525,0.9951094,0.9220286,0.9729198
727,256_50_12788,0.43999997,0.8736898,0.0066518546,0.20352972,0.3144003,0.28670055,0.92632496
728,256_50_5913,0.29263982,0.6355512,0.0010607081,0.019788267,0.13587089,0.42474464,0.98011255
729,256_50_16634,0.5022254,0.7500628,0.008701878,0.050699104,0.45181477,0.14800368,0.9274554
730,256_50_1286,0.047666717,0.18288177,0.00016515124,0.0034292177,0.9999136,0.66667485,0.99391913
731,256_50_476,0.15442738,0.7744919,0.069504246,0.0872666,0.99992263,0.7390727,0.7074161
732,256_50_11542,0.38100776,0.94861746,0.0069400673,0.2643851,0.41818056,0.25764656,0.8783538
733,256_50_11740,0.28341287,0.90239346,0.07006748,0.071752936,0.98588794,0.47596002,0.9282734
734,256_50_5078,0.16678843,0.49294016,3.2092867e-05,0.0016578157,0.96135765,0.11569115,0.99900836
735,256_50_4072,0.32621336,0.60319495,0.00052169,0.00965654,0.11960592,0.14605929,0.99489105
736,256_50_19346,0.35733604,0.7749797,0.0019031098,0.004979011,0.29668963,0.020862069,0.99633235
737,256_50_9829,0.52613676,0.36905172,0.0011600694,0.039164633,0.03668606,0.07808766,0.97682434
738,256_50_5524,0.04814053,0.47677314,0.0011591271,0.011763471,0.9998952,0.58492285,0.9528788
739,256_50_20600,0.35702306,0.46783274,0.0002764893,0.0046451073,0.046609756,0.03487881,0.99841154
740,256_50_4119,0.30108425,0.7951981,0.021904672,0.24912041,0.99148095,0.8684793,0.52079856
741,256_50_23427,0.33739886,0.89324284,0.0012752053,0.014728834,0.82882047,0.1938015,0.9928342
742,256_50_20459,0.36493024,0.5547346,0.0006022818,0.004896822,0.27997732,0.016705971,0.9978344
743,256_50_6207,0.31206417,0.8008405,0.0010361351,0.029101102,0.8789117,0.7791629,0.94357646
744,256_50_5708,0.237758,0.7744245,0.004306888,0.01244715,0.9031553,0.41059932,0.98642737
745,256_50_14011,0.48725176,0.6734781,0.0025973062,0.011052665,0.17441753,0.029325748,0.9823829
746,256_50_3088,0.5351456,0.35786948,0.0010224895,0.024720524,0.024224143,0.0666723,0.9641246
747,256_50_18271,0.28894606,0.8105452,0.017856982,0.08560479,0.98148763,0.616952,0.7079372
748,256_50_7757,0.15269202,0.61187375,0.004697157,0.06069948,0.99734664,0.9813213,0.70905817
749,256_50_5244,0.06340395,0.4561007,0.0023156935,0.026773028,0.9999094,0.89324516,0.8141993
750,256_50_9314,0.24881096,0.995308,0.009148638,0.30558836,0.6003783,0.3865381,0.7033999
751,256_50_16104,0.4013448,0.67935383,0.0044783712,0.068214156,0.31235063,0.5052072,0.87505877
752,256_50_6949,0.4500216,0.72865736,0.009020317,0.20426103,0.508639,0.7123609,0.80197746
753,256_50_10066,0.5018987,0.2946852,0.00043158708,0.01103115,0.015377754,0.028518938,0.981089
754,256_50_13817,0.20531942,0.6793417,0.002332236,0.06951831,0.9942268,0.83650184,0.71916217
755,256_50_9616,0.22969146,0.99417454,0.023387749,0.19904791,0.90817654,0.63314354,0.705002
756,256_50_12401,0.0821922,0.41761568,6.52882e-05,0.0028892444,0.9986235,0.3468774,0.99490607
757,256_50_11511,0.6235093,0.23453265,0.00061006675,0.02077644,0.0147631485,0.034857914,0.9662122
758,256_50_6768,0.43164924,0.58909464,0.00373804,0.0725313,0.52892005,0.831224,0.8183539
759,256_50_23155,0.32545143,0.907414,0.0026185638,0.0128467865,0.9099878,0.17609236,0.9955022
760,256_50_11129,0.34425908,0.9746771,0.0066303876,0.25523496,0.47500086,0.2656912,0.8686995
761,256_50_16689,0.37259045,0.7526658,0.0018930682,0.012906439,0.78440595,0.11607656,0.9963966
762,256_50_10508,0.49985287,0.35855308,0.00097002124,0.021739718,0.023874518,0.0772028,0.96786827
763,256_50_12413,0.46875978,0.80738306,0.008938056,0.2672392,0.34109834,0.37155488,0.8683371
764,256_50_3510,0.42300752,0.5171484,0.00093250314,0.013274817,0.04580662,0.056901082,0.978864
765,256_50_2483,0.37078485,0.6679503,0.0004814065,0.006136972,0.65282255,0.064364575,0.9985251
766,256_50_3067,0.36397865,0.58089,0.00042385768,0.0077331085,0.13217148,0.100226946,0.9970552
767,256_50_13528,0.48875707,0.45523787,0.0010084574,0.04048434,0.05539022,0.05610879,0.98586094
768,256_50_16120,0.28922394,0.6608352,0.0016325123,0.019616228,0.29984352,0.46301135,0.97533435
769,256_50_11061,0.60032123,0.26486224,0.0008378377,0.021357808,0.01598326,0.04706505,0.9534154
770,256_50_15768,0.109582,0.592976,6.470138e-05,0.011655911,0.9969773,0.6941871,0.9136864
771,256_50_12179,0.45233098,0.7746455,0.0022185703,0.01618707,0.1600441,0.06659799,0.98189825
772,256_50_13766,0.5134147,0.4131434,0.00092510623,0.03741965,0.05029771,0.04780651,0.98910195
773,256_50_2661,0.34391478,0.59168017,0.0009985889,0.013914628,0.06959146,0.14004107,0.9851849
774,256_50_5763,0.36333093,0.73124903,0.003807327,0.06939977,0.46007782,0.84779304,0.89989734
775,256_50_19944,0.38591528,0.70707434,0.0009443271,0.019941831,0.53757393,0.2016881,0.98917156
776,256_50_5305,0.37641057,0.54686135,0.00047195275,0.009655254,0.047950506,0.06402013,0.99455523
777,256_50_7309,0.60489345,0.34272638,0.0015335476,0.035874587,0.028013596,0.084888496,0.9333526
778,256_50_19379,0.52135587,0.57382244,0.0031857984,0.030756783,0.27466276,0.11048755,0.9214919
779,256_50_9602,0.28344992,0.98947036,0.009149326,0.3037393,0.554753,0.3739682,0.7419135
780,256_50_7348,0.36738202,0.95262825,0.010262556,0.30402744,0.4191178,0.33059603,0.81155616
781,256_50_6149,0.4004634,0.42399797,0.00032498286,0.006312665,0.027415583,0.024254762,0.99434847
782,256_50_14405,0.4031036,0.8186057,0.034566615,0.17568627,0.950385,0.57135266,0.76927376
783,256_50_16478,0.36241055,0.62607265,0.00025929688,0.0068338024,0.33117092,0.09667896,0.99770576
784,256_50_18444,0.5488008,0.58952826,0.0020849502,0.01269946,0.1046929,0.024388127,0.96740437
785,256_50_21987,0.29091763,0.90945125,0.0032496173,0.01626377,0.96470404,0.25106058,0.99053043
786,256_50_21433,0.3882051,0.50847155,0.00028575785,0.003968883,0.2374289,0.028822476,0.9993376
787,256_50_15055,0.5855808,0.3700281,0.0009061426,0.01872838,0.02251683,0.040496442,0.9589229
788,256_50_16528,0.48962933,0.43520284,0.0011310768,0.019802589,0.04863021,0.06296411,0.96804124
789,256_50_1129,0.1610359,0.44948566,0.0009170513,0.017880864,0.99379,0.9544496,0.9550033
790,256_50_3475,0.28029206,0.9925565,0.011467693,0.1593006,0.76957524,0.5224081,0.8715015
791,256_50_4798,0.07341377,0.39041522,0.00015300333,0.0020103327,0.99931216,0.28337276,0.9980757
792,256_50_2589,0.1745781,0.5818658,0.0050057434,0.031100087,0.99940205,0.63534236,0.95761657
793,256_50_14959,0.3278529,0.6601782,0.0025611243,0.036324907,0.8167627,0.7077508,0.9566711
794,256_50_21592,0.35221094,0.7167492,0.00043288045,0.00358854,0.74905676,0.027850606,0.9995778
795,256_50_6372,0.09516559,0.357562,0.000157727,0.00382468,0.9995436,0.28136703,0.9943797
796,256_50_1682,0.36915722,0.418279,0.0002956579,0.00477314,0.058023226,0.025384296,0.99696666
797,256_50_9476,0.09330516,0.95967054,0.0050880564,0.059273355,0.9994289,0.573612,0.7169443
798,256_50_7946,0.09964331,0.34055462,8.244989e-05,0.0051283007,0.99982685,0.30481753,0.98874635
799,256_50_10543,0.52395517,0.35266593,0.0014437229,0.042557996,0.055629347,0.12836985,0.9528704
800,256_50_2857,0.097592555,0.31882006,0.00029961806,0.0030902429,0.999706,0.37106538,0.99760723
801,256_50_21588,0.40986702,0.60584843,0.0005620948,0.007970036,0.30222094,0.04873807,0.9984565
802,256_50_2476,0.22114089,0.98205906,0.038798034,0.056222744,0.99227726,0.26573384,0.9532027
803,256_50_13850,0.39174053,0.692403,0.0010878656,0.022519147,0.2655739,0.42102626,0.98412216
804,256_50_7086,0.32912868,0.86649907,0.017553201,0.091241434,0.9412029,0.86827755,0.7302177
805,256_50_21851,0.39572603,0.7433727,0.0005281209,0.008115342,0.47976515,0.05581315,0.9981845
806,256_50_4544,0.1955671,0.76761156,0.013309539,0.13878585,0.9963356,0.9824368,0.44491863
807,256_50_9228,0.3857534,0.5590129,0.0005285572,0.011165505,0.038816288,0.07373013,0.9914484
808,256_50_20517,0.4355769,0.6635029,0.0016824043,0.009764714,0.3799406,0.022405175,0.9954591
809,256_50_7737,0.5121832,0.62093574,0.0025137593,0.059468154,0.120911784,0.10474544,0.9774801
810,256_50_13043,0.55800134,0.42262775,0.0012466399,0.026270403,0.036907583,0.057304814,0.9650342
811,256_50_4938,0.12392719,0.5972725,0.00053005794,0.0042720702,0.9923659,0.24954905,0.9978448
812,256_50_1706,0.34914702,0.5760378,0.0072698947,0.08731895,0.93568575,0.741641,0.71312314
813,256_50_5625,0.3152228,0.7193705,0.011495576,0.105266415,0.96036446,0.8613857,0.71531385
814,256_50_9954,0.6078137,0.30738473,0.0010622608,0.024986248,0.020891806,0.042499397,0.94743633
815,256_50_8211,0.30639538,0.98102874,0.012702169,0.2991877,0.5911168,0.49582663,0.73755634
816,256_50_2669,0.5521576,0.49117076,0.0027388637,0.05342607,0.07309788,0.23182215,0.9099518
817,256_50_10660,0.47128218,0.43434036,0.0026850125,0.06364445,0.08141892,0.29750356,0.91982096
818,256_50_15727,0.19452652,0.7928806,0.0035994845,0.009777447,0.98970336,0.35007614,0.99514043
819,256_50_4044,0.35665062,0.48021495,0.00029328893,0.0055586006,0.04597995,0.042121857,0.9978363
820,256_50_17034,0.19079307,0.88637894,0.025703777,0.047135267,0.99914944,0.61296344,0.8994442
821,256_50_13792,0.36702535,0.5262719,0.00062526745,0.011517803,0.13417743,0.09195148,0.99004436
822,256_50_15271,0.29177594,0.8962683,0.029093876,0.021958344,0.9032203,0.23923726,0.97616553
823,256_50_15276,0.4943195,0.68791616,0.0034211706,0.013885002,0.14357507,0.035614304,0.9751663
824,256_50_10440,0.054958258,0.28019556,0.00020509447,0.0044692135,0.9996387,0.49778092,0.9938583
825,256_50_5777,0.21831095,0.6922146,0.00071773765,0.013272308,0.9769027,0.65886194,0.98519903
826,256_50_9692,0.640214,0.3451811,0.0017337854,0.03402758,0.041888256,0.046296038,0.93391496
827,256_50_12193,0.63903165,0.24542491,0.0009520012,0.026832318,0.014439523,0.05158972,0.9385399
828,256_50_20509,0.2948318,0.84050924,0.006295979,0.011570642,0.91517025,0.10142066,0.99184656
829,256_50_13087,0.34578156,0.96485084,0.013417008,0.30609334,0.54836464,0.52588975,0.75526226
830,256_50_7327,0.52154374,0.4228047,0.0014533105,0.043609656,0.03966699,0.13373268,0.9739009
831,256_50_23275,0.3862144,0.6137493,0.0006832128,0.010855563,0.37511584,0.19624177,0.99688524
832,256_50_9345,0.17890315,0.5098788,0.0011616396,0.008229249,0.99579334,0.22213122,0.99622583
833,256_50_1322,0.3097065,0.9842391,0.011620868,0.25848705,0.6724187,0.51038146,0.7898504
834,256_50_9845,0.4954371,0.42183223,0.0010029337,0.03552436,0.049139947,0.056265403,0.987193
835,256_50_4008,0.14640492,0.9731539,0.026160441,0.048536867,0.9956703,0.5732813,0.9362298
836,256_50_3751,0.40288582,0.81928056,0.015833111,0.08306552,0.84066284,0.5263378,0.83300513
837,256_50_13402,0.100445434,0.4247141,0.00064646784,0.008215527,0.9980447,0.31820798,0.99101406
838,256_50_19897,0.40346333,0.75564003,0.0013722015,0.0059772693,0.5668074,0.01462886,0.99883574
839,256_50_21053,0.36812076,0.69590044,0.00018684633,0.004259458,0.46988863,0.06275785,0.9989592
840,256_50_16322,0.5796879,0.3343043,0.0009008929,0.020042716,0.022746092,0.041405845,0.9580063
841,256_50_11788,0.63430786,0.24662738,0.00090099813,0.027931688,0.015602429,0.049443837,0.94802964
842,256_50_21295,0.39738032,0.46018797,0.0003401732,0.0042131706,0.16099459,0.034507103,0.9992925
843,256_50_19965,0.36543542,0.66951054,0.000778439,0.003070987,0.5002042,0.01102414,0.9995359
844,256_50_7545,0.49071133,0.32564315,0.00056434487,0.015194292,0.0179643,0.051363964,0.9797086
845,256_50_10883,0.14459953,0.4456396,0.00024158011,0.004954733,0.9964946,0.30061203,0.9970874
846,256_50_245,0.3421762,0.88706064,0.025011946,0.05234962,0.90650403,0.398877,0.9354152
847,256_50_1184,0.34801632,0.96891475,0.0075325402,0.2548483,0.47235185,0.3217754,0.8548826
848,256_50_6258,0.078035295,0.4434403,0.00013726743,0.0042731087,0.9999683,0.075778894,0.9936848
849,256_50_9884,0.15901355,0.59768623,0.016171716,0.06926588,0.99884784,0.9659679,0.6464028
850,256_50_2787,0.31211364,0.66744524,0.0007321987,0.0127695175,0.18435514,0.3275673,0.9911522
851,256_50_17786,0.31752622,0.6390541,7.196663e-05,0.0028606006,0.43788415,0.07713215,0.99907
852,256_50_12402,0.11528137,0.47711992,0.00017803977,0.0026479329,0.9954596,0.25487882,0.9977448
853,256_50_8215,0.09122648,0.7581967,0.009256046,0.05423397,0.9991622,0.8616191,0.79537505
854,256_50_17966,0.59380823,0.44143736,0.0011879416,0.011776788,0.051704932,0.017177481,0.9715958
855,256_50_14251,0.32453972,0.71948934,9.958719e-05,0.003917078,0.51666594,0.13231274,0.99888843
856,256_50_4531,0.1046173,0.6207324,0.026454527,0.04992212,0.9998952,0.7675037,0.8494186
857,256_50_20833,0.35521597,0.5183624,0.0003293602,0.007441956,0.03434847,0.07043727,0.99647236
858,256_50_11683,0.36269912,0.95618093,0.009110773,0.29736337,0.43943438,0.31570318,0.8180169
859,256_50_19150,0.3471622,0.5250238,0.00034407803,0.0071233404,0.035888556,0.06821212,0.996011
860,256_50_9623,0.10356746,0.6502148,0.0036233927,0.04577795,0.99974924,0.93117386,0.6817925
861,256_50_4151,0.20241362,0.9920636,0.014646489,0.21378718,0.9328011,0.8568207,0.56504786
862,256_50_13713,0.3189085,0.915345,0.0075866305,0.010674893,0.6732916,0.08700552,0.9933363
863,256_50_6219,0.17824519,0.48758692,5.944157e-05,0.00660496,0.9708193,0.46603036,0.9883405
864,256_50_9672,0.6502806,0.24280342,0.00093538937,0.026662441,0.014175718,0.050275415,0.9356398
865,256_50_10843,0.4856849,0.64798003,0.003033872,0.10716187,0.116899095,0.22939865,0.96646243
866,256_50_21899,0.25785258,0.8191657,0.0005189644,0.0043605785,0.89436626,0.08593032,0.99873847
867,256_50_14609,0.31705624,0.9865361,0.010602484,0.28526822,0.6476104,0.40172917,0.78217524
868,256_50_14380,0.121438526,0.642006,0.008216583,0.035665464,0.9994393,0.84280425,0.8765042
869,256_50_23018,0.32025713,0.87425053,0.0008322991,0.010237275,0.85291976,0.18332,0.99561834
870,256_50_4298,0.09442589,0.88023114,0.002628252,0.023810582,0.998635,0.47455016,0.9543288
871,256_50_13264,0.16515924,0.5181132,0.000115574214,0.009050195,0.9940684,0.49609944,0.9754916
872,256_50_7268,0.35851297,0.45890006,0.00028414658,0.0054607196,0.031927895,0.028260168,0.9972753
873,256_50_20453,0.38061103,0.5698986,0.00030736043,0.0040638507,0.067139804,0.01798473,0.9989022
874,256_50_9095,0.57363427,0.3168032,0.0010438329,0.026678063,0.019752707,0.07547997,0.95151496
875,256_50_282,0.24920532,0.6038847,0.0052520433,0.057895605,0.9827931,0.80974287,0.8512096
876,256_50_7730,0.61021894,0.3287454,0.0011859632,0.030100252,0.02178183,0.060947392,0.9498793
877,256_50_12661,0.5089325,0.50003546,0.001471816,0.06713383,0.085526586,0.06844696,0.98482263
878,256_50_7722,0.5928803,0.31351092,0.001102858,0.026579572,0.02007229,0.05632806,0.94642997
879,256_50_8732,0.47166535,0.77175796,0.0061411588,0.25124127,0.23355968,0.20130925,0.90776986
880,256_50_15694,0.36561736,0.7857308,0.0032963771,0.041603286,0.31536412,0.4089045,0.9406222
881,256_50_1859,0.048707593,0.24434277,0.00093573483,0.010857929,0.9999361,0.79528934,0.9654858
882,256_50_13244,0.53327096,0.439843,0.001861278,0.07125678,0.0573004,0.13161726,0.97107375
883,256_50_20538,0.3871167,0.62167126,0.0009161954,0.02355369,0.5098843,0.4037613,0.9788036
884,256_50_8709,0.5951326,0.303025,0.0008562094,0.023254897,0.020551674,0.046737086,0.960821
885,256_50_3909,0.35944998,0.595033,0.00046464248,0.009501438,0.044361953,0.07019248,0.9950104
886,256_50_1445,0.10637171,0.5480688,0.0047949483,0.042542472,0.9991485,0.95306975,0.8472637
887,256_50_20447,0.39700347,0.76019025,0.0014952951,0.0075229607,0.54144615,0.02374393,0.997554
888,256_50_22759,0.37067068,0.8718768,0.0014609708,0.007683938,0.7315475,0.05987348,0.9987564
889,256_50_917,0.3232529,0.71875805,0.0019732737,0.008314575,0.93832904,0.037000705,0.998396
890,256_50_3608,0.23244523,0.85558486,0.012716684,0.019118696,0.9395856,0.30312103,0.9696069
891,256_50_541,0.39063218,0.52631,0.00041026637,0.009767305,0.051948346,0.06434511,0.9959706
892,256_50_12917,0.6164942,0.24944264,0.0008255005,0.02817368,0.016435029,0.053983364,0.96156824
893,256_50_4334,0.35357255,0.5616531,0.0005407716,0.006527324,0.31054386,0.0932412,0.998228
894,256_50_16001,0.25260794,0.6822456,0.00040552818,0.006735588,0.9674334,0.11990852,0.99685705
895,256_50_3749,0.3588535,0.81177354,0.0046845316,0.0087101655,0.5740392,0.04004077,0.9922191
896,256_50_14697,0.26201648,0.9086156,0.009981355,0.08511202,0.7662606,0.6733032,0.8709159
897,256_50_17774,0.56903845,0.43023878,0.0013559806,0.024188802,0.03486613,0.049603574,0.95860845
898,256_50_14569,0.45148775,0.58883125,0.0016393267,0.011463019,0.115188286,0.060783617,0.98666406
899,256_50_9571,0.40942365,0.75025684,0.011349295,0.14888962,0.56640995,0.775159,0.8387325
900,256_50_737,0.4013791,0.7100836,0.013316618,0.21486033,0.93594444,0.86414784,0.6035283
901,256_50_22430,0.14604692,0.45637596,7.5253197e-06,0.0024691126,0.97400284,0.222252,0.996104
902,256_50_12316,0.38471386,0.5518407,0.0007227096,0.012066869,0.05595317,0.052219905,0.9902947
903,256_50_7212,0.33926967,0.8978372,0.010485063,0.11802788,0.66298,0.7964901,0.8621823
904,256_50_19411,0.3749015,0.7258428,0.0006545862,0.0020730016,0.37587014,0.005611531,0.99946755
905,256_50_19215,0.36922184,0.7161687,0.0016974377,0.005295496,0.45225382,0.020476066,0.9975684
906,256_50_17593,0.35818824,0.8264731,0.0014157102,0.017617911,0.4316611,0.4401321,0.9922376
907,256_50_6818,0.25542566,0.80106485,0.013871813,0.20016463,0.99590683,0.9016736,0.52014923
908,256_50_49,0.25878924,0.54828316,0.0027490673,0.0442048,0.91436446,0.9191913,0.8864156
909,256_50_4414,0.124258325,0.37191826,0.0011449171,0.006124035,0.99938786,0.43654007,0.996062
910,256_50_11967,0.2789298,0.99118453,0.009416667,0.31296322,0.56013834,0.35250935,0.73054475
911,256_50_8306,0.44579452,0.83100474,0.005576077,0.22353491,0.24337916,0.21085499,0.9162564
912,256_50_18231,0.4361025,0.7784769,0.007891656,0.014894745,0.6063218,0.050014105,0.9714481
913,256_50_20219,0.20662493,0.5413552,5.7639452e-05,0.0036541652,0.8710065,0.27388653,0.9971494
914,256_50_5426,0.18145959,0.99887544,0.023494225,0.21093947,0.953159,0.51986337,0.62200034
915,256_50_4732,0.5492682,0.58785963,0.004843899,0.036191724,0.31651485,0.12124974,0.9322201
916,256_50_4835,0.3748507,0.89713144,0.024285989,0.26459834,0.9370509,0.81479824,0.62643933
917,256_50_6063,0.17443393,0.5931069,0.0003342681,0.009843371,0.9882423,0.69964147,0.9727922
918,256_50_13885,0.58546966,0.31900486,0.0009611159,0.02848661,0.025604669,0.05187936,0.97042567
919,256_50_20836,0.41321996,0.6479615,0.0008677817,0.0060788705,0.21376875,0.013526459,0.9973104
920,256_50_20067,0.34988788,0.4718004,0.00024503353,0.0037619937,0.061651144,0.026415475,0.99897456
921,256_50_21685,0.3963926,0.8107957,0.001389708,0.007935306,0.5338233,0.024775414,0.9983854
922,256_50_13297,0.36437386,0.48882183,0.0002806607,0.007046775,0.028621709,0.06302391,0.99639773
923,256_50_8202,0.30533347,0.9833176,0.011588209,0.31063977,0.55733395,0.43929833,0.7416062
924,256_50_7634,0.18205942,0.65854335,0.01681605,0.09570665,0.9991405,0.94001615,0.7154983
925,256_50_4818,0.28283066,0.58857447,0.008979299,0.12153431,0.9729792,0.9279038,0.583148
926,256_50_9739,0.22414091,0.9965125,0.017889626,0.2886948,0.91314656,0.51017886,0.5853515
927,256_50_18884,0.5063467,0.3287584,0.0006089494,0.013587492,0.018803842,0.033867087,0.9740451
928,256_50_10216,0.5485173,0.2821307,0.00054389256,0.012749918,0.015880885,0.027625307,0.97073126
929,256_50_1480,0.3455902,0.72453445,0.0010835708,0.016239092,0.8473355,0.19535705,0.9892107
930,256_50_5447,0.352835,0.4349935,0.00025752693,0.005363843,0.023982402,0.03412263,0.9959454
931,256_50_10512,0.62959605,0.2585714,0.0009694702,0.02578378,0.015655939,0.052412357,0.94098854
932,256_50_17582,0.3332834,0.6826508,0.0012949328,0.011514942,0.92972803,0.07525755,0.9958346
933,256_50_19057,0.34783658,0.79392517,0.0009019682,0.005245814,0.24891637,0.043309215,0.99848527
934,256_50_3623,0.41907325,0.53230083,0.0005159535,0.010810837,0.081451856,0.057371173,0.9967235
935,256_50_21790,0.3541227,0.5578699,0.00020122355,0.0033502036,0.32278058,0.030986229,0.99928397
936,256_50_17016,0.23587698,0.54714936,0.003083462,0.02148056,0.86026144,0.8207001,0.96848196
937,256_50_17856,0.35153985,0.69129694,0.0001383373,0.004703278,0.44722605,0.09601944,0.9983531
938,256_50_4423,0.37005898,0.5931894,7.0616305e-05,0.0024553556,0.2832405,0.046737477,0.9994593
939,256_50_4075,0.37432113,0.7354822,0.0012494636,0.023306165,0.3029742,0.53219074,0.98131883
940,256_50_16603,0.5227039,0.47748035,0.0012977385,0.03224309,0.053588554,0.06828101,0.97646594
941,256_50_18755,0.3349293,0.71933293,0.0023287062,0.027791584,0.18672715,0.38978496,0.96091247
942,256_50_8830,0.47625905,0.40785402,0.00073525397,0.015371223,0.025963165,0.043520253,0.977004
943,256_50_17349,0.41399822,0.35943872,0.00024427497,0.00486065,0.021153234,0.015490451,0.99477816
944,256_50_8476,0.11400527,0.95734936,0.0074765,0.046867993,0.9973469,0.72554135,0.83003175
945,256_50_5529,0.034685727,0.18622585,0.0011187003,0.005062229,0.9999924,0.6646629,0.99031526
946,256_50_10560,0.33094895,0.977358,0.007508915,0.27687314,0.47880936,0.2871707,0.83038914
947,256_50_10975,0.45411128,0.8152659,0.008402919,0.2986142,0.26788875,0.27010736,0.86324334
948,256_50_10361,0.5934634,0.26001233,0.0006461759,0.016251437,0.014110601,0.02969918,0.95579505
949,256_50_22304,0.3177578,0.87495226,0.0025124468,0.006099276,0.95383644,0.040203497,0.9989876
950,256_50_9881,0.22132596,0.9725601,0.040053207,0.29275426,0.99693215,0.90067106,0.30910763
951,256_50_11881,0.38086984,0.54049057,0.00032886787,0.0073430664,0.05072402,0.089396864,0.99729294
952,256_50_15537,0.2483078,0.84434575,0.0059896344,0.017336387,0.7076918,0.24162057,0.98065346
953,256_50_12338,0.65317076,0.24962398,0.0010629188,0.03136796,0.01692897,0.058849603,0.93995464
954,256_50_9557,0.5316577,0.43148425,0.0018346948,0.07680949,0.060661793,0.12773637,0.9736954
955,256_50_11313,0.46864644,0.7521072,0.0035260292,0.049939185,0.15217444,0.19492769,0.9730049
956,256_50_3263,0.1195415,0.6343439,0.00241481,0.011079682,0.9989794,0.5013138,0.9821685
957,256_50_12057,0.6286132,0.28957418,0.0009084434,0.020169675,0.020609975,0.036809113,0.9448055
958,256_50_8339,0.14730917,0.7335448,0.015921528,0.06180132,0.9988427,0.9615623,0.6903557
959,256_50_10286,0.37042856,0.96716,0.005221336,0.13467424,0.51912266,0.25154036,0.9565949
960,256_50_21766,0.3563425,0.70615834,0.00015344017,0.005249956,0.44910577,0.10897403,0.9986853
961,256_50_7668,0.047611974,0.6573402,0.0003219607,0.010504004,0.9998785,0.5666519,0.9555444
962,256_50_3246,0.154709,0.38063046,0.0011160068,0.012456937,0.99788934,0.74368966,0.98056394
963,256_50_16657,0.3041754,0.5889674,0.0007628596,0.014350877,0.070646204,0.22768581,0.9884439
964,256_50_12232,0.34120834,0.98049223,0.008041851,0.19576146,0.55067784,0.2964748,0.91239727
965,256_50_13860,0.5059208,0.5402943,0.0012047803,0.011035348,0.08142643,0.023931423,0.98264784
966,256_50_21120,0.21655084,0.57403606,1.5438387e-05,0.0014956254,0.6892825,0.080174856,0.9992847
967,256_50_6910,0.57096416,0.36238918,0.0015493386,0.04127916,0.029596234,0.108215615,0.95546114
968,256_50_9368,0.40268523,0.48532245,0.00043076032,0.0093274275,0.030426139,0.043899193,0.99208176
969,256_50_13651,0.185194,0.5264524,0.0073656132,0.049185343,0.99169636,0.9467535,0.821118
970,256_50_787,0.21470898,0.7679372,0.007754869,0.015618886,0.9967649,0.12637018,0.98936325
971,256_50_6473,0.24807097,0.651336,0.00089626363,0.018262928,0.9412646,0.74735045,0.97633195
972,256_50_22729,0.24365424,0.60244095,5.8596514e-05,0.0028549656,0.60444766,0.20774804,0.99856466
973,256_50_17523,0.3795899,0.7532457,0.0008027879,0.011735864,0.2411111,0.21275364,0.99619055
974,256_50_19235,0.60782325,0.35094282,0.001010618,0.016914707,0.028337806,0.02604474,0.9546414
975,256_50_14863,0.39539608,0.93783295,0.003795725,0.071587585,0.4206589,0.09623104,0.9849439
976,256_50_15561,0.3602967,0.81269103,0.004806481,0.006034114,0.5994173,0.02591304,0.99441683
977,256_50_16513,0.576886,0.29965386,0.0006553889,0.018118277,0.019551404,0.029804412,0.9705914
978,256_50_12962,0.51442593,0.59449327,0.0020792494,0.03339529,0.061950374,0.11510013,0.97131693
979,256_50_1162,0.21999492,0.68285644,0.022680474,0.09679445,0.9976676,0.89942485,0.81684333
980,256_50_489,0.19776927,0.6821873,0.0010766643,0.0064544934,0.9959681,0.066415146,0.9970444
981,256_50_3159,0.13960277,0.71128076,0.009228773,0.02914565,0.9996735,0.44429544,0.92891717
982,256_50_18065,0.35828307,0.6155004,8.9347544e-05,0.0030361935,0.35619867,0.06665321,0.99922
983,256_50_20635,0.20074777,0.46688715,2.2092334e-05,0.0036857945,0.95343477,0.11723682,0.9968683
984,256_50_9175,0.2757367,0.99189806,0.009981681,0.2841504,0.630432,0.46441257,0.73811144
985,256_50_15183,0.32354245,0.69022727,0.008023106,0.122463375,0.8945297,0.8574271,0.7287595
986,256_50_6673,0.3584733,0.9613609,0.012912168,0.30649093,0.4934589,0.46363425,0.7846415
987,256_50_4047,0.35779768,0.528681,0.0002619904,0.0052919807,0.04517605,0.04354853,0.9979699
988,256_50_12275,0.46836573,0.7281911,0.0039040998,0.17099282,0.18190373,0.17815429,0.949113
989,256_50_1802,0.3693119,0.75160336,0.0011106299,0.018403977,0.18839917,0.1665759,0.9885852
990,256_50_16413,0.28494316,0.8032896,0.008738607,0.045347687,0.93966633,0.7527756,0.92670923
991,256_50_22348,0.40181237,0.8281884,0.00086610724,0.008291034,0.4768819,0.05244404,0.9986172
992,256_50_4070,0.35734573,0.50653714,0.00033386392,0.004724522,0.06666884,0.022901837,0.9983475
993,256_50_19796,0.32622495,0.765097,0.012262048,0.06800205,0.9532511,0.5481115,0.771928
994,256_50_18170,0.32079455,0.8111449,0.003736897,0.005168317,0.510331,0.04051377,0.9952005
995,256_50_20217,0.08880108,0.48028183,0.0003498993,0.017440254,0.9993548,0.9174042,0.84424746
996,256_50_14801,0.17565174,0.5623921,0.0001861638,0.005018899,0.9818755,0.28477073,0.9955788
997,256_50_2554,0.14513144,0.49665397,0.006409792,0.0331939,0.99952674,0.8668178,0.93354857
998,256_50_20999,0.35911024,0.7396027,0.0007302253,0.008157039,0.6704274,0.1032186,0.99831295
999,256_50_23407,0.39206415,0.52651566,0.0005190233,0.0077272346,0.26918367,0.09351825,0.99802434
1000,256_50_21062,0.27875516,0.8380915,0.0037200896,0.019433727,0.9586321,0.15532027,0.98597056
1001,256_50_22980,0.14558494,0.545569,7.616208e-05,0.010518777,0.99260676,0.7058635,0.95206124
1002,256_50_20000,0.36256555,0.62574434,0.0005667731,0.01333884,0.06410839,0.26808548,0.99280626
1003,256_50_21793,0.36582223,0.69807935,0.0011281966,0.006475382,0.7709901,0.042997923,0.99898046
1004,256_50_18220,0.41817203,0.46420646,0.0003732631,0.0056299125,0.1130444,0.042204257,0.99886334
1005,256_50_3265,0.22418553,0.7466219,0.03297571,0.10446142,0.9978143,0.9045561,0.73280513
1006,256_50_15418,0.5849986,0.48376852,0.0015414966,0.014757246,0.073092826,0.02494009,0.9693544
1007,256_50_11718,0.45591322,0.765138,0.003749371,0.15381622,0.19461837,0.17472602,0.95594907
1008,256_50_11134,0.34325218,0.7095118,0.009573694,0.094875075,0.75146055,0.832936,0.7902778
1009,256_50_216,0.40131104,0.4875095,0.00035355552,0.0045846123,0.13309622,0.032204777,0.99921274
1010,256_50_23201,0.3934328,0.5326487,0.00036577703,0.007648755,0.08638664,0.07372085,0.9977075
1011,256_50_20595,0.35171044,0.48177886,0.00025099455,0.0047050016,0.03567739,0.03442974,0.9983053
1012,256_50_21244,0.40909368,0.6019964,0.000527171,0.0060968744,0.18305151,0.039463002,0.99911267
1013,256_50_8844,0.6211198,0.25850603,0.00088495156,0.023462832,0.015255947,0.04421963,0.94403094
1014,256_50_4016,0.2375037,0.79849917,0.009304754,0.00947434,0.99675816,0.09433442,0.9971896
1015,256_50_5647,0.20161651,0.8177562,0.017483583,0.044746004,0.9693991,0.88509375,0.8841453
1016,256_50_7866,0.57899094,0.43702176,0.0019849243,0.038155116,0.06596728,0.09031939,0.9403314
1017,256_50_20156,0.40613705,0.5523548,0.00014399928,0.0033757542,0.19239381,0.028294656,0.99916434
1018,256_50_11086,0.5906068,0.3075678,0.00086874503,0.02566004,0.022967616,0.04253624,0.9693029
1019,256_50_9372,0.4529079,0.42120406,0.00070509705,0.014977256,0.02984504,0.055137873,0.9831874
1020,256_50_6170,0.44585654,0.40133446,0.00040308692,0.008151035,0.027981905,0.024912544,0.9907595
1021,256_50_12686,0.08282202,0.46009594,0.0042560296,0.018072987,0.9999255,0.57292706,0.9601647
1022,256_50_7277,0.45194572,0.40970472,0.00042682994,0.006118619,0.026403667,0.015343209,0.9890364
1023,256_50_17671,0.49356192,0.6266198,0.0016288798,0.012901263,0.07907235,0.0391708,0.98170704
1024,256_50_12572,0.3757675,0.66115385,0.001912503,0.027778747,0.10428833,0.2495954,0.97272193
1025,256_50_17953,0.38612625,0.81910497,0.0037102483,0.009726932,0.30540612,0.04591442,0.98385334
1026,256_50_6018,0.38363546,0.4632321,0.0002563352,0.0040355735,0.057689343,0.023607092,0.9989998
1027,256_50_10435,0.28195798,0.805254,0.008183504,0.14134552,0.84988654,0.92116094,0.69364727
1028,256_50_14735,0.5774993,0.3875842,0.0011272744,0.028020602,0.043748308,0.042398397,0.976424
1029,256_50_1733,0.12884338,0.81219107,0.021667039,0.11967615,0.9999523,0.9697656,0.22475404
1030,256_50_1625,0.3479008,0.81598175,0.00047784112,0.0066611143,0.6031433,0.116189875,0.9987791
1031,256_50_15435,0.36045656,0.96775025,0.010709079,0.27657664,0.52990514,0.30857298,0.8447864
1032,256_50_8148,0.5497181,0.33591658,0.0010664206,0.03695244,0.02919023,0.08076695,0.9695175
1033,256_50_7684,0.35846803,0.47732398,0.00047067876,0.009460657,0.03369777,0.097139984,0.9922386
1034,256_50_16985,0.6459626,0.26498318,0.0010235733,0.027795272,0.018273639,0.046021204,0.9449033
1035,256_50_22078,0.4014225,0.8550132,0.0020017342,0.027021201,0.59092355,0.21275565,0.98264945
1036,256_50_7952,0.22499366,0.6234216,0.0019009952,0.01945613,0.98555005,0.5098777,0.9807525
1037,256_50_6450,0.5239126,0.33464617,0.00080444035,0.021448681,0.01999063,0.06478499,0.97003776
1038,256_50_10931,0.552388,0.35467,0.00061451294,0.0106614595,0.023146797,0.018078767,0.97435296
1039,256_50_8402,0.39464462,0.4858814,0.0006129485,0.011961014,0.036708448,0.06164212,0.9912573
1040,256_50_18649,0.4183346,0.7328597,0.003499259,0.009695141,0.313154,0.04426439,0.9872175
1041,256_50_1656,0.16546123,0.72500944,0.004280645,0.050740164,0.9994079,0.43332416,0.84648305
1042,256_50_17989,0.6178789,0.35466817,0.00092249824,0.020915698,0.02582848,0.028337998,0.9625704
1043,256_50_5072,0.11916972,0.31196362,1.3502224e-05,0.006334763,0.9961933,0.5725194,0.97722214
1044,256_50_13153,0.37678373,0.6330632,0.00061585323,0.012876451,0.09786734,0.17673299,0.9938685
1045,256_50_20135,0.34889075,0.5070009,0.00025727783,0.0038576843,0.05606658,0.021312984,0.9988427
1046,256_50_16362,0.5612566,0.60763806,0.0037957807,0.040034622,0.12615882,0.10159081,0.9312581
1047,256_50_16089,0.61788327,0.29042163,0.00079308497,0.017896548,0.018923985,0.02949414,0.9549662
1048,256_50_19911,0.3389096,0.6263593,0.0014141762,0.008163323,0.4661327,0.056845453,0.992827
1049,256_50_17871,0.18541433,0.5646072,1.4441481e-05,0.0051060156,0.95604,0.49013853,0.9860093
1050,256_50_23237,0.36204487,0.90635115,0.0012293502,0.006012261,0.7063106,0.036448907,0.99893016
1051,256_50_4993,0.043850124,0.4720756,0.0011442276,0.013436159,0.99995947,0.54953724,0.9270687
1052,256_50_16681,0.28218916,0.89102554,0.003522645,0.026966678,0.9355775,0.49763113,0.9762039
1053,256_50_14343,0.40185016,0.9200919,0.0058728363,0.2293217,0.34745118,0.20729315,0.9134189
1054,256_50_1751,0.20207895,0.8054977,0.039572954,0.059832714,0.99928373,0.67314047,0.8924392
1055,256_50_18905,0.4080648,0.6132564,0.00059400476,0.007036137,0.27915868,0.042545717,0.9987282
1056,256_50_19615,0.37780452,0.80414337,0.0012280851,0.004167758,0.5839854,0.010821108,0.9994342
1057,256_50_7021,0.5530874,0.37747863,0.001328138,0.026560029,0.029229565,0.06827815,0.9468527
1058,256_50_12720,0.35114664,0.5072913,0.00053905044,0.006812676,0.09402923,0.04733195,0.9896361
1059,256_50_10571,0.25600815,0.99556243,0.009674592,0.2820575,0.65751326,0.3721413,0.74843514
1060,256_50_7308,0.6043795,0.30268204,0.0008204248,0.016305484,0.019925594,0.029788366,0.955476
1061,256_50_12353,0.62185025,0.25292206,0.00073262653,0.023461899,0.016412353,0.042908873,0.96191335
1062,256_50_9224,0.39303046,0.46820056,0.00027976223,0.0039553437,0.08959721,0.026592048,0.99924964
1063,256_50_23327,0.19045371,0.455528,7.678962e-06,0.0023833446,0.9507337,0.07715612,0.99802077
1064,256_50_1483,0.35725087,0.7422936,0.00029865754,0.0041880906,0.6586518,0.039975278,0.9991392
1065,256_50_11524,0.6316761,0.2782955,0.0010743621,0.031961646,0.018574592,0.07426774,0.9425983
1066,256_50_9949,0.5733703,0.2850792,0.0008748786,0.021847768,0.016800204,0.0499732,0.95510304
1067,256_50_15345,0.3335063,0.59097064,0.0018791704,0.03294139,0.32720125,0.47998613,0.9526248
1068,256_50_18017,0.3746086,0.7988238,0.0011607192,0.01781998,0.5584661,0.31427363,0.99243087
1069,256_50_22434,0.24090362,0.55964726,2.4375464e-05,0.0014829427,0.4604523,0.07086992,0.9992118
1070,256_50_21484,0.31872794,0.780123,0.00049127045,0.004426003,0.872953,0.035127807,0.9991967
1071,256_50_14000,0.48099387,0.6407897,0.0019143615,0.010400797,0.16534194,0.027214766,0.9856984
1072,256_50_19045,0.26014617,0.86335707,0.010748667,0.021295398,0.9845749,0.19285995,0.9855591
1073,256_50_2475,0.21686226,0.913342,0.03835222,0.02979419,0.9970559,0.22748423,0.9862223
1074,256_50_20671,0.37788707,0.44735107,0.00028978955,0.00470201,0.09997238,0.045970466,0.9989281
1075,256_50_402,0.36162245,0.5977162,0.0007773545,0.017894896,0.46682885,0.36235127,0.9907301
1076,256_50_19917,0.35043254,0.43942198,0.00021871722,0.00416718,0.029895434,0.027094278,0.9982047
1077,256_50_22686,0.32776734,0.87712723,0.0044061686,0.017899238,0.9603029,0.16365516,0.99274844
1078,256_50_10687,0.53605807,0.3416034,0.0008459471,0.031964514,0.033696037,0.05049328,0.983968
1079,256_50_13387,0.49628088,0.6110362,0.0052759633,0.18628162,0.1572236,0.3005294,0.927579
1080,256_50_12143,0.06847329,0.51792437,0.00020510545,0.0048695104,0.9985072,0.61346227,0.989922
1081,256_50_2349,0.41795018,0.6437825,0.0014555161,0.013392767,0.16097252,0.066565305,0.9842253
1082,256_50_11921,0.6617881,0.24012111,0.0009969282,0.029171426,0.014356862,0.052150223,0.93130565
1083,256_50_11069,0.5801124,0.31327534,0.00093989505,0.021936899,0.019561993,0.047334768,0.957908
1084,256_50_17853,0.2826664,0.82454973,0.012745507,0.19261004,0.9957224,0.9766009,0.31503847
1085,256_50_18477,0.62762564,0.28342032,0.0008439227,0.018907405,0.019072669,0.030693287,0.953887
1086,256_50_24,0.3738503,0.72581434,0.0019942466,0.030024817,0.13052401,0.32763988,0.96991986
1087,256_50_20832,0.3625408,0.5372349,0.00029957952,0.0067485077,0.041396204,0.0859259,0.99738735
1088,256_50_13151,0.37479475,0.42017344,0.00022473841,0.0035897836,0.04608034,0.021223314,0.99898356
1089,256_50_5287,0.17037228,0.9872677,0.07732332,0.117878705,0.9970554,0.74067736,0.69567615
1090,256_50_14355,0.5057075,0.67131084,0.0025837645,0.025091164,0.11407783,0.09789445,0.94347787
1091,256_50_22849,0.1987512,0.518852,7.477011e-05,0.003473337,0.9486121,0.12261944,0.997995
1092,256_50_7330,0.4789034,0.5552272,0.0021964503,0.058987,0.07580923,0.18719655,0.9619169
1093,256_50_21702,0.31396532,0.5954629,0.00012612664,0.0038134665,0.74027693,0.095157795,0.99905056
1094,256_50_5277,0.099050984,0.77999806,0.017675657,0.040522538,0.9999341,0.5017119,0.7830636
1095,256_50_21598,0.21985352,0.54387033,0.0008043093,0.022206606,0.95504725,0.90802175,0.95269835
1096,256_50_5928,0.24237673,0.8135406,0.007941336,0.03968197,0.9784781,0.85724574,0.9346382
1097,256_50_22867,0.21631055,0.4882623,9.890379e-06,0.0010998516,0.6481816,0.065442294,0.9992866
1098,256_50_23376,0.33344427,0.7031204,0.0011042625,0.011153165,0.8889701,0.36084524,0.9954983
1099,256_50_6677,0.18260366,0.84456533,0.0081701325,0.13382174,0.99733126,0.90651345,0.52685684
1100,256_50_1729,0.3292159,0.8166293,0.030853247,0.17294234,0.9824646,0.9153935,0.63025004
1101,256_50_17698,0.5806555,0.30280587,0.0009963413,0.026135635,0.01873107,0.062447608,0.95555556
1102,256_50_14067,0.30879968,0.9848245,0.007950121,0.2945388,0.49706405,0.34665045,0.788251
1103,256_50_3642,0.5133572,0.32807162,0.0004317381,0.00860669,0.0206612,0.017409932,0.98153
1104,256_50_4962,0.41420367,0.7152132,0.006827274,0.15518929,0.5758291,0.6364821,0.84298325
1105,256_50_18323,0.37877893,0.42681408,0.00037846036,0.007559309,0.026990253,0.03609173,0.9939376
1106,256_50_16302,0.6038063,0.39755133,0.0015236435,0.031964242,0.03644035,0.05902938,0.9425503
1107,256_50_4488,0.35767063,0.69832695,0.00085528963,0.008007713,0.13716206,0.058055904,0.99480164
1108,256_50_22974,0.3806533,0.5609856,0.0004393034,0.0050540627,0.21256238,0.042087786,0.99886584
1109,256_50_4865,0.17263679,0.9987847,0.028973974,0.21462253,0.97292286,0.58757687,0.6205556
1110,256_50_14667,0.12788655,0.5351119,0.000114206436,0.0046517043,0.9991099,0.26504278,0.99060917
1111,256_50_2717,0.069721326,0.4312636,0.0010166793,0.0058729337,0.9995977,0.5579862,0.99265
1112,256_50_18287,0.39651006,0.42329192,0.00028040577,0.0033785484,0.11643721,0.023903422,0.99951005
1113,256_50_23402,0.11414727,0.69038993,0.004757529,0.01039358,0.9993284,0.38483766,0.99122345
1114,256_50_4529,0.084798954,0.4125925,0.00022439603,0.0123562245,0.9997533,0.87743294,0.888754
1115,256_50_21185,0.28892934,0.9229873,0.04684483,0.13430926,0.99660444,0.8217972,0.57238275
1116,256_50_21859,0.3660779,0.6145541,0.0003244689,0.0072997464,0.27304837,0.08004988,0.997607
1117,256_50_9205,0.11190509,0.5774327,0.016813127,0.03527098,0.9997594,0.8249565,0.89398324
1118,256_50_14947,0.086092114,0.34075367,3.474988e-05,0.002241862,0.996933,0.15157712,0.9971405
1119,256_50_11273,0.29812616,0.6953865,0.007680543,0.17015962,0.96149826,0.978958,0.46058
1120,256_50_11117,0.48863363,0.57840836,0.0017374413,0.085036546,0.104236804,0.081670314,0.98027486
1121,256_50_23223,0.3186395,0.9004174,0.002133098,0.014255964,0.87548804,0.18591237,0.9941842
1122,256_50_19934,0.34772176,0.7733781,0.0014628195,0.013696542,0.19109343,0.09124426,0.9909294
1123,256_50_3778,0.4465993,0.42313603,0.00047399595,0.010196366,0.035023876,0.029108582,0.9898769
1124,256_50_19717,0.4338371,0.41440016,0.00061813666,0.010525584,0.029874062,0.03358327,0.98534554
1125,256_50_15338,0.5467347,0.34020847,0.0014263232,0.037667688,0.027707428,0.097982116,0.95176756
1126,256_50_21408,0.32446328,0.7591916,0.00038438005,0.0054725017,0.74471873,0.10115435,0.99865425
1127,256_50_7198,0.5095689,0.5203164,0.0033920617,0.079939246,0.10726758,0.31237754,0.9361196
1128,256_50_8169,0.53338045,0.45055452,0.0020380896,0.08725665,0.0734496,0.107485,0.9741235
1129,256_50_2111,0.5882093,0.28472498,0.0008403719,0.020538907,0.01737437,0.044165045,0.95649505
1130,256_50_18569,0.4013215,0.4538316,0.00029138755,0.005249595,0.063351735,0.04428221,0.9987356
1131,256_50_21345,0.38366476,0.7850336,0.0009126098,0.008513765,0.67936146,0.05083975,0.9982426
1132,256_50_22273,0.2841752,0.8616084,0.00049931085,0.00537707,0.84227335,0.1046105,0.99866855
1133,256_50_14260,0.33840773,0.59462994,0.00055619463,0.0072187968,0.15002854,0.14099288,0.9967533
1134,256_50_594,0.22714695,0.7230002,0.020529237,0.11204885,0.9985864,0.8996774,0.7024817
1135,256_50_16135,0.37094173,0.7461782,0.00031932988,0.008454041,0.37117144,0.17770033,0.99690455
1136,256_50_23450,0.24456292,0.8951797,0.0063689006,0.011298946,0.99136144,0.12022657,0.9943309
1137,256_50_293,0.045479078,0.2958157,0.0004182411,0.008916252,0.99996424,0.79367226,0.96290356
1138,256_50_12475,0.58571863,0.42170292,0.0019295259,0.036515452,0.0404502,0.079705976,0.9407761
1139,256_50_9774,0.37507713,0.71976125,0.000693656,0.013559789,0.55940294,0.41449076,0.99434906
1140,256_50_13126,0.1605093,0.5040127,0.00047854352,0.0042311093,0.9921904,0.19675975,0.9975514
1141,256_50_14516,0.051099822,0.20062579,0.00064104114,0.0061526946,0.99994063,0.7190904,0.9906838
1142,256_50_3190,0.5363104,0.4497162,0.0011014942,0.03682621,0.08973741,0.043459304,0.98718506
1143,256_50_23183,0.34565812,0.60595375,0.0007754978,0.018855002,0.18843336,0.28146124,0.9870652
1144,256_50_4744,0.35105368,0.48458704,0.0002675152,0.0054687117,0.034894116,0.04122126,0.99726117
1145,256_50_18184,0.4534447,0.37151158,0.0006239783,0.014116313,0.02046714,0.049092844,0.98083514
1146,256_50_6087,0.20545706,0.481067,1.7185113e-05,0.0009927829,0.62270653,0.040122226,0.9995123
1147,256_50_20361,0.25265718,0.5468821,2.703909e-05,0.0012296699,0.48308796,0.06296787,0.99944395
1148,256_50_6699,0.16817437,0.7724916,0.0040616994,0.03372455,0.9988096,0.75760776,0.8063598
1149,256_50_20471,0.42306146,0.5856504,0.00093499065,0.019124854,0.23588273,0.2333753,0.98945516
1150,256_50_19773,0.33467764,0.887069,0.024227487,0.05581312,0.9227999,0.52085537,0.9436455
1151,256_50_2005,0.12579367,0.44383413,0.0009414995,0.0061176126,0.9965389,0.5002144,0.9948461
1152,256_50_1420,0.57181877,0.37634632,0.0015247138,0.040583283,0.03978523,0.14194359,0.94451874
1153,256_50_3795,0.36912253,0.6251344,0.00043016838,0.009929464,0.0683784,0.19614664,0.9958806
1154,256_50_9024,0.5465791,0.38237652,0.0015102063,0.06352645,0.049470082,0.09092795,0.9755401
1155,256_50_3582,0.18861118,0.90102947,0.033556692,0.106778614,0.9994771,0.7680975,0.7106586
1156,256_50_6460,0.5520159,0.34438118,0.0008595752,0.019090502,0.02210364,0.04755132,0.96157104
1157,256_50_23459,0.3533159,0.756011,0.0013261056,0.014087026,0.27338675,0.17208259,0.99262285
1158,256_50_5815,0.07025468,0.25846213,8.24484e-05,0.0029513147,0.9988746,0.26328743,0.99797064
1159,256_50_17658,0.26253733,0.5668189,0.0010865859,0.021606555,0.9481109,0.86092836,0.97177404
1160,256_50_1850,0.09682426,0.6907174,0.00070278294,0.014195201,0.99837995,0.83231,0.91325
1161,256_50_5853,0.43752968,0.49181193,0.00093523826,0.02321959,0.034849357,0.14262666,0.981383
1162,256_50_3693,0.106215864,0.3451216,0.000105416504,0.0021314998,0.9984931,0.3114764,0.9977787
1163,256_50_21925,0.21621372,0.85774964,0.001415014,0.0054401904,0.95868033,0.0765744,0.99864334
1164,256_50_6828,0.17333667,0.5264209,0.0007077745,0.008951688,0.99179757,0.4400162,0.99253184
1165,256_50_8320,0.48655066,0.64365476,0.004228693,0.057211842,0.32716012,0.2513296,0.93236166
1166,256_50_11938,0.58320487,0.33355027,0.001150581,0.028561547,0.022472337,0.06181613,0.9458377
1167,256_50_22126,0.32686603,0.7011941,0.0002588145,0.0056225127,0.63282746,0.1073759,0.9983205
1168,256_50_15631,0.1020262,0.52050996,0.0014238593,0.011567708,0.9991027,0.59850794,0.9806598
1169,256_50_17601,0.48082432,0.6745853,0.002189473,0.017534075,0.12482795,0.05831775,0.9736389
1170,256_50_1975,0.5720164,0.44570062,0.0021785952,0.048263848,0.06663482,0.1330055,0.93215644
1171,256_50_7626,0.14582258,0.6673195,0.010332243,0.07058725,0.99916446,0.9700533,0.6755131
1172,256_50_22449,0.29500896,0.83593637,0.00070473296,0.0064172638,0.91436964,0.06805271,0.99805105
1173,256_50_13697,0.33402854,0.90510106,0.029473161,0.050024115,0.96166515,0.26459405,0.94007397
1174,256_50_14672,0.30898082,0.65373707,5.5177654e-05,0.002821574,0.5334631,0.09849434,0.9990896
1175,256_50_4551,0.1710108,0.8708548,0.02387718,0.07126937,0.9989919,0.80132926,0.7831658
1176,256_50_1985,0.5409093,0.37847364,0.0017362332,0.049073458,0.03769878,0.13157174,0.94639355
1177,256_50_17401,0.4808238,0.68560725,0.0026108192,0.0098800985,0.17731997,0.02638773,0.9869937
1178,256_50_965,0.3373207,0.48871583,0.000295317,0.005260261,0.03946188,0.033990122,0.99747497
1179,256_50_5200,0.14056495,0.64037865,0.008183922,0.029210823,0.9985752,0.78266656,0.9399521
1180,256_50_2668,0.5948416,0.41069818,0.0016445833,0.035654653,0.035080217,0.09476864,0.93255734
1181,256_50_18014,0.21026576,0.5934327,2.7949704e-05,0.008679891,0.8972782,0.55514365,0.9769198
1182,256_50_2407,0.3868337,0.5631285,0.0045526247,0.06034401,0.5953752,0.55114305,0.83452195
1183,256_50_17240,0.41304734,0.47295532,0.00032798178,0.004340599,0.11700026,0.028320061,0.99929917
1184,256_50_6308,0.38398916,0.5038082,0.0003999784,0.010690193,0.032886192,0.09274839,0.9931874
1185,256_50_22843,0.17820787,0.38398162,1.5165796e-05,0.0063458844,0.98292196,0.20301427,0.9891992
1186,256_50_5142,0.18466395,0.97324884,0.034922726,0.19837633,0.99817324,0.91125894,0.41730416
1187,256_50_20520,0.3921343,0.73275024,0.001604087,0.007823565,0.7680598,0.0219358,0.9986926
1188,256_50_11271,0.45231164,0.6002646,0.0032355404,0.11244086,0.2144047,0.27610952,0.9443461
1189,256_50_11768,0.59422016,0.30579147,0.001161993,0.02587344,0.020903697,0.051768407,0.94651824
1190,256_50_977,0.23433709,0.7027851,0.0013919272,0.028555583,0.9878235,0.80666226,0.9304104
1191,256_50_600,0.114692666,0.55020404,0.015653785,0.038777195,0.99963284,0.8705259,0.88212144
1192,256_50_776,0.351697,0.6845105,0.0018056115,0.007229597,0.86775184,0.043112688,0.99876213
1193,256_50_7055,0.5937084,0.34409127,0.0015669373,0.039856598,0.026812444,0.10364178,0.9410768
1194,256_50_4341,0.32043424,0.46696755,0.00022567678,0.0039464016,0.045005538,0.044187047,0.99824464
1195,256_50_20711,0.38483533,0.6246453,0.00042115108,0.0076297945,0.2765085,0.05210388,0.99767786
1196,256_50_5030,0.35340115,0.48516962,0.0003661947,0.0065359916,0.031078797,0.038138628,0.9943403
1197,256_50_10667,0.5740825,0.34122828,0.00077317824,0.022914425,0.031312257,0.03426453,0.97867525
1198,256_50_11757,0.3723092,0.49230912,0.0005167511,0.009772431,0.041170336,0.06992211,0.99278766
1199,256_50_7633,0.22448818,0.7641269,0.02463683,0.14657183,0.9986852,0.9537604,0.50957966
1200,256_50_2216,0.3205945,0.84136903,0.026617806,0.17599462,0.9643851,0.8626946,0.72884125
1201,256_50_20871,0.4024388,0.6517355,0.00045017782,0.006667642,0.11577973,0.045332856,0.9987863
1202,256_50_14126,0.30416563,0.9042947,0.030087367,0.04007789,0.97966,0.25218487,0.98015517
1203,256_50_1834,0.5935301,0.34076998,0.0014121742,0.03621547,0.027787002,0.08777427,0.95214576
1204,256_50_19124,0.38331616,0.5577207,0.001042609,0.0072099078,0.689323,0.035816584,0.99850416
1205,256_50_12461,0.49922907,0.3149053,0.00061269006,0.015567316,0.017090885,0.04467003,0.97657895
1206,256_50_3592,0.22299384,0.9980494,0.008505092,0.28380564,0.6747189,0.38916293,0.69971216
1207,256_50_7395,0.21906781,0.9715115,0.07621089,0.07753247,0.99506456,0.6766233,0.8092686
1208,256_50_17899,0.2600299,0.41274032,0.0009662925,0.012229917,0.777275,0.7525112,0.98533744
1209,256_50_17025,0.36639187,0.7360126,0.00113973,0.010375773,0.45183852,0.114636034,0.9973463
1210,256_50_18486,0.3101677,0.5716752,7.848353e-05,0.0025543324,0.5400541,0.090014145,0.9992471
1211,256_50_15911,0.30542675,0.693587,0.0026575802,0.05526021,0.8734322,0.6038024,0.9084762
1212,256_50_20074,0.37533122,0.82226896,0.0060972846,0.03945129,0.7838263,0.31583896,0.92788804
1213,256_50_16242,0.40283078,0.5915953,0.0022901946,0.033419155,0.2738028,0.21626016,0.94871634
1214,256_50_2532,0.600506,0.3371616,0.0009248631,0.020473106,0.023093287,0.040083773,0.96415794
1215,256_50_23454,0.37880576,0.86403686,0.0008645736,0.0045250175,0.5447288,0.016738454,0.9994592
1216,256_50_13990,0.3778648,0.679714,0.0006460746,0.011713532,0.14612891,0.15609647,0.9945117
1217,256_50_15928,0.3373814,0.65317625,0.0017014124,0.024758518,0.86445284,0.7680148,0.9785565
1218,256_50_17849,0.5978481,0.2902316,0.0009005024,0.028078241,0.021920804,0.05199368,0.9636762
1219,256_50_17705,0.6281745,0.35949492,0.0014535589,0.0286354,0.02995729,0.048550192,0.94105905
1220,256_50_8510,0.1727828,0.80214924,0.03744627,0.044794858,0.99974185,0.51435995,0.91001296
1221,256_50_34,0.22581062,0.60872746,0.0015262556,0.02003502,0.9850995,0.8971259,0.9698288
1222,256_50_15272,0.3940832,0.83002245,0.012895648,0.014328078,0.68672764,0.07870432,0.9823015
1223,256_50_18288,0.39526224,0.43793434,0.00029517827,0.0034632704,0.15388973,0.026323704,0.999511
1224,256_50_5294,0.45536873,0.66404384,0.007977863,0.071060225,0.43365368,0.4109442,0.87590575
1225,256_50_3876,0.20356753,0.72495776,0.006402674,0.017492512,0.9990374,0.20105705,0.98367256
1226,256_50_22502,0.20750196,0.5400146,2.1237458e-05,0.0017940054,0.7898155,0.104533814,0.9991598
1227,256_50_4222,0.13966145,0.48602992,0.00038925046,0.010361882,0.98912257,0.84407085,0.9832275
1228,256_50_22109,0.29917207,0.6890684,0.00013277718,0.002963818,0.6870632,0.13842097,0.9991856
1229,256_50_9977,0.485654,0.7038286,0.0028985457,0.05278973,0.20926557,0.11022876,0.9810042
1230,256_50_22768,0.37560195,0.6679418,0.0006469769,0.013205243,0.14730327,0.19956149,0.9950582
1231,256_50_17619,0.49481595,0.3364114,0.0005955283,0.012929336,0.019389102,0.034928583,0.97681546
1232,256_50_8395,0.6161145,0.2553302,0.0008425379,0.022878796,0.014853124,0.04889695,0.94583565
1233,256_50_5297,0.3391544,0.77563155,0.0019496379,0.019800633,0.17319989,0.36290064,0.97746366
1234,256_50_5124,0.1987296,0.5288953,0.0008704412,0.0055113826,0.98727846,0.32683036,0.9977883
1235,256_50_13302,0.44211227,0.5619435,0.0011992924,0.013649778,0.06445967,0.05216458,0.9811926
1236,256_50_13983,0.3196913,0.8570478,0.007780245,0.009703,0.93249995,0.05775935,0.9961505
1237,256_50_20825,0.35538384,0.4925217,0.00028911704,0.0050259167,0.04149652,0.031491686,0.9980743
1238,256_50_14702,0.40023318,0.92110234,0.017298296,0.21806341,0.6394192,0.6589893,0.82355785
1239,256_50_11574,0.47923937,0.6335324,0.0015334206,0.06645363,0.1189434,0.08352144,0.9868671
1240,256_50_7156,0.59480834,0.26749665,0.00074064883,0.019949367,0.015337165,0.037992667,0.9558743
1241,256_50_16140,0.32517016,0.7952845,0.0009985685,0.0152069125,0.80084854,0.431751,0.99193746
1242,256_50_15249,0.4900079,0.7201272,0.0035213598,0.052288402,0.16159593,0.14890003,0.9579398
1243,256_50_1801,0.3626976,0.6276118,0.0005239787,0.008102968,0.06860889,0.053097393,0.99541986
1244,256_50_1469,0.19529139,0.9927785,0.03389717,0.17529681,0.97545177,0.7268271,0.6870072
1245,256_50_11408,0.307835,0.98818064,0.005893093,0.20847803,0.5427053,0.25383162,0.89442927
1246,256_50_8084,0.06580012,0.9704705,0.00081308454,0.02233416,0.9963654,0.28532788,0.96350765
1247,256_50_12053,0.6411556,0.25621146,0.00095800246,0.026281694,0.015379336,0.047737088,0.93965274
1248,256_50_11907,0.59268254,0.27721515,0.0010025497,0.026216762,0.01682378,0.06061892,0.9477832
1249,256_50_6125,0.17625561,0.9986156,0.023591654,0.25787604,0.9692461,0.5773915,0.5226604
1250,256_50_2539,0.5292341,0.29949138,0.0008222692,0.018339727,0.018908776,0.044642337,0.9622274
1251,256_50_14522,0.05867558,0.28057736,7.7013654e-05,0.0023867325,0.99970526,0.47782698,0.99704057
1252,256_50_15471,0.36816666,0.7171159,0.0011874258,0.026325703,0.3808666,0.60340077,0.97927284
1253,256_50_5392,0.06866843,0.51618356,0.00066563825,0.01617992,0.9993988,0.8738088,0.9523371
1254,256_50_7870,0.58388543,0.45148644,0.001828064,0.035609175,0.045548778,0.07722834,0.95765823
1255,256_50_3152,0.066882685,0.5659952,0.00024431827,0.008071504,0.9994894,0.586448,0.97697324
1256,256_50_9642,0.35623485,0.41378257,0.00019578704,0.0030765233,0.038629387,0.016778378,0.9984723
1257,256_50_3554,0.12693068,0.3871351,4.124338e-05,0.0018461698,0.983886,0.21494377,0.99809366
1258,256_50_20335,0.3867808,0.5643098,0.0004803176,0.00969721,0.08620208,0.1388737,0.996514
1259,256_50_604,0.44329706,0.8255211,0.0023338543,0.067501955,0.23219799,0.09288967,0.9870843
1260,256_50_11696,0.0589269,0.28193796,0.00016186992,0.0067329565,0.9997397,0.72646534,0.9803703
1261,256_50_6909,0.5976894,0.36517546,0.0015699548,0.03771539,0.030551746,0.10264578,0.9450513
1262,256_50_23086,0.33008844,0.9131386,0.0029065814,0.014395767,0.8768819,0.16988203,0.9945838
1263,256_50_5845,0.23722145,0.99670285,0.0086700935,0.29834065,0.6238296,0.38382432,0.7046131
1264,256_50_5827,0.09592468,0.39179856,0.0017391283,0.022814782,0.9996917,0.8211846,0.9289925
1265,256_50_18311,0.26085255,0.93619263,0.01425896,0.02191241,0.7548953,0.36151162,0.9605225
1266,256_50_7157,0.5570477,0.31926417,0.00085229333,0.021115944,0.01946613,0.04601598,0.9638162
1267,256_50_16414,0.24717012,0.82169735,0.02016593,0.037165176,0.9879804,0.6575911,0.9423595
1268,256_50_12648,0.5151051,0.57632375,0.0026891772,0.11290108,0.12738106,0.11395996,0.97210467
1269,256_50_5639,0.29536864,0.798912,0.010616373,0.10381222,0.979365,0.88954586,0.8002165
1270,256_50_4648,0.08484658,0.3652274,0.00078807666,0.01068522,0.9994487,0.6512843,0.9799446
1271,256_50_7255,0.16064839,0.9782422,0.095870815,0.04146429,0.9929554,0.5692966,0.92122424
1272,256_50_21334,0.40099734,0.6105501,0.00082077715,0.010234381,0.35782284,0.09626102,0.9975159
1273,256_50_5831,0.17661941,0.4831543,0.0013209223,0.004548713,0.998635,0.2010663,0.9983859
1274,256_50_3295,0.23623416,0.98968214,0.022812227,0.32193083,0.9719258,0.79100335,0.4097281
1275,256_50_19669,0.32960093,0.75649285,0.0016037113,0.01337369,0.91751707,0.32625198,0.99377006
1276,256_50_17351,0.45038906,0.4821437,0.0009447986,0.021261934,0.035379823,0.1296437,0.97883534
1277,256_50_8901,0.44716945,0.8738446,0.0064251306,0.22070563,0.2861728,0.23088604,0.918111
1278,256_50_11500,0.4839486,0.46988606,0.0009919538,0.015714215,0.046612903,0.060638156,0.976233
1279,256_50_3054,0.24547899,0.9966445,0.006148725,0.13240282,0.7015503,0.3453889,0.9174699
1280,256_50_23526,0.35575336,0.6095552,0.0004338198,0.0074199815,0.055530377,0.047519777,0.99638224
1281,256_50_7434,0.53665984,0.32312855,0.00063557824,0.01267555,0.022458995,0.022971032,0.97378314
1282,256_50_1665,0.40932715,0.64669025,0.0006165563,0.010961861,0.13314165,0.10090453,0.9969195
1283,256_50_6155,0.3629624,0.4825658,0.0003760325,0.0068895468,0.034746297,0.033040535,0.9953492
1284,256_50_16683,0.36147615,0.62040246,0.0004301784,0.011142049,0.47431946,0.11791858,0.99495786
1285,256_50_13439,0.43333536,0.3873282,0.00043300816,0.011222871,0.022129059,0.047132626,0.989698
1286,256_50_20545,0.36504278,0.47928724,0.00025522508,0.005083219,0.03742692,0.03886772,0.997945
1287,256_50_6601,0.60703343,0.3094814,0.0012339226,0.025544573,0.026044196,0.05289244,0.93617654
1288,256_50_2170,0.1729756,0.40436855,0.00086804625,0.010919598,0.99734217,0.21203537,0.98728275
1289,256_50_22909,0.15730184,0.39720902,0.00018487849,0.008272865,0.9814523,0.87998873,0.9768374
1290,256_50_16555,0.38948748,0.76668763,0.003745152,0.0365767,0.6141886,0.23261406,0.9690304
1291,256_50_12016,0.473529,0.7239128,0.005455289,0.04950634,0.3493444,0.1473656,0.95963323
1292,256_50_19898,0.40593305,0.597451,0.00049350597,0.0039349436,0.14016894,0.009689112,0.99869174
1293,256_50_12166,0.34217057,0.45271832,0.0002426806,0.0049489625,0.028613996,0.03770607,0.99779165
1294,256_50_11862,0.08911247,0.6196683,0.0024064379,0.016181171,0.99965906,0.5992703,0.9626269
1295,256_50_23311,0.41982588,0.5931981,0.0006487348,0.007162043,0.27087173,0.03762437,0.998885
1296,256_50_22726,0.24799132,0.6379383,0.00017243718,0.0034792589,0.8382021,0.24485375,0.9986198
1297,256_50_20076,0.08754298,0.51824087,0.00402338,0.025878357,0.9997906,0.8102032,0.8655225
1298,256_50_10735,0.2889244,0.9691628,0.028973775,0.30567166,0.96322423,0.80390954,0.5236871
1299,256_50_9952,0.62714314,0.24427275,0.00092227734,0.025217185,0.01422516,0.05020745,0.9424163
1300,256_50_16673,0.43106633,0.65740764,0.0035389236,0.05031809,0.17012326,0.2322863,0.9352184
1301,256_50_6676,0.35631534,0.93831843,0.014232677,0.23637131,0.64185715,0.7262101,0.7843118
1302,256_50_20523,0.36599013,0.75407666,0.0010404876,0.011363675,0.16652207,0.07667299,0.99509984
1303,256_50_1785,0.42687172,0.7984684,0.006452277,0.026033698,0.5374662,0.15731636,0.97870916
1304,256_50_20518,0.3857046,0.7544525,0.0015763479,0.0067288475,0.6085633,0.01976925,0.9986505
1305,256_50_20434,0.3790375,0.4734215,0.00013544405,0.0035131942,0.15935706,0.02618547,0.9985576
1306,256_50_13400,0.12412818,0.42547253,1.50056185e-05,0.0021429006,0.98092437,0.23391335,0.9977576
1307,256_50_4143,0.20757876,0.44562408,0.00018745678,0.0042856676,0.9599234,0.20248808,0.99840266
1308,256_50_16785,0.6274004,0.26071405,0.00080368377,0.024050793,0.016694939,0.040032305,0.9579804
1309,256_50_5826,0.119525805,0.4285687,0.0017519521,0.021707442,0.99941456,0.8599453,0.935899
1310,256_50_23346,0.30608225,0.6347684,0.00051059073,0.012174676,0.84938616,0.287869,0.9932417
1311,256_50_2960,0.36636168,0.47976002,0.0007402015,0.011457568,0.0668767,0.08325046,0.9858106
1312,256_50_13578,0.36908355,0.48860642,0.00039677846,0.009960343,0.028200854,0.09295685,0.9933937
1313,256_50_6558,0.19683999,0.8897142,0.06846823,0.09094129,0.9991216,0.770749,0.6990013
1314,256_50_15305,0.36940837,0.93940896,0.008227292,0.045756564,0.599923,0.17201562,0.9785443
1315,256_50_17060,0.61053884,0.2857092,0.0008353549,0.020550922,0.017960599,0.034930915,0.95613384
1316,256_50_7829,0.45299253,0.34645376,0.0003158754,0.0069636246,0.020464113,0.018759215,0.9911912
1317,256_50_7931,0.26870716,0.9772638,0.019666638,0.2434325,0.9453751,0.8436675,0.6156661
1318,256_50_18553,0.24966107,0.59314215,4.9748684e-05,0.0015191186,0.45022073,0.07928733,0.99938416
1319,256_50_21382,0.39474794,0.4900189,0.0003420276,0.0038307584,0.17366862,0.028386338,0.99947196
1320,256_50_14296,0.41264096,0.87858367,0.014091212,0.30982476,0.67658967,0.39190963,0.7805472
1321,256_50_10392,0.60700977,0.2542083,0.0006010231,0.020934984,0.01799062,0.03375655,0.97465044
1322,256_50_19304,0.489098,0.6021642,0.001793827,0.018547354,0.07607175,0.05325054,0.9642792
1323,256_50_22846,0.17493479,0.44077948,3.951445e-06,0.002280374,0.94235134,0.089587525,0.99742955
1324,256_50_19129,0.30965695,0.8323414,0.0020437876,0.008094499,0.37162873,0.07835918,0.99465513
1325,256_50_6426,0.3577362,0.5192504,0.00033468677,0.0074705333,0.03525816,0.064450346,0.9965101
1326,256_50_1636,0.26586747,0.9071866,0.048578262,0.058119584,0.9774754,0.574059,0.9036488
1327,256_50_11289,0.18465525,0.9236722,0.049506456,0.16300732,0.9989292,0.8887092,0.51274663
1328,256_50_18740,0.46929213,0.46719095,0.00083541306,0.015091995,0.03851302,0.043668255,0.9834172
1329,256_50_15402,0.24533826,0.9290866,0.04189569,0.07027029,0.9873647,0.762962,0.7419154
1330,256_50_18329,0.3349557,0.43741384,0.00025165782,0.0039342544,0.031054657,0.022483138,0.99716777
1331,256_50_11359,0.43189675,0.5455726,0.001154633,0.017460087,0.05942934,0.06879902,0.97919273
1332,256_50_1835,0.48330227,0.57802355,0.0015520694,0.026979266,0.04810917,0.10967636,0.9740261
1333,256_50_1198,0.37724307,0.5175494,0.00022362222,0.0045732586,0.18162274,0.035118904,0.99853384
1334,256_50_20231,0.383501,0.4535531,0.0002679921,0.0035175572,0.1880396,0.027050858,0.9994143
1335,256_50_21232,0.3902397,0.58338743,0.00041191364,0.0054823905,0.124643035,0.035141636,0.9986308
1336,256_50_3525,0.13390392,0.31640604,4.94632e-05,0.007636816,0.9953318,0.4820315,0.98080206
1337,256_50_23472,0.081729524,0.5325304,0.0007153936,0.0104222465,0.9974833,0.7859238,0.98151475
1338,256_50_17195,0.5568993,0.5756884,0.008538434,0.0906548,0.40411797,0.25997454,0.863764
1339,256_50_10556,0.45529345,0.8178722,0.0068770815,0.2578255,0.26015496,0.252579,0.8968748
1340,256_50_1370,0.28395975,0.8762615,0.015147663,0.058312073,0.8959856,0.77782726,0.92646646
1341,256_50_12001,0.2847252,0.83686894,0.027044592,0.1927244,0.99333006,0.9589608,0.38170484
1342,256_50_8695,0.57698727,0.3808329,0.0011473978,0.022865312,0.027742302,0.050071068,0.96031183
1343,256_50_3872,0.2083065,0.997922,0.01017394,0.25285393,0.7984208,0.5689965,0.66985834
1344,256_50_203,0.18760368,0.8829898,0.04549832,0.04909231,0.99258053,0.7599352,0.89135206
1345,256_50_17427,0.62211543,0.29076856,0.0009206679,0.025133505,0.02109979,0.04720402,0.9590133
1346,256_50_11204,0.6226833,0.2871636,0.00091509,0.021820428,0.01748467,0.038328983,0.94220835
1347,256_50_23465,0.15095015,0.37585428,4.722343e-06,0.0035434817,0.9864981,0.19398746,0.9926069
1348,256_50_8999,0.49173328,0.40060133,0.0010263069,0.03842518,0.04382124,0.07004905,0.98314774
1349,256_50_1863,0.066473715,0.2656788,0.000125707,0.0035053333,0.999613,0.5220954,0.99482155
1350,256_50_2305,0.17645878,0.80888,0.022878457,0.0686245,0.9979563,0.83585083,0.8811816
1351,256_50_19376,0.46281123,0.47004008,0.00056212506,0.0077266465,0.033855643,0.019307356,0.98827004
1352,256_50_3572,0.1224693,0.5608522,0.011795671,0.05726081,0.9992778,0.9578255,0.8133879
1353,256_50_18193,0.44239733,0.44384,0.00078136835,0.016928786,0.029630065,0.07173983,0.9802524
1354,256_50_11533,0.5234383,0.52296513,0.0027472654,0.13749863,0.112324804,0.11663109,0.9641765
1355,256_50_5835,0.16312401,0.5619412,0.00021770566,0.00320366,0.99725145,0.10274032,0.99835926
1356,256_50_9405,0.60001975,0.35406074,0.0023211353,0.034092776,0.35949218,0.04874266,0.8994039
1357,256_50_21612,0.3427418,0.9038453,0.008418604,0.022638131,0.9235996,0.14434731,0.9867763
1358,256_50_11585,0.11345379,0.51430714,0.0011467492,0.007080185,0.99802846,0.15236759,0.9964384
1359,256_50_15863,0.34129483,0.79072607,0.0008622964,0.02426384,0.6128607,0.47418636,0.980738
1360,256_50_874,0.3974193,0.7843022,0.021540636,0.26466647,0.95942885,0.8674659,0.53792006
1361,256_50_20120,0.3530788,0.50308985,0.00030571013,0.004478954,0.03916999,0.01985394,0.99756646
1362,256_50_14783,0.33548132,0.5998127,0.0016815204,0.018193956,0.108575955,0.21056795,0.973307
1363,256_50_23101,0.38503265,0.836777,0.0011862767,0.0039966204,0.80271226,0.0108260745,0.9996063
1364,256_50_5251,0.24397449,0.87560266,0.043645132,0.24470223,0.99963427,0.97575325,0.22730885
1365,256_50_9231,0.3976438,0.4718513,0.00043796145,0.008246948,0.030663753,0.039531708,0.991732
1366,256_50_6263,0.16169155,0.9826484,0.03048839,0.039264087,0.9896786,0.49167866,0.9692031
1367,256_50_1002,0.28877482,0.6537146,0.008483306,0.12008409,0.9079889,0.9422642,0.6177939
1368,256_50_2120,0.43703678,0.48704037,0.0011905812,0.021379843,0.04525672,0.08786596,0.9729205
1369,256_50_7436,0.5582493,0.32481733,0.0006790128,0.014868189,0.018394487,0.028730702,0.96740884
1370,256_50_11183,0.35548025,0.53098047,0.0004843525,0.0102453185,0.037318982,0.09008774,0.9946241
1371,256_50_10663,0.55166334,0.28343174,0.00087166665,0.021677347,0.017239125,0.055163648,0.95748526
1372,256_50_11658,0.59193283,0.2618617,0.0009662874,0.028545935,0.016901534,0.059219006,0.9534671
1373,256_50_12418,0.04587136,0.28791815,0.00012855325,0.005616437,0.9996908,0.7221216,0.9857427
1374,256_50_5808,0.08926038,0.42811033,0.0002487155,0.0023886077,0.9971493,0.25801054,0.998879
1375,256_50_4860,0.11460546,0.9262014,0.041421376,0.07068635,0.99997187,0.517338,0.62816
1376,256_50_14981,0.33197087,0.9319061,0.019405788,0.062671065,0.86629397,0.40469685,0.9014065
1377,256_50_6126,0.121147364,0.98190755,0.00951522,0.04759794,0.9970752,0.3102311,0.93174815
1378,256_50_15390,0.38271454,0.9276636,0.02231696,0.17084931,0.8671973,0.7600663,0.76304156
1379,256_50_23143,0.28324598,0.77883667,0.001143856,0.008476743,0.89567643,0.19124037,0.9973456
1380,256_50_14622,0.27663073,0.9923879,0.009017309,0.28278336,0.5900262,0.3394804,0.7724294
1381,256_50_18965,0.067878574,0.47325715,0.00018884301,0.013129864,0.9995578,0.83212626,0.88006175
1382,256_50_18662,0.37882984,0.67758524,0.001081517,0.0046690986,0.2721954,0.017363457,0.99755776
1383,256_50_6177,0.42343542,0.46110204,0.000520623,0.010818393,0.029730916,0.041637708,0.99034977
1384,256_50_13009,0.36498404,0.44704852,0.00021243557,0.003960842,0.0392117,0.024061115,0.9985696
1385,256_50_9807,0.65245384,0.25959858,0.00106774,0.029299987,0.017389478,0.051156092,0.93515295
1386,256_50_16156,0.58337766,0.2893106,0.0010966444,0.029882504,0.020013185,0.069523685,0.953827
1387,256_50_3664,0.10399263,0.433555,0.00011145927,0.0124993315,0.99861085,0.88204736,0.9115671
1388,256_50_680,0.36260894,0.5150981,0.00028584778,0.0066581652,0.041644022,0.069850236,0.9971451
1389,256_50_5332,0.43615222,0.38416687,0.00039819826,0.009861192,0.02136468,0.035854224,0.9903716
1390,256_50_688,0.38487834,0.56032383,0.0003786473,0.007148053,0.089728445,0.08022001,0.99813443
1391,256_50_17251,0.4781637,0.69194895,0.0028459907,0.021487147,0.14139451,0.06898989,0.9777892
1392,256_50_15370,0.30845279,0.60037667,4.460049e-05,0.0023542552,0.46958467,0.073986195,0.9991603
1393,256_50_18029,0.44666204,0.71076745,0.007072164,0.0363543,0.31315097,0.16997446,0.9440029
1394,256_50_2362,0.4453208,0.37339717,0.0005984862,0.015274821,0.021185663,0.060798638,0.985168
1395,256_50_1479,0.21711366,0.7765384,0.0036068729,0.011929687,0.9938951,0.17399445,0.9925234
1396,256_50_13231,0.41663122,0.86192054,0.005320592,0.1524302,0.33486757,0.3162141,0.9351054
1397,256_50_2835,0.43367416,0.6451367,0.006070639,0.09882383,0.28799334,0.69176835,0.8340133
1398,256_50_17631,0.6274011,0.2807345,0.001073878,0.02826532,0.018102353,0.053749226,0.9412583
1399,256_50_13740,0.29310235,0.9667072,0.055002596,0.10814773,0.980981,0.27154273,0.8729238
1400,256_50_4104,0.38641727,0.65640944,0.006486512,0.06666193,0.6232478,0.53856695,0.8746801
1401,256_50_11367,0.6063118,0.285645,0.0007374497,0.022146733,0.020532487,0.03373675,0.9702314
1402,256_50_15744,0.51487595,0.36843678,0.0012602637,0.026949279,0.03333993,0.07718755,0.9551574
1403,256_50_6462,0.57498455,0.38258398,0.0011954716,0.014855893,0.042291738,0.023980835,0.9638061
1404,256_50_16771,0.48026934,0.64880437,0.001433801,0.022147993,0.103369124,0.04405599,0.982414
1405,256_50_11844,0.17219998,0.7442542,0.0032283159,0.01678335,0.9975388,0.66017175,0.9764722
1406,256_50_8478,0.07192928,0.26741225,0.0012130771,0.0061235647,0.9999565,0.6737632,0.990531
1407,256_50_11762,0.6041536,0.39214954,0.0015004606,0.029262904,0.031961106,0.076478526,0.9368164
1408,256_50_719,0.50219464,0.50748867,0.003380279,0.08897924,0.19623071,0.3371461,0.9196582
1409,256_50_21908,0.33592367,0.62702143,6.143815e-05,0.002743456,0.37755176,0.07992151,0.9992681
1410,256_50_8153,0.57884777,0.32179657,0.0011525644,0.037938572,0.02543697,0.081559926,0.96607554
1411,256_50_22873,0.39655098,0.6134277,0.00042446863,0.006799592,0.23565364,0.043846827,0.99855334
1412,256_50_2766,0.21594535,0.98772126,0.061634894,0.10096687,0.9910136,0.46882793,0.8626745
1413,256_50_7142,0.48559916,0.41615587,0.0007533205,0.013157955,0.02933407,0.03234028,0.97543496
1414,256_50_13031,0.5412366,0.3313508,0.00087284896,0.018590856,0.02474412,0.04216376,0.96928227
1415,256_50_16116,0.3374336,0.6469625,0.0005360587,0.0065365825,0.07374093,0.046815895,0.9952217
1416,256_50_5472,0.4108714,0.48515794,0.0006865453,0.017186943,0.033074714,0.11544108,0.9874094
1417,256_50_11672,0.51818246,0.47109362,0.001494727,0.07054249,0.07877486,0.06993495,0.98312163
1418,256_50_18584,0.5100667,0.46426904,0.00080719555,0.009984759,0.034496758,0.02033224,0.9789646
1419,256_50_1599,0.25294736,0.94300824,0.010221962,0.09504358,0.9519663,0.5400068,0.91268384
1420,256_50_18372,0.45081913,0.79752374,0.003801696,0.0072448333,0.27447805,0.019898858,0.98751754
1421,256_50_21639,0.3490551,0.6434186,0.0003229918,0.0040133474,0.6942962,0.021281973,0.99890375
1422,256_50_16183,0.4054084,0.619088,0.0007346481,0.016846476,0.052509643,0.13415232,0.98738796
1423,256_50_15672,0.55109954,0.413678,0.0018305959,0.043162122,0.050158016,0.1786892,0.93635166
1424,256_50_5811,0.14449342,0.41829872,4.2644377e-05,0.001399837,0.98453355,0.19231813,0.9992835
1425,256_50_5315,0.42123866,0.46103433,0.00067769294,0.0154377725,0.03436618,0.067087896,0.9869533
1426,256_50_1182,0.32883814,0.9797594,0.004541106,0.18630342,0.45653957,0.22393636,0.9213411
1427,256_50_3178,0.2127955,0.99697447,0.026067445,0.24797261,0.9446089,0.6946181,0.6018009
1428,256_50_10301,0.027705895,0.21505338,9.5766685e-05,0.004431044,0.99996877,0.5595822,0.98546565
1429,256_50_6729,0.46120456,0.360941,0.00042043006,0.010713434,0.019835237,0.04048162,0.9867344
1430,256_50_19361,0.43727717,0.3748948,0.00029837177,0.005327665,0.021556187,0.013589442,0.99245363
1431,256_50_12526,0.40716916,0.89836276,0.008155083,0.2804895,0.31786466,0.2912744,0.8523788
1432,256_50_9062,0.25414038,0.9044181,0.03100886,0.11309657,0.99218494,0.9067137,0.79195476
1433,256_50_9882,0.21492106,0.96520597,0.022208657,0.22037737,0.99054635,0.92019653,0.43152833
1434,256_50_19591,0.15204988,0.75656146,0.001819149,0.01276674,0.9965475,0.6092142,0.9750415
1435,256_50_8606,0.3038412,0.9866578,0.010263887,0.3083971,0.535733,0.3666169,0.76293975
1436,256_50_17911,0.5730295,0.33312288,0.0009136735,0.019055992,0.021091992,0.037351552,0.9580201
1437,256_50_17826,0.61535734,0.28354862,0.00085506146,0.019921046,0.017442102,0.030857569,0.9489553
1438,256_50_5180,0.3478725,0.48130688,0.00024697254,0.0051495438,0.031135762,0.049970776,0.99797326
1439,256_50_4159,0.12756725,0.4716167,0.00031416377,0.006296606,0.99671113,0.13251816,0.9946859
1440,256_50_5423,0.35311943,0.9017152,0.008322222,0.13002284,0.85748774,0.6061741,0.8886276
1441,256_50_3491,0.35503608,0.5126609,0.00028854894,0.005123085,0.04329209,0.033713344,0.99752253
1442,256_50_12902,0.61876744,0.25282162,0.00058987155,0.018025018,0.015511109,0.028988898,0.9679689
1443,256_50_14584,0.32160783,0.9343134,0.015716672,0.0653118,0.905083,0.28245157,0.9711647
1444,256_50_13112,0.106943116,0.6169954,0.0055932077,0.11760056,0.999941,0.99072415,0.22136419
1445,256_50_15074,0.081245266,0.37081844,0.00013661713,0.006404267,0.999373,0.539243,0.9813967
1446,256_50_2159,0.11614388,0.33976957,0.00011028637,0.004577337,0.99697,0.3779011,0.99587727
1447,256_50_10852,0.31406552,0.6652792,0.003497951,0.07242127,0.5288325,0.5956303,0.93619084
1448,256_50_19747,0.25240025,0.8799032,0.009915945,0.00945878,0.97376233,0.095138095,0.99768174
1449,256_50_689,0.38029543,0.63625604,0.00047134756,0.0095609035,0.12960374,0.11724259,0.9966101
1450,256_50_8699,0.4313609,0.8224558,0.0015407578,0.0076947003,0.15170486,0.030784378,0.9882682
1451,256_50_7777,0.17338517,0.65441406,0.010151851,0.02946768,0.9968401,0.90010273,0.93787175
1452,256_50_18614,0.59278697,0.41953713,0.0016467802,0.033906635,0.030492902,0.07403809,0.93755937
1453,256_50_10962,0.31103542,0.63699484,0.00522875,0.09401117,0.94229066,0.95102185,0.691782
1454,256_50_4472,0.35153615,0.62236625,0.0006005232,0.0059075365,0.093148865,0.034263104,0.9969336
1455,256_50_16653,0.5453679,0.32046896,0.0008893518,0.022515407,0.020327272,0.055294003,0.96124476
1456,256_50_18495,0.38511568,0.45734614,0.00027073378,0.0037647933,0.16977797,0.034825787,0.99931324
1457,256_50_21128,0.39303723,0.53777134,0.00042222138,0.005310855,0.31838274,0.043935243,0.9990128
1458,256_50_11279,0.12617138,0.82650083,0.019287586,0.081456564,0.99965084,0.96231484,0.5010673
1459,256_50_14472,0.3291158,0.9805117,0.007849091,0.19564098,0.5707149,0.26644412,0.9008278
1460,256_50_8861,0.5586264,0.36668152,0.0011109604,0.0340617,0.030786779,0.067898326,0.9714685
1461,256_50_15053,0.38628542,0.7120331,0.0021943443,0.03001262,0.25194114,0.41071528,0.96930826
1462,256_50_2764,0.22549015,0.970304,0.043435235,0.07050053,0.9976476,0.27833453,0.8939579
1463,256_50_3232,0.46516532,0.4659498,0.0009187134,0.014424,0.036858637,0.03986213,0.979055
1464,256_50_4152,0.18112881,0.972327,0.030012826,0.20900008,0.99626166,0.9802854,0.28802252
1465,256_50_5572,0.24296106,0.9255778,0.026396722,0.07157003,0.9567891,0.7791011,0.8703569
1466,256_50_1940,0.38510916,0.5854158,0.0003853545,0.0040879417,0.10137561,0.013733301,0.9985374
1467,256_50_23221,0.33755887,0.9064347,0.0018400337,0.010044381,0.8986536,0.07965365,0.99662894
1468,256_50_4791,0.1485451,0.44012332,2.7542545e-05,0.00504209,0.98791736,0.36293575,0.99023145
1469,256_50_11929,0.64204824,0.25492102,0.0009365928,0.02852443,0.016100397,0.050972976,0.94484013
1470,256_50_17972,0.39554435,0.5170938,0.00053436065,0.014030626,0.032685034,0.09380769,0.9899995
1471,256_50_3065,0.37619886,0.5473827,0.00033165276,0.005685138,0.104420945,0.08294962,0.9985531
1472,256_50_4224,0.1081486,0.40726632,0.00076393224,0.028917048,0.9994716,0.9267463,0.8301746
1473,256_50_11727,0.25782737,0.77967256,0.001826428,0.006628705,0.97416866,0.08793251,0.998621
1474,256_50_20823,0.34549102,0.5094721,0.0003027586,0.006635528,0.03265086,0.06098857,0.99704677
1475,256_50_12765,0.61458045,0.29221547,0.000975831,0.028396524,0.02135818,0.05443294,0.9605145
1476,256_50_10638,0.611926,0.2648805,0.0009960367,0.02631306,0.016395357,0.05611881,0.94375736
1477,256_50_15442,0.3118701,0.9819604,0.019774158,0.14934583,0.80887157,0.45190346,0.90763545
1478,256_50_5245,0.04075795,0.28063062,0.00016856384,0.0058918786,0.9998271,0.70997,0.9816952
1479,256_50_12909,0.6018931,0.25349754,0.00069984887,0.02446357,0.016976858,0.046138573,0.96984226
1480,256_50_2610,0.24292865,0.83803165,0.018976834,0.0288515,0.996988,0.21390727,0.97808367
1481,256_50_8754,0.27753296,0.99227047,0.011138098,0.29314017,0.6150755,0.42604163,0.74007934
1482,256_50_5927,0.17084827,0.5391456,0.0012751824,0.008467677,0.99507695,0.5605423,0.99365944
1483,256_50_6591,0.54088193,0.5537149,0.003334036,0.047853764,0.10661238,0.117637634,0.9171922
1484,256_50_21577,0.38090575,0.50959873,0.00030018788,0.0043157577,0.2553501,0.044959113,0.9992207
1485,256_50_16913,0.45520264,0.77636045,0.0036132156,0.022358488,0.17396875,0.10916491,0.95671093
1486,256_50_21558,0.26970413,0.83738786,0.0006329396,0.009053839,0.88754296,0.21711752,0.9966503
1487,256_50_12082,0.6286635,0.2759752,0.0010373406,0.029055754,0.019211946,0.069408156,0.94915587
1488,256_50_10766,0.35496163,0.45245275,0.00039434002,0.008455884,0.025204226,0.06280716,0.9944543
1489,256_50_8528,0.3478158,0.5192541,0.00054172135,0.009404114,0.039507203,0.060491577,0.9921117
1490,256_50_20400,0.0981992,0.24744348,8.299213e-05,0.004292606,0.9953458,0.81807697,0.99087596
1491,256_50_4255,0.22114223,0.5995991,0.008501751,0.028597962,0.98031425,0.88000804,0.9682179
1492,256_50_12208,0.63672084,0.25881535,0.0007643973,0.020349238,0.014975539,0.035072196,0.94596237
1493,256_50_1257,0.4190656,0.65433663,0.0006540923,0.009252316,0.16293107,0.062402133,0.99819225
1494,256_50_20115,0.41657016,0.42998472,0.0003229746,0.0043028514,0.035547208,0.010593224,0.99535394
1495,256_50_10030,0.26665726,0.993005,0.009072726,0.3114109,0.5707416,0.36623192,0.71893764
1496,256_50_1832,0.6232014,0.26814458,0.0009146162,0.021623801,0.017678075,0.041033052,0.94627225
1497,256_50_11242,0.30185223,0.5250864,0.0008895412,0.013217224,0.08466565,0.2865947,0.9823523
1498,256_50_17423,0.59142476,0.32361603,0.00088560063,0.019101491,0.019825825,0.035624713,0.955559
1499,256_50_2142,0.17357777,0.6286037,0.00014595203,0.0062126485,0.980822,0.472529,0.9867446
1500,256_50_14330,0.48418483,0.5936155,0.0011651336,0.03510514,0.104039766,0.058954258,0.993292
1501,256_50_13443,0.44675434,0.8000931,0.008792954,0.028023038,0.4164345,0.12903666,0.95350295
1502,256_50_7188,0.5929745,0.3743085,0.0016096759,0.040403374,0.03549096,0.09609757,0.95060873
1503,256_50_9496,0.30138558,0.7541562,0.0025574078,0.04379884,0.8778072,0.88156736,0.93579805
1504,256_50_22096,0.3020692,0.8411213,0.001048705,0.0055398783,0.9834487,0.040876534,0.9983693
1505,256_50_14720,0.4270785,0.74047905,0.0054451698,0.06426546,0.3182356,0.42464814,0.96062136
1506,256_50_9362,0.35929295,0.49109766,0.0002254533,0.0033477193,0.05516041,0.021205487,0.9991032
1507,256_50_17069,0.35048097,0.82879025,0.0019508721,0.016222585,0.75572515,0.076796114,0.98744977
1508,256_50_9793,0.50478804,0.30605546,0.00043525363,0.011690673,0.01692482,0.029420797,0.9825117
1509,256_50_21226,0.397821,0.5086087,0.000374257,0.005368035,0.1307628,0.04917766,0.99891365
1510,256_50_1861,0.05597131,0.26684687,0.0018995772,0.012849774,0.9998883,0.77876735,0.9710035
1511,256_50_18541,0.5133056,0.3275861,0.00064255326,0.0150751835,0.018634696,0.037727393,0.97316223
1512,256_50_16844,0.5248325,0.7053116,0.0026328068,0.017773153,0.13213693,0.032868356,0.9714139
1513,256_50_1966,0.400665,0.48940322,0.00040387583,0.008359485,0.035046976,0.04537478,0.9929173
1514,256_50_7965,0.3483611,0.5291932,0.00035245894,0.0062776646,0.036182947,0.039269455,0.9965753
1515,256_50_10617,0.3222412,0.6754677,0.010163435,0.07826899,0.88913876,0.72934353,0.8615593
1516,256_50_4651,0.118725576,0.3776004,6.683592e-05,0.0062174406,0.9973877,0.71231383,0.97803056
1517,256_50_11657,0.5666028,0.29598513,0.0011196054,0.033182617,0.021862768,0.07300188,0.95996267
1518,256_50_5816,0.10214025,0.2981491,0.00021372344,0.0026173124,0.9995473,0.2607262,0.99871373
1519,256_50_3080,0.35799062,0.5205663,0.0003140584,0.005854993,0.049964864,0.039550196,0.9973308
1520,256_50_22815,0.3819805,0.8003497,0.0007300642,0.00832984,0.66106,0.053012226,0.99815875
1521,256_50_10911,0.39105147,0.6285021,0.0008644673,0.010972128,0.07424479,0.06972923,0.99363106
1522,256_50_18786,0.48579004,0.63806754,0.0016438671,0.009244709,0.10825477,0.023145566,0.977796
1523,256_50_3342,0.36826107,0.47996613,0.00032981767,0.006068864,0.06171658,0.051460464,0.99813336
1524,256_50_2573,0.278582,0.7729711,0.015110562,0.17481369,0.98953,0.93847674,0.43656695
1525,256_50_16925,0.6257545,0.2603434,0.0007577578,0.023440113,0.015843205,0.040611297,0.9587197
1526,256_50_18082,0.4165238,0.5329862,0.0004913143,0.0065949955,0.19723283,0.040033374,0.99877244
1527,256_50_20128,0.33825737,0.51811796,0.00031417425,0.0065039494,0.045245163,0.1057989,0.997175
1528,256_50_15505,0.13499734,0.49883375,3.13491e-05,0.0016232801,0.94157463,0.1706629,0.99866474
1529,256_50_8582,0.5118397,0.41100127,0.0007860763,0.027887559,0.05140224,0.038532797,0.9904304
1530,256_50_11922,0.65820366,0.25848424,0.0011731432,0.03032031,0.019542264,0.050242424,0.92819494
1531,256_50_16803,0.64205736,0.27447787,0.0010595315,0.027957812,0.01807537,0.062689304,0.9390796
1532,256_50_3990,0.25031975,0.627667,0.0016822569,0.007795802,0.9877764,0.1443984,0.99726105
1533,256_50_17052,0.62081736,0.42639786,0.0012714165,0.019590378,0.04192782,0.0267569,0.9649315
1534,256_50_3622,0.4049599,0.5248847,0.0003766639,0.008174186,0.08968101,0.07964138,0.9974482
1535,256_50_11177,0.39133316,0.8129394,0.046675008,0.08355979,0.9796083,0.26408383,0.8835323
