,patch_id,af1,Qal,Qaf,Qat,Qc,Qca,Qr
0,sonora_256_50_1357,0.36151364,0.5700945,0.000106284046,0.002859295,0.35967728,0.03870737,0.99926406
1,sonora_256_50_3542,0.30279103,0.53679925,2.8765759e-05,0.0013410941,0.38805923,0.04242089,0.9995995
2,hv_256_50_2044,0.23284256,0.53847706,1.9412386e-05,0.0028982922,0.7021732,0.17710668,0.9973399
3,sonora_256_50_2075,0.3404343,0.6526552,7.106046e-05,0.0029745302,0.4201202,0.09931689,0.9992212
4,hv_256_50_1073,0.29960117,0.5798439,3.7824953e-05,0.0016520945,0.438909,0.065624304,0.9994609
5,hv_256_50_177,0.40065086,0.6410673,0.0004331421,0.0072510224,0.30513737,0.05100301,0.9982834
6,hv_256_50_874,0.39660215,0.62984836,0.00020818459,0.004173412,0.27567542,0.02568876,0.9986211
7,sonora_256_50_2390,0.39124423,0.5344621,0.000325895,0.0058781086,0.17674309,0.047895472,0.99834704
8,sonora_256_50_2148,0.33015442,0.5856484,4.6957448e-05,0.0017784374,0.34218913,0.054167427,0.99950206
9,sonora_256_50_2363,0.38533664,0.5444058,7.098873e-05,0.0025989346,0.25621054,0.032268334,0.99929607
10,sonora_256_50_3562,0.36370578,0.5705053,5.6381567e-05,0.0021646402,0.30759835,0.049216088,0.9995503
11,hv_256_50_263,0.22640222,0.6439949,8.917977e-05,0.0027928173,0.77480286,0.25624087,0.99867696
12,sonora_256_50_1149,0.36613485,0.6071471,0.00010743221,0.0031585807,0.33484077,0.044793956,0.99928266
13,sonora_256_50_2558,0.22801906,0.53563255,2.0726364e-05,0.0013043414,0.5882783,0.053253707,0.99936336
14,hv_256_50_1911,0.20495969,0.6146355,6.9046335e-05,0.0033991039,0.83953047,0.31631657,0.99701595
15,sonora_256_50_204,0.33407688,0.5392559,4.844884e-05,0.0023623675,0.36411437,0.0549334,0.99932957
16,sonora_256_50_3352,0.36877882,0.58347565,0.000107722095,0.0040969555,0.23390682,0.057950582,0.99909437
17,hv_256_50_2401,0.19260657,0.5183286,1.3923174e-05,0.0029567822,0.9675399,0.08672338,0.99767953
18,sonora_256_50_2980,0.24882402,0.54422307,2.7831478e-05,0.0012159299,0.42762023,0.051498506,0.9993105
19,sonora_256_50_526,0.3531426,0.5654909,0.0001384079,0.003646983,0.29222196,0.042639706,0.99908185
20,hv_256_50_1682,0.03992638,0.20736217,1.305818e-07,0.002693704,0.99968827,0.37407354,0.95044976
21,hv_256_50_1668,0.014951081,0.14725979,5.1333238e-08,0.0017011927,0.9999888,0.40259597,0.9375769
22,sonora_256_50_1751,0.33857405,0.6081685,5.0423474e-05,0.002420315,0.37587,0.07623254,0.99937695
23,sonora_256_50_3244,0.23745406,0.5574479,2.3921775e-05,0.0015107581,0.46417695,0.06856693,0.99930024
24,hv_256_50_618,0.20129839,0.5478386,0.00011468607,0.0076703625,0.96962297,0.61575025,0.98646057
25,hv_256_50_3037,0.3643011,0.58341557,5.551873e-05,0.002269366,0.29791358,0.04458313,0.99949765
26,sonora_256_50_3369,0.20471628,0.5627119,3.1780055e-05,0.001991829,0.6844674,0.13186644,0.99866104
27,hv_256_50_542,0.1296236,0.37643382,4.1814687e-06,0.004536444,0.9901264,0.3513191,0.98370355
28,hv_256_50_146,0.20123932,0.60056365,0.00082828745,0.015289726,0.99223834,0.70828754,0.9736529
29,sonora_256_50_1854,0.36506122,0.62402755,0.00015807647,0.0049365,0.21931402,0.080640234,0.9985576
30,hv_256_50_537,0.16113442,0.44205067,3.443274e-05,0.004742984,0.9592191,0.65391964,0.987329
31,hv_256_50_2165,0.010478085,0.11395062,3.52306e-09,0.000672934,0.9998925,0.33418098,0.98346853
32,sonora_256_50_2525,0.38879174,0.6760675,0.00033277427,0.0044106073,0.4845261,0.042768013,0.99931645
33,hv_256_50_1366,0.19183418,0.6170467,4.7012425e-05,0.0019307872,0.8037021,0.18031144,0.99859387
34,hv_256_50_953,0.2444375,0.535074,0.0004603324,0.011831147,0.9480411,0.5819509,0.9878164
35,hv_256_50_264,0.23881793,0.6977107,8.0872334e-05,0.003001983,0.76250714,0.23270367,0.99840987
36,hv_256_50_680,0.19665655,0.52090424,3.35883e-05,0.0044765365,0.9285463,0.26570994,0.9948407
37,hv_256_50_3439,0.20151503,0.50396764,1.10219335e-05,0.0018766009,0.9014772,0.054562487,0.99897647
38,sonora_256_50_3280,0.3639047,0.5010044,0.00014498427,0.0031436742,0.19594865,0.025278334,0.99886465
39,sonora_256_50_558,0.18369599,0.557386,0.00030496693,0.005139718,0.9602281,0.5121887,0.9954282
40,hv_256_50_3647,0.19409926,0.4936523,8.6517475e-06,0.0024843297,0.94138825,0.07748622,0.99791485
41,hv_256_50_258,0.37926105,0.6566481,0.00044885074,0.010594054,0.23768227,0.12166724,0.99640584
42,sonora_256_50_3005,0.38793296,0.5662452,0.00028473476,0.0055568665,0.23183413,0.042408608,0.99882203
43,hv_256_50_2010,0.20300715,0.50284356,1.7458748e-05,0.0029743423,0.95454484,0.0837026,0.99780303
44,hv_256_50_3625,0.1730194,0.42806473,2.9178784e-06,0.0021211668,0.9513661,0.07597322,0.99737144
45,hv_256_50_3051,0.32418105,0.6068825,4.134458e-05,0.0021218997,0.43947098,0.06897521,0.99933237
46,sonora_256_50_1641,0.34141907,0.58449984,0.00028396564,0.0049589123,0.55393285,0.063671164,0.9986253
47,sonora_256_50_2441,0.2681895,0.6335448,5.1046387e-05,0.0020513046,0.4324287,0.101885095,0.9991222
48,sonora_256_50_3551,0.3371944,0.7255546,0.0001208524,0.0037465007,0.5870378,0.089686,0.9987937
49,hv_256_50_496,0.26119038,0.7992474,0.0016616399,0.014127116,0.92342895,0.46570727,0.98715174
50,sonora_256_50_2196,0.37769157,0.568996,0.00037792313,0.0097628515,0.31299144,0.09694926,0.99531186
51,hv_256_50_2359,0.17086391,0.43609262,2.7659597e-05,0.008254721,0.9806836,0.6502074,0.9721041
52,sonora_256_50_1944,0.38198668,0.5786441,8.055923e-05,0.0028498673,0.25770447,0.035412002,0.9993266
53,sonora_256_50_805,0.4075451,0.6701455,0.00021845318,0.004804943,0.2879362,0.024185926,0.99840707
54,hv_256_50_685,0.1077374,0.27898803,8.477998e-07,0.0034122048,0.99556655,0.25767583,0.9869502
55,sonora_256_50_298,0.38983455,0.60863674,0.000119772514,0.0039151898,0.23242982,0.04100445,0.9991391
56,hv_256_50_3226,0.1917386,0.49788734,8.261449e-06,0.0017826578,0.9204,0.061872482,0.99884725
57,hv_256_50_375,0.10231502,0.23058388,9.081696e-07,0.0041160816,0.9915388,0.6163629,0.97399104
58,sonora_256_50_2606,0.26706904,0.5984466,4.0286403e-05,0.0018008951,0.4149689,0.08314937,0.9992004
59,sonora_256_50_1441,0.37386656,0.5537455,0.00012787252,0.0038676858,0.20285036,0.033920955,0.9980888
60,hv_256_50_3558,0.2049349,0.47270575,1.4631118e-05,0.0035440642,0.92867625,0.10239494,0.9967673
61,sonora_256_50_1902,0.36642846,0.56127745,6.742847e-05,0.0024309787,0.2825264,0.035725616,0.99939764
62,sonora_256_50_340,0.34997988,0.6940081,0.0002192762,0.0049949656,0.32579437,0.06398732,0.9987783
63,hv_256_50_3162,0.18377656,0.45780078,4.8196266e-06,0.001347506,0.88525283,0.04719431,0.9992211
64,sonora_256_50_882,0.40167546,0.55124706,0.00042134325,0.0077175,0.25680223,0.08291289,0.99824786
65,sonora_256_50_3073,0.3608731,0.49925402,0.00026687144,0.0055188076,0.22929665,0.050285738,0.9983802
66,hv_256_50_2485,0.1501065,0.4179004,1.1323744e-05,0.0041344096,0.9769216,0.44564265,0.98781735
67,hv_256_50_2690,0.20336637,0.4968572,9.8399805e-06,0.002030071,0.9133567,0.0588966,0.998767
68,hv_256_50_1130,0.04509809,0.1956991,1.0306397e-06,0.004827034,0.99930537,0.58492947,0.93326515
69,sonora_256_50_2572,0.39455888,0.6238155,9.864018e-05,0.0029698405,0.2590358,0.04574423,0.9995204
70,hv_256_50_1837,0.19044887,0.58858687,1.5434427e-05,0.0020744996,0.80785966,0.18306477,0.9979692
71,hv_256_50_3054,0.20363623,0.5675125,1.700411e-05,0.0017765234,0.70629793,0.12644109,0.9986713
72,sonora_256_50_1279,0.37666926,0.67059016,0.00011347684,0.0034545918,0.3739525,0.056161784,0.99925596
73,sonora_256_50_2352,0.33800417,0.5986861,5.0696373e-05,0.0019176999,0.3635533,0.05450008,0.99954563
74,sonora_256_50_3084,0.38662204,0.6065451,9.997025e-05,0.0035211174,0.26263562,0.056269836,0.99936134
75,sonora_256_50_1709,0.30773857,0.74786013,0.00031424587,0.00641461,0.6905985,0.15705979,0.99737346
76,sonora_256_50_2983,0.24991181,0.54619294,2.607339e-05,0.0013156583,0.43169573,0.051620003,0.9993222
77,sonora_256_50_424,0.19389315,0.59274805,7.264614e-05,0.0036251405,0.8736985,0.3417519,0.9962747
78,hv_256_50_1456,0.023168817,0.12750533,5.6440072e-08,0.0019735582,0.9999261,0.32427296,0.9605974
79,hv_256_50_3249,0.38793483,0.572455,0.00010232385,0.0037380422,0.23788367,0.048376914,0.9988978
80,hv_256_50_2355,0.21618944,0.5519443,0.00012496852,0.0063092927,0.93999064,0.4979355,0.9925212
81,sonora_256_50_3412,0.3172947,0.588571,4.449615e-05,0.0019041409,0.3567776,0.06555776,0.99939764
82,hv_256_50_1725,0.37233475,0.6769997,0.00011406233,0.0047196415,0.37396577,0.12447944,0.998838
83,hv_256_50_2903,0.36504713,0.5866505,5.7102636e-05,0.0022710909,0.30411518,0.047046162,0.9995345
84,sonora_256_50_3572,0.3069457,0.5611106,3.1539574e-05,0.0016548644,0.3757221,0.057245936,0.9993656
85,hv_256_50_3320,0.3055279,0.6030339,2.6819594e-05,0.002321703,0.50923425,0.09852251,0.99909556
86,sonora_256_50_2104,0.34772676,0.6085308,5.1213337e-05,0.0020975391,0.37449223,0.05517282,0.9994815
87,hv_256_50_723,0.35548493,0.65287656,0.0001274658,0.006553691,0.33581558,0.12908407,0.9971365
88,hv_256_50_1015,0.36393395,0.5505151,0.00011883363,0.0038317607,0.29655126,0.051370967,0.999046
89,sonora_256_50_900,0.32052866,0.6508267,5.486949e-05,0.0020983126,0.4345793,0.06654759,0.99941146
90,hv_256_50_3280,0.17658332,0.46726876,7.026819e-06,0.003461572,0.9626904,0.13970244,0.9949058
91,sonora_256_50_639,0.36641622,0.6496222,0.00016758019,0.004282163,0.37946257,0.07498157,0.998838
92,hv_256_50_225,0.090465076,0.3179855,3.1799642e-05,0.010299757,0.9994043,0.4183236,0.95175576
93,hv_256_50_1884,0.07997542,0.2888988,8.61561e-06,0.006376156,0.99933016,0.79859924,0.9245051
94,sonora_256_50_200,0.35328007,0.72185963,0.00049220066,0.010190569,0.67826265,0.31846943,0.99635017
95,sonora_256_50_400,0.3827182,0.6685086,0.00029332138,0.008768587,0.25120157,0.07624067,0.99629337
96,hv_256_50_686,0.20007381,0.46016848,1.9339306e-05,0.0047545005,0.9526543,0.3033733,0.99478674
97,hv_256_50_878,0.3967628,0.5939915,0.00037887026,0.00809908,0.29044735,0.060738396,0.9972698
98,hv_256_50_483,0.09281702,0.36256498,1.1692299e-05,0.007318949,0.99912745,0.45922622,0.9536613
99,hv_256_50_706,0.29920995,0.7726872,0.00016637698,0.006798678,0.7071946,0.21012673,0.99525344
100,hv_256_50_1429,0.34326285,0.6115215,4.5173732e-05,0.0026031705,0.4025958,0.07254119,0.99924374
101,hv_256_50_2017,0.052863423,0.14585993,2.911508e-07,0.0030341577,0.9991248,0.5017457,0.97371465
102,sonora_256_50_1044,0.20240948,0.5959605,1.9234889e-05,0.0021973795,0.85201776,0.22088867,0.99798286
103,hv_256_50_1056,0.112415664,0.2767408,3.4243727e-05,0.01075768,0.9978017,0.77384675,0.9375078
104,hv_256_50_1066,0.26302052,0.50936085,0.00014150752,0.0038581758,0.81107897,0.3016442,0.99829787
105,sonora_256_50_3239,0.32017508,0.579735,2.845676e-05,0.0021565198,0.43850657,0.079450175,0.9993104
106,sonora_256_50_3669,0.17331734,0.4165782,3.1436496e-06,0.0030049386,0.96545315,0.09939319,0.99526536
107,sonora_256_50_2481,0.37380603,0.5428606,0.00025192142,0.005606893,0.19668472,0.04778304,0.9982362
108,hv_256_50_2670,0.22818854,0.5281371,1.565813e-05,0.0015896457,0.5732931,0.07586227,0.99899775
109,sonora_256_50_1334,0.3608924,0.7100445,0.00011106512,0.002841215,0.45745987,0.04606289,0.99936396
110,hv_256_50_3597,0.3264571,0.59055525,3.846718e-05,0.0020106072,0.4173122,0.06686535,0.9994085
111,hv_256_50_1240,0.22329183,0.5607439,4.2524618e-05,0.0019545103,0.580236,0.13910802,0.9986517
112,hv_256_50_2521,0.18230115,0.53099185,1.5681771e-05,0.0024497886,0.92726374,0.22310972,0.99716127
113,sonora_256_50_2968,0.21845326,0.5894455,3.2094733e-05,0.0023109897,0.7857196,0.10041911,0.9988906
114,hv_256_50_481,0.1131897,0.43141803,1.0530265e-05,0.0075038346,0.99611014,0.69781226,0.9497316
115,sonora_256_50_2761,0.18106519,0.49727243,2.168021e-05,0.002360387,0.85368705,0.17468825,0.9974853
116,sonora_256_50_465,0.3976287,0.71483797,0.00045550847,0.007004246,0.4373797,0.0748372,0.99862194
117,sonora_256_50_2277,0.37477446,0.7232001,0.00034708413,0.0111878645,0.33239093,0.20578156,0.99383587
118,hv_256_50_2905,0.37066633,0.6291703,8.6861684e-05,0.003972583,0.34364536,0.08479456,0.9988826
119,hv_256_50_1395,0.08258131,0.3684947,3.124592e-05,0.009957917,0.9989195,0.53852147,0.94860876
120,hv_256_50_1834,0.31151244,0.64325476,5.754926e-05,0.0026885672,0.51218957,0.10150362,0.99921894
121,hv_256_50_3143,0.17466919,0.40529525,1.0855849e-05,0.0058700587,0.9791727,0.19873431,0.99060166
122,hv_256_50_1233,0.2804799,0.62417144,5.6260244e-05,0.0025878155,0.426337,0.1247381,0.9990306
123,sonora_256_50_244,0.36867112,0.7096415,0.00028808,0.0048092226,0.37307388,0.034972534,0.9989518
124,hv_256_50_3005,0.17279479,0.48228922,1.1901187e-05,0.002481533,0.97087693,0.11875912,0.99795157
125,hv_256_50_3215,0.13801837,0.28961927,4.670483e-06,0.0074134246,0.99232894,0.30933607,0.9739091
126,sonora_256_50_173,0.37865022,0.6955763,0.00046114804,0.009554304,0.38789955,0.10230125,0.997334
127,sonora_256_50_2473,0.3878602,0.6236233,0.000115664174,0.0042597475,0.29650304,0.06411333,0.9990429
128,sonora_256_50_2699,0.28601465,0.5811516,3.0930038e-05,0.0017185818,0.4226234,0.065414324,0.99920255
129,sonora_256_50_533,0.3856052,0.7408599,0.00038131044,0.0043667625,0.6323186,0.037456717,0.9993523
130,hv_256_50_2552,0.20369479,0.49281418,1.07622e-05,0.0014549785,0.8526216,0.040474445,0.99940705
131,sonora_256_50_3452,0.2277632,0.52587986,2.4975541e-05,0.0011165751,0.49480376,0.04888453,0.9993825
132,hv_256_50_454,0.37395075,0.7069396,0.0015216578,0.012785878,0.6854016,0.10209595,0.9959138
133,hv_256_50_3378,0.16897391,0.4196512,3.1678096e-06,0.0029487943,0.97151685,0.10297348,0.99551374
134,hv_256_50_2677,0.11252172,0.38717547,7.8062925e-07,0.0024883363,0.9961159,0.16451125,0.9916598
135,hv_256_50_1824,0.23498407,0.5928851,1.7812205e-05,0.0037715752,0.79016274,0.24462451,0.996793
136,hv_256_50_494,0.11832882,0.31229448,0.00042135088,0.014188931,0.99874544,0.786468,0.9551732
137,hv_256_50_411,0.12693647,0.30624905,1.6963043e-06,0.0044906456,0.9936293,0.22921899,0.98328733
138,sonora_256_50_3699,0.37093097,0.6401387,0.00014734996,0.0050401934,0.3339258,0.06973638,0.99799097
139,hv_256_50_2102,0.1946714,0.47374743,0.000112095055,0.008351955,0.97857535,0.51254606,0.98638135
140,hv_256_50_1764,0.28346643,0.5908848,3.1248306e-05,0.001553733,0.41691196,0.06330716,0.9994344
141,sonora_256_50_276,0.35117656,0.56172043,0.00021690216,0.0047209403,0.28661108,0.057528198,0.99881065
142,hv_256_50_961,0.27692667,0.6697736,9.080871e-05,0.0023884373,0.48289996,0.12940669,0.99921334
143,sonora_256_50_1106,0.3101737,0.65830564,9.9602854e-05,0.0032677879,0.44139388,0.13756678,0.99916005
144,sonora_256_50_3522,0.25041583,0.5423261,2.3333836e-05,0.0012904727,0.41340813,0.05513681,0.99933463
145,hv_256_50_2496,0.28765205,0.5684211,2.8697616e-05,0.0027538168,0.6549577,0.11937977,0.99860233
146,hv_256_50_2657,0.20174834,0.48839954,5.472438e-05,0.0052413023,0.92495483,0.44461048,0.99313885
147,hv_256_50_1420,0.19783154,0.59185666,3.366151e-05,0.0027179683,0.75651574,0.26123962,0.9969555
148,sonora_256_50_1996,0.3684422,0.62090844,0.00018472326,0.0068436516,0.21118318,0.10532832,0.99706584
149,hv_256_50_1029,0.27886647,0.5782767,8.438259e-05,0.0046831868,0.5079298,0.14647453,0.9950841
150,sonora_256_50_3622,0.35318324,0.6469825,0.0004249208,0.005019973,0.55850095,0.068014964,0.9983968
151,sonora_256_50_489,0.16272816,0.5894403,8.746129e-05,0.0043025245,0.9643107,0.5601051,0.9923332
152,hv_256_50_1236,0.34968624,0.57006294,6.86028e-05,0.0021980456,0.2965446,0.045771368,0.9994727
153,sonora_256_50_3205,0.35130075,0.7766836,0.00036398927,0.007904666,0.62547344,0.17696704,0.99695337
154,sonora_256_50_72,0.34051675,0.756653,0.00017108815,0.0048341514,0.5965599,0.07944149,0.9983972
155,hv_256_50_677,0.19633703,0.5230971,1.1214747e-05,0.0018856595,0.84673524,0.12322995,0.99837637
156,hv_256_50_1394,0.035478156,0.17254858,3.8030917e-06,0.0058978056,0.99995995,0.45850542,0.92333657
157,hv_256_50_745,0.21044987,0.57682776,1.5520878e-05,0.0016270627,0.76182514,0.16090316,0.99904865
158,hv_256_50_2386,0.091280766,0.38154438,2.9985082e-05,0.0068792542,0.9993789,0.32973298,0.97845215
159,sonora_256_50_2802,0.3484146,0.531112,0.00022404267,0.004171122,0.32091853,0.043675654,0.9987949
160,hv_256_50_1404,0.109513246,0.3825565,1.5408703e-05,0.007937892,0.99889046,0.2494201,0.97277707
161,sonora_256_50_2417,0.19898827,0.5345676,2.7072942e-05,0.0041094143,0.8706677,0.24067755,0.99544096
162,sonora_256_50_73,0.31776375,0.8008242,0.00027566915,0.004558935,0.6355903,0.10100481,0.9985618
163,hv_256_50_3382,0.3595019,0.54936343,5.713254e-05,0.002279004,0.2911096,0.040946487,0.999382
164,hv_256_50_466,0.30473748,0.6924965,7.761312e-05,0.0028879864,0.60949004,0.13407499,0.99929166
165,hv_256_50_1584,0.3850691,0.560334,9.1676004e-05,0.0030181648,0.25277302,0.041274223,0.9992349
166,hv_256_50_2037,0.05734812,0.2634718,2.6286107e-06,0.0047621084,0.99990845,0.36867848,0.95181257
167,hv_256_50_932,0.28243956,0.55060476,1.9445126e-05,0.0021917527,0.62849486,0.1033385,0.99902713
168,hv_256_50_2911,0.35670254,0.5871012,5.396511e-05,0.002541707,0.33282468,0.05678113,0.99927074
169,sonora_256_50_439,0.3585623,0.63114077,6.7595916e-05,0.0033579953,0.38469562,0.07309886,0.99911135
170,sonora_256_50_3339,0.36287352,0.76437914,0.0014569354,0.01842021,0.791783,0.43242368,0.99052703
171,sonora_256_50_2694,0.21715547,0.54330975,2.0951884e-05,0.0011535464,0.54222524,0.05594677,0.99923134
172,sonora_256_50_1865,0.35094073,0.63238144,5.726252e-05,0.0026375554,0.37127802,0.07043543,0.9993831
173,hv_256_50_1005,0.3666281,0.7237599,0.00012939064,0.0029269143,0.3962183,0.06880091,0.9995085
174,hv_256_50_1355,0.32213074,0.669396,8.972228e-05,0.0025376554,0.4671737,0.081637226,0.99940586
175,hv_256_50_2702,0.31847435,0.59066844,3.760502e-05,0.0018376468,0.39688408,0.06771929,0.9994342
176,hv_256_50_2616,0.009609952,0.061336678,2.2323597e-10,0.00033035738,0.9999436,0.38236648,0.97812074
177,hv_256_50_3096,0.1222245,0.33199194,3.0939023e-06,0.0059847254,0.9948079,0.29410794,0.9709184
178,hv_256_50_2921,0.17772575,0.5279912,1.2244332e-05,0.0020513106,0.867829,0.14393087,0.997609
179,sonora_256_50_2782,0.3220345,0.6095583,3.60742e-05,0.0020203632,0.4360487,0.07229167,0.9994018
180,sonora_256_50_2364,0.38090885,0.54308015,7.071914e-05,0.0025403437,0.23781133,0.03311215,0.9993812
181,sonora_256_50_2630,0.2847898,0.5674186,3.3723427e-05,0.001618932,0.43915462,0.057940494,0.99932015
182,sonora_256_50_3284,0.37966615,0.555776,0.00012688698,0.0035842957,0.20743543,0.037619207,0.99918777
183,sonora_256_50_3327,0.26467925,0.57617927,3.3852055e-05,0.001589707,0.3873005,0.06932027,0.99932456
184,sonora_256_50_1859,0.3734409,0.57372665,9.529416e-05,0.0030218028,0.2506801,0.036958482,0.9993357
185,sonora_256_50_1454,0.23056309,0.5743569,2.7955277e-05,0.002450798,0.78341204,0.13051288,0.9984653
186,sonora_256_50_1038,0.35363683,0.61711204,7.40148e-05,0.0034819928,0.44389275,0.07092192,0.9988796
187,hv_256_50_2936,0.17582037,0.54738116,1.5525762e-05,0.0034057961,0.97254354,0.15286706,0.99649686
188,sonora_256_50_3303,0.27294427,0.5980518,4.4233213e-05,0.0020848261,0.44109747,0.10069168,0.9991683
189,sonora_256_50_1530,0.36103964,0.6815488,0.00013547647,0.0028393893,0.454203,0.035535317,0.99912876
190,sonora_256_50_142,0.3344823,0.77112395,0.00020351137,0.0036497477,0.5902713,0.069363356,0.9991467
191,sonora_256_50_2836,0.2855047,0.5655234,2.5721976e-05,0.0015711496,0.5196865,0.06266553,0.99934274
192,hv_256_50_3065,0.20848086,0.61030465,2.882065e-05,0.004007036,0.8391481,0.24950582,0.99608886
193,hv_256_50_2555,0.24037762,0.5417236,1.4169753e-05,0.0024015836,0.760905,0.12805778,0.99842274
194,hv_256_50_721,0.34516028,0.5852121,8.087604e-05,0.0039562657,0.28467956,0.071826115,0.99822646
195,sonora_256_50_3547,0.28171676,0.57345575,3.035169e-05,0.0016732018,0.40808833,0.070627496,0.99928856
196,sonora_256_50_3163,0.3748467,0.61619693,6.720302e-05,0.002649902,0.3113581,0.06436413,0.99953556
197,sonora_256_50_2063,0.40157217,0.58697987,0.00039136666,0.006673602,0.22817963,0.048732713,0.9984231
198,sonora_256_50_1039,0.3348163,0.690686,9.77966e-05,0.0035762393,0.4899731,0.10942974,0.9989229
199,sonora_256_50_3050,0.21794116,0.48392725,1.2846523e-05,0.0009867826,0.54952914,0.04620595,0.99924064
200,sonora_256_50_2988,0.24528581,0.49842605,1.8323311e-05,0.0010363903,0.46489283,0.041988343,0.9993913
201,sonora_256_50_2585,0.3656138,0.6067964,6.964546e-05,0.0025920146,0.33926257,0.052257657,0.9994172
202,sonora_256_50_1914,0.40170854,0.5509306,0.00029048274,0.0038239062,0.2626743,0.024190756,0.9994486
203,hv_256_50_614,0.05908361,0.1985477,2.4296241e-06,0.006647779,0.9997137,0.6027363,0.91074747
204,sonora_256_50_1523,0.2902335,0.58805406,2.9539762e-05,0.0018639152,0.5690745,0.063650206,0.99925727
205,hv_256_50_1000,0.34693134,0.63544863,0.00013281808,0.0043058493,0.37396586,0.08951544,0.99887246
206,sonora_256_50_3368,0.23553005,0.5431294,2.3231325e-05,0.0014737113,0.5124714,0.06916104,0.9990527
207,hv_256_50_339,0.14314435,0.35844532,1.2220521e-06,0.003239309,0.9765645,0.21142443,0.9915623
208,sonora_256_50_1330,0.3632381,0.7076526,0.0001685518,0.0042633773,0.3569172,0.039784092,0.99886334
209,sonora_256_50_1657,0.20124936,0.5838927,3.2375243e-05,0.0016427031,0.651097,0.11601833,0.9989496
210,hv_256_50_3040,0.35902235,0.59443015,5.4361895e-05,0.0021304423,0.328432,0.056800574,0.9995877
211,sonora_256_50_822,0.3387644,0.52642924,0.00015199679,0.0036220811,0.3426915,0.045061458,0.99910575
212,sonora_256_50_3266,0.32623997,0.58287483,3.7096528e-05,0.0020216405,0.38316673,0.06633223,0.99940455
213,hv_256_50_3091,0.19568974,0.43727526,1.11267955e-05,0.004721171,0.9498228,0.14736907,0.99411494
214,sonora_256_50_1823,0.2987676,0.59935516,4.2111256e-05,0.0018904886,0.37466872,0.071373105,0.9992995
215,sonora_256_50_326,0.37877244,0.62851053,0.00031891128,0.0049237884,0.30402583,0.042632785,0.9990814
216,hv_256_50_1161,0.3201564,0.62067556,0.00011884882,0.0041790674,0.43059373,0.15424761,0.99878424
217,sonora_256_50_2537,0.32915995,0.61666775,5.0138704e-05,0.002419394,0.40833646,0.08198619,0.9992872
218,hv_256_50_1818,0.032281034,0.21164156,3.4762442e-07,0.0030491217,0.99980503,0.34292313,0.96441126
219,sonora_256_50_856,0.3419367,0.7234557,0.00023562912,0.0045951568,0.4560549,0.05248817,0.99877733
220,sonora_256_50_2037,0.38419893,0.58942956,9.391743e-05,0.0029669756,0.24438347,0.035524704,0.9993617
221,sonora_256_50_693,0.28452203,0.7200956,0.00018260359,0.007676862,0.67132485,0.42427126,0.99465007
222,hv_256_50_3158,0.19760211,0.47803077,6.6027437e-06,0.0031665224,0.9111573,0.10440413,0.99629396
223,hv_256_50_2783,0.18518995,0.6089191,4.7085374e-05,0.003315612,0.91333437,0.3125888,0.9969151
224,hv_256_50_2776,0.35832447,0.63043505,7.217776e-05,0.0031279472,0.34877998,0.07500836,0.9991817
225,sonora_256_50_2427,0.36513177,0.7040114,0.00012922961,0.0039286935,0.40094706,0.10531167,0.99910814
226,hv_256_50_1675,0.13145913,0.38474396,2.5788442e-05,0.0075047584,0.9952754,0.73755175,0.95619816
227,sonora_256_50_1192,0.35393617,0.8059116,0.0003479271,0.005131644,0.571621,0.07953109,0.9984396
228,hv_256_50_1665,0.084279284,0.21426499,7.6436334e-07,0.0030222319,0.9981881,0.43064165,0.9864493
229,hv_256_50_619,0.12787378,0.36770943,3.98023e-05,0.008157039,0.9958983,0.7681,0.95692825
230,hv_256_50_2855,0.1708672,0.41737798,1.2082158e-05,0.004401987,0.9800004,0.20931253,0.9937226
231,hv_256_50_1630,0.16077101,0.4568902,4.6036475e-05,0.008447688,0.98273563,0.6043468,0.9747813
232,hv_256_50_560,0.14366293,0.48250055,2.297163e-05,0.0037073002,0.987648,0.5284984,0.9900795
233,hv_256_50_684,0.07067124,0.21415985,4.2375643e-07,0.003846313,0.9988024,0.42702535,0.9623203
234,hv_256_50_1534,0.046881806,0.1957147,6.9439415e-07,0.0038815069,0.99977416,0.34923273,0.96487904
235,hv_256_50_2100,0.117213644,0.4080001,3.850183e-05,0.010955163,0.99794704,0.30657315,0.9696229
236,sonora_256_50_731,0.36885998,0.5940633,0.00018333092,0.0045222277,0.2479001,0.03932574,0.998892
237,hv_256_50_3243,0.18945572,0.45802265,6.031091e-06,0.0032641897,0.9568539,0.09322751,0.9959929
238,hv_256_50_1105,0.024828529,0.13285075,2.1579014e-08,0.0015726225,0.99984086,0.35607317,0.9607411
239,sonora_256_50_3469,0.3046218,0.5630137,2.9091154e-05,0.0018007057,0.38743153,0.0645267,0.9992649
240,sonora_256_50_852,0.38899937,0.6126682,0.0002996512,0.006766984,0.22120452,0.05056769,0.99759823
241,hv_256_50_330,0.12877898,0.4229349,7.429725e-05,0.0060569276,0.99313194,0.70138067,0.9790703
242,sonora_256_50_3255,0.28993678,0.5809493,3.595773e-05,0.0019420322,0.41174886,0.07359175,0.999215
243,hv_256_50_1988,0.18591675,0.4986847,7.129005e-06,0.0015035893,0.80907845,0.06802941,0.9989355
244,hv_256_50_1293,0.3973151,0.74437106,0.0003267381,0.0067389444,0.41499513,0.12704341,0.99867624
245,hv_256_50_495,0.21398196,0.5817386,0.000802898,0.017932916,0.9871432,0.73951715,0.9648345
246,sonora_256_50_36,0.41375402,0.55543226,0.00055253657,0.0076390645,0.17321447,0.049911514,0.99848205
247,hv_256_50_2705,0.24917908,0.51490074,1.6075832e-05,0.0012985788,0.56347954,0.060537815,0.999329
248,hv_256_50_400,0.12309829,0.307821,1.261634e-05,0.007649699,0.99577725,0.587122,0.96376824
249,hv_256_50_1532,0.042080473,0.27343598,9.860042e-07,0.0047028046,0.99987817,0.43866774,0.9199786
250,sonora_256_50_2205,0.37784678,0.65196306,0.00032888324,0.005840806,0.29895446,0.047518197,0.99864465
251,sonora_256_50_1995,0.36988202,0.6310554,0.00021619478,0.0073912963,0.21856211,0.11792814,0.9967745
252,hv_256_50_3522,0.38968453,0.6336791,0.0002239619,0.0064607533,0.3129762,0.08128986,0.9980459
253,sonora_256_50_1855,0.37589633,0.5829177,0.00011978358,0.003473309,0.22034515,0.033756174,0.99917716
254,sonora_256_50_2778,0.3580834,0.61652136,5.6069355e-05,0.0023349184,0.34661436,0.06261588,0.9995097
255,hv_256_50_2178,0.17473184,0.4318752,2.5781603e-05,0.0066172862,0.983023,0.26582927,0.9899889
256,sonora_256_50_2915,0.30238664,0.56012094,3.0636827e-05,0.0016285985,0.3909734,0.055113133,0.9993661
257,hv_256_50_1318,0.03397205,0.15001056,4.3470248e-08,0.0019774889,0.9996393,0.336116,0.9706646
258,sonora_256_50_2162,0.36793715,0.607604,6.7918925e-05,0.002436305,0.33662236,0.044470146,0.9995022
259,hv_256_50_628,0.21650092,0.60958004,5.274932e-05,0.0049858666,0.91411257,0.31002402,0.9949728
260,hv_256_50_2173,0.17402534,0.54585785,7.379527e-05,0.0045959554,0.96768814,0.4537686,0.9932781
261,sonora_256_50_285,0.28831568,0.6322005,4.625624e-05,0.0030517667,0.62903327,0.13112377,0.99867046
262,sonora_256_50_540,0.4110197,0.66534954,0.0006503314,0.009301229,0.34688297,0.060690545,0.9981384
263,hv_256_50_3019,0.20564613,0.553439,2.4753881e-05,0.0027503176,0.86349696,0.15133554,0.9981186
264,sonora_256_50_1374,0.39269966,0.633726,0.00020431084,0.006065781,0.24430202,0.05719738,0.9982139
265,hv_256_50_1028,0.33026862,0.64259326,0.00037902902,0.008975986,0.5862152,0.14992732,0.99145937
266,hv_256_50_2948,0.19239397,0.5046839,1.2135855e-05,0.0011956948,0.72589046,0.058642376,0.99924684
267,sonora_256_50_3449,0.21242055,0.52824014,1.2325344e-05,0.0014257771,0.63198334,0.07822167,0.9991959
268,sonora_256_50_1144,0.38554215,0.6406942,0.00014870541,0.0043992875,0.2936935,0.04976152,0.998862
269,hv_256_50_1461,0.116018675,0.38105026,7.98954e-05,0.010778307,0.9990219,0.39338085,0.9651086
270,sonora_256_50_3546,0.2908942,0.5972768,3.450331e-05,0.0019972525,0.43442088,0.085489444,0.99920446
271,sonora_256_50_594,0.36234272,0.5899657,0.00017000706,0.004347948,0.23577327,0.03831927,0.9986582
272,sonora_256_50_2721,0.33842418,0.60084856,4.6335972e-05,0.0019103696,0.37340632,0.05732815,0.9995522
273,hv_256_50_733,0.39459392,0.6254098,0.00016222884,0.003435507,0.24883482,0.021557527,0.99911875
274,sonora_256_50_1875,0.38076922,0.5751268,8.5823194e-05,0.0025508152,0.2691304,0.03584125,0.9994653
275,sonora_256_50_1101,0.29644734,0.46684307,3.17713e-05,0.002821519,0.61406904,0.074642606,0.9986426
276,sonora_256_50_2562,0.2410726,0.5578482,2.4133775e-05,0.0014280778,0.46607888,0.077200904,0.99915385
277,hv_256_50_2060,0.19639747,0.5548135,8.09701e-05,0.0058905603,0.92827404,0.43222216,0.9907808
278,hv_256_50_1696,0.33759102,0.6608209,6.7609784e-05,0.0026287243,0.38325816,0.077929124,0.9993179
279,hv_256_50_1231,0.21564518,0.6131415,4.7632064e-05,0.001767802,0.600556,0.13557991,0.99901927
280,sonora_256_50_3431,0.324033,0.5874958,3.8812046e-05,0.0017763706,0.36699188,0.06354999,0.9995115
281,hv_256_50_2625,0.36572158,0.6339423,6.175463e-05,0.0027214978,0.34471676,0.066485405,0.9993868
282,sonora_256_50_1770,0.38094464,0.62754774,0.00010048761,0.0037384632,0.31636986,0.06498878,0.99902046
283,hv_256_50_3235,0.14937215,0.3830727,1.1164605e-06,0.0024124908,0.9639533,0.11697918,0.9944344
284,hv_256_50_2663,0.221721,0.5474679,2.8714563e-05,0.0032190995,0.79445744,0.22298719,0.99721307
285,sonora_256_50_1341,0.36901432,0.6222563,0.00013571451,0.0040769065,0.27900448,0.047232058,0.99908864
286,sonora_256_50_632,0.22368205,0.59414786,3.8155795e-05,0.0045495913,0.8798111,0.27091762,0.99515474
287,hv_256_50_949,0.3924313,0.5455332,0.0005126582,0.008915082,0.28785434,0.08725662,0.99752194
288,sonora_256_50_3341,0.30193758,0.58363855,0.0004829646,0.008549607,0.85932064,0.5729779,0.9959473
289,sonora_256_50_1060,0.36042225,0.65158916,0.0008998459,0.018496012,0.5325854,0.31177923,0.9889631
290,sonora_256_50_113,0.35643223,0.80322236,0.0011195436,0.016006984,0.7920056,0.26713738,0.9924604
291,hv_256_50_3427,0.18780209,0.4969443,7.034744e-06,0.0024269302,0.93894625,0.09146661,0.9975872
292,hv_256_50_3372,0.19294913,0.4848473,6.984021e-06,0.0015160195,0.88096327,0.052434884,0.9991806
293,hv_256_50_942,0.36193436,0.6983009,0.00023583387,0.004756561,0.5805669,0.099057406,0.99872017
294,hv_256_50_780,0.03813109,0.24177578,5.482261e-07,0.0035571253,0.9998259,0.5488058,0.9378756
295,hv_256_50_186,0.19156347,0.5016018,3.0232644e-05,0.0048479117,0.8925586,0.5057881,0.99150336
296,hv_256_50_487,0.10756473,0.45443228,0.00017579067,0.017556416,0.99958926,0.8988097,0.8186527
297,hv_256_50_1990,0.24887227,0.5938635,2.8786097e-05,0.0025546276,0.57508856,0.13199763,0.99845016
298,sonora_256_50_1223,0.38124007,0.57886153,0.00018955088,0.004434209,0.19065475,0.03326986,0.99858814
299,sonora_256_50_3109,0.32062054,0.57182205,3.7617323e-05,0.0018733802,0.38119724,0.05849328,0.9993668
300,hv_256_50_1578,0.27292156,0.59009343,2.9011362e-05,0.0017253303,0.47919163,0.06849037,0.99921167
301,sonora_256_50_3396,0.2231601,0.5133851,1.9964227e-05,0.0011034055,0.53651726,0.043668106,0.9995158
302,sonora_256_50_765,0.20650329,0.61495394,0.00011188831,0.0026259567,0.8596038,0.24658695,0.9987674
303,hv_256_50_3628,0.17776707,0.43178046,2.7643025e-06,0.0023030764,0.9274103,0.09020023,0.99704236
304,sonora_256_50_1693,0.37008387,0.71608377,0.00016852816,0.0054876897,0.37301177,0.07399725,0.9981937
305,hv_256_50_1091,0.36246458,0.6756626,0.00020705916,0.0068651373,0.46496826,0.14147416,0.9974896
306,hv_256_50_462,0.36397216,0.7211255,0.0007590081,0.01698273,0.57681066,0.54032373,0.9862613
307,hv_256_50_2986,0.19953641,0.587698,2.3797335e-05,0.002026016,0.72694397,0.15058944,0.99865156
308,sonora_256_50_3119,0.2665048,0.5387795,1.8427878e-05,0.0015493017,0.49971542,0.0655557,0.99926287
309,hv_256_50_3034,0.1725995,0.44829336,3.4003394e-06,0.0022545357,0.97005504,0.07793899,0.997209
310,hv_256_50_2875,0.16236311,0.44565666,0.00010031872,0.0079153115,0.99124825,0.64327794,0.9809537
311,hv_256_50_443,0.20921831,0.4165057,4.858516e-06,0.0016063076,0.8507112,0.11698088,0.99882346
312,hv_256_50_2748,0.13814613,0.34415877,5.4142924e-06,0.006812001,0.99446917,0.26587456,0.9774892
313,sonora_256_50_3504,0.3186061,0.5847433,3.936011e-05,0.0018731876,0.35700372,0.06016719,0.9993574
314,hv_256_50_592,0.31938425,0.58435434,0.00023336292,0.0056496076,0.6340863,0.16232322,0.9978522
315,hv_256_50_7,0.2548262,0.65388227,0.00063037925,0.0072662206,0.9578257,0.3490272,0.9963257
316,sonora_256_50_1004,0.38682917,0.66142845,0.00016074035,0.004227884,0.28039914,0.039917026,0.99879634
317,sonora_256_50_1012,0.38933516,0.61150104,0.00015515595,0.0040740245,0.32912257,0.034309212,0.99888295
318,sonora_256_50_2210,0.27766812,0.58989036,3.1394935e-05,0.0019445802,0.5215202,0.082036816,0.999241
319,sonora_256_50_364,0.2655459,0.7279931,0.0001734123,0.0033685006,0.7434673,0.19529612,0.99830747
320,hv_256_50_2541,0.1313283,0.36189505,1.2804571e-05,0.005503842,0.9974311,0.18019658,0.9888576
321,hv_256_50_3688,0.25202468,0.55584174,2.5436697e-05,0.0016140584,0.46258327,0.06940175,0.99909806
322,hv_256_50_3132,0.1862529,0.5524904,2.0993504e-05,0.0021924984,0.80477846,0.19912672,0.9975746
323,sonora_256_50_993,0.32244092,0.71447074,0.0003834804,0.008390897,0.6359227,0.13631883,0.9970794
324,sonora_256_50_151,0.31336346,0.7038604,6.616032e-05,0.0026971854,0.54622144,0.11113795,0.9992582
325,hv_256_50_3501,0.17649661,0.43836722,9.03453e-06,0.003304333,0.974686,0.113164924,0.9956554
326,hv_256_50_1258,0.16876358,0.43888724,0.000106299245,0.008645285,0.98743814,0.6758913,0.9789317
327,hv_256_50_408,0.15487292,0.5057633,4.5543234e-06,0.0021840804,0.9678211,0.16852988,0.99737453
328,sonora_256_50_3290,0.3791592,0.5015867,7.0681985e-05,0.002364516,0.21994945,0.027269714,0.99946636
329,hv_256_50_3356,0.18134156,0.4766453,6.860588e-06,0.0014409106,0.81910354,0.07664112,0.9989208
330,hv_256_50_333,0.20306408,0.6076694,4.843101e-05,0.0033848335,0.9130846,0.2997899,0.9970488
331,hv_256_50_387,0.3800678,0.65092266,0.0012437743,0.017225372,0.63512826,0.31619838,0.9937056
332,sonora_256_50_3249,0.3277708,0.59705347,4.500634e-05,0.0021361278,0.3541661,0.06670565,0.9993037
333,sonora_256_50_2371,0.36343196,0.63068163,6.4693304e-05,0.0026185575,0.33382,0.06911129,0.99946314
334,sonora_256_50_1835,0.37923595,0.60503197,8.003494e-05,0.0027452724,0.2762306,0.047297306,0.99948657
335,sonora_256_50_2885,0.33008948,0.553221,3.3065346e-05,0.0017264812,0.3941235,0.050803725,0.9995154
336,hv_256_50_1137,0.3907612,0.58657277,0.00019978131,0.005127987,0.22443941,0.040019725,0.9986035
337,hv_256_50_1451,0.029342806,0.14095457,1.5027693e-07,0.0026383672,0.9998388,0.3812856,0.95337963
338,sonora_256_50_2527,0.42389393,0.54814154,0.00029017412,0.0043237065,0.23317716,0.017824404,0.9991491
339,sonora_256_50_303,0.3875797,0.71154696,0.000705772,0.013632019,0.3969186,0.18564124,0.99606884
340,sonora_256_50_866,0.37248215,0.58194816,0.00022795307,0.0062638777,0.23442924,0.06401086,0.99808574
341,hv_256_50_2501,0.16281763,0.42987663,6.2722916e-06,0.005094136,0.9426921,0.449531,0.9843535
342,hv_256_50_1767,0.3028085,0.6447504,4.1764877e-05,0.0026118972,0.54517955,0.11033946,0.99895966
343,sonora_256_50_3279,0.35674894,0.60156053,0.00022465849,0.005243563,0.29659626,0.05684227,0.9981793
344,hv_256_50_3575,0.166179,0.39657626,5.3772737e-06,0.0041745934,0.9853195,0.12632267,0.99309796
345,hv_256_50_453,0.3569059,0.82236207,0.0017346059,0.015433657,0.84626734,0.19814368,0.994207
346,hv_256_50_421,0.22006997,0.5700647,2.2777458e-05,0.004057491,0.8732041,0.34993646,0.99504167
347,sonora_256_50_2671,0.35906944,0.59165233,9.4851646e-05,0.0032659187,0.32322845,0.051048,0.9993156
348,hv_256_50_2113,0.26077002,0.5431242,2.755831e-05,0.0015634425,0.49171922,0.062251974,0.99909854
349,sonora_256_50_3349,0.3639073,0.48831654,0.00011842424,0.002792881,0.16991052,0.02190392,0.99914885
350,sonora_256_50_3309,0.26963615,0.5806159,2.9478806e-05,0.0022204902,0.48637235,0.10051441,0.9988808
351,sonora_256_50_871,0.35509986,0.6970996,0.00014404173,0.0035592453,0.3891291,0.063735574,0.9991123
352,hv_256_50_441,0.26279712,0.5840284,3.1912743e-05,0.002158538,0.5697469,0.09528291,0.9989027
353,sonora_256_50_1906,0.34044835,0.61376446,5.4569915e-05,0.0024064756,0.37770256,0.07698666,0.9994473
354,sonora_256_50_251,0.40801677,0.7030334,0.0005729028,0.007287584,0.36664104,0.057519563,0.9988778
355,sonora_256_50_2657,0.3847451,0.59512943,8.91388e-05,0.0027847942,0.26021203,0.042537097,0.99951077
356,sonora_256_50_1294,0.40077507,0.5367677,0.0004019904,0.0067210696,0.17970346,0.054660853,0.9981133
357,sonora_256_50_827,0.3682319,0.52771217,0.00013409293,0.0036528702,0.1855743,0.028035391,0.99891925
358,hv_256_50_722,0.35013136,0.6496351,0.00014340707,0.0076186755,0.2901358,0.11677599,0.9951934
359,hv_256_50_2885,0.18139595,0.44154263,3.7301559e-06,0.0026397677,0.9354277,0.09608884,0.99644816
360,hv_256_50_2656,0.2246444,0.6047668,5.1217634e-05,0.0029782888,0.73175985,0.21860892,0.99722326
361,sonora_256_50_1981,0.40255877,0.5376606,0.0003864753,0.0058794017,0.18574627,0.033716828,0.99881387
362,sonora_256_50_1905,0.36210763,0.6034186,5.848503e-05,0.0023849257,0.33407712,0.055988833,0.99952483
363,hv_256_50_865,0.3029125,0.572771,2.7790875e-05,0.0027309952,0.52358556,0.09086829,0.99862933
364,sonora_256_50_830,0.24180533,0.6803463,4.5336088e-05,0.0019684003,0.6555843,0.11292102,0.9991866
365,sonora_256_50_2815,0.22627527,0.46814218,1.1220278e-05,0.0010806158,0.604483,0.04981283,0.9992791
366,sonora_256_50_3662,0.19903444,0.5589776,1.6826842e-05,0.0017873445,0.7146945,0.12066848,0.9987903
367,sonora_256_50_2423,0.2889053,0.5893005,3.642469e-05,0.0018846698,0.40957704,0.074607134,0.99922013
368,sonora_256_50_2021,0.3775446,0.6314272,8.003906e-05,0.003120136,0.33756295,0.07004452,0.9994048
369,hv_256_50_2316,0.15649135,0.49567586,3.1252745e-05,0.004398724,0.9923368,0.21089008,0.99371654
370,sonora_256_50_634,0.16826348,0.59861195,8.473554e-05,0.0026636028,0.9361831,0.34892923,0.9976261
371,hv_256_50_2827,0.054263335,0.22902593,1.8009184e-06,0.005609603,0.9994267,0.38827705,0.9512443
372,sonora_256_50_2276,0.3886497,0.6738804,0.000439723,0.01050214,0.28050494,0.13172115,0.99588376
373,hv_256_50_842,0.038904876,0.1824461,1.3403976e-06,0.004427327,0.9998579,0.34602752,0.9604375
374,hv_256_50_383,0.3962871,0.74975604,0.000643562,0.013551755,0.39528954,0.13081628,0.9934056
375,sonora_256_50_1810,0.3725759,0.54471993,9.4549585e-05,0.0028948889,0.23708683,0.029828614,0.99903286
376,sonora_256_50_2211,0.32429996,0.6357978,7.56364e-05,0.0037508102,0.4129124,0.12933314,0.9987149
377,hv_256_50_2246,0.09295194,0.30136663,3.275651e-07,0.0020556385,0.99494004,0.30398095,0.9904835
378,sonora_256_50_3480,0.3041441,0.55938905,2.9199407e-05,0.0015788181,0.42686403,0.0557133,0.9994692
379,sonora_256_50_3670,0.18799853,0.43975297,5.085856e-06,0.0027945787,0.9314811,0.09121305,0.99680114
380,sonora_256_50_3590,0.20995454,0.5345505,2.1442514e-05,0.0012827214,0.62269866,0.059824366,0.99926037
381,hv_256_50_3453,0.3904366,0.5298739,0.00012333706,0.0037207645,0.17751586,0.029671991,0.9986356
382,sonora_256_50_1724,0.3740119,0.56446844,0.0001195857,0.003425812,0.22102968,0.034356456,0.9990414
383,hv_256_50_3293,0.19582242,0.48586035,6.9293947e-06,0.0021092452,0.90330714,0.076624505,0.99841106
384,sonora_256_50_2635,0.36636043,0.6130544,6.7967e-05,0.0025264313,0.32117042,0.055848684,0.99950206
385,hv_256_50_2408,0.031575672,0.2251238,8.181376e-07,0.004199553,0.9999125,0.3740271,0.9471427
386,hv_256_50_1639,0.2063797,0.58920896,3.3596953e-05,0.00233015,0.81959194,0.1762296,0.99823004
387,hv_256_50_486,0.11008118,0.42584297,7.3898365e-05,0.008771788,0.9992046,0.5881398,0.9655677
388,hv_256_50_1523,0.01970333,0.13241202,1.4357789e-08,0.0014072694,0.99988985,0.3897721,0.95600945
389,sonora_256_50_1813,0.3696478,0.5835624,8.366062e-05,0.0030399442,0.25955275,0.034163967,0.99891174
390,hv_256_50_3120,0.3122805,0.63239545,5.333384e-05,0.0024713601,0.3898307,0.0892957,0.99922156
391,sonora_256_50_1891,0.2812189,0.56922185,2.5571391e-05,0.0015762938,0.44606796,0.063324384,0.9992797
392,hv_256_50_291,0.10624031,0.35819075,4.846132e-05,0.014833655,0.99823844,0.7748021,0.88843703
393,sonora_256_50_895,0.38612798,0.5556269,0.00017914509,0.0042820047,0.18260312,0.025686705,0.9982864
394,sonora_256_50_412,0.3773079,0.565089,0.00025698193,0.00561921,0.17742905,0.045765612,0.9979406
395,hv_256_50_1823,0.16040972,0.4341735,6.176793e-06,0.0031747737,0.9796265,0.21670735,0.9950714
396,hv_256_50_1334,0.075360835,0.2632828,9.9824e-06,0.00656429,0.9997781,0.3584022,0.96637106
397,hv_256_50_1673,0.09293664,0.3217096,1.3623768e-05,0.008718112,0.9992473,0.7571896,0.92314416
398,hv_256_50_3095,0.18303755,0.45958215,5.81445e-06,0.0030021872,0.94293416,0.111897565,0.9958967
399,sonora_256_50_2445,0.24680582,0.54299974,1.864618e-05,0.0011949856,0.49362624,0.054140266,0.99938154
400,hv_256_50_3084,0.17518888,0.3852198,9.774147e-06,0.007367918,0.97202694,0.24686106,0.98628116
401,hv_256_50_338,0.11794884,0.31946772,8.6550534e-07,0.0030492058,0.99184227,0.21276166,0.98846763
402,sonora_256_50_764,0.21331385,0.6727056,0.00018275391,0.005153102,0.8775591,0.4116638,0.9958074
403,sonora_256_50_2483,0.35897478,0.5142334,0.00021694621,0.004499853,0.21243238,0.045091327,0.99851924
404,sonora_256_50_3501,0.33907977,0.60997623,4.9396967e-05,0.0024588865,0.35909238,0.078709185,0.99933726
405,sonora_256_50_2733,0.35737076,0.556683,0.00026196416,0.004478103,0.32283542,0.04991114,0.99886453
406,hv_256_50_2216,0.13348801,0.37542468,4.362247e-06,0.00410625,0.98828226,0.53611827,0.98507893
407,hv_256_50_3683,0.23579045,0.5451379,2.1329792e-05,0.001232661,0.46394068,0.06099985,0.99913543
408,sonora_256_50_671,0.31531054,0.6675883,0.0004890938,0.0075973654,0.7497791,0.2087955,0.99756986
409,sonora_256_50_3324,0.23426516,0.5855686,3.415655e-05,0.0018058771,0.4761473,0.10715262,0.9990879
410,hv_256_50_1089,0.3489652,0.6918019,0.00018950028,0.0059568486,0.461539,0.22117615,0.9982309
411,sonora_256_50_3100,0.35749316,0.60404843,5.9203063e-05,0.0024306758,0.30497792,0.06365979,0.9995221
412,hv_256_50_1566,0.1895744,0.45682818,0.000101180005,0.0043481374,0.9303199,0.45738053,0.99561226
413,hv_256_50_3529,0.29111814,0.53092045,2.1583543e-05,0.0015092044,0.4759223,0.055287328,0.9994192
414,sonora_256_50_3694,0.36292613,0.5261111,0.0001289664,0.0034294655,0.21819668,0.031724785,0.99901867
415,hv_256_50_3124,0.19679277,0.5226211,1.3329275e-05,0.001493204,0.7302417,0.08982379,0.9988073
416,hv_256_50_3029,0.09372619,0.32032537,6.71631e-06,0.008594601,0.99927706,0.31286603,0.947631
417,hv_256_50_1012,0.38508725,0.7030427,0.0002341423,0.0037280028,0.4031754,0.030403176,0.99908185
418,sonora_256_50_2642,0.3562603,0.5961831,5.813411e-05,0.0023926117,0.35878286,0.059493996,0.99949384
419,sonora_256_50_2573,0.37383276,0.6619992,0.00010213542,0.0034749976,0.32988626,0.077547655,0.99928635
420,hv_256_50_1633,0.22356693,0.65981054,5.2976015e-05,0.0030896524,0.86929715,0.1577249,0.9983436
421,hv_256_50_2989,0.21459645,0.62712145,3.84509e-05,0.0025085912,0.7723359,0.18808597,0.9982333
422,hv_256_50_3555,0.16559885,0.38604894,2.88458e-06,0.0041451864,0.96418333,0.15922944,0.99113315
423,hv_256_50_2158,0.15379943,0.3948701,4.861499e-05,0.009960894,0.99570763,0.30064023,0.9814249
424,sonora_256_50_2362,0.37279922,0.5434523,5.6392757e-05,0.0021506392,0.25752604,0.033726156,0.9994974
425,sonora_256_50_1353,0.381469,0.55932015,9.8371434e-05,0.0027091738,0.21498418,0.025139688,0.999361
426,sonora_256_50_390,0.39300197,0.6191605,0.0005585819,0.009178122,0.30793074,0.06789754,0.9972537
427,hv_256_50_3634,0.18136579,0.46657464,4.782467e-06,0.0020918518,0.9408545,0.071778506,0.99795353
428,hv_256_50_824,0.24765033,0.71326715,0.00014046647,0.0048674517,0.74505764,0.34003583,0.997047
429,sonora_256_50_3135,0.3717619,0.5785957,5.936147e-05,0.0022643781,0.29727218,0.044449776,0.99956375
430,hv_256_50_1590,0.05260463,0.22578429,8.251233e-08,0.0018682479,0.99935263,0.45333633,0.9731181
431,hv_256_50_3610,0.33846465,0.5985102,5.2411313e-05,0.0020340753,0.36829576,0.06253494,0.9994973
432,sonora_256_50_1011,0.3802801,0.606229,0.00011996007,0.0035443015,0.30041313,0.032315183,0.99911326
433,sonora_256_50_3242,0.21528974,0.5071818,1.801921e-05,0.00091704994,0.46356088,0.049364854,0.9993876
434,hv_256_50_1094,0.35842556,0.6145983,8.03225e-05,0.0026415836,0.37597764,0.072962105,0.9994797
435,hv_256_50_464,0.36001614,0.6460028,0.00037117358,0.010559213,0.4187257,0.18550093,0.9960622
436,sonora_256_50_2132,0.40315193,0.5964749,0.0005136879,0.008794442,0.3139604,0.060586955,0.9977817
437,sonora_256_50_611,0.4062402,0.64658064,0.00084727583,0.013140995,0.33738565,0.14332412,0.99623185
438,sonora_256_50_2560,0.29792535,0.63434714,5.4072978e-05,0.0020363766,0.40872732,0.07917871,0.9992536
439,sonora_256_50_740,0.38292795,0.6357687,0.00027524764,0.0044792406,0.3535527,0.032144636,0.99917287
440,sonora_256_50_2175,0.36415982,0.6132571,6.4657164e-05,0.0022335397,0.3590603,0.05716472,0.99961615
441,hv_256_50_211,0.19610573,0.5506908,4.8296202e-05,0.004493678,0.9156188,0.5017609,0.9932597
442,hv_256_50_725,0.325342,0.7062622,7.9353485e-05,0.004040629,0.46783984,0.13868542,0.99844426
443,sonora_256_50_3236,0.37468976,0.61053157,6.754386e-05,0.0027547937,0.31299892,0.062392317,0.9994992
444,sonora_256_50_311,0.3687489,0.6398756,0.00033323554,0.006478499,0.30234778,0.06408473,0.99851364
445,sonora_256_50_841,0.13254718,0.5136459,8.5203865e-05,0.0043176487,0.98879427,0.5322245,0.99234253
446,sonora_256_50_1797,0.35726768,0.6299471,7.034967e-05,0.0028414177,0.3778145,0.072063245,0.9993488
447,sonora_256_50_1740,0.37694693,0.5354919,0.00010965718,0.003223704,0.27650127,0.035937417,0.9992415
448,hv_256_50_3042,0.35432234,0.5594148,4.6656867e-05,0.002240156,0.30890408,0.046836678,0.99939656
449,hv_256_50_2763,0.33307236,0.59415543,4.4984157e-05,0.0019840696,0.38121456,0.06076106,0.9994881
450,hv_256_50_2207,0.20232846,0.5068364,1.5453412e-05,0.00122524,0.60754806,0.05582479,0.9991615
451,sonora_256_50_3346,0.37010425,0.51780623,0.00058529055,0.007932982,0.39666793,0.07235212,0.9965951
452,hv_256_50_2197,0.1975712,0.5969824,2.3412522e-05,0.002527773,0.83685744,0.1656616,0.9979786
453,hv_256_50_2729,0.15757078,0.3868926,2.3403836e-05,0.00863618,0.99459475,0.30553702,0.9785517
454,hv_256_50_1424,0.29672262,0.6541288,5.4479497e-05,0.0026065377,0.49226934,0.110546894,0.9991641
455,hv_256_50_2868,0.1793542,0.50425303,9.965849e-06,0.0025321227,0.9557383,0.1087995,0.9977307
456,hv_256_50_2540,0.087294154,0.32274228,4.5847282e-06,0.0066608274,0.998877,0.32355863,0.9649039
457,hv_256_50_2685,0.048462383,0.17901842,5.0962914e-08,0.0023492195,0.99952686,0.36027807,0.9586228
458,sonora_256_50_3164,0.36575603,0.60818017,5.9073696e-05,0.0023769406,0.32807863,0.0643289,0.99956495
459,hv_256_50_1270,0.13779645,0.25742376,1.1088841e-05,0.00818179,0.99478686,0.46332476,0.9737688
460,sonora_256_50_1932,0.3699564,0.58906573,7.928867e-05,0.0028353687,0.31149694,0.04440407,0.99939644
461,hv_256_50_3419,0.19328645,0.4847019,5.1660054e-06,0.0017559362,0.88475937,0.060346983,0.99877447
462,sonora_256_50_572,0.30768475,0.7965199,0.00046479196,0.009516003,0.7483483,0.3976365,0.9954015
463,sonora_256_50_477,0.37104797,0.5823082,0.00021750688,0.004305804,0.20957386,0.040411953,0.9990158
464,hv_256_50_3222,0.1819992,0.4461371,6.259856e-06,0.0025935464,0.9455296,0.09618221,0.9971825
465,sonora_256_50_2954,0.35262632,0.57825524,4.1831605e-05,0.0020402581,0.331916,0.051815152,0.9995378
466,sonora_256_50_1487,0.37632412,0.5871587,7.5424505e-05,0.0027286108,0.29352814,0.039076384,0.99938715
467,sonora_256_50_3028,0.3736455,0.5637982,6.514399e-05,0.0023384886,0.2699383,0.0386561,0.999582
468,sonora_256_50_3690,0.36519852,0.7005076,0.00018484077,0.003856096,0.4735779,0.062311765,0.99922335
469,sonora_256_50_2348,0.22014695,0.5915628,9.199661e-05,0.00426122,0.8155112,0.3963317,0.99609154
470,hv_256_50_3407,0.2556906,0.6066526,2.7755328e-05,0.0016896839,0.52529734,0.08334469,0.9991911
471,sonora_256_50_1537,0.40255907,0.5678795,0.0002157218,0.0061255125,0.17805363,0.04473699,0.99817574
472,sonora_256_50_1000,0.38876316,0.6189867,0.00030006687,0.009462395,0.28430465,0.12097929,0.9970132
473,hv_256_50_2273,0.20480695,0.49022016,1.481111e-05,0.0011653601,0.725646,0.04092176,0.9995277
474,hv_256_50_713,0.13014734,0.29213583,8.309063e-06,0.007381014,0.99359775,0.56951904,0.9763014
475,sonora_256_50_2860,0.36839294,0.558479,5.528884e-05,0.00235916,0.2951531,0.037907988,0.9993142
476,hv_256_50_1052,0.10402763,0.5325816,3.5375913e-05,0.0034987202,0.9977635,0.38762403,0.99219054
477,hv_256_50_2751,0.101359434,0.27279004,5.2633476e-07,0.0041069854,0.9958697,0.27169278,0.97396797
478,sonora_256_50_2640,0.37272057,0.5891781,6.138813e-05,0.002407316,0.30150804,0.04836148,0.99954695
479,hv_256_50_651,0.25344816,0.5304645,1.9834464e-05,0.0022376017,0.76812804,0.09215149,0.99876654
480,hv_256_50_2582,0.099306986,0.25505412,1.5302271e-06,0.0034719806,0.9926312,0.54793084,0.97783226
481,hv_256_50_1902,0.1355064,0.39145717,8.147751e-05,0.005966626,0.9961849,0.39564204,0.98963624
482,sonora_256_50_1299,0.35792753,0.6633665,0.00025986118,0.0073085595,0.31494218,0.072156645,0.99737644
483,hv_256_50_3107,0.36234435,0.61333436,6.473539e-05,0.0025577024,0.3437555,0.065704994,0.99946696
484,hv_256_50_2612,0.093961276,0.27653012,7.208647e-07,0.0038717405,0.99814343,0.24642956,0.9772733
485,hv_256_50_2261,0.1872419,0.44797352,4.809245e-06,0.0037168725,0.94128555,0.1283005,0.994733
486,sonora_256_50_1138,0.26062116,0.5770935,4.3807922e-05,0.0015518182,0.37545043,0.07423448,0.9992762
487,hv_256_50_2584,0.14297417,0.31912854,6.054309e-06,0.006797889,0.9849006,0.5425086,0.97466516
488,hv_256_50_14,0.12634581,0.3964944,0.00015670418,0.009976032,0.9985061,0.74173176,0.95794594
489,sonora_256_50_792,0.3848604,0.52208686,0.0002357327,0.0046127,0.14942102,0.029423298,0.9980342
490,hv_256_50_3570,0.1780276,0.46138304,6.18179e-06,0.002678688,0.96471924,0.0934007,0.9968286
491,sonora_256_50_1333,0.3848575,0.6488356,0.00011916815,0.0031661505,0.32131842,0.035475276,0.99925154
492,hv_256_50_1709,0.20836739,0.57605326,1.969722e-05,0.001794775,0.74337924,0.09695746,0.9990947
493,hv_256_50_3470,0.34975508,0.58693135,4.4548076e-05,0.0019722052,0.3380965,0.05399454,0.9995365
494,hv_256_50_2231,0.22371988,0.5296749,2.031452e-05,0.0037594836,0.8272557,0.28825518,0.9959811
495,hv_256_50_3067,0.112132125,0.30347508,1.5161571e-06,0.00602186,0.99479455,0.43997684,0.9590056
496,sonora_256_50_3101,0.31444806,0.6208746,5.0854855e-05,0.0023764148,0.35547358,0.09228292,0.9992902
497,sonora_256_50_776,0.34110993,0.7222375,0.00012081427,0.0040130657,0.5777463,0.12877527,0.9988148
498,sonora_256_50_199,0.36203203,0.69197977,0.00026573197,0.007492277,0.39007515,0.13122162,0.9978823
499,hv_256_50_2262,0.19632038,0.5449313,9.941055e-06,0.0024745045,0.9201104,0.08782121,0.99830353
500,hv_256_50_966,0.24560227,0.56826055,0.00022958923,0.005839997,0.85366064,0.61223125,0.9946609
501,sonora_256_50_1834,0.37968668,0.5936159,7.3513205e-05,0.002677166,0.2772461,0.042884372,0.9995061
502,hv_256_50_2219,0.094086096,0.2971378,1.7568699e-06,0.0030382914,0.9967914,0.5916051,0.9803004
503,hv_256_50_90,0.02027775,0.11457821,1.0347746e-07,0.002000504,0.9999496,0.33539164,0.9661414
504,sonora_256_50_1231,0.33136058,0.66616786,0.0001646641,0.003845031,0.5115066,0.04818309,0.9989962
505,sonora_256_50_1362,0.39384288,0.5166395,0.00038515546,0.0052638925,0.21697007,0.035323966,0.99861026
506,sonora_256_50_3035,0.37980098,0.6141057,8.6582004e-05,0.0037246996,0.30281943,0.067847736,0.9991443
507,hv_256_50_1755,0.21164772,0.58839583,4.197886e-05,0.0019221115,0.66063315,0.122183576,0.9988612
508,sonora_256_50_2904,0.324589,0.6524637,5.875453e-05,0.002596107,0.431187,0.09131559,0.9992349
509,hv_256_50_1144,0.2829288,0.67186785,8.2666156e-05,0.0025623597,0.56458324,0.14996886,0.99923825
510,hv_256_50_554,0.051023785,0.21940096,2.694521e-06,0.005222803,0.9996432,0.36842757,0.95981944
511,hv_256_50_3653,0.19155395,0.4701151,7.436456e-06,0.002387676,0.9355451,0.08034246,0.99778664
512,hv_256_50_2299,0.24552092,0.6331121,7.336075e-05,0.0029714028,0.6354507,0.23678848,0.9985435
513,hv_256_50_2575,0.1785589,0.48233277,1.7509921e-05,0.0028155055,0.9445482,0.21639247,0.99698776
514,sonora_256_50_2510,0.21193346,0.58794564,3.0903087e-05,0.0017259964,0.6177227,0.10034752,0.99906975
515,sonora_256_50_2873,0.3824058,0.58120567,0.00018410869,0.005274229,0.22135602,0.04661275,0.9984285
516,sonora_256_50_739,0.3640267,0.6124309,0.00018543002,0.0035625577,0.30922934,0.02220422,0.99910516
517,hv_256_50_1499,0.34248713,0.68612015,0.00012075725,0.0052422346,0.4054609,0.18776463,0.99848324
518,sonora_256_50_1266,0.32473564,0.7564203,0.00019363273,0.0029697926,0.5794635,0.05431565,0.9993268
519,hv_256_50_2260,0.19784802,0.48321724,1.2309521e-05,0.0054792254,0.94749904,0.18538868,0.9914458
520,sonora_256_50_261,0.3244001,0.681246,0.00013378818,0.00477913,0.5034923,0.107872926,0.9982951
521,hv_256_50_61,0.1328252,0.37350842,1.137304e-05,0.0049397685,0.9884587,0.37691534,0.9889747
522,sonora_256_50_3361,0.36531898,0.58779454,5.870502e-05,0.0023212922,0.330139,0.05776916,0.9995702
523,hv_256_50_179,0.4177736,0.5965502,0.00043711392,0.006676703,0.18368557,0.048817214,0.9988845
524,sonora_256_50_2950,0.3540822,0.5897832,4.9593364e-05,0.0021237854,0.3162035,0.047913425,0.9995559
525,hv_256_50_659,0.18929444,0.44731876,8.296356e-05,0.007122582,0.9789585,0.32349065,0.9907037
526,sonora_256_50_604,0.38815755,0.67029107,0.00078211515,0.006368967,0.7099875,0.047151186,0.99897385
527,sonora_256_50_3659,0.19338706,0.4964899,1.2772033e-05,0.001173985,0.72247386,0.049512923,0.9993937
528,sonora_256_50_416,0.33472505,0.6526206,7.474808e-05,0.0036414913,0.43206868,0.12993419,0.99881065
529,sonora_256_50_1125,0.3649921,0.72360176,0.00020867249,0.0049358327,0.4331643,0.03756141,0.99841905
530,hv_256_50_295,0.056379236,0.19767894,6.829698e-07,0.00442116,0.9995616,0.5515653,0.94586575
531,sonora_256_50_3439,0.20549014,0.55278844,1.8717943e-05,0.0032579543,0.8349753,0.15495798,0.99731356
532,hv_256_50_3489,0.1894921,0.47694576,9.554608e-06,0.0019235336,0.93907756,0.066015385,0.99880946
533,hv_256_50_3115,0.34823582,0.59054154,5.227754e-05,0.0021658856,0.34957594,0.06130071,0.9994912
534,sonora_256_50_1489,0.37371823,0.5896169,7.423733e-05,0.0026329006,0.27226996,0.037306514,0.99944
535,sonora_256_50_2716,0.26062497,0.5937807,2.3390807e-05,0.0016861598,0.5086899,0.085703224,0.9991297
536,sonora_256_50_3053,0.23542772,0.5642821,2.4447188e-05,0.0012986041,0.45919967,0.060482267,0.99930346
537,hv_256_50_471,0.17413916,0.4429162,1.2698081e-05,0.0051137293,0.9740658,0.25828674,0.9908439
538,hv_256_50_2706,0.29214388,0.53609866,2.3375354e-05,0.0014370806,0.4662727,0.050724838,0.9995357
539,hv_256_50_3576,0.19292003,0.46389666,1.0465332e-05,0.00364389,0.95792305,0.11243367,0.99641365
540,hv_256_50_81,0.18696827,0.71556085,0.00046178736,0.0040877983,0.9428436,0.52818644,0.99742573
541,hv_256_50_1530,0.03306655,0.23698641,1.8797874e-06,0.0035606797,0.9999472,0.4452538,0.9524125
542,hv_256_50_2797,0.12148873,0.39497265,1.02618005e-05,0.005703284,0.9933489,0.6158457,0.96899307
543,hv_256_50_914,0.17844671,0.58812046,0.00014360974,0.008655356,0.99489623,0.5477079,0.9776252
544,sonora_256_50_3034,0.3669847,0.6058007,6.714844e-05,0.002560022,0.3074341,0.055571508,0.99949634
545,sonora_256_50_746,0.35822883,0.6283876,0.00048278391,0.009475544,0.4535817,0.17656723,0.99686664
546,sonora_256_50_2916,0.30250764,0.5777616,3.733082e-05,0.0018599719,0.4052942,0.06395522,0.9992624
547,hv_256_50_136,0.12946612,0.3748568,2.1951084e-06,0.0034494544,0.9930488,0.19013713,0.99006265
548,sonora_256_50_336,0.2551753,0.5369663,0.00013473725,0.0036917182,0.71214926,0.23577017,0.9980252
549,hv_256_50_2933,0.15857226,0.41865274,5.8941183e-05,0.0072082146,0.9941561,0.31776863,0.9875594
550,hv_256_50_2566,0.24134915,0.58021003,2.7633574e-05,0.0021337757,0.5663509,0.10119516,0.9987569
551,hv_256_50_2072,0.12322901,0.31757373,7.700125e-06,0.008967027,0.9961966,0.3166596,0.96208936
552,sonora_256_50_986,0.36421996,0.74312085,0.00022007817,0.004055911,0.41361105,0.041898698,0.9988776
553,hv_256_50_1731,0.080317095,0.3557444,4.086277e-06,0.006210365,0.9995577,0.4701642,0.94075024
554,hv_256_50_1522,0.032874897,0.15912692,2.1897425e-07,0.0031134128,0.9998505,0.40559074,0.9415772
555,sonora_256_50_1471,0.3806641,0.56487274,0.00013034504,0.0035436216,0.20288828,0.02605672,0.9989655
556,sonora_256_50_1534,0.38469568,0.60982084,0.00012856245,0.0038218228,0.29564708,0.039549258,0.9990689
557,sonora_256_50_496,0.3054907,0.80977887,0.00021387717,0.004287848,0.64546007,0.15361525,0.99870706
558,sonora_256_50_2926,0.3651234,0.6135809,5.844087e-05,0.0025169956,0.35594192,0.05500454,0.99939024
559,hv_256_50_2961,0.12370745,0.35687917,3.874193e-06,0.0055641467,0.9964766,0.23814708,0.9790419
560,sonora_256_50_3030,0.37026334,0.59903854,6.674993e-05,0.0027759005,0.3190411,0.061056014,0.9994677
561,sonora_256_50_222,0.337961,0.6926502,7.971747e-05,0.0026727987,0.4628815,0.09074453,0.99946123
562,hv_256_50_2762,0.2816094,0.56175846,3.209584e-05,0.0014404852,0.45297652,0.049558654,0.9994553
563,hv_256_50_2224,0.11900243,0.368264,2.5117924e-05,0.010558437,0.99753225,0.5558782,0.94479734
564,hv_256_50_3697,0.19436404,0.4764823,6.2179633e-06,0.0017100949,0.8945708,0.055260696,0.9989203
565,sonora_256_50_2309,0.28895426,0.54723746,2.2149925e-05,0.0014998526,0.45802405,0.05764111,0.999328
566,sonora_256_50_2645,0.32122767,0.6709287,5.8975536e-05,0.0028256918,0.4824425,0.10361425,0.9991399
567,sonora_256_50_407,0.3862702,0.5657905,0.00024846973,0.004863077,0.17447914,0.027934691,0.99886847
568,sonora_256_50_3623,0.3515318,0.49789083,0.00015182007,0.0031757923,0.18081905,0.031286478,0.9992489
569,sonora_256_50_3678,0.2574282,0.51832867,1.7981547e-05,0.001113298,0.47848666,0.04885078,0.9994235
570,hv_256_50_309,0.22641647,0.57595587,3.7133625e-05,0.0020435087,0.75236136,0.18327202,0.9987124
571,hv_256_50_2740,0.20664978,0.5620304,4.9692735e-05,0.003940137,0.88866234,0.30432582,0.9960024
572,sonora_256_50_1805,0.3753283,0.61766785,7.052996e-05,0.0025303157,0.30484667,0.044915613,0.9995566
573,hv_256_50_1957,0.028030375,0.116009064,7.1938726e-09,0.00090815657,0.9996939,0.47383627,0.978504
574,sonora_256_50_2043,0.3643586,0.6160767,6.647615e-05,0.0026625392,0.3233927,0.05970311,0.9994486
575,hv_256_50_3644,0.16403951,0.3887707,4.1723706e-06,0.004594703,0.98476255,0.14089027,0.99107414
576,sonora_256_50_524,0.35187516,0.57200664,0.00018672005,0.004181628,0.25233307,0.04084944,0.9987128
577,hv_256_50_3014,0.12566467,0.38714412,8.093829e-06,0.0041716425,0.9980642,0.262399,0.98764265
578,hv_256_50_2947,0.19647586,0.52191985,2.1684282e-05,0.0018525091,0.870692,0.10020998,0.9989146
579,sonora_256_50_3177,0.3072663,0.55559754,3.0470219e-05,0.0017440096,0.3922544,0.05900419,0.9993437
580,hv_256_50_817,0.2964006,0.64810985,4.4171367e-05,0.00432446,0.48708993,0.18122339,0.9972608
581,sonora_256_50_756,0.3510553,0.5548011,0.00020955055,0.0046112044,0.32139975,0.05704025,0.9986854
582,sonora_256_50_1210,0.33737555,0.6325225,5.4396016e-05,0.0027194018,0.44312173,0.06478101,0.9990687
583,sonora_256_50_10,0.33135673,0.726956,0.00020368006,0.0042735105,0.59149396,0.1747001,0.9990619
584,hv_256_50_2908,0.3620486,0.62169135,6.8318936e-05,0.0024800156,0.33246702,0.05726898,0.9994616
585,hv_256_50_1946,0.120487615,0.3529888,1.0140275e-05,0.007909521,0.99907637,0.28384632,0.9649443
586,sonora_256_50_2381,0.3859831,0.63127285,0.00010315936,0.0034087414,0.31081417,0.050664343,0.9993092
587,sonora_256_50_3376,0.29531658,0.59030616,3.9239432e-05,0.0019383213,0.35557088,0.07378686,0.9993012
588,sonora_256_50_1664,0.31664276,0.703986,0.00012602494,0.0055687022,0.5033565,0.2271018,0.99765116
589,hv_256_50_2028,0.057779506,0.2107087,1.0258426e-06,0.0049537364,0.998906,0.4947705,0.95870364
590,sonora_256_50_1442,0.38258517,0.6139327,0.00015795729,0.0049670297,0.20093745,0.045223147,0.9983138
591,hv_256_50_2964,0.124130055,0.3369521,6.669446e-07,0.0027196463,0.99180263,0.14241128,0.99112016
592,sonora_256_50_1691,0.33979693,0.65895295,5.918478e-05,0.0023116386,0.4440708,0.06270917,0.9994855
593,sonora_256_50_2807,0.37143418,0.5594292,0.00019362851,0.005050314,0.16712123,0.03897332,0.99820054
594,hv_256_50_1925,0.21778107,0.5608114,2.3329878e-05,0.0013754914,0.6452186,0.05955033,0.99944335
595,hv_256_50_3008,0.20741431,0.56023026,2.6358093e-05,0.002490316,0.88321257,0.10260096,0.9986467
596,hv_256_50_3339,0.23803149,0.56558824,2.934762e-05,0.0015467295,0.5242849,0.08175646,0.9991211
597,hv_256_50_2730,0.18865386,0.47676453,2.1922946e-05,0.0058537805,0.96527797,0.28829885,0.9921234
598,sonora_256_50_2588,0.38366145,0.568018,0.00010289763,0.003375526,0.25466907,0.04160941,0.99915826
599,hv_256_50_3658,0.36138105,0.57885367,0.00016131767,0.0047896607,0.22573547,0.05327114,0.99842846
600,hv_256_50_480,0.12953751,0.34367293,5.5383975e-06,0.0076812445,0.99058527,0.6619039,0.95288384
601,sonora_256_50_103,0.39148965,0.655821,0.0005062953,0.007975494,0.31752405,0.06590026,0.9982578
602,hv_256_50_3011,0.21313374,0.53786886,2.6995753e-05,0.003082304,0.883106,0.13182124,0.99806255
603,hv_256_50_1901,0.07065755,0.34075913,5.879819e-05,0.008859749,0.9995741,0.4414637,0.9647493
604,hv_256_50_2255,0.2017028,0.59549576,4.2905114e-05,0.0031794552,0.8139595,0.21716523,0.9975097
605,sonora_256_50_2563,0.24556915,0.5411284,2.069121e-05,0.0012693396,0.50822246,0.060117394,0.9994049
606,sonora_256_50_3075,0.36850366,0.5134985,0.00021469727,0.004190052,0.20377055,0.038304415,0.99890697
607,hv_256_50_3322,0.30393457,0.62676954,5.114764e-05,0.0028967683,0.43874556,0.121100254,0.9989962
608,sonora_256_50_1095,0.37854874,0.61926126,0.00019929768,0.0049897805,0.25803006,0.045702327,0.99878234
609,hv_256_50_3278,0.16538802,0.41544393,5.036907e-06,0.0038893376,0.96623135,0.2107935,0.99248886
610,sonora_256_50_1188,0.34780464,0.6717376,9.077348e-05,0.003891036,0.5321241,0.07030953,0.99866915
611,hv_256_50_2156,0.13856149,0.46157974,1.5200388e-05,0.0052446276,0.99496174,0.25478283,0.9879233
612,sonora_256_50_1173,0.3667028,0.5382215,8.5874446e-05,0.002850648,0.24794623,0.031572998,0.99927336
613,sonora_256_50_3520,0.2015648,0.5047079,1.221225e-05,0.0012536682,0.65952337,0.058228057,0.99912435
614,hv_256_50_1401,0.044716693,0.24024718,5.8363717e-06,0.005142782,0.99996686,0.5744483,0.91665983
615,hv_256_50_1601,0.040041395,0.2100055,4.2946112e-07,0.0040187375,0.99988866,0.3525677,0.9355695
616,sonora_256_50_1575,0.35192293,0.5443738,0.00020340564,0.0042842943,0.25645146,0.05648704,0.99885595
617,sonora_256_50_823,0.35183206,0.5585031,0.00016691581,0.004111306,0.31972894,0.038482204,0.9988263
618,hv_256_50_2356,0.28386354,0.6475214,4.3994765e-05,0.0024502992,0.53852624,0.12738046,0.99909353
619,sonora_256_50_872,0.36327952,0.66948944,0.00010438987,0.0030247662,0.34894028,0.03554894,0.99894565
620,sonora_256_50_1113,0.25938925,0.7351145,4.915388e-05,0.0024177146,0.6580451,0.13468584,0.9991117
621,sonora_256_50_1570,0.3887049,0.5088909,0.00028127708,0.005044768,0.17490815,0.044954978,0.99893326
622,sonora_256_50_2793,0.3576122,0.58084613,5.5496384e-05,0.0024436796,0.31830612,0.05135697,0.9993605
623,sonora_256_50_2680,0.26754782,0.60716784,5.118487e-05,0.0018449955,0.42345616,0.08065344,0.99920976
624,sonora_256_50_1027,0.37259835,0.5570531,0.00018540013,0.005030836,0.20741226,0.045756146,0.9984003
625,hv_256_50_1933,0.085238904,0.21175563,2.360082e-06,0.0077984435,0.99866223,0.4274584,0.941226
626,sonora_256_50_1833,0.387651,0.5818654,8.1351274e-05,0.0027991696,0.27428353,0.036635872,0.99946123
627,hv_256_50_3246,0.37215343,0.5805935,6.197161e-05,0.002352267,0.29968616,0.04663025,0.99952114
628,hv_256_50_1031,0.35814473,0.66714627,0.00017401838,0.0061323964,0.36585587,0.20603581,0.99826777
629,hv_256_50_2646,0.20490986,0.562558,3.973453e-05,0.0039330362,0.8390798,0.33912694,0.9960675
630,hv_256_50_1120,0.17639162,0.46925053,4.9901202e-05,0.0067748125,0.98777467,0.42191663,0.9887195
631,sonora_256_50_1807,0.36756787,0.57464325,7.7653385e-05,0.0028115285,0.2742898,0.036622144,0.999138
632,sonora_256_50_2548,0.386862,0.5111612,0.00014684963,0.004018974,0.16926001,0.030317781,0.99792635
633,sonora_256_50_2964,0.38645548,0.61065453,9.64396e-05,0.0034523518,0.283576,0.057515543,0.999271
634,hv_256_50_913,0.07357337,0.3193605,5.5774235e-05,0.010005751,0.99954,0.6847752,0.9401743
635,sonora_256_50_1839,0.36879948,0.61381006,7.137721e-05,0.0024970972,0.30233595,0.054724213,0.99957126
636,sonora_256_50_2984,0.2787757,0.55073965,2.7842869e-05,0.0014028884,0.38094035,0.050547943,0.99934787
637,sonora_256_50_58,0.34622762,0.7069685,0.00014655253,0.0054832697,0.42706734,0.09209606,0.9979259
638,sonora_256_50_1148,0.37175137,0.6001375,0.00010517281,0.0030930338,0.3027933,0.03455682,0.99927646
639,sonora_256_50_669,0.37026647,0.6641369,0.00038455136,0.0055499724,0.42308065,0.032985337,0.99865377
640,sonora_256_50_1794,0.36960074,0.5605089,8.495828e-05,0.0030989072,0.2513826,0.041825466,0.9992235
641,hv_256_50_756,0.25753522,0.6283336,6.883773e-05,0.005339086,0.67997783,0.29168788,0.9954886
642,sonora_256_50_2966,0.37771738,0.5839879,8.397321e-05,0.0031593046,0.3059666,0.04790528,0.9992188
643,sonora_256_50_476,0.36946383,0.6234942,0.00030260565,0.0061325245,0.25541142,0.06030215,0.9984376
644,sonora_256_50_2270,0.3640797,0.5969632,0.00027768814,0.0076495004,0.2890135,0.09308687,0.99683976
645,sonora_256_50_508,0.3120709,0.6172642,6.562077e-05,0.0024145849,0.34002164,0.08696025,0.99930215
646,hv_256_50_2520,0.1965441,0.6187482,8.097458e-05,0.004328593,0.901837,0.46534467,0.9951532
647,sonora_256_50_3395,0.2055936,0.5173898,1.8040857e-05,0.0011004107,0.6576728,0.048402693,0.99951565
648,sonora_256_50_1337,0.36746666,0.62379044,0.00013529006,0.0039213463,0.3174002,0.03755549,0.9983193
649,sonora_256_50_1326,0.3588013,0.75428784,0.00023947122,0.0063041947,0.5000564,0.08386781,0.9969267
650,hv_256_50_2736,0.16639787,0.43125418,1.3535059e-05,0.0063688764,0.96413225,0.40683448,0.98594785
651,hv_256_50_176,0.37082398,0.6141842,0.0002314729,0.0055571436,0.3357269,0.059957728,0.99820554
652,sonora_256_50_1665,0.28353164,0.62471056,5.9433914e-05,0.0022774737,0.53320926,0.15531774,0.99905926
653,sonora_256_50_3646,0.17196043,0.45496517,1.2621236e-05,0.0023104907,0.9311187,0.17420392,0.99778146
654,hv_256_50_1084,0.38069105,0.56536776,9.328557e-05,0.002866181,0.26002675,0.032260586,0.9994215
655,hv_256_50_1007,0.35284027,0.6309473,0.00010270285,0.0025198609,0.41489238,0.060944375,0.9995509
656,sonora_256_50_122,0.34738067,0.7177685,0.00021158555,0.008957693,0.37350184,0.14109823,0.99460137
657,sonora_256_50_343,0.379601,0.56321406,0.00017451071,0.0044760015,0.228676,0.03945531,0.99863005
658,sonora_256_50_2632,0.23364285,0.5064192,2.0648593e-05,0.0010613833,0.5127726,0.045078214,0.9993895
659,sonora_256_50_2479,0.3440396,0.47708464,9.641321e-05,0.0026856177,0.2853623,0.034306094,0.9992409
660,hv_256_50_597,0.37856054,0.59502935,0.0002771967,0.0058157924,0.2724834,0.04068559,0.9978994
661,hv_256_50_458,0.38782457,0.6887006,0.0014948944,0.026754223,0.5616128,0.35476354,0.9859308
662,hv_256_50_1079,0.3621662,0.6720477,0.00011216648,0.0043238546,0.4210573,0.06968258,0.9987502
663,sonora_256_50_1030,0.27729514,0.5247572,0.00017487901,0.005802634,0.73089325,0.38941443,0.9969693
664,hv_256_50_634,0.13360742,0.44249898,0.00038067775,0.01749252,0.9981799,0.76644737,0.9383686
665,hv_256_50_2791,0.12347187,0.31683105,1.1809147e-05,0.007226778,0.9971571,0.3290848,0.97604567
666,sonora_256_50_2953,0.35023007,0.5581507,4.1676587e-05,0.0021918225,0.3351346,0.052573726,0.99939954
667,hv_256_50_833,0.09127031,0.4478255,8.853656e-05,0.006160152,0.99958676,0.57960767,0.9753145
668,hv_256_50_663,0.35898468,0.61866814,0.00019137126,0.0038424218,0.4324,0.04139185,0.99872094
669,hv_256_50_314,0.3979564,0.6922135,0.00042780902,0.010117428,0.29634473,0.07469376,0.99600756
670,sonora_256_50_123,0.27130666,0.6248413,5.0043167e-05,0.008579931,0.73781,0.2638908,0.98766196
671,hv_256_50_1122,0.14056443,0.50535184,5.8257978e-05,0.006520927,0.98360485,0.68807197,0.98013103
672,sonora_256_50_371,0.37043342,0.6005468,0.000112548114,0.0037228847,0.33748734,0.057382297,0.99910814
673,sonora_256_50_1663,0.35640237,0.69380635,9.60143e-05,0.0035690097,0.44600412,0.10381622,0.99918085
674,sonora_256_50_2542,0.36300918,0.66164094,9.341866e-05,0.003300685,0.36144382,0.08594219,0.9993305
675,sonora_256_50_3214,0.35757267,0.5155297,0.00015462087,0.0042379615,0.22925772,0.045021046,0.9985821
676,hv_256_50_2927,0.093990244,0.24798505,7.169729e-06,0.008208609,0.99804986,0.6508302,0.9434021
677,sonora_256_50_1363,0.3868691,0.55605435,0.00037830003,0.003982406,0.28095245,0.027109347,0.9994369
678,sonora_256_50_3099,0.36466607,0.57814884,5.838629e-05,0.0022921981,0.31440035,0.0523681,0.9995603
679,sonora_256_50_516,0.34771553,0.722922,0.0002644039,0.0046518077,0.47378716,0.049500566,0.99878067
680,sonora_256_50_3182,0.32003984,0.58618045,4.3021926e-05,0.0017347933,0.36531225,0.05894107,0.99946254
681,sonora_256_50_548,0.38825914,0.50438493,0.00029641768,0.005001269,0.17203707,0.04133869,0.998871
682,hv_256_50_1737,0.018938137,0.13141312,3.3329798e-08,0.001450177,0.9999145,0.47445825,0.95335287
683,sonora_256_50_2730,0.3675811,0.44100073,0.00020479024,0.0030420998,0.15284903,0.025115944,0.99938536
684,sonora_256_50_1232,0.34743476,0.74548346,0.00022867059,0.005379274,0.5010838,0.095065944,0.9983187
685,hv_256_50_1656,0.3212976,0.5794719,3.636267e-05,0.0022252982,0.41352168,0.064226575,0.9991042
686,hv_256_50_2009,0.17014576,0.394631,3.193101e-05,0.007244946,0.99073446,0.31709966,0.98467535
687,sonora_256_50_470,0.39159417,0.61917925,0.00038590134,0.006643762,0.2295484,0.05567468,0.99831676
688,sonora_256_50_232,0.3887305,0.6875435,0.00039284967,0.0116904965,0.48315474,0.2849929,0.9962077
689,sonora_256_50_3656,0.20448567,0.5948134,2.2595123e-05,0.0026089016,0.7836046,0.15045895,0.997965
690,sonora_256_50_672,0.34095204,0.7584778,0.00082347903,0.007539452,0.885725,0.12214549,0.9981694
691,hv_256_50_1259,0.19616966,0.5757954,8.2829574e-05,0.0054534627,0.9698453,0.30682477,0.9945807
692,sonora_256_50_1743,0.369432,0.6673491,0.00012935398,0.0038955125,0.30135864,0.04262662,0.9990144
693,sonora_256_50_3216,0.35130325,0.542404,0.00015450621,0.004929165,0.2477107,0.05556391,0.9978242
694,sonora_256_50_2722,0.3642959,0.60182095,5.8685717e-05,0.0023720677,0.32397172,0.052198283,0.99951744
695,sonora_256_50_2541,0.35297987,0.66084486,7.477953e-05,0.003006156,0.39016652,0.07817011,0.99931645
696,sonora_256_50_1505,0.3771095,0.6569761,0.000337948,0.0062609273,0.36921751,0.058603812,0.9987264
697,hv_256_50_923,0.11381671,0.35807738,3.1420153e-05,0.006117555,0.99914217,0.63522476,0.9741169
698,hv_256_50_209,0.2636748,0.5201367,1.7941258e-05,0.002177129,0.74532855,0.085702054,0.998919
699,sonora_256_50_1762,0.36709028,0.6317161,0.000105373176,0.003531675,0.3349881,0.058167987,0.9991066
700,sonora_256_50_3175,0.25318202,0.5067859,1.9242245e-05,0.00106353,0.4391833,0.040374167,0.9994809
701,hv_256_50_1067,0.34665674,0.4915344,0.00016699207,0.004636,0.44070804,0.066862315,0.99797696
702,hv_256_50_3138,0.17334722,0.49683255,1.0616255e-05,0.0033951534,0.93881387,0.31051227,0.995237
703,sonora_256_50_3051,0.21289772,0.47390825,1.198193e-05,0.0009504768,0.5632887,0.04346084,0.9993331
704,sonora_256_50_66,0.34814274,0.7928158,0.00040899846,0.009297452,0.6145023,0.23154795,0.99484503
705,hv_256_50_2023,0.14896081,0.46785206,2.1472186e-05,0.0037548945,0.98223233,0.48224214,0.9907301
706,sonora_256_50_3407,0.35379165,0.7069579,0.0002489416,0.008098336,0.5338792,0.15572728,0.99625564
707,sonora_256_50_2169,0.22005908,0.55559933,1.6118676e-05,0.0015637425,0.5790201,0.08771888,0.99881387
708,sonora_256_50_655,0.3575427,0.5152195,0.00018378896,0.004488308,0.24717213,0.04067608,0.9982724
709,hv_256_50_3145,0.15203895,0.42013496,9.022691e-06,0.005571072,0.992392,0.21220492,0.9871099
710,hv_256_50_1408,0.14275351,0.37673014,5.071204e-05,0.0120840315,0.996802,0.36503097,0.9609327
711,sonora_256_50_2932,0.3387919,0.7094587,0.00025793805,0.004250153,0.7321404,0.11610277,0.99912363
712,sonora_256_50_2893,0.39569312,0.6863445,0.00025425697,0.005475311,0.3432193,0.09393609,0.9987626
713,sonora_256_50_2711,0.35988832,0.6203285,5.757078e-05,0.0025519829,0.3503143,0.066725574,0.9994473
714,sonora_256_50_1692,0.37483814,0.70073885,0.00010450769,0.0029699113,0.40087873,0.04434293,0.9992111
715,hv_256_50_2212,0.08954946,0.290013,2.8426118e-06,0.007263675,0.9986572,0.3347021,0.9497694
716,sonora_256_50_1884,0.3662248,0.6232508,9.994909e-05,0.0031285079,0.32470515,0.05707136,0.999371
717,sonora_256_50_3413,0.33230653,0.60563564,5.3335923e-05,0.0019835834,0.36522955,0.056772813,0.9994837
718,sonora_256_50_3060,0.30002183,0.5776156,3.1679232e-05,0.0017747233,0.4341997,0.06427921,0.9992156
719,sonora_256_50_1133,0.37334347,0.6075194,0.00014669388,0.004033108,0.25603834,0.031923898,0.99876726
720,hv_256_50_1388,0.05082797,0.2528754,3.3775868e-06,0.0060232505,0.9998516,0.3607802,0.94740254
721,sonora_256_50_775,0.27102464,0.7156724,8.527556e-05,0.001982983,0.7201738,0.08891595,0.9995018
722,hv_256_50_414,0.08861079,0.31693935,1.8169119e-06,0.005895606,0.9992932,0.42699483,0.9425025
723,hv_256_50_660,0.21382909,0.5799015,4.369335e-05,0.0029572193,0.7691508,0.23967244,0.99775594
724,hv_256_50_491,0.12282413,0.34456414,5.8833302e-06,0.0046371114,0.98786527,0.67477375,0.97187793
725,sonora_256_50_1078,0.37742364,0.62983173,0.00011016171,0.0029511703,0.26972413,0.029038068,0.99912816
726,sonora_256_50_1281,0.36873072,0.637971,9.101131e-05,0.0029937723,0.33464602,0.04816188,0.99940884
727,sonora_256_50_2269,0.36729866,0.5355025,0.0002558893,0.005182561,0.25336933,0.05895121,0.99848974
728,sonora_256_50_738,0.38987163,0.6282574,0.00025360862,0.0049847146,0.29672638,0.025052872,0.99824995
729,sonora_256_50_379,0.3627189,0.65754795,0.00030140812,0.0064623877,0.4289329,0.06429475,0.9982621
730,hv_256_50_2004,0.05490071,0.23639561,5.263584e-07,0.0044320812,0.99971086,0.3516353,0.9432168
731,hv_256_50_3534,0.21704105,0.5109257,1.2466193e-05,0.0013608289,0.6585703,0.06381723,0.99924004
732,sonora_256_50_786,0.32951236,0.8128147,0.00037084342,0.00922975,0.6016163,0.1792083,0.9951864
733,sonora_256_50_430,0.3842603,0.7222119,0.00026221157,0.0062894607,0.41765586,0.075846896,0.99815387
734,sonora_256_50_2990,0.29412663,0.56298095,3.4495908e-05,0.001524292,0.40879855,0.053167406,0.99939406
735,hv_256_50_1794,0.27230084,0.6007065,5.3156324e-05,0.002357789,0.39682764,0.11295179,0.99905246
736,hv_256_50_2350,0.08920558,0.26106086,5.082119e-07,0.004486904,0.99660444,0.6432743,0.95721364
737,hv_256_50_2162,0.098394275,0.30482173,1.3786481e-06,0.0038795094,0.9968202,0.72443336,0.9631547
738,sonora_256_50_1676,0.33992085,0.59978545,5.9388083e-05,0.0024997164,0.43211764,0.06573667,0.99932075
739,sonora_256_50_3595,0.20358443,0.52548754,1.3526763e-05,0.0022723943,0.8814871,0.08642801,0.9985746
740,sonora_256_50_3267,0.34795544,0.6108524,5.0699415e-05,0.0024047913,0.3904843,0.068937704,0.99937683
741,sonora_256_50_683,0.38962567,0.5137058,0.00045983618,0.0074693556,0.21331598,0.07349949,0.99792564
742,sonora_256_50_3241,0.2265894,0.5502129,2.9727154e-05,0.0011995867,0.4688975,0.060104746,0.9992269
743,hv_256_50_1635,0.16211261,0.40049392,3.2291187e-05,0.0071536996,0.96980435,0.53826547,0.9834478
744,sonora_256_50_849,0.3085327,0.830957,0.0004991326,0.004461455,0.73293096,0.09376821,0.9990885
745,sonora_256_50_3415,0.38023743,0.5529457,0.00045805846,0.008013676,0.33613986,0.077724144,0.9967583
746,sonora_256_50_3679,0.29984048,0.5987774,3.659743e-05,0.0017807218,0.43506688,0.055886734,0.9993445
747,hv_256_50_2879,0.17497388,0.45505768,6.4388228e-06,0.0010523013,0.7488649,0.064264044,0.99905664
748,sonora_256_50_2191,0.3406997,0.64317584,0.00024608028,0.007888946,0.5374536,0.2392168,0.9972366
749,sonora_256_50_2123,0.3339122,0.5495955,9.546478e-05,0.0029159705,0.42864972,0.069580905,0.99933004
750,sonora_256_50_2031,0.20469733,0.5557361,1.5462565e-05,0.0017404136,0.67639756,0.10766797,0.99856406
751,hv_256_50_2522,0.12546436,0.34500945,1.4283473e-06,0.003553205,0.9890364,0.2878744,0.98458487
752,sonora_256_50_479,0.37794843,0.54901224,0.0002177918,0.004682391,0.20089248,0.040440828,0.9985567
753,sonora_256_50_3420,0.37700275,0.5337499,0.00012049995,0.0035270264,0.17061915,0.030167956,0.999086
754,hv_256_50_2235,0.012327702,0.062196396,6.0850964e-09,0.00089986686,0.99998236,0.343982,0.96838224
755,sonora_256_50_2958,0.39311484,0.5334028,7.948587e-05,0.0025046482,0.20381793,0.028345585,0.99951303
756,hv_256_50_2997,0.07866532,0.26469278,4.854663e-07,0.002472275,0.99754035,0.47266325,0.9802147
757,hv_256_50_912,0.031035153,0.16583876,9.825537e-07,0.004089398,0.9999541,0.33848372,0.95283055
758,hv_256_50_1176,0.01665426,0.11585114,9.649941e-09,0.0010708113,0.9999472,0.33780628,0.9621211
759,sonora_256_50_953,0.33130857,0.631861,0.00059307105,0.014316836,0.73154527,0.5779159,0.9908886
760,hv_256_50_1798,0.14194077,0.48115036,2.343343e-05,0.006474391,0.99535686,0.4798644,0.97683024
761,hv_256_50_2899,0.33222428,0.6031515,4.09807e-05,0.002494775,0.44122562,0.082563214,0.9992507
762,hv_256_50_2640,0.25608808,0.5999463,4.194641e-05,0.0018708905,0.46056643,0.08646521,0.9990563
763,sonora_256_50_1338,0.36056057,0.65653753,0.00020798203,0.005903279,0.27494267,0.05888179,0.9969406
764,sonora_256_50_706,0.28358224,0.6760545,8.197777e-05,0.0019350997,0.5977163,0.10441843,0.9995338
765,sonora_256_50_459,0.39277044,0.58767015,0.00038889586,0.0077263494,0.2062913,0.049184445,0.9971302
766,hv_256_50_2476,0.03210724,0.19350955,8.382801e-08,0.0025626458,0.9998965,0.3675187,0.9396725
767,sonora_256_50_1339,0.3745925,0.6465562,0.0002365811,0.0048862076,0.22696745,0.03841427,0.99843365
768,hv_256_50_2838,0.34800774,0.58750355,4.7843252e-05,0.0019635586,0.3509324,0.054584447,0.99953663
769,hv_256_50_3304,0.19007553,0.47298855,6.139805e-06,0.0028071909,0.91971546,0.10298336,0.9967303
770,hv_256_50_1220,0.36109805,0.71463686,0.00013185451,0.0041902172,0.4021577,0.054994162,0.998749
771,hv_256_50_676,0.20328751,0.5809944,1.3815589e-05,0.0025209733,0.80928767,0.22374764,0.9972805
772,sonora_256_50_979,0.10455839,0.41463876,7.605423e-05,0.010965378,0.9985979,0.7944648,0.91984093
773,hv_256_50_2680,0.10044181,0.26936576,1.0273621e-06,0.0046226326,0.99752873,0.2789938,0.97492415
774,hv_256_50_3400,0.30544648,0.5525769,3.1253014e-05,0.0017760516,0.5308698,0.056786593,0.9993741
775,hv_256_50_2846,0.35173562,0.6234406,6.5896995e-05,0.0026574866,0.34921506,0.07327895,0.9994191
776,sonora_256_50_1667,0.38626763,0.6349016,0.0001091307,0.0036883,0.34443063,0.047677185,0.9990043
777,sonora_256_50_1669,0.37082943,0.6338349,0.00010064325,0.0027113394,0.3070409,0.030683953,0.9992643
778,hv_256_50_1543,0.052460134,0.1816602,7.878082e-07,0.0046447176,0.9997104,0.43976063,0.9362007
779,sonora_256_50_3270,0.34967595,0.696973,0.00017400776,0.007859944,0.42889398,0.16447936,0.99507636
780,hv_256_50_1829,0.11002329,0.3502421,3.369055e-06,0.0046725855,0.9949197,0.6415314,0.9630327
781,hv_256_50_1164,0.3311153,0.66504717,6.763932e-05,0.0030418755,0.4444842,0.102443285,0.99918634
782,sonora_256_50_80,0.34278584,0.7842984,0.00022066462,0.005542942,0.55016327,0.17904632,0.9983412
783,hv_256_50_1966,0.12317526,0.3818821,6.4450134e-05,0.011218375,0.9985145,0.57705927,0.9425563
784,hv_256_50_178,0.4023608,0.64498127,0.00038813843,0.005612372,0.30379903,0.04957849,0.999089
785,hv_256_50_3175,0.36448634,0.5559439,5.632815e-05,0.0021756347,0.2889989,0.045865286,0.99952173
786,hv_256_50_2030,0.14843631,0.42776313,7.7833094e-05,0.009469723,0.9971902,0.3957774,0.9753205
787,hv_256_50_1840,0.24280003,0.5940942,2.35641e-05,0.0020496051,0.6644636,0.110139675,0.99894136
788,sonora_256_50_2449,0.37017867,0.6237532,7.814568e-05,0.0028080186,0.3306609,0.049890533,0.99935263
789,hv_256_50_3524,0.35564008,0.60274625,7.601486e-05,0.0032812217,0.31957337,0.070900135,0.9991793
790,sonora_256_50_3367,0.27376896,0.54289293,2.3925448e-05,0.0015496564,0.46417233,0.060204264,0.99927586
791,sonora_256_50_2198,0.37655705,0.58189124,0.0011243675,0.016536612,0.602358,0.27282766,0.99119425
792,hv_256_50_1292,0.38751096,0.66967386,0.00014117274,0.0042235362,0.3375367,0.07595211,0.99918705
793,sonora_256_50_3010,0.36837307,0.5894428,0.00027388716,0.0061311205,0.2349394,0.054555517,0.99742585
794,sonora_256_50_2543,0.37573186,0.6612175,0.00010360327,0.0034468656,0.33220056,0.07664552,0.99937195
795,sonora_256_50_282,0.29344502,0.7105034,9.091148e-05,0.005209259,0.7488288,0.26932684,0.9968875
796,sonora_256_50_3029,0.37165582,0.60043406,8.382145e-05,0.0032472026,0.29783055,0.060080137,0.99929285
797,sonora_256_50_1190,0.32829767,0.8438835,0.0003794379,0.005379511,0.64057994,0.08548223,0.998323
798,sonora_256_50_3095,0.3841875,0.5903461,7.0631526e-05,0.002743653,0.27123937,0.05074549,0.9995333
799,sonora_256_50_2288,0.29835355,0.56323093,3.195736e-05,0.0015464755,0.42312253,0.0553563,0.99947804
800,hv_256_50_1891,0.09313909,0.3235313,4.3480366e-05,0.010588548,0.99900013,0.44951013,0.9599367
801,sonora_256_50_394,0.3754319,0.7644591,0.00090441876,0.011869356,0.6743575,0.11950612,0.99683857
802,hv_256_50_1859,0.33897647,0.5900258,4.740011e-05,0.0019521567,0.3726754,0.055023298,0.9995191
803,sonora_256_50_2074,0.351108,0.68218964,8.924715e-05,0.0033617201,0.4049172,0.092165954,0.99922585
804,hv_256_50_1509,0.21278068,0.5014384,1.418518e-05,0.0016968279,0.7853559,0.097458676,0.9987656
805,sonora_256_50_681,0.3436481,0.4579149,0.00029936878,0.0059459913,0.3666147,0.082876295,0.99764
806,hv_256_50_3560,0.21175452,0.5129645,1.589647e-05,0.0027812768,0.90544426,0.08035243,0.9982595
807,hv_256_50_228,0.039181028,0.23981659,1.2478031e-06,0.0048024817,0.99994576,0.75852215,0.87722236
808,sonora_256_50_2655,0.38620844,0.58065206,7.865263e-05,0.0028046106,0.25240618,0.039614476,0.999408
809,hv_256_50_1214,0.20141092,0.5192416,0.0001650656,0.0061125555,0.9543399,0.63013875,0.99052036
810,sonora_256_50_773,0.18831874,0.7184532,7.3123076e-05,0.0022630512,0.87870145,0.26319572,0.99847394
811,sonora_256_50_1102,0.3852102,0.6294908,0.00019993166,0.005068275,0.36045256,0.043367606,0.99822575
812,hv_256_50_3366,0.10120434,0.28165138,4.802545e-06,0.008551952,0.99782157,0.4161058,0.94148016
813,sonora_256_50_1057,0.36006406,0.631576,0.00034805964,0.0064954692,0.34531423,0.0828092,0.99804354
814,hv_256_50_185,0.24639869,0.64310336,0.00010419107,0.00514435,0.7842739,0.38392812,0.996194
815,sonora_256_50_705,0.22975025,0.66009206,6.9574635e-05,0.0017529489,0.6531863,0.19428666,0.999186
816,hv_256_50_1033,0.16378988,0.4431036,2.2050173e-05,0.0029853554,0.92619264,0.33579564,0.9954522
817,hv_256_50_2991,0.18897736,0.50074095,1.1319921e-05,0.0010718197,0.6857321,0.06511996,0.99913555
818,sonora_256_50_1683,0.34684214,0.63353366,5.5747067e-05,0.0021607287,0.3766399,0.07323974,0.99955946
819,hv_256_50_1319,0.053109746,0.23621722,7.937455e-07,0.0031008495,0.9998654,0.36397913,0.9698962
820,sonora_256_50_1166,0.3777549,0.5373685,0.00010811192,0.0030654287,0.21986777,0.032475594,0.9992305
821,sonora_256_50_1927,0.36595935,0.57247776,9.095414e-05,0.0028193048,0.24301301,0.036113195,0.99935097
822,sonora_256_50_299,0.3851635,0.619274,0.00018083745,0.0063557,0.2724342,0.09265707,0.99847764
823,hv_256_50_155,0.10694649,0.39755404,0.0002438747,0.013208749,0.99906856,0.63462186,0.94730955
824,sonora_256_50_1295,0.40900534,0.49923062,0.00043794516,0.0064707203,0.180454,0.042661533,0.99860793
825,hv_256_50_3213,0.1552016,0.39037812,3.7342597e-06,0.0045934366,0.9837518,0.16545156,0.9896125
826,hv_256_50_1156,0.32688496,0.65628815,0.0002686923,0.008574988,0.4789968,0.24218437,0.9953093
827,sonora_256_50_2159,0.33552969,0.5914016,4.32135e-05,0.002136757,0.3603129,0.059107177,0.9994481
828,sonora_256_50_2491,0.34101415,0.6087907,5.1876716e-05,0.0023416425,0.3764972,0.07318544,0.9993656
829,sonora_256_50_899,0.29246226,0.6674417,6.218597e-05,0.0018305184,0.50693417,0.07369617,0.9995104
830,hv_256_50_436,0.2045634,0.4721598,3.179676e-05,0.005470777,0.89340526,0.5618282,0.99081284
831,hv_256_50_2938,0.20331532,0.55355334,1.7619503e-05,0.0026034203,0.86930823,0.113609165,0.998334
832,hv_256_50_3357,0.19043262,0.50137407,1.1018582e-05,0.0020315922,0.8506231,0.103717394,0.99858665
833,hv_256_50_2365,0.07162833,0.19268242,1.0375321e-06,0.0057691475,0.99850094,0.41765866,0.9528033
834,sonora_256_50_981,0.18026331,0.41455108,1.7348146e-05,0.00546762,0.97673327,0.20039696,0.99260205
835,hv_256_50_1746,0.02807477,0.20041072,5.070099e-07,0.004063768,0.99987936,0.6903965,0.88086075
836,hv_256_50_3720,0.18134013,0.44565195,5.744129e-06,0.002888379,0.96295,0.09139448,0.9964909
837,hv_256_50_1588,0.07328776,0.28642905,5.0224453e-06,0.0067092343,0.9994436,0.38067213,0.95616513
838,hv_256_50_2784,0.17597932,0.54535466,4.9584378e-05,0.0057699517,0.97390103,0.43175316,0.9894023
839,sonora_256_50_472,0.34133595,0.76830375,0.0003142848,0.009035116,0.47095886,0.16473551,0.9956974
840,hv_256_50_162,0.13422693,0.40644985,1.8130355e-05,0.0035925154,0.9936144,0.46606392,0.9904467
841,hv_256_50_1367,0.19349171,0.61588675,3.253808e-05,0.0022699966,0.8173,0.17414388,0.9979779
842,sonora_256_50_136,0.37716362,0.5949868,0.00021246515,0.004743365,0.2835886,0.049896084,0.9982772
843,hv_256_50_3721,0.1817724,0.45343474,5.16274e-06,0.002160511,0.945263,0.07551941,0.99786454
844,hv_256_50_1948,0.023765096,0.11695341,2.3484324e-08,0.0013470819,0.999944,0.32402098,0.9740545
845,sonora_256_50_3635,0.37696403,0.5784049,6.44083e-05,0.0025147568,0.27096263,0.044449948,0.99948347
846,hv_256_50_2333,0.19985908,0.56895375,2.1328571e-05,0.0019515249,0.84226656,0.111986585,0.99884605
847,hv_256_50_392,0.35428074,0.7384516,0.0001710172,0.007740393,0.40338364,0.19447294,0.9960919
848,hv_256_50_1686,0.2636682,0.61625665,5.306379e-05,0.002904925,0.6497335,0.1572822,0.9986739
849,hv_256_50_577,0.2254748,0.47172052,8.61069e-06,0.001453516,0.70151293,0.085235335,0.999116
850,hv_256_50_260,0.21007803,0.56985885,0.00011135473,0.006108122,0.9308744,0.53372353,0.9934396
851,sonora_256_50_3703,0.38268283,0.6237196,9.5172654e-05,0.0036966829,0.2886485,0.07092872,0.99929285
852,hv_256_50_1968,0.13056609,0.38408124,7.891422e-06,0.006355125,0.9983247,0.24105719,0.9768779
853,hv_256_50_915,0.24831744,0.64486605,9.4131625e-05,0.006878375,0.9157335,0.31260258,0.9923989
854,hv_256_50_2045,0.17470534,0.5010847,9.025196e-06,0.002289932,0.8687029,0.18296562,0.9969578
855,sonora_256_50_2398,0.37428814,0.6638908,0.00010692272,0.0037006366,0.36966467,0.0693336,0.9991555
856,hv_256_50_2538,0.12160683,0.3776055,9.181433e-06,0.0064557227,0.9979663,0.26056063,0.977097
857,hv_256_50_535,0.26718676,0.7344256,0.00027638467,0.007026881,0.86151105,0.4602224,0.995542
858,hv_256_50_1370,0.19884363,0.5888798,2.9339504e-05,0.00184471,0.8158365,0.096823506,0.9990275
859,hv_256_50_2016,0.05103264,0.19502488,2.2647812e-07,0.0032910034,0.9992084,0.52847904,0.9523555
860,sonora_256_50_3424,0.37030786,0.5611569,6.0773567e-05,0.0023536885,0.28596783,0.042093504,0.9995197
861,hv_256_50_112,0.40193406,0.7363411,0.0010582726,0.014180082,0.3938882,0.12833014,0.996416
862,hv_256_50_802,0.3797078,0.67600185,0.00017765736,0.004249489,0.3647301,0.02971645,0.99857783
863,sonora_256_50_1417,0.38518295,0.62324566,9.9373945e-05,0.003052025,0.30709314,0.04763651,0.9994653
864,hv_256_50_1795,0.12959093,0.430761,5.2591655e-05,0.0053130896,0.99510276,0.595731,0.9835012
865,hv_256_50_3448,0.18409954,0.4280954,4.771997e-06,0.003227322,0.9524194,0.09900633,0.9958073
866,sonora_256_50_881,0.40264437,0.58207214,0.00071783137,0.011989426,0.27674145,0.1276637,0.9964941
867,sonora_256_50_869,0.35394976,0.55306035,0.00014262837,0.004411977,0.32097894,0.05300975,0.9982634
868,hv_256_50_2291,0.124332406,0.33129928,7.65017e-06,0.006357664,0.995946,0.5885449,0.96394026
869,hv_256_50_3370,0.19354965,0.49672392,8.9541845e-06,0.0013818416,0.8888755,0.044875927,0.9993777
870,hv_256_50_3566,0.14230298,0.3584333,2.9168102e-06,0.0041870885,0.9864719,0.18687779,0.98849225
871,sonora_256_50_1590,0.30348128,0.5842213,3.151321e-05,0.0022404045,0.57998425,0.07163491,0.9991523
872,sonora_256_50_3218,0.38577455,0.5622236,0.00015735657,0.004553416,0.22642635,0.047226965,0.99899215
873,sonora_256_50_393,0.40655926,0.7684419,0.0009968741,0.008409844,0.54678696,0.047878254,0.998828
874,hv_256_50_3523,0.37585187,0.63463384,0.0001865549,0.0052462076,0.36130247,0.076134406,0.99833786
875,sonora_256_50_602,0.34191567,0.67741334,0.000965238,0.016550444,0.8551407,0.394027,0.9907617
876,hv_256_50_417,0.18110923,0.5480808,0.00035691416,0.015993958,0.99079984,0.7278038,0.96352834
877,hv_256_50_1276,0.3613168,0.56322485,6.209827e-05,0.0024007335,0.3015621,0.049236454,0.9994843
878,hv_256_50_460,0.40890214,0.64399403,0.00061531295,0.011088938,0.2744896,0.12370857,0.99651223
879,sonora_256_50_2376,0.27079237,0.5588459,2.8528442e-05,0.0014567294,0.41248643,0.06305568,0.9992336
880,hv_256_50_319,0.3922224,0.5861568,0.00048155332,0.007362176,0.3877175,0.06479962,0.9984699
881,hv_256_50_3198,0.20424992,0.5716334,1.8958584e-05,0.0018157839,0.7684719,0.10197171,0.9984787
882,sonora_256_50_361,0.38408726,0.7519725,0.00029646064,0.0069124647,0.4245815,0.068376526,0.996309
883,sonora_256_50_2734,0.3531097,0.5315986,0.00015043194,0.004640396,0.213891,0.05642219,0.99845886
884,sonora_256_50_382,0.35206565,0.6389271,0.00023092776,0.0030572135,0.3328644,0.026637783,0.99950624
885,sonora_256_50_3110,0.3263779,0.58091605,4.0578478e-05,0.0019184931,0.35842815,0.061660413,0.99938416
886,hv_256_50_1333,0.0457463,0.2449531,1.7046999e-06,0.0049768616,0.9996635,0.49494332,0.94490707
887,sonora_256_50_2350,0.23465864,0.59484345,2.4463934e-05,0.0021246588,0.6855765,0.100960866,0.99890375
888,hv_256_50_1790,0.33875722,0.5958439,5.2856427e-05,0.0020086123,0.36525995,0.055765852,0.9995166
889,hv_256_50_1030,0.3264441,0.6257161,0.00013013849,0.005771632,0.40479085,0.11428297,0.9970272
890,hv_256_50_2769,0.3390264,0.60601294,5.4775228e-05,0.0021710217,0.39138085,0.07593574,0.99948967
891,sonora_256_50_307,0.35379094,0.7179671,0.00015465419,0.0053671966,0.43709946,0.09702419,0.99828315
892,sonora_256_50_1730,0.37881908,0.6666571,0.000102540405,0.0033551,0.31701237,0.04966822,0.99924016
893,sonora_256_50_3410,0.29945254,0.563126,3.838704e-05,0.0017870509,0.42718127,0.072579876,0.9993793
894,sonora_256_50_1272,0.3672044,0.65164924,0.00018389255,0.0049017295,0.29880103,0.041703913,0.9984754
895,sonora_256_50_1340,0.37047496,0.6437316,0.00017804945,0.003721,0.28306583,0.0404469,0.9992304
896,sonora_256_50_366,0.33899873,0.7790425,0.00020754125,0.0070125954,0.53052247,0.11383233,0.9965373
897,hv_256_50_3056,0.1947597,0.5928994,3.7266123e-05,0.0025590372,0.7696302,0.16534574,0.99785703
898,sonora_256_50_2458,0.43285397,0.57894975,0.000460105,0.0059338836,0.26021105,0.02133353,0.99868685
899,hv_256_50_2055,0.14145344,0.35389844,1.5240229e-06,0.0028040172,0.9736285,0.19836773,0.9931237
900,sonora_256_50_405,0.2950496,0.57169247,8.134879e-05,0.0043002088,0.5159085,0.14853196,0.9979096
901,sonora_256_50_612,0.40288833,0.5629414,0.0007752617,0.012854384,0.3050793,0.16663559,0.9954489
902,sonora_256_50_547,0.3886724,0.50896287,0.00027244588,0.004972873,0.1630967,0.04903569,0.99883384
903,hv_256_50_1993,0.20033108,0.5254994,2.960968e-05,0.0025748033,0.9494054,0.09885575,0.9984315
904,hv_256_50_1436,0.20827757,0.6011512,4.3812266e-05,0.0019568948,0.7829567,0.11934968,0.99869883
905,hv_256_50_66,0.10500921,0.3031331,8.504227e-07,0.0030257385,0.9946267,0.2751272,0.98695797
906,hv_256_50_2364,0.095452294,0.27806193,2.5122815e-06,0.0068421834,0.9970113,0.3713032,0.9556917
907,sonora_256_50_3006,0.3820794,0.5290561,0.00025919554,0.0046550706,0.23350419,0.03499946,0.99901223
908,sonora_256_50_1633,0.38531986,0.5738247,0.00010144529,0.0036702538,0.24303788,0.042561844,0.99879706
909,sonora_256_50_1707,0.3900496,0.4730873,0.0003368357,0.004467061,0.19601487,0.035153218,0.99919397
910,hv_256_50_2553,0.19931477,0.48364195,9.187581e-06,0.0013402303,0.8517792,0.040002268,0.9994216
911,sonora_256_50_3411,0.3044114,0.5715059,3.6620746e-05,0.0016561963,0.3723888,0.059330303,0.9993618
912,sonora_256_50_3541,0.24360023,0.48226944,1.7401782e-05,0.0009107327,0.46562123,0.037453912,0.9994955
913,hv_256_50_1505,0.19161494,0.60883915,4.6864934e-05,0.0034575497,0.85449123,0.3395,0.9963856
914,hv_256_50_2140,0.16390838,0.40457442,3.384064e-06,0.0043581775,0.9738376,0.16002408,0.9902232
915,sonora_256_50_586,0.33481658,0.6238976,0.00016241567,0.0042060246,0.43599975,0.047818977,0.99868387
916,hv_256_50_3100,0.043636512,0.14619844,1.6361217e-07,0.0030683225,0.99961215,0.36589667,0.95855474
917,sonora_256_50_674,0.3821745,0.80263793,0.001882263,0.015257143,0.8548559,0.18887971,0.99490285
918,hv_256_50_1955,0.06668819,0.24737124,2.488963e-07,0.0026990422,0.9985629,0.60069245,0.9667031
919,hv_256_50_3425,0.21330684,0.53840613,2.7851604e-05,0.002720495,0.83105767,0.120465994,0.9983854
920,hv_256_50_3447,0.17560543,0.39494365,4.9433966e-06,0.0046115066,0.9686575,0.14695005,0.9918379
921,sonora_256_50_221,0.38600054,0.6887491,0.000114754104,0.003666451,0.37240285,0.06868522,0.99927515
922,sonora_256_50_2533,0.3272066,0.6463704,0.00015365746,0.0057592336,0.42624104,0.12817387,0.9976865
923,sonora_256_50_3462,0.20093256,0.52654654,1.3814218e-05,0.0021820061,0.9057107,0.07960636,0.99869317
924,sonora_256_50_3146,0.36067873,0.6084985,0.00026361682,0.005857931,0.25609943,0.059723534,0.9978389
925,sonora_256_50_409,0.36078444,0.6042167,0.00019544424,0.0045456695,0.2601488,0.046660297,0.9988011
926,sonora_256_50_148,0.2575315,0.6773929,0.00016938911,0.00321876,0.63550186,0.22087151,0.998696
927,sonora_256_50_1405,0.36936536,0.5847439,9.529716e-05,0.0024436947,0.24575946,0.023535116,0.99954385
928,sonora_256_50_759,0.36285266,0.5326663,0.00015052361,0.0040204325,0.22583966,0.040266976,0.9988153
929,sonora_256_50_2519,0.37449571,0.5791716,8.420399e-05,0.0028669476,0.26733232,0.038554896,0.9991922
930,hv_256_50_71,0.3120254,0.6484021,0.00016963625,0.005436325,0.69105595,0.25532916,0.99769044
931,hv_256_50_213,0.11897355,0.36720204,8.0971266e-05,0.015792074,0.99896,0.7998021,0.8884649
932,sonora_256_50_3713,0.1921804,0.5313747,1.0760999e-05,0.0019020613,0.79901856,0.096958175,0.998487
933,sonora_256_50_2579,0.19836646,0.48883745,1.1613943e-05,0.0011724349,0.64900875,0.05059636,0.99911183
934,hv_256_50_1390,0.09608932,0.3364878,7.4412796e-06,0.0057136714,0.99905425,0.5234523,0.97390884
935,sonora_256_50_1187,0.24330541,0.487814,1.1861733e-05,0.0018866363,0.7625267,0.09495854,0.99898833
936,hv_256_50_2180,0.20110065,0.5457984,3.162499e-05,0.00251855,0.804779,0.23818292,0.99794
937,sonora_256_50_3416,0.36645955,0.5390962,0.0002127449,0.004287133,0.23625135,0.040517617,0.9989403
938,hv_256_50_836,0.11224248,0.25676793,2.0409921e-05,0.010300758,0.99783164,0.6674712,0.95222056
939,hv_256_50_3286,0.16338561,0.42118707,1.8481466e-06,0.0017987337,0.93178606,0.08576656,0.99770385
940,hv_256_50_892,0.271483,0.6530696,5.925526e-05,0.0028546508,0.6453165,0.16647337,0.99881244
941,hv_256_50_3268,0.2792741,0.5616432,3.371899e-05,0.0014445982,0.44094294,0.05138763,0.99942565
942,hv_256_50_1406,0.15207697,0.39477167,3.258659e-06,0.0026611974,0.9870184,0.113284245,0.995631
943,hv_256_50_2358,0.19244763,0.4718911,7.960486e-06,0.0026869194,0.9064015,0.23261717,0.99682415
944,hv_256_50_253,0.294305,0.658058,0.0003319811,0.008215379,0.8012891,0.4850215,0.9956988
945,hv_256_50_698,0.19028421,0.7425887,0.0005066676,0.012649873,0.9861028,0.6855183,0.96766895
946,hv_256_50_671,0.35014093,0.7169769,0.00078103517,0.014593059,0.6766634,0.41026834,0.9903384
947,hv_256_50_2063,0.17719086,0.44022048,2.6624697e-05,0.0061300336,0.9840842,0.20002079,0.99250644
948,sonora_256_50_1369,0.3739122,0.6374339,0.00016050617,0.0041315914,0.30694914,0.042293794,0.99901867
949,sonora_256_50_146,0.27071598,0.6423112,3.9929357e-05,0.0025166734,0.67592084,0.105547056,0.9990595
950,hv_256_50_2472,0.18016484,0.50183207,1.5941028e-05,0.0028422368,0.9780588,0.11294028,0.9976688
951,sonora_256_50_186,0.35665667,0.7902548,0.00042202117,0.008063056,0.5881261,0.13681015,0.998135
952,hv_256_50_2524,0.025337059,0.08440702,7.953616e-09,0.0012046954,0.9998424,0.55617255,0.9640077
953,hv_256_50_1648,0.29071125,0.569971,3.575401e-05,0.0017105752,0.4300388,0.06376511,0.9992855
954,hv_256_50_198,0.15184402,0.38000083,6.495936e-06,0.0066639106,0.9852608,0.3426978,0.9799239
955,hv_256_50_819,0.29151684,0.5921225,3.2061478e-05,0.0025846974,0.559467,0.09558445,0.9988825
956,sonora_256_50_2193,0.3760182,0.60335886,0.00011596766,0.0039175246,0.290801,0.055178326,0.9990681
957,hv_256_50_10,0.16763479,0.51264316,1.5277892e-05,0.0022640289,0.9166111,0.29108733,0.997306
958,hv_256_50_3671,0.19895454,0.50496167,9.970973e-06,0.0017686312,0.71311104,0.0846679,0.9984586
959,sonora_256_50_235,0.39120087,0.67286557,0.00078666117,0.015157213,0.33406186,0.16469575,0.9953891
960,sonora_256_50_2586,0.3822684,0.60671824,9.517366e-05,0.0034302021,0.2883844,0.04907329,0.99905545
961,sonora_256_50_1129,0.34621283,0.64041406,0.00027304736,0.0053649317,0.55271757,0.10289689,0.9984022
962,hv_256_50_1548,0.15935823,0.3558401,1.8125895e-05,0.0061123674,0.9866862,0.4398719,0.98736656
963,hv_256_50_2084,0.14776623,0.508176,4.686711e-06,0.003624379,0.9863175,0.20145544,0.992679
964,hv_256_50_2809,0.19675331,0.4772145,2.0061374e-05,0.0034728714,0.84108925,0.25802028,0.9951237
965,hv_256_50_1069,0.35559928,0.66782516,0.00016400396,0.0051405136,0.27864522,0.06509753,0.9983005
966,hv_256_50_1629,0.22033721,0.57756734,2.4903571e-05,0.0031956912,0.7986,0.20166934,0.9968635
967,sonora_256_50_1799,0.38404116,0.66954726,0.00012214792,0.004177992,0.34930602,0.072467804,0.99922574
968,hv_256_50_602,0.27453607,0.6157174,0.00027624035,0.009318729,0.8634434,0.4880472,0.99356306
969,sonora_256_50_649,0.3066301,0.61316764,4.4701148e-05,0.0017500635,0.51513803,0.04715716,0.9995664
970,hv_256_50_708,0.12603605,0.3722873,6.707484e-05,0.0051904316,0.99443203,0.81112015,0.98107153
971,sonora_256_50_2956,0.37060627,0.53811014,5.9056518e-05,0.0023218475,0.25757566,0.035427593,0.9993426
972,hv_256_50_415,0.09796561,0.32944518,0.00025335824,0.013241829,0.9994362,0.68411064,0.9398236
973,sonora_256_50_164,0.35552603,0.6040629,0.0012622525,0.024728365,0.61527354,0.57783026,0.98327243
974,hv_256_50_779,0.075312205,0.3602089,4.5751294e-05,0.011176482,0.9997178,0.6490023,0.8992316
975,hv_256_50_648,0.37468705,0.67862904,0.00013274794,0.0051031485,0.36933523,0.09878668,0.99848205
976,sonora_256_50_2149,0.3649447,0.6233596,7.3763826e-05,0.0026365158,0.351622,0.056890197,0.99944013
977,sonora_256_50_3072,0.36134937,0.48768514,0.00019024221,0.0035625496,0.21123779,0.031567365,0.99907756
978,sonora_256_50_896,0.3665368,0.55702245,0.00012680714,0.0037681407,0.20550784,0.034766093,0.9987423
979,hv_256_50_839,0.09107376,0.31522396,7.2687453e-06,0.00583428,0.9988121,0.78143215,0.9346354
980,hv_256_50_3164,0.1844742,0.45881182,5.025258e-06,0.0022354096,0.9224655,0.07781866,0.99775034
981,hv_256_50_18,0.039261404,0.20644277,6.0423235e-07,0.0041331258,0.9998535,0.77171224,0.8762363
982,sonora_256_50_1783,0.36924934,0.67134726,0.0004402622,0.00787024,0.4898968,0.1191379,0.99721366
983,sonora_256_50_2287,0.25369003,0.553437,3.1311396e-05,0.0013166994,0.4308264,0.059428424,0.9992803
984,hv_256_50_2170,0.1337407,0.30858582,4.146773e-06,0.0069047105,0.9945287,0.3165002,0.9767095
985,hv_256_50_3603,0.22176802,0.55714166,2.3973958e-05,0.0016543571,0.6474479,0.06838379,0.9992336
986,hv_256_50_1348,0.3235923,0.5843051,4.250763e-05,0.0019123309,0.37964773,0.065148935,0.9994537
987,hv_256_50_1275,0.353023,0.6105605,0.000112598995,0.004311702,0.34880888,0.0850364,0.99856514
988,sonora_256_50_3295,0.2902997,0.57289416,2.9249437e-05,0.0015834762,0.42064342,0.068070665,0.999451
989,hv_256_50_3569,0.18616235,0.45738673,5.7920797e-06,0.0026091472,0.9601142,0.07749952,0.9973797
990,sonora_256_50_1841,0.3871307,0.5494134,0.00011723629,0.003137182,0.19996166,0.029195588,0.99922824
991,hv_256_50_902,0.115570575,0.43978944,0.00030816114,0.012042876,0.998002,0.6023801,0.9701194
992,hv_256_50_2251,0.32127905,0.61099446,4.2929794e-05,0.0022139014,0.39232102,0.07829232,0.99931264
993,sonora_256_50_3574,0.25228837,0.5848718,3.427944e-05,0.001956017,0.50886834,0.09290043,0.99898833
994,hv_256_50_1173,0.13450879,0.35084528,4.0710027e-05,0.00660608,0.9948913,0.73910445,0.967164
995,hv_256_50_1807,0.023458704,0.13064484,7.224001e-08,0.0015729886,0.99987507,0.4328198,0.9761529
996,hv_256_50_3643,0.1085382,0.30666807,1.030335e-06,0.0033557122,0.9973074,0.17397907,0.98791075
997,sonora_256_50_2619,0.3748654,0.52604824,0.00022422794,0.0049397517,0.15607412,0.03401024,0.99776804
998,hv_256_50_180,0.40098056,0.5157357,0.0003781367,0.005091611,0.1458423,0.040098753,0.99918824
999,hv_256_50_2641,0.2370983,0.563758,2.9097422e-05,0.0013215842,0.48164287,0.067061655,0.9991954
1000,hv_256_50_380,0.3544303,0.61661303,0.00021846399,0.004784656,0.5791356,0.1295607,0.9984169
1001,sonora_256_50_2242,0.34319043,0.5858327,5.150932e-05,0.001926069,0.3826277,0.053979017,0.9994947
1002,hv_256_50_3527,0.2653618,0.53181267,2.512207e-05,0.0012248679,0.46158463,0.047774635,0.9994419
1003,sonora_256_50_3604,0.21293813,0.49660823,1.665439e-05,0.0009984267,0.5810375,0.03986797,0.99947625
1004,hv_256_50_2771,0.3374853,0.58373046,4.421246e-05,0.0021704102,0.37834746,0.062328734,0.99939656
1005,hv_256_50_2579,0.2601144,0.66278315,5.1095234e-05,0.0028443905,0.58216274,0.19857465,0.99866605
1006,hv_256_50_2807,0.18478036,0.5163211,1.5658652e-05,0.0019847532,0.85161763,0.16328736,0.99832577
1007,hv_256_50_3401,0.30040637,0.55729294,2.5078934e-05,0.0018695509,0.49240914,0.07252895,0.9993205
1008,hv_256_50_402,0.20824069,0.5360066,4.8550595e-05,0.0041864123,0.9478715,0.14278178,0.99700016
1009,sonora_256_50_3650,0.21053997,0.531273,1.6905817e-05,0.0014221653,0.7530423,0.054211553,0.9994423
1010,hv_256_50_869,0.41118562,0.661639,0.00021961618,0.004962582,0.33496752,0.030512394,0.9983405
1011,sonora_256_50_2469,0.29092202,0.6208061,4.9838716e-05,0.002079539,0.4314294,0.08934696,0.99915576
1012,hv_256_50_2058,0.22200222,0.5533943,1.8045812e-05,0.0015538121,0.6281973,0.07098898,0.9991136
1013,hv_256_50_490,0.23208673,0.6050787,3.95834e-05,0.0029183617,0.6557228,0.17803991,0.9977852
1014,hv_256_50_2325,0.16620761,0.48337308,8.067289e-06,0.002468233,0.9411655,0.18927245,0.99713147
1015,hv_256_50_621,0.05527441,0.17172298,5.7830437e-07,0.005441819,0.9995455,0.5434309,0.916665
1016,sonora_256_50_1371,0.3917882,0.6031271,0.0001587102,0.004255126,0.2862126,0.03725268,0.9989077
1017,sonora_256_50_1933,0.36594063,0.66558063,0.00010034158,0.003923515,0.35736892,0.10324593,0.9990702
1018,sonora_256_50_67,0.3789841,0.673098,0.00031311242,0.00661486,0.37148163,0.06156183,0.996326
1019,sonora_256_50_1896,0.24139987,0.5319598,2.2668244e-05,0.0011656964,0.44119704,0.055586472,0.9992372
1020,sonora_256_50_2113,0.36311734,0.59847134,9.174606e-05,0.0030908906,0.31403702,0.053513475,0.99916494
1021,hv_256_50_1196,0.19508423,0.52494204,6.674611e-05,0.004040984,0.96370304,0.47144204,0.9942081
1022,hv_256_50_1060,0.039408226,0.18916395,6.437905e-07,0.004207089,0.9999502,0.587553,0.8955003
1023,hv_256_50_1579,0.27797028,0.5824699,2.7034397e-05,0.0014716078,0.4320976,0.05922595,0.9992982
1024,hv_256_50_168,0.1261962,0.30761918,2.5679617e-06,0.0048123486,0.9917354,0.36987936,0.9808035
1025,sonora_256_50_42,0.3269722,0.7771828,0.00035417304,0.0043597776,0.7541696,0.044275235,0.9991683
1026,sonora_256_50_1324,0.2519415,0.55840385,1.9540657e-05,0.002215326,0.69725823,0.101565756,0.99881065
1027,hv_256_50_426,0.2730683,0.7646653,0.0022664734,0.021007234,0.9468883,0.72562987,0.9706166
1028,sonora_256_50_1413,0.32679343,0.60872465,4.0957413e-05,0.00205579,0.44197282,0.07153923,0.9994473
1029,hv_256_50_3214,0.13409984,0.31411964,3.4947698e-06,0.006343988,0.99083346,0.29904932,0.9777109
1030,sonora_256_50_1759,0.28170708,0.56919485,3.5836718e-05,0.0015756943,0.38183174,0.05420711,0.99937254
1031,hv_256_50_552,0.08262351,0.32141343,7.671049e-06,0.010254528,0.9993284,0.41188645,0.91819245
1032,hv_256_50_1646,0.23199049,0.538962,1.9843565e-05,0.0013008974,0.51839757,0.061002173,0.99924016
1033,sonora_256_50_339,0.3862028,0.64444023,0.0002878958,0.0064049894,0.20802079,0.042562194,0.9976419
1034,hv_256_50_2281,0.07925287,0.21904367,5.312283e-07,0.0049922382,0.9986546,0.37023857,0.9548671
1035,sonora_256_50_857,0.36124215,0.72353786,0.00019554526,0.0040641576,0.29763976,0.034006957,0.999062
1036,sonora_256_50_2866,0.40486827,0.6180622,0.00022906467,0.0060664862,0.23515236,0.05926628,0.9979995
1037,hv_256_50_2907,0.35256252,0.6071239,5.2556006e-05,0.0022224688,0.33460107,0.0604188,0.99951136
1038,hv_256_50_1760,0.083079256,0.27283838,2.8419849e-05,0.009380025,0.99967897,0.79212964,0.9093964
1039,hv_256_50_2832,0.340499,0.5945071,4.169412e-05,0.0022078278,0.38486314,0.059880845,0.9994097
1040,sonora_256_50_3621,0.34103692,0.7801175,0.0004605416,0.005347033,0.6586229,0.12676902,0.99862266
1041,hv_256_50_776,0.20275518,0.6075337,7.579785e-05,0.0034919211,0.8257519,0.42570317,0.99701935
1042,sonora_256_50_2243,0.35296902,0.60084254,5.581185e-05,0.002072822,0.3536243,0.05368595,0.99952936
1043,sonora_256_50_3237,0.3676326,0.62395906,6.4394175e-05,0.002591354,0.32581767,0.07047916,0.99951303
1044,sonora_256_50_1653,0.37421453,0.53705615,8.674431e-05,0.0024828233,0.23370866,0.024298904,0.9993362
1045,sonora_256_50_328,0.3558185,0.6180005,0.00021533054,0.0049082297,0.36440584,0.064842984,0.99881256
1046,sonora_256_50_1084,0.3764964,0.60703605,0.00013532153,0.0030020128,0.2939407,0.029171675,0.9993808
1047,hv_256_50_3408,0.2533179,0.5502164,2.019428e-05,0.0015563428,0.52660525,0.06966626,0.9990663
1048,sonora_256_50_1254,0.20942096,0.5033806,5.4064632e-05,0.0037111437,0.81061983,0.25709745,0.99709857
1049,hv_256_50_3073,0.15972611,0.3998434,1.6697344e-05,0.0069561,0.99225324,0.22831741,0.98591703
1050,sonora_256_50_1702,0.3795746,0.5622783,8.591802e-05,0.0026241953,0.23837048,0.033844877,0.9994259
1051,sonora_256_50_3085,0.37966925,0.5854488,8.4941916e-05,0.0027566918,0.28555304,0.04894601,0.999471
1052,hv_256_50_1003,0.3482962,0.6473516,9.151354e-05,0.0038643396,0.36629742,0.11098616,0.9989795
1053,sonora_256_50_843,0.22897427,0.56732243,0.00016233996,0.003958529,0.85837615,0.35879856,0.9975432
1054,sonora_256_50_2677,0.21403909,0.5947828,4.394893e-05,0.0027244359,0.7176025,0.20530167,0.9980757
1055,hv_256_50_1202,0.10695791,0.25950998,9.799261e-07,0.0026021579,0.997529,0.39932135,0.9886919
1056,hv_256_50_1059,0.07956151,0.25268126,2.5650195e-07,0.0029750734,0.9972383,0.58767736,0.96877027
1057,sonora_256_50_2278,0.21557048,0.5653714,1.3766807e-05,0.0020693687,0.73630196,0.13175978,0.9985857
1058,hv_256_50_2369,0.22340207,0.5755687,2.6462465e-05,0.0019578107,0.67630786,0.090951286,0.99879897
1059,sonora_256_50_2329,0.349757,0.6145792,6.135928e-05,0.002561732,0.3913373,0.066736154,0.9994373
1060,hv_256_50_1142,0.2563328,0.6047952,5.6032954e-05,0.003002434,0.56859845,0.19259009,0.99829966
1061,sonora_256_50_1566,0.37972072,0.508722,0.00017194479,0.0045572575,0.16402437,0.03177746,0.9979382
1062,hv_256_50_1546,0.09678555,0.28597382,3.8356948e-06,0.00895437,0.9988207,0.44636667,0.9351396
1063,hv_256_50_1378,0.3187102,0.6110654,4.228909e-05,0.0022811694,0.40718535,0.08467738,0.99932444
1064,hv_256_50_805,0.37659612,0.5734573,0.000142358,0.0035689638,0.31367743,0.023170382,0.9989373
1065,sonora_256_50_2312,0.3612111,0.563537,5.792007e-05,0.0023949244,0.31159136,0.045682,0.9993061
1066,hv_256_50_327,0.31644386,0.67958885,0.0010282064,0.021367557,0.7267773,0.5892028,0.9828378
1067,sonora_256_50_2421,0.34181112,0.58249867,4.545236e-05,0.002079169,0.38662988,0.05754529,0.99947184
1068,sonora_256_50_749,0.35851815,0.5551147,0.00028167342,0.0061087185,0.2485487,0.067544624,0.9979786
1069,sonora_256_50_3711,0.21624283,0.5704477,2.3964269e-05,0.0014571033,0.5763968,0.074925795,0.99915147
1070,hv_256_50_54,0.35245773,0.7721315,0.00042722945,0.013452237,0.64015836,0.31310534,0.989228
1071,hv_256_50_2286,0.20285718,0.5433893,2.4275596e-05,0.0034408155,0.9231921,0.34865442,0.9961957
1072,hv_256_50_1704,0.15152112,0.5085005,9.166865e-06,0.0021545077,0.919072,0.23804088,0.9966472
1073,hv_256_50_740,0.39286673,0.6670123,0.0016585964,0.023837725,0.69481426,0.33210087,0.98565614
1074,hv_256_50_80,0.26389742,0.8114446,0.00054948445,0.007171621,0.88838536,0.356286,0.9966384
1075,hv_256_50_1747,0.011970343,0.094275884,9.34837e-09,0.00092792464,0.99995756,0.35912085,0.9733865
1076,sonora_256_50_2592,0.35707337,0.6584812,0.00027846603,0.0068423226,0.31134096,0.09576475,0.9969054
1077,sonora_256_50_1473,0.38140458,0.56025547,0.00011243634,0.0031587712,0.21172594,0.026646286,0.9992781
1078,hv_256_50_3421,0.18334156,0.46200195,4.146749e-06,0.001474251,0.8862176,0.052701555,0.99898523
1079,hv_256_50_2139,0.20425116,0.5459022,1.884786e-05,0.0017162503,0.77286166,0.081125736,0.99912435
1080,sonora_256_50_97,0.3885374,0.5944536,0.0002932789,0.006271373,0.27055302,0.06870551,0.99843735
1081,sonora_256_50_2808,0.3533338,0.67412907,0.000190207,0.005301822,0.33172807,0.06767136,0.9986541
1082,hv_256_50_2370,0.17813939,0.48397645,5.6427384e-06,0.0023826463,0.8820823,0.22784288,0.99551094
1083,hv_256_50_910,0.02176675,0.14899404,3.2749412e-08,0.001419249,0.99991894,0.467124,0.9548695
1084,hv_256_50_2123,0.18446581,0.45453647,7.748737e-06,0.0035145665,0.9566912,0.124230884,0.99569607
1085,hv_256_50_1815,0.026935047,0.15012637,1.905166e-08,0.0014765285,0.99989855,0.7239136,0.9282695
1086,sonora_256_50_171,0.3610853,0.5701398,0.000177506,0.0051236073,0.29212463,0.06544136,0.9978721
1087,sonora_256_50_1828,0.25969976,0.54051304,2.5232974e-05,0.0012307508,0.44603562,0.04803494,0.999408
1088,sonora_256_50_2845,0.31521794,0.59456325,4.4303626e-05,0.0018998691,0.34366667,0.06578265,0.99939597
1089,sonora_256_50_3477,0.32528573,0.66360384,7.2263574e-05,0.0027000124,0.47018635,0.122384794,0.9992379
1090,sonora_256_50_1153,0.38149303,0.58021057,0.00014131752,0.004233141,0.2323119,0.032969624,0.99846774
1091,hv_256_50_506,0.26084676,0.5625197,2.6920967e-05,0.0026875238,0.70604104,0.12349171,0.9985012
1092,sonora_256_50_618,0.37078792,0.5317897,0.00031817603,0.0067195892,0.20873226,0.07933444,0.9981002
1093,sonora_256_50_2910,0.3088237,0.59751403,4.0122457e-05,0.0019840572,0.40567806,0.06930805,0.99928004
1094,hv_256_50_528,0.3657892,0.60472184,0.0011293828,0.015594097,0.5887371,0.26313585,0.992759
1095,hv_256_50_254,0.2684696,0.68100476,0.00010643069,0.005749786,0.8595922,0.32093862,0.9955699
1096,hv_256_50_2187,0.18932693,0.5481629,1.8603374e-05,0.0026598284,0.8474429,0.2362677,0.9974132
1097,sonora_256_50_582,0.33492073,0.569951,6.6415196e-05,0.0029035828,0.37167823,0.070655264,0.99925786
1098,hv_256_50_1195,0.14199905,0.42089376,0.00018367876,0.007403143,0.9964707,0.8208625,0.9722302
1099,sonora_256_50_141,0.32487556,0.8633163,0.00042003932,0.005853664,0.5736335,0.087600626,0.9979734
1100,sonora_256_50_1290,0.38093868,0.5201579,0.00010794709,0.0028519891,0.1843862,0.020566856,0.9989095
1101,hv_256_50_502,0.09832494,0.25097376,1.114214e-06,0.0040684254,0.9977717,0.57263315,0.9736196
1102,hv_256_50_3348,0.18150637,0.5047051,9.7404345e-06,0.0029328119,0.9525956,0.17059681,0.99660885
1103,sonora_256_50_184,0.3736993,0.78461975,0.00086828944,0.007909814,0.74864125,0.08627933,0.9982278
1104,hv_256_50_1160,0.33855242,0.7025075,0.0001434511,0.0042794193,0.39488164,0.12812504,0.99885607
1105,sonora_256_50_2231,0.38118136,0.59017575,7.1279195e-05,0.0024846215,0.2750093,0.038726147,0.99948406
1106,sonora_256_50_2189,0.35709527,0.62501734,0.00088414917,0.019456452,0.6778317,0.47819012,0.9885737
1107,sonora_256_50_2303,0.3696047,0.63751173,7.090774e-05,0.002811999,0.33344162,0.072226256,0.99947435
1108,sonora_256_50_435,0.35415986,0.67246485,0.0002294229,0.006263667,0.41084757,0.064409144,0.9971501
1109,sonora_256_50_2010,0.33262894,0.5899329,4.3947002e-05,0.0018482422,0.34708968,0.05821496,0.99949014
1110,hv_256_50_983,0.15896857,0.45916748,0.0003383692,0.012748758,0.99507576,0.5937863,0.978471
1111,sonora_256_50_1202,0.3711047,0.6293953,0.00016140446,0.0036995413,0.23211813,0.028773276,0.9991115
1112,sonora_256_50_1091,0.26426914,0.7079598,0.00016235978,0.0054155355,0.8136349,0.24816781,0.9963928
1113,sonora_256_50_1134,0.3508072,0.6546593,0.00012166364,0.0035026495,0.33716106,0.04771194,0.99906796
1114,sonora_256_50_1671,0.3921963,0.5868779,0.00016384701,0.004308948,0.23159032,0.037295405,0.9990495
1115,sonora_256_50_1764,0.37565857,0.57796687,8.688812e-05,0.0030130337,0.25412554,0.038173836,0.99926287
1116,sonora_256_50_3687,0.30634385,0.5650005,3.6603953e-05,0.0015124069,0.41448748,0.048514314,0.99949133
1117,hv_256_50_154,0.09769734,0.41482443,0.00021545541,0.013225758,0.9996823,0.7540498,0.89928186
1118,sonora_256_50_94,0.39977792,0.5722062,0.00066771655,0.012142125,0.22579195,0.09797668,0.99564654
1119,sonora_256_50_1066,0.38735822,0.61446655,0.00010338596,0.0036684722,0.31411555,0.06429526,0.99935967
1120,sonora_256_50_1816,0.37214255,0.6352607,8.866633e-05,0.003376431,0.32339385,0.05995504,0.9991679
1121,hv_256_50_2745,0.14132544,0.3476774,4.5072356e-06,0.005599682,0.9933066,0.21988833,0.9846209
1122,hv_256_50_3657,0.147923,0.33438906,3.5783792e-06,0.006272446,0.9883885,0.23357476,0.9799383
1123,hv_256_50_1903,0.24234933,0.5957171,0.00011789155,0.004654297,0.88688624,0.3293885,0.9967349
1124,hv_256_50_359,0.11046726,0.3759735,2.2659837e-05,0.0038857572,0.99093366,0.7195387,0.9845376
1125,sonora_256_50_1343,0.3615297,0.61808854,6.46044e-05,0.002711018,0.35771626,0.07127581,0.9995159
1126,hv_256_50_2528,0.17332733,0.4569069,1.6246007e-05,0.0027120213,0.9339081,0.3432493,0.99663335
1127,sonora_256_50_108,0.40048963,0.6530906,0.00056614407,0.009508747,0.3842028,0.09805572,0.9972242
1128,hv_256_50_25,0.285367,0.6221645,0.00014302442,0.0055768727,0.81746846,0.34335107,0.99628687
1129,sonora_256_50_1001,0.38113156,0.6497494,0.00031330384,0.009913712,0.39855573,0.20335798,0.99704295
1130,sonora_256_50_833,0.17412771,0.615794,3.756398e-05,0.0042667007,0.95031554,0.3919211,0.9935859
1131,sonora_256_50_1934,0.33969787,0.6322307,5.540058e-05,0.002345134,0.3917095,0.08269452,0.9994246
1132,hv_256_50_3330,0.20127757,0.52431226,1.1399384e-05,0.0023265292,0.8190663,0.14343084,0.9978848
1133,sonora_256_50_574,0.29791617,0.6466188,9.7868986e-05,0.0037920987,0.5472679,0.2159236,0.9986765
1134,sonora_256_50_2443,0.23750214,0.6101456,3.7426104e-05,0.0017545987,0.5035361,0.10130481,0.99922323
1135,sonora_256_50_566,0.26888302,0.66692275,0.00015233079,0.002659569,0.69905883,0.18048765,0.9991835
1136,sonora_256_50_2482,0.36923578,0.5742632,0.0003565316,0.007909914,0.2197943,0.072122715,0.9975677
1137,sonora_256_50_1922,0.37921613,0.55628014,0.00027263767,0.0057272185,0.27282155,0.07818616,0.9984047
1138,sonora_256_50_1802,0.23090427,0.5756141,2.992138e-05,0.001793604,0.55900353,0.12775806,0.99888545
1139,sonora_256_50_75,0.24992575,0.68982005,9.966243e-05,0.0022802285,0.6714796,0.15386695,0.9990208
1140,hv_256_50_3547,0.22535129,0.59075,3.240242e-05,0.002817236,0.6445151,0.19388443,0.9981713
1141,sonora_256_50_1284,0.38201508,0.5626204,0.000105468076,0.002911835,0.21478705,0.02889373,0.9992582
1142,sonora_256_50_1218,0.3686384,0.63794637,0.00011036959,0.0036473472,0.3496556,0.055056844,0.9991903
1143,sonora_256_50_2428,0.36162025,0.6564272,8.486606e-05,0.0030252552,0.3640478,0.07445638,0.99932754
1144,hv_256_50_3577,0.1906638,0.48929536,8.828766e-06,0.0027132495,0.9538465,0.084393814,0.99747735
1145,sonora_256_50_1490,0.3681467,0.56953585,7.278323e-05,0.0026119172,0.25682288,0.036868308,0.99943525
1146,sonora_256_50_3602,0.2081288,0.50455797,1.1591325e-05,0.0017286382,0.8427301,0.055315327,0.9991959
1147,hv_256_50_609,0.20092927,0.62447715,6.262402e-05,0.0042887214,0.8839215,0.377855,0.99485344
1148,sonora_256_50_228,0.2856376,0.5585214,0.00019300474,0.005336757,0.8242355,0.37783498,0.99766695
1149,hv_256_50_1497,0.3065807,0.6752138,0.000113062495,0.0044181393,0.5227625,0.29343084,0.9983051
1150,hv_256_50_3543,0.32779032,0.616,4.260454e-05,0.0023418174,0.38378245,0.08288334,0.9992888
1151,sonora_256_50_1483,0.36311027,0.59102273,6.0406313e-05,0.0025450615,0.3652411,0.04957444,0.9993211
1152,hv_256_50_1381,0.059406996,0.26044708,2.6899463e-05,0.010365256,0.9999025,0.39467627,0.93471676
1153,hv_256_50_111,0.39953506,0.5523302,0.0005295918,0.008930287,0.11539162,0.08158535,0.9974759
1154,sonora_256_50_290,0.36287564,0.7151748,0.00011868868,0.0038859674,0.46266487,0.062059306,0.99828583
1155,hv_256_50_2983,0.35281608,0.6290287,6.270093e-05,0.0025738082,0.36560524,0.07044704,0.9994122
1156,hv_256_50_3517,0.1742288,0.41981164,3.1163247e-06,0.00276145,0.9555786,0.09533415,0.9959831
1157,hv_256_50_3361,0.20252971,0.45806473,1.3130877e-05,0.0045123687,0.9524554,0.11867552,0.9950897
1158,sonora_256_50_771,0.1808628,0.52584976,7.9729776e-05,0.00584255,0.98153174,0.3359629,0.9925719
1159,sonora_256_50_1627,0.36699933,0.55831784,7.411178e-05,0.0025696491,0.27089897,0.04027485,0.9993451
1160,sonora_256_50_560,0.14949824,0.5732863,3.4464443e-05,0.00259846,0.9591393,0.268628,0.99697137
1161,sonora_256_50_2797,0.39235333,0.55396885,0.00015234009,0.0039966414,0.24729043,0.036136106,0.9985936
1162,sonora_256_50_2099,0.27808917,0.5938369,2.861375e-05,0.002124591,0.52086693,0.09384895,0.9990201
1163,hv_256_50_705,0.2083741,0.51906466,0.00029890393,0.013402745,0.98241353,0.58985275,0.97922933
1164,sonora_256_50_1945,0.38655472,0.57036185,0.00010086769,0.0033600417,0.24160248,0.040630475,0.99918073
1165,sonora_256_50_237,0.3227117,0.68791795,0.00013556978,0.0055816723,0.37709364,0.14750597,0.99733526
1166,sonora_256_50_3201,0.35896185,0.58592373,5.1625077e-05,0.0019915854,0.3372507,0.047080114,0.999608
1167,sonora_256_50_86,0.18036063,0.5521686,1.7090795e-05,0.0024054297,0.9123472,0.2474909,0.99756926
1168,sonora_256_50_3025,0.38348764,0.5339738,6.4897016e-05,0.0022559639,0.22567248,0.030038778,0.99952435
1169,sonora_256_50_3118,0.2875769,0.564645,2.3934599e-05,0.0016928561,0.452252,0.07152736,0.9992299
1170,sonora_256_50_568,0.29483825,0.7524468,0.00031222982,0.0039643184,0.7336615,0.16589034,0.9987937
1171,sonora_256_50_1680,0.36616963,0.62974006,8.17864e-05,0.00334166,0.35357064,0.090299286,0.99938667
1172,hv_256_50_2796,0.18556578,0.5525312,3.3796445e-05,0.0042201923,0.9237661,0.38517296,0.993665
1173,sonora_256_50_1966,0.3122487,0.59517795,3.2545246e-05,0.0017954996,0.48664233,0.06174811,0.99944395
1174,hv_256_50_1321,0.15158291,0.42232838,0.0003190527,0.017598009,0.99643964,0.7027833,0.9548593
1175,sonora_256_50_742,0.35720122,0.7512507,0.00089849735,0.010289408,0.7747721,0.1340732,0.9972867
1176,hv_256_50_2632,0.32052276,0.55526674,2.861596e-05,0.002133724,0.43754885,0.06590795,0.99925154
1177,hv_256_50_43,0.35173044,0.7274919,0.00046545654,0.013508814,0.62262917,0.2461924,0.9934597
1178,sonora_256_50_3256,0.24845812,0.5422859,2.6588845e-05,0.0012565055,0.42718053,0.057977926,0.999348
1179,sonora_256_50_1650,0.3665804,0.61625874,0.0001259322,0.004415879,0.26329467,0.043938488,0.99823976
1180,hv_256_50_3499,0.16288866,0.40810663,5.5600317e-06,0.0048219473,0.98617005,0.15429333,0.990853
1181,hv_256_50_894,0.25312677,0.62244356,7.08826e-05,0.0063991356,0.82889706,0.34401777,0.99231344
1182,sonora_256_50_163,0.39818364,0.6081834,0.00037151112,0.008656711,0.21360438,0.05955816,0.9971079
1183,hv_256_50_386,0.41953495,0.7565134,0.001134525,0.019146806,0.3464202,0.14651576,0.9948961
1184,hv_256_50_574,0.20600666,0.5129822,0.00019912158,0.005813061,0.9622409,0.6256388,0.9922907
1185,sonora_256_50_131,0.35804895,0.77912235,0.0005425274,0.00873539,0.49875832,0.11865428,0.9972715
1186,hv_256_50_138,0.13285638,0.33220688,6.0651905e-06,0.005426315,0.9969612,0.19757918,0.9846208
1187,sonora_256_50_1549,0.37192214,0.6142077,9.746098e-05,0.003951815,0.3158013,0.0687723,0.99902403
1188,sonora_256_50_3040,0.29780143,0.5690859,2.8550243e-05,0.0016316795,0.4479411,0.06014654,0.99941504
1189,hv_256_50_3393,0.22511044,0.54686147,2.6923613e-05,0.0013588939,0.50631046,0.06722365,0.99918586
1190,hv_256_50_398,0.23072891,0.6602619,9.958443e-05,0.004498021,0.871409,0.4475629,0.99570894
1191,hv_256_50_3707,0.13666993,0.3601751,6.2817917e-06,0.006452286,0.9922895,0.25567907,0.98304445
1192,hv_256_50_1722,0.36553535,0.6110242,6.732836e-05,0.0029511265,0.35069454,0.0689516,0.9993217
1193,hv_256_50_2650,0.20391555,0.5624084,1.9255498e-05,0.0014609026,0.7196903,0.089115165,0.99920315
1194,sonora_256_50_28,0.3818535,0.624228,0.00027440808,0.0060517574,0.23955339,0.06370672,0.99842024
1195,hv_256_50_1553,0.3385636,0.6885424,0.00010857258,0.0046723285,0.43364584,0.19716561,0.9985668
1196,hv_256_50_3260,0.2107635,0.5631494,2.4721867e-05,0.0028702235,0.88453305,0.10599534,0.9982273
1197,sonora_256_50_1971,0.37754095,0.58109164,8.56293e-05,0.0030695728,0.2543209,0.040109005,0.99928206
1198,hv_256_50_603,0.3333176,0.6400847,0.00035950626,0.007681898,0.76903325,0.3467544,0.99745256
1199,sonora_256_50_460,0.39204517,0.5116958,0.0004037353,0.006991268,0.16682748,0.048462316,0.998209
1200,sonora_256_50_1127,0.3816137,0.64454275,0.00031420993,0.0061473553,0.31094864,0.044038814,0.9983814
1201,sonora_256_50_2812,0.29278338,0.5602464,2.4249102e-05,0.0018483583,0.4295471,0.0704174,0.99921
1202,sonora_256_50_3001,0.30856493,0.6928982,0.00029627953,0.0052304044,0.72241867,0.14332475,0.9980667
1203,sonora_256_50_3138,0.3626165,0.693847,0.0004094367,0.005916364,0.547056,0.11147808,0.9982774
1204,sonora_256_50_2346,0.3829609,0.66407603,0.0004511676,0.008922539,0.33556178,0.0894768,0.99647564
1205,sonora_256_50_2887,0.35232982,0.5513304,4.3894277e-05,0.0018986949,0.31077886,0.04206389,0.99953616
1206,hv_256_50_1797,0.1507742,0.41980127,3.5932917e-05,0.0057032704,0.99094415,0.3250521,0.98949605
1207,sonora_256_50_781,0.35397628,0.62497675,8.8308225e-05,0.003466764,0.34638354,0.053216815,0.9988877
1208,sonora_256_50_2862,0.3699612,0.5706191,6.946537e-05,0.002667411,0.2848099,0.040989026,0.9993228
1209,sonora_256_50_2667,0.3101211,0.58915496,0.00033904778,0.006877645,0.7230386,0.3041259,0.99766135
1210,hv_256_50_809,0.3772025,0.58639735,0.0007495396,0.0120461555,0.5266163,0.24531278,0.99477166
1211,hv_256_50_1262,0.131901,0.40057892,0.0004414723,0.0107417535,0.997983,0.7543859,0.9640665
1212,hv_256_50_1726,0.1304267,0.4831346,1.083351e-05,0.004658494,0.9892579,0.4994966,0.9843329
1213,hv_256_50_1328,0.15368694,0.3819169,2.5988295e-05,0.0053662397,0.9902744,0.35354638,0.9899795
1214,hv_256_50_261,0.14822046,0.40587544,8.616064e-05,0.0073508034,0.99248946,0.754628,0.9762082
1215,sonora_256_50_3148,0.3767447,0.55514306,0.00016199838,0.004209855,0.20978028,0.039442852,0.9988153
1216,hv_256_50_3245,0.37897024,0.5690041,6.7508896e-05,0.002555674,0.26797944,0.040687732,0.99942565
1217,hv_256_50_3165,0.1448085,0.35751194,2.2672414e-06,0.005137698,0.9827739,0.23703122,0.9812277
1218,sonora_256_50_1513,0.35155147,0.62940276,8.435331e-05,0.0036782469,0.35794362,0.06829437,0.9984968
1219,sonora_256_50_848,0.34491566,0.82855934,0.00047193115,0.00662792,0.5735258,0.08306383,0.9983041
1220,hv_256_50_889,0.34326535,0.64313984,0.00016122527,0.006323976,0.29063103,0.10510019,0.9958132
1221,sonora_256_50_2158,0.36288977,0.5809637,6.0458122e-05,0.0025178888,0.2877297,0.04308791,0.9993173
1222,sonora_256_50_3384,0.21713525,0.5267975,1.5055644e-05,0.0011927601,0.5359503,0.06582581,0.99918324
1223,hv_256_50_1909,0.22315241,0.6289204,5.1029205e-05,0.0025181319,0.6696508,0.16710423,0.99859744
1224,sonora_256_50_3589,0.19609103,0.5210541,1.3691601e-05,0.0015865142,0.71561784,0.10006539,0.99893194
1225,sonora_256_50_2738,0.37627196,0.5813447,0.0002466391,0.0064519653,0.21089444,0.0535618,0.9975803
1226,hv_256_50_2960,0.1534629,0.4231797,1.0929813e-05,0.0055313967,0.9941043,0.18354686,0.98716974
1227,hv_256_50_3128,0.20621899,0.60782176,4.5403758e-05,0.0025768615,0.76187295,0.13932277,0.99821377
1228,hv_256_50_2945,0.15356337,0.41639864,2.1217438e-05,0.006438161,0.993601,0.262732,0.9881048
1229,hv_256_50_1922,0.21375312,0.5612644,4.599316e-05,0.0021751886,0.7020462,0.15928963,0.99843127
1230,hv_256_50_475,0.11071125,0.3496418,1.6186856e-05,0.010072746,0.998135,0.38478607,0.95505804
1231,hv_256_50_2813,0.16136695,0.4212073,3.3173128e-06,0.004679104,0.967744,0.19835253,0.98847127
1232,hv_256_50_3550,0.20514502,0.56141335,1.9994715e-05,0.0021453674,0.7544614,0.13844363,0.99816567
1233,hv_256_50_1688,0.3489742,0.69060516,0.00020992372,0.006310853,0.46858728,0.19211757,0.997969
1234,sonora_256_50_975,0.15790692,0.54575646,3.0816187e-05,0.004020377,0.9595795,0.56100786,0.99013966
1235,sonora_256_50_2863,0.3662277,0.57804877,6.104982e-05,0.00236936,0.29117182,0.0378723,0.99947697
1236,hv_256_50_3508,0.19749366,0.51132804,1.3929258e-05,0.002757326,0.95812416,0.08440235,0.99768746
1237,sonora_256_50_1180,0.34196648,0.7519823,0.00015526445,0.005117734,0.5553485,0.100833654,0.9975337
1238,hv_256_50_2416,0.16487879,0.4276226,4.4712444e-05,0.009780892,0.9842833,0.697567,0.96291
1239,sonora_256_50_2773,0.3595683,0.62727904,6.2819854e-05,0.0025826183,0.3353839,0.07178223,0.9994493
1240,hv_256_50_3487,0.19384411,0.47464064,1.1095896e-05,0.0032119453,0.96289045,0.09282419,0.99703395
1241,sonora_256_50_2803,0.35283896,0.55360854,0.00015570121,0.0040749162,0.20102909,0.046253297,0.9988129
1242,sonora_256_50_202,0.30952862,0.70509887,0.0001697113,0.0041160877,0.5638907,0.14493735,0.99890673
1243,sonora_256_50_518,0.35898727,0.6230982,0.0002124836,0.003539159,0.4136511,0.030299429,0.99916744
1244,sonora_256_50_2546,0.39097056,0.53156376,9.36619e-05,0.0029614347,0.21015711,0.029584847,0.999215
1245,sonora_256_50_2796,0.380236,0.57826495,7.959289e-05,0.0029780255,0.29128763,0.04023983,0.99918646
1246,sonora_256_50_2664,0.36967587,0.51013225,0.00022756198,0.004160434,0.16387147,0.032063615,0.9991258
1247,sonora_256_50_248,0.34398997,0.59686327,0.00021765748,0.0059726336,0.4193779,0.08921369,0.9979097
1248,hv_256_50_3615,0.2117689,0.6114613,3.242211e-05,0.0019061465,0.58932686,0.11127235,0.99871445
1249,sonora_256_50_1705,0.37308696,0.44776407,0.00017659723,0.0032304986,0.10962126,0.019303596,0.99897134
1250,sonora_256_50_1021,0.36176756,0.76534635,0.00034312412,0.0064848466,0.6378719,0.06973923,0.9987263
1251,hv_256_50_553,0.039945632,0.30432066,1.7198603e-06,0.0038185075,0.9997409,0.50104815,0.9475686
1252,hv_256_50_1728,0.13958879,0.47785887,5.724199e-05,0.0099958265,0.99499017,0.6127922,0.9600329
1253,sonora_256_50_546,0.37783474,0.51964295,0.00027422264,0.005174803,0.24918105,0.05744884,0.9987657
1254,sonora_256_50_1445,0.37191617,0.59221566,0.000107121836,0.0029637248,0.280879,0.053130317,0.9994117
1255,sonora_256_50_3518,0.22212464,0.55732924,2.6552303e-05,0.0012846182,0.522767,0.05674282,0.9993388
1256,sonora_256_50_2258,0.29007986,0.5667681,0.00043419236,0.010236304,0.86793244,0.5175831,0.9944701
1257,hv_256_50_1025,0.3295831,0.7486048,0.00024469968,0.0077260896,0.6109056,0.2458554,0.9969537
1258,sonora_256_50_2628,0.26376387,0.57428294,2.7591892e-05,0.0016289249,0.53784263,0.06546934,0.99913055
1259,hv_256_50_1323,0.048239455,0.21082562,5.2663127e-06,0.0062659346,0.99991834,0.79909706,0.876205
1260,hv_256_50_3046,0.3761823,0.61790556,8.224659e-05,0.0034238328,0.31052968,0.068246596,0.99928075
1261,hv_256_50_3308,0.15133029,0.39050663,1.986199e-06,0.003042875,0.98228353,0.12586947,0.99357396
1262,sonora_256_50_1684,0.3664067,0.6131315,7.4001684e-05,0.0023004846,0.3614442,0.059785202,0.9995746
1263,sonora_256_50_1837,0.37267074,0.63618445,7.6706405e-05,0.0028683778,0.3327044,0.07413301,0.9994899
1264,sonora_256_50_137,0.36250675,0.6089327,0.00018077262,0.004464258,0.25219476,0.04250154,0.99853444
1265,hv_256_50_2802,0.2032958,0.546188,1.6798622e-05,0.0036851678,0.8914983,0.16021296,0.9964971
1266,hv_256_50_1822,0.097790405,0.377279,4.743426e-06,0.004896603,0.99816495,0.35701954,0.97791034
1267,sonora_256_50_2217,0.29991773,0.6127736,3.8323364e-05,0.0022548295,0.40977553,0.08726842,0.9991928
1268,sonora_256_50_2682,0.30840385,0.5997355,4.4453227e-05,0.0018604829,0.42221066,0.06388114,0.99947506
1269,sonora_256_50_3387,0.24968563,0.5771998,3.1539395e-05,0.0013665434,0.43883508,0.06283314,0.99932945
1270,hv_256_50_1086,0.40223864,0.5934005,0.0004217624,0.007986733,0.25979987,0.05494737,0.99778926
1271,sonora_256_50_1031,0.1673993,0.36483833,0.0001725556,0.0046156696,0.9364402,0.75719064,0.9932562
1272,sonora_256_50_816,0.36167794,0.610012,0.0002499176,0.005444003,0.30165875,0.07977888,0.9986761
1273,hv_256_50_1234,0.25888827,0.5977804,3.8112048e-05,0.0017419426,0.45648056,0.09623047,0.9992661
1274,hv_256_50_2645,0.2046296,0.5308848,1.2775919e-05,0.0038574592,0.84920806,0.24054107,0.99516296
1275,hv_256_50_3110,0.36870337,0.59555995,6.2906955e-05,0.0025913266,0.30630824,0.05278122,0.99946326
1276,sonora_256_50_1193,0.35245118,0.76371706,0.00027783675,0.004838156,0.5609287,0.045079388,0.99825746
1277,sonora_256_50_3674,0.23800291,0.5390976,1.8985289e-05,0.0013069505,0.5106841,0.056957595,0.999401
1278,hv_256_50_3028,0.12233776,0.35689303,1.29996515e-05,0.009784407,0.99731964,0.32071778,0.9602329
1279,sonora_256_50_2972,0.3301054,0.5685174,4.3111908e-05,0.0017016933,0.35559145,0.05120304,0.9995009
1280,sonora_256_50_1544,0.38257134,0.5803611,0.000122001475,0.0036906851,0.24137045,0.032831725,0.99887496
1281,sonora_256_50_124,0.22612458,0.5960186,2.7677672e-05,0.0056307698,0.89095455,0.40467107,0.9934477
1282,sonora_256_50_2272,0.3424526,0.5761617,0.00019788097,0.005957137,0.28772625,0.09226292,0.9977083
1283,sonora_256_50_1381,0.17816219,0.44304076,3.4768844e-05,0.006971228,0.96043575,0.5107624,0.9837123
1284,sonora_256_50_2789,0.33504292,0.61029565,4.6514433e-05,0.0020872182,0.41158953,0.06310863,0.9994336
1285,sonora_256_50_1790,0.38069284,0.5627092,9.458583e-05,0.0029986084,0.22697723,0.029019333,0.9991653
1286,hv_256_50_569,0.09742956,0.3098916,1.0244181e-05,0.00932249,0.9987148,0.75293744,0.9073419
1287,sonora_256_50_3168,0.37166446,0.60679144,6.8944624e-05,0.0027832652,0.3142251,0.059426643,0.9993781
1288,hv_256_50_3626,0.18206432,0.4420025,6.8709214e-06,0.003099112,0.9605542,0.10415772,0.996064
1289,sonora_256_50_996,0.36121193,0.5525658,9.9952624e-05,0.0031783052,0.30953187,0.044057414,0.9990101
1290,sonora_256_50_2029,0.32719278,0.6136626,3.748229e-05,0.002294594,0.45482883,0.079374254,0.9992322
1291,sonora_256_50_1457,0.3180044,0.7115408,0.00010451846,0.0031968048,0.5123165,0.09772095,0.99904937
1292,hv_256_50_2506,0.16679642,0.41257474,7.942839e-06,0.0029170325,0.96434784,0.16208652,0.996594
1293,hv_256_50_1065,0.20071702,0.48427993,0.0005628198,0.009996596,0.98317486,0.71680963,0.98419446
1294,hv_256_50_2473,0.16169046,0.48463783,2.7270704e-05,0.004507053,0.9904377,0.2807578,0.99255204
1295,hv_256_50_3572,0.14820562,0.35985342,7.683291e-06,0.007367283,0.9933983,0.22487299,0.9799009
1296,sonora_256_50_1041,0.2025827,0.6172072,3.6329086e-05,0.0016394781,0.687456,0.17933561,0.999038
1297,hv_256_50_1306,0.38747475,0.5999593,0.00017499928,0.0053355116,0.2617829,0.057402175,0.99791306
1298,hv_256_50_1416,0.3261335,0.6303352,4.4816945e-05,0.002508751,0.4721603,0.08765158,0.99926895
1299,sonora_256_50_1977,0.36945432,0.5769849,7.48042e-05,0.002685315,0.27351597,0.044037126,0.9993575
1300,hv_256_50_920,0.06768791,0.23919153,2.3466519e-06,0.0049781627,0.9994779,0.37426147,0.9674211
1301,sonora_256_50_3725,0.19684553,0.53344846,1.953859e-05,0.0017694858,0.8113052,0.097343445,0.9991191
1302,sonora_256_50_1301,0.38603243,0.65022767,0.00019422648,0.0041469564,0.3698832,0.041440036,0.9988739
1303,hv_256_50_611,0.15222576,0.46115333,6.1350815e-06,0.0037478518,0.96907467,0.40166155,0.99007684
1304,hv_256_50_3351,0.1911214,0.48103583,5.036182e-06,0.0022495503,0.9160564,0.07273216,0.9978703
1305,sonora_256_50_27,0.39620915,0.60768086,0.00034353553,0.0066564623,0.25900272,0.06082611,0.99845195
1306,hv_256_50_712,0.06764692,0.19920775,1.6991538e-06,0.006370503,0.9991406,0.4619698,0.9512312
1307,hv_256_50_1288,0.34413764,0.77387154,0.00021581748,0.004155938,0.5625106,0.12034861,0.9990332
1308,hv_256_50_2998,0.044500854,0.17381595,1.7029436e-07,0.003011321,0.9997348,0.4750864,0.94140196
1309,hv_256_50_1385,0.024483271,0.18661945,1.0025153e-07,0.0022339774,0.99991274,0.41609251,0.94686323
1310,sonora_256_50_930,0.39826125,0.4735414,0.00015676126,0.003945184,0.1266611,0.020802582,0.9981469
1311,hv_256_50_2410,0.15224421,0.46832556,1.7398579e-05,0.004166432,0.9963819,0.12397153,0.99372405
1312,sonora_256_50_250,0.37448388,0.6124192,0.00026255756,0.0050062397,0.3248212,0.03658536,0.99895394
1313,sonora_256_50_1282,0.37032014,0.6350724,9.387086e-05,0.0033100133,0.34866697,0.056976784,0.9993316
1314,sonora_256_50_1121,0.345919,0.7102149,0.00013274275,0.0038971212,0.5836893,0.06544861,0.9987791
1315,sonora_256_50_1428,0.36935672,0.60639495,0.00021441742,0.005137283,0.2135588,0.04269181,0.99803287
1316,sonora_256_50_205,0.39284515,0.6717559,0.00030254072,0.0055146874,0.3904183,0.042153772,0.9987627
1317,hv_256_50_3466,0.17562698,0.48142025,6.614019e-06,0.002535794,0.8767938,0.16366279,0.9966916
1318,hv_256_50_1038,0.096713334,0.3940623,4.857796e-05,0.011534634,0.9993849,0.31229448,0.9612105
1319,sonora_256_50_921,0.3741248,0.70242846,0.00046956318,0.00960169,0.2788523,0.1038148,0.9970642
1320,sonora_256_50_3252,0.29155508,0.56639874,2.7005926e-05,0.0017117301,0.4238449,0.06586042,0.9992638
1321,sonora_256_50_2714,0.33507627,0.5997732,5.059818e-05,0.0022752916,0.3851787,0.07063031,0.9993481
1322,hv_256_50_2710,0.25287655,0.5788264,2.2969285e-05,0.0020007782,0.610186,0.09925121,0.9990596
1323,hv_256_50_716,0.20888346,0.5016182,0.00016075338,0.0051890486,0.9542824,0.595673,0.9939872
1324,sonora_256_50_1986,0.33270606,0.5906945,0.00034146526,0.005856162,0.54720914,0.10988869,0.9972772
1325,sonora_256_50_2824,0.38555756,0.63129693,0.00023079988,0.0077864137,0.36371604,0.105536126,0.99651295
1326,hv_256_50_2051,0.18486278,0.47195423,8.047218e-06,0.004867937,0.9569704,0.15959568,0.99235666
1327,sonora_256_50_3651,0.20639005,0.55538124,1.7970626e-05,0.0019730933,0.81806993,0.07863037,0.9990067
1328,hv_256_50_3551,0.24032038,0.57927644,2.4342451e-05,0.0019945675,0.57176876,0.094996236,0.9987907
1329,sonora_256_50_241,0.40695006,0.59827954,0.00043683092,0.007694508,0.20150833,0.03844041,0.998214
1330,hv_256_50_3621,0.2116561,0.5781333,3.0048715e-05,0.0024038705,0.7833324,0.17768349,0.998486
1331,sonora_256_50_2627,0.24676609,0.55865824,2.6168398e-05,0.0013834838,0.5091982,0.054358777,0.9993594
1332,hv_256_50_3452,0.38224277,0.5570906,0.00011759861,0.003932197,0.19323094,0.037724543,0.9987239
1333,sonora_256_50_545,0.37380582,0.56920564,0.00033134653,0.008022487,0.3251672,0.110077254,0.9972115
1334,sonora_256_50_1811,0.3653197,0.56285745,0.00010245293,0.0031289642,0.24722227,0.030741295,0.9990176
1335,sonora_256_50_2622,0.38573256,0.5118564,0.0002384305,0.004734944,0.18979447,0.03461005,0.99848986
1336,hv_256_50_1503,0.20037964,0.5923181,2.9873112e-05,0.0018923464,0.6944436,0.13591978,0.99869674
1337,sonora_256_50_498,0.3513234,0.8189505,0.0004317342,0.006581062,0.5814339,0.1253046,0.9978993
1338,sonora_256_50_57,0.3486589,0.76713073,0.00013994733,0.0056025586,0.5353796,0.10398285,0.99803144
1339,hv_256_50_1174,0.031163557,0.1256685,6.7768276e-08,0.0023736062,0.9998412,0.5495537,0.94006395
1340,sonora_256_50_3630,0.3551945,0.5453222,4.6890058e-05,0.0020314318,0.29369038,0.040030386,0.9994843
1341,hv_256_50_997,0.33411095,0.72622484,0.0012015085,0.021002155,0.84156024,0.5878938,0.98348355
1342,hv_256_50_3187,0.2583885,0.6375388,5.0815488e-05,0.0026822647,0.5077006,0.16141537,0.99877673
1343,sonora_256_50_3210,0.36306387,0.51563776,0.00017929789,0.003955646,0.1786853,0.036211737,0.999022
1344,sonora_256_50_3391,0.22788881,0.56760585,2.3561493e-05,0.001551028,0.5340606,0.0782051,0.99923074
1345,hv_256_50_2088,0.16846178,0.4253748,2.0167836e-05,0.006367117,0.98738873,0.28018495,0.98787713
1346,sonora_256_50_2409,0.35980037,0.6091228,0.00040054426,0.0097169485,0.35799813,0.15843765,0.99632025
1347,sonora_256_50_652,0.3810335,0.67825764,0.00024390772,0.0059418753,0.26869148,0.043004427,0.9982644
1348,hv_256_50_2171,0.19965991,0.5640763,2.5107724e-05,0.005555043,0.91828644,0.35024777,0.9925774
1349,hv_256_50_1644,0.18459034,0.4469819,6.331586e-06,0.0010134227,0.7652157,0.041795187,0.9993187
1350,sonora_256_50_1062,0.34534252,0.64065135,0.0002876321,0.006836104,0.48018113,0.111040205,0.99802184
1351,hv_256_50_3512,0.19118322,0.46805912,5.297619e-06,0.0016412586,0.8941112,0.053705454,0.99886775
1352,sonora_256_50_588,0.37927613,0.5474854,0.00029582676,0.005924073,0.20838419,0.043819055,0.9983485
1353,sonora_256_50_1572,0.36549228,0.5954233,0.0006943359,0.013712294,0.4717524,0.28543413,0.9934941
1354,sonora_256_50_2914,0.27031028,0.5567275,2.8722094e-05,0.0013805019,0.40437096,0.05299273,0.9993592
1355,hv_256_50_3423,0.17868324,0.4621203,6.4155306e-06,0.0013207009,0.86127716,0.062232055,0.9992099
1356,sonora_256_50_3285,0.3753626,0.5522773,0.00013516871,0.003934084,0.21578932,0.045541517,0.9991049
1357,sonora_256_50_2065,0.3929977,0.6202624,0.00036203567,0.007971374,0.2156298,0.07717478,0.9971192
1358,sonora_256_50_3078,0.3474851,0.49075037,0.00013577081,0.004060261,0.25732255,0.041063044,0.9985758
1359,hv_256_50_2503,0.16603014,0.43368483,2.2424886e-06,0.0019788567,0.8886274,0.14080235,0.9969612
1360,sonora_256_50_2683,0.35658222,0.61893433,7.082591e-05,0.0025718426,0.35763544,0.06272167,0.9994603
1361,hv_256_50_545,0.07864046,0.24683084,6.812441e-06,0.007716953,0.9996331,0.40680408,0.9423654
1362,hv_256_50_2402,0.21645534,0.56994635,3.0900286e-05,0.0029996492,0.92183834,0.09395404,0.99842834
1363,hv_256_50_1996,0.255052,0.5543135,2.3077682e-05,0.0012680033,0.43009123,0.050800964,0.99946874
1364,sonora_256_50_2673,0.32147628,0.59106296,3.984324e-05,0.0024223225,0.4225074,0.08703349,0.99919575
1365,hv_256_50_1445,0.39025894,0.5657882,0.00012846454,0.0038784367,0.22796929,0.04228855,0.99879754
1366,hv_256_50_161,0.053509094,0.29818627,7.300061e-06,0.0045505916,0.9999478,0.46765086,0.955799
1367,sonora_256_50_3307,0.34715992,0.60106254,5.0519062e-05,0.0022485135,0.3392749,0.065693036,0.99945074
1368,hv_256_50_1255,0.0356604,0.17551243,3.2637612e-07,0.003016257,0.99983346,0.41683966,0.95691687
1369,sonora_256_50_3113,0.34252638,0.60432893,4.9864957e-05,0.0022891925,0.3492129,0.06775069,0.99939823
1370,sonora_256_50_597,0.36866644,0.602839,0.00021458429,0.0047393907,0.33507496,0.04486493,0.9980235
1371,sonora_256_50_3359,0.38870203,0.60425663,0.00010697923,0.003826328,0.2728575,0.060551003,0.99916124
1372,sonora_256_50_3371,0.19809738,0.50784576,1.32744735e-05,0.0012071346,0.7680534,0.052583028,0.9994728
1373,hv_256_50_1425,0.30759647,0.6819729,7.523092e-05,0.0025624486,0.5310151,0.11724663,0.99923205
1374,hv_256_50_150,0.20218135,0.762083,8.283802e-05,0.001882347,0.92045933,0.12665291,0.9992894
1375,hv_256_50_1951,0.29001674,0.65907407,4.9280417e-05,0.0025299776,0.46114147,0.11420195,0.9991736
1376,hv_256_50_1620,0.26594055,0.5731739,0.00044457716,0.014223871,0.90558785,0.75953066,0.98079234
1377,hv_256_50_3619,0.21674563,0.48950124,1.1273339e-05,0.0014819814,0.6799792,0.0780375,0.9989209
1378,sonora_256_50_1391,0.17500557,0.43905997,5.7325055e-06,0.0026283443,0.9382434,0.28315434,0.99638474
1379,hv_256_50_973,0.13130005,0.48225135,0.00011627882,0.01569494,0.99866545,0.79472667,0.89478374
1380,hv_256_50_1875,0.046419352,0.21414286,7.646485e-08,0.002022543,0.99969196,0.3192212,0.9683214
1381,hv_256_50_3455,0.38166106,0.619142,0.00010468573,0.004184741,0.2648507,0.070659794,0.99914944
1382,sonora_256_50_3601,0.20184743,0.47630557,8.251481e-06,0.0021445141,0.8980983,0.06393584,0.998566
1383,hv_256_50_1212,0.2025027,0.5530764,3.200634e-05,0.001522557,0.5959054,0.08648484,0.99899274
1384,hv_256_50_2259,0.2128091,0.60030913,2.9204479e-05,0.0037120236,0.91490746,0.14641258,0.9970721
1385,hv_256_50_49,0.13083793,0.36264282,1.6394379e-05,0.0049884645,0.9902158,0.6394098,0.9835976
1386,sonora_256_50_938,0.38612014,0.5563357,0.00013131599,0.003713953,0.21869421,0.032462906,0.9991535
1387,sonora_256_50_83,0.34986606,0.6694847,7.305707e-05,0.00272035,0.42294678,0.075878054,0.9993273
1388,sonora_256_50_1285,0.37794667,0.55832165,9.367869e-05,0.0028930986,0.22035712,0.027181882,0.99918205
1389,hv_256_50_3310,0.12712525,0.33101135,5.6537095e-07,0.002563419,0.9843642,0.14301856,0.9917999
1390,hv_256_50_2348,0.10662792,0.28654206,4.8897107e-07,0.003401927,0.99503714,0.2334697,0.9814161
1391,sonora_256_50_2147,0.31597042,0.5988627,4.328439e-05,0.0017562697,0.37723893,0.06347879,0.9994506
1392,hv_256_50_1521,0.029468447,0.11103647,3.9368615e-08,0.0018986472,0.99979097,0.44881317,0.9574018
1393,hv_256_50_548,0.14053644,0.42732176,1.91887e-05,0.0045656175,0.9927182,0.5671918,0.9853555
1394,hv_256_50_546,0.109312385,0.34700146,5.537665e-05,0.008627481,0.99892896,0.36843354,0.9761332
1395,hv_256_50_2150,0.12679975,0.25453362,3.4335774e-06,0.009032884,0.9926367,0.5769563,0.94861144
1396,sonora_256_50_174,0.38086066,0.6571176,0.00056884525,0.010400562,0.4080549,0.13990922,0.9971474
1397,sonora_256_50_3422,0.37237057,0.5441625,5.8423546e-05,0.002057115,0.26194978,0.03486263,0.9996667
1398,hv_256_50_2853,0.16364804,0.4102769,3.7195714e-05,0.008075773,0.98364234,0.53388095,0.97845113
1399,sonora_256_50_3637,0.35349935,0.5946604,4.8474212e-05,0.002208478,0.34600666,0.06122937,0.999493
1400,hv_256_50_946,0.38183397,0.5812368,0.00024816077,0.006357185,0.21793929,0.058942128,0.99824464
1401,hv_256_50_2873,0.16845644,0.46000403,9.173635e-06,0.0024485446,0.89428437,0.21760006,0.996779
1402,hv_256_50_2638,0.25463507,0.55399436,2.3687386e-05,0.0014791841,0.51599324,0.06282262,0.9992149
1403,hv_256_50_534,0.27450773,0.7271656,0.0006192668,0.014868742,0.8424052,0.5685629,0.9836865
1404,sonora_256_50_1019,0.3857344,0.5303902,0.00041715428,0.0056122793,0.30831167,0.039588604,0.9988881
1405,sonora_256_50_294,0.26332197,0.79638696,0.00024353477,0.0033530055,0.78803515,0.15398055,0.99880886
1406,hv_256_50_1851,0.19719076,0.5461763,1.5356056e-05,0.0015164143,0.73066986,0.07084964,0.9989963
1407,sonora_256_50_2212,0.23509097,0.6128743,6.228324e-05,0.0026406967,0.58025396,0.21363655,0.99850994
1408,sonora_256_50_1618,0.367406,0.6306778,8.248788e-05,0.0035267766,0.37406448,0.097676285,0.99929905
1409,hv_256_50_1362,0.3664653,0.6373632,0.00010768493,0.004130183,0.37275434,0.07903319,0.99881685
1410,sonora_256_50_3596,0.2027789,0.5234926,1.18609405e-05,0.0021764268,0.89794666,0.072230026,0.99864346
1411,hv_256_50_2245,0.11325383,0.38783506,6.6052496e-07,0.0034005092,0.99167526,0.32188246,0.98306006
1412,sonora_256_50_1291,0.38740954,0.56585234,0.00020148081,0.0050363094,0.16762531,0.029755887,0.99804246
1413,sonora_256_50_53,0.28579217,0.6158946,5.988987e-05,0.0053808154,0.7673682,0.25382164,0.9961164
1414,hv_256_50_3117,0.3464342,0.63885576,6.828741e-05,0.0030889134,0.33877358,0.101324454,0.9992706
1415,sonora_256_50_2770,0.2727448,0.5228216,1.9806754e-05,0.0012005543,0.49612978,0.047579974,0.99951446
1416,hv_256_50_750,0.20720151,0.5510719,9.362548e-05,0.0035285398,0.86947745,0.20845173,0.99779093
1417,hv_256_50_470,0.15012376,0.41286397,2.0373009e-06,0.0031536059,0.96411294,0.1943476,0.9933697
1418,hv_256_50_1325,0.055562973,0.28224462,1.0366921e-05,0.0064202994,0.99992764,0.50968325,0.9410971
1419,hv_256_50_900,0.08021701,0.19793291,2.397611e-05,0.011658569,0.9994765,0.62226045,0.9392954
1420,hv_256_50_3693,0.19119719,0.45529974,5.2941846e-06,0.0035131657,0.93271476,0.10989677,0.99525696
1421,sonora_256_50_8,0.2629665,0.6755112,6.945849e-05,0.0025549035,0.52458274,0.16086172,0.9988508
1422,hv_256_50_1466,0.14616668,0.41966185,0.00020645396,0.011339038,0.995488,0.7791247,0.9662229
1423,hv_256_50_3174,0.19164418,0.4664372,6.0310854e-06,0.0026070734,0.9425232,0.078464195,0.9973226
1424,sonora_256_50_2536,0.3410379,0.6264378,5.4032775e-05,0.002412338,0.3933938,0.07800903,0.99937373
1425,sonora_256_50_932,0.3545222,0.5396811,0.0002075868,0.0049139364,0.21126793,0.048790693,0.99825686
1426,sonora_256_50_662,0.35269377,0.5632102,0.00016961749,0.0036311683,0.24764009,0.0363772,0.99902725
1427,hv_256_50_1962,0.17674586,0.568734,6.110987e-05,0.00525025,0.9692245,0.40551326,0.99194676
1428,hv_256_50_325,0.347864,0.68917006,0.0001934115,0.007035887,0.5561861,0.19190483,0.99712557
1429,hv_256_50_2810,0.19506982,0.4945408,1.3067517e-05,0.0035908446,0.8586026,0.19230247,0.9958825
1430,sonora_256_50_987,0.39877266,0.721751,0.00045648406,0.010463629,0.35841513,0.06712614,0.9960945
1431,hv_256_50_2381,0.13252327,0.39754364,4.135939e-06,0.0036148196,0.99432015,0.2710288,0.98803395
1432,sonora_256_50_1812,0.36498085,0.59664613,9.213901e-05,0.0027780624,0.26137263,0.031240504,0.9992505
1433,hv_256_50_1002,0.34265348,0.60056084,4.7941674e-05,0.002298791,0.36551288,0.06960209,0.9994382
1434,sonora_256_50_1919,0.37954396,0.53187174,0.0005667836,0.009024807,0.36835006,0.09880829,0.99689794
1435,sonora_256_50_3338,0.3888588,0.7263137,0.00054807315,0.010793682,0.49004868,0.13323283,0.9952785
1436,hv_256_50_1945,0.09832839,0.30232596,1.0107632e-06,0.0029961432,0.9979127,0.23121704,0.98775315
1437,sonora_256_50_1065,0.38111493,0.60108674,0.00012488704,0.003957053,0.2464549,0.04141883,0.99920964
1438,hv_256_50_2283,0.109052345,0.31274873,3.4191282e-06,0.005335585,0.9968598,0.4609769,0.9762121
1439,hv_256_50_3166,0.0882867,0.23592156,1.6241204e-07,0.0031118547,0.99544466,0.28260437,0.9758887
1440,hv_256_50_2341,0.19531769,0.50709987,1.1795753e-05,0.0017503825,0.9500485,0.056272823,0.99908566
1441,sonora_256_50_486,0.31459612,0.6988076,7.056345e-05,0.0031479164,0.5078388,0.1262841,0.9990709
1442,hv_256_50_2914,0.3821523,0.634526,9.601421e-05,0.0036003066,0.31859082,0.06866791,0.99925965
1443,hv_256_50_1170,0.31728467,0.69864696,7.9394056e-05,0.004633576,0.5584864,0.2273765,0.99811363
1444,hv_256_50_2976,0.33963042,0.5716148,4.0479725e-05,0.0018943145,0.3521064,0.054325324,0.999496
1445,hv_256_50_2574,0.18985529,0.50231093,1.5234607e-05,0.0038210154,0.9166313,0.33332825,0.993956
1446,hv_256_50_457,0.36928868,0.58420616,0.00060974126,0.010834672,0.40108937,0.09382351,0.9964631
1447,hv_256_50_1949,0.079512864,0.24194175,1.0328723e-06,0.0021063064,0.9993236,0.22606723,0.99236286
1448,hv_256_50_429,0.094350606,0.46461666,5.273926e-05,0.011141492,0.9996216,0.9101734,0.8624542
1449,hv_256_50_2715,0.19767116,0.5968964,4.63739e-05,0.004615071,0.9037597,0.38728616,0.9928422
1450,hv_256_50_1017,0.3807501,0.5974524,0.00051848555,0.009823225,0.41782728,0.12659575,0.99703324
1451,hv_256_50_304,0.14326665,0.37502882,6.531386e-05,0.014125109,0.9974771,0.5253137,0.94429564
1452,hv_256_50_729,0.21719837,0.50328803,1.1311958e-05,0.0026161128,0.7656419,0.16034491,0.9978662
1453,hv_256_50_917,0.06345651,0.29867798,4.112278e-06,0.006613309,0.9998703,0.8636483,0.8402232
1454,hv_256_50_1678,0.036881346,0.22325988,5.570684e-06,0.005796541,0.9999026,0.42142877,0.9505999
1455,hv_256_50_697,0.20770095,0.7238408,0.00024374755,0.0054051564,0.96846116,0.3229472,0.9955064
1456,hv_256_50_906,0.16625252,0.529163,0.00032262653,0.009765899,0.9946976,0.64106876,0.97693926
1457,sonora_256_50_1375,0.36892617,0.7269126,0.00024216241,0.006977242,0.39739057,0.12807079,0.9981376
1458,sonora_256_50_268,0.37042725,0.6155898,0.0002130254,0.005791325,0.3237516,0.09457269,0.9978678
1459,sonora_256_50_1046,0.20637327,0.6506939,3.508871e-05,0.0025472813,0.8910053,0.19570096,0.99779606
1460,hv_256_50_2186,0.18660255,0.58089846,1.9353089e-05,0.0023153343,0.8214919,0.2051468,0.99803954
1461,hv_256_50_2065,0.23103242,0.5423885,1.9707799e-05,0.0012637333,0.54556346,0.054824974,0.9993748
1462,hv_256_50_141,0.2966407,0.6118061,5.0540937e-05,0.0033612764,0.59052294,0.14695445,0.9985468
1463,sonora_256_50_2521,0.38266137,0.5267788,7.151293e-05,0.00225777,0.21536367,0.025369754,0.99946016
1464,hv_256_50_1494,0.2526124,0.6002145,3.3532517e-05,0.0016223505,0.49547994,0.088774145,0.9992951
1465,sonora_256_50_2219,0.32735023,0.6131622,5.4068798e-05,0.0020500664,0.35228214,0.07012537,0.99941146
1466,hv_256_50_331,0.14191005,0.38334486,8.228017e-05,0.00802883,0.99696094,0.50694376,0.9780041
1467,sonora_256_50_3619,0.33750173,0.6550808,6.855728e-05,0.0023797068,0.4003294,0.06508143,0.9993949
1468,hv_256_50_1782,0.19179103,0.5314058,1.2216431e-05,0.0014075454,0.7774369,0.07254605,0.9992719
1469,hv_256_50_3302,0.18677625,0.45070395,4.5333977e-06,0.0014655099,0.8700613,0.052491434,0.9989766
1470,hv_256_50_3041,0.36096197,0.56218845,5.1648814e-05,0.0020404826,0.31008157,0.04276569,0.9995678
1471,hv_256_50_2535,0.1779259,0.50131446,1.6456832e-05,0.004607356,0.981278,0.17600572,0.9925721
1472,sonora_256_50_1928,0.37625343,0.5550896,0.00010151486,0.003130266,0.22567882,0.03419099,0.99928814
1473,hv_256_50_171,0.317234,0.74946946,0.0002196964,0.00658945,0.5736275,0.30814952,0.9975636
1474,hv_256_50_1409,0.15882125,0.38995653,0.00012241774,0.011654949,0.99461704,0.35576135,0.9806959
1475,hv_256_50_2268,0.13681236,0.3731034,5.32488e-06,0.005943776,0.99130565,0.30876157,0.9772689
1476,hv_256_50_183,0.35465142,0.72409594,0.001316198,0.026147801,0.72457767,0.5153084,0.98278576
1477,sonora_256_50_1174,0.2053093,0.5815586,5.3629592e-05,0.004049175,0.8337471,0.36673337,0.99622995
1478,hv_256_50_2095,0.06891855,0.40086934,4.8870086e-05,0.009425652,0.9997991,0.43743342,0.9408342
1479,hv_256_50_2845,0.3652548,0.58280087,7.271504e-05,0.002578747,0.3162322,0.05124928,0.9993568
1480,sonora_256_50_3093,0.37307534,0.5711247,6.106362e-05,0.0023314252,0.2802281,0.04274374,0.99951863
1481,sonora_256_50_224,0.1987274,0.61758804,2.9873823e-05,0.0014118387,0.83112156,0.1028229,0.9991999
1482,hv_256_50_1415,0.3521818,0.6510866,9.212373e-05,0.004514788,0.3885543,0.10931594,0.99853003
1483,hv_256_50_2327,0.18610123,0.5215201,1.9031459e-05,0.0034279372,0.9553913,0.15298615,0.9964986
1484,hv_256_50_1418,0.30176517,0.59178656,3.376925e-05,0.0017000497,0.42249382,0.06857344,0.99939
1485,sonora_256_50_2298,0.37341684,0.5466218,5.451624e-05,0.0020806994,0.2615182,0.032627154,0.99954045
1486,hv_256_50_1397,0.117962025,0.37141216,1.5854232e-05,0.005164361,0.99631363,0.7048082,0.9758193
1487,sonora_256_50_497,0.32855883,0.8234021,0.00038174746,0.006512422,0.7143159,0.16824877,0.9976993
1488,sonora_256_50_1239,0.37988004,0.5954995,0.00013421994,0.0035151308,0.23484087,0.030175189,0.99923086
1489,hv_256_50_1075,0.32192966,0.7288471,0.00010867254,0.0033953066,0.5739945,0.1597311,0.9990345
1490,hv_256_50_2801,0.2059307,0.5587844,1.6958926e-05,0.0025958405,0.8399944,0.12620841,0.9981773
1491,sonora_256_50_3576,0.19235532,0.5630446,1.9371812e-05,0.0034706048,0.8317307,0.2591574,0.99601483
1492,sonora_256_50_2223,0.3723522,0.5841892,6.845844e-05,0.0028935417,0.30138043,0.0480404,0.9993192
1493,sonora_256_50_3433,0.31942913,0.5681917,4.448597e-05,0.0017834082,0.38059786,0.0591911,0.99946135
1494,hv_256_50_222,0.04576991,0.21116778,8.758774e-06,0.00534976,0.9999443,0.6018288,0.9329034
1495,hv_256_50_3518,0.18017974,0.44338462,4.949642e-06,0.002601575,0.9558747,0.08736635,0.99684674
1496,sonora_256_50_3310,0.20524712,0.54268533,1.5411071e-05,0.0014684064,0.6257698,0.09626201,0.99901056
1497,hv_256_50_1727,0.15366514,0.49649444,5.7508776e-05,0.0065964106,0.9891264,0.58955646,0.98398054
1498,sonora_256_50_115,0.3740595,0.7239214,0.00047970016,0.010436947,0.42799196,0.13015573,0.99667406
1499,hv_256_50_1893,0.2036762,0.542744,6.15983e-05,0.003443053,0.90580386,0.25246686,0.9966312
1500,sonora_256_50_1244,0.18522194,0.48023212,3.199139e-05,0.0043584774,0.9453446,0.28094864,0.99476224
1501,sonora_256_50_1067,0.36416027,0.6281792,7.0911396e-05,0.0027798235,0.33692113,0.07901534,0.9995161
1502,hv_256_50_342,0.106335975,0.27302277,7.998031e-07,0.004255714,0.9959121,0.2587207,0.9782471
1503,hv_256_50_2377,0.24821857,0.57888854,2.0680774e-05,0.0022925842,0.6248123,0.13291268,0.99881834
1504,sonora_256_50_2801,0.36635908,0.6539027,0.00040829217,0.008424772,0.3919436,0.12041568,0.99780184
1505,hv_256_50_2174,0.14685239,0.49467066,1.757991e-05,0.006217758,0.9872455,0.6232062,0.97327155
1506,hv_256_50_1241,0.19819652,0.52074784,3.753594e-05,0.004969601,0.8876385,0.35936227,0.9933396
1507,sonora_256_50_3282,0.36871973,0.51963365,0.00014321685,0.0036418997,0.17802572,0.028106704,0.99876213
1508,sonora_256_50_1160,0.3091987,0.5554064,8.305024e-05,0.0032410368,0.6228654,0.044001658,0.9985006
1509,hv_256_50_1087,0.32266024,0.664011,0.00043749643,0.010997777,0.6564124,0.35418758,0.9955031
1510,hv_256_50_2850,0.22395775,0.5852084,2.549666e-05,0.0024608325,0.6937562,0.16292726,0.99820685
1511,hv_256_50_1127,0.18696673,0.45281217,6.8176014e-06,0.00204981,0.9007166,0.14214568,0.9973942
1512,hv_256_50_3094,0.19706866,0.491458,7.284379e-06,0.0018037424,0.8767915,0.057534505,0.99888784
1513,sonora_256_50_2799,0.37147725,0.4617141,0.00020970745,0.0033382536,0.15343426,0.024626914,0.99933016
1514,sonora_256_50_1141,0.3245802,0.5854686,4.439464e-05,0.0018112184,0.41057083,0.0570016,0.999546
1515,hv_256_50_3540,0.36933056,0.59783876,5.836597e-05,0.0024076344,0.314914,0.0549664,0.9995339
1516,sonora_256_50_1356,0.3708691,0.59285885,0.00010814181,0.0035530173,0.2719969,0.044213206,0.99913955
1517,hv_256_50_2336,0.16578196,0.4856452,8.939552e-06,0.0036637154,0.9807546,0.20463657,0.9936273
1518,hv_256_50_412,0.13277678,0.32488075,1.907053e-06,0.0046067224,0.9921938,0.25377554,0.982633
1519,hv_256_50_3692,0.20902283,0.46443072,1.1481681e-05,0.004279917,0.9151284,0.11480369,0.99528474
1520,hv_256_50_3354,0.17429647,0.47015548,5.014797e-06,0.0013726804,0.8625712,0.061008953,0.9989894
1521,hv_256_50_3006,0.20469414,0.5662347,2.041841e-05,0.0027114437,0.8945627,0.11471027,0.9982424
1522,sonora_256_50_170,0.34202302,0.6121834,0.00026424567,0.006907102,0.5911604,0.27593124,0.9971834
1523,hv_256_50_2452,0.09157819,0.3654609,1.209598e-06,0.0040669804,0.9975889,0.7016214,0.95078903
1524,sonora_256_50_688,0.35241976,0.5114901,0.00020867446,0.0047918796,0.28196296,0.049690783,0.9982455
1525,sonora_256_50_960,0.35785946,0.61922365,0.0001992519,0.0056514987,0.2479152,0.058267113,0.9983808
1526,sonora_256_50_495,0.24418646,0.7091035,6.673091e-05,0.002227761,0.75542426,0.12888567,0.99929094
1527,hv_256_50_629,0.2110746,0.65673256,0.00015552745,0.007708526,0.9399084,0.5374619,0.9882144
1528,hv_256_50_3505,0.13826577,0.38341072,2.5318502e-06,0.0038425804,0.9914909,0.16931064,0.99016714
1529,sonora_256_50_2838,0.30200252,0.5818046,3.0512529e-05,0.0016696728,0.47046313,0.0645347,0.9994444
1530,hv_256_50_3413,0.21863462,0.5617019,2.1398717e-05,0.0013316199,0.52590096,0.070332125,0.9991781
1531,sonora_256_50_1571,0.37925577,0.5967029,0.0005509174,0.012743124,0.2486367,0.15545568,0.99525
1532,hv_256_50_1371,0.1971789,0.59721106,2.4705465e-05,0.0014999005,0.7317366,0.08873948,0.99922466
1533,hv_256_50_2893,0.12226801,0.31962463,6.042716e-07,0.0031094607,0.9911295,0.1697274,0.98797995
1534,sonora_256_50_1890,0.3178405,0.5954216,3.3277924e-05,0.0019429454,0.42116937,0.06505781,0.9993285
1535,sonora_256_50_3438,0.19701234,0.55449504,1.7153461e-05,0.0020930911,0.786036,0.113682486,0.9984687
