MacroPrecision,MacroRecall,MacroF1,mAP,HammingLoss,SubsetAccuracy
0.588415772210728,0.6880923238434292,0.6129334650217323,0.5286023541905177,0.15401785714285715,0.2978515625
