model,input,class,decision threshold,ground truth (id),predicted (id),precision (id),recall (id),f1 (id),auroc (id),ap (id),accuracy (id),ground truth (cd),predicted (cd),precision (cd),recall (cd),f1 (cd),auroc (cd),ap (cd),accuracy (cd)
resnet18,dem,af1,0.402417,571.0,538.0,0.6226765799256505,0.5866900175131349,0.6041478809738503,0.7578559567343902,0.7034848159908949,0.7141927083333334,435.0,567.0,0.291005291005291,0.3793103448275862,0.3293413173652694,0.5552486245523922,0.3412226549657623,0.5625
resnet18,dem,Qal,0.33536667,950.0,1010.0,0.7762376237623763,0.8252631578947368,0.8,0.824415304472786,0.895711053217835,0.7447916666666666,845.0,1331.0,0.5477084898572502,0.8627218934911243,0.6700367647058824,0.4842788515058358,0.5789685338631432,0.5325520833333334
resnet18,dem,Qaf,0.058683727,13.0,28.0,0.1071428571428571,0.2307692307692307,0.1463414634146341,0.880953583514319,0.0878558033059498,0.9772135416666666,6.0,0.0,0.0,0.0,0.0,0.6854030501089324,0.032778161159295,0.99609375
resnet18,dem,Qat,0.084914654,61.0,210.0,0.2285714285714285,0.7868852459016393,0.3542435424354243,0.9077299249791608,0.3084343958617794,0.8860677083333334,77.0,2.0,0.0,0.0,0.0,0.8061027389334449,0.1621313995335317,0.9485677083333334
resnet18,dem,Qc,0.3785475,749.0,805.0,0.8559006211180125,0.9198931909212285,0.8867438867438867,0.9623402995607866,0.966037231787222,0.8854166666666666,456.0,763.0,0.5792922673656619,0.9692982456140352,0.7251845775225595,0.9453622482131254,0.8827899959439682,0.7819010416666666
resnet18,dem,Qca,0.27175826,432.0,514.0,0.6867704280155642,0.8171296296296297,0.7463002114164905,0.9299328200483092,0.8649103450973109,0.84375,249.0,242.0,0.6363636363636364,0.6184738955823293,0.6272912423625254,0.8883708883708883,0.6342607200224123,0.880859375
resnet18,dem,Qr,0.38798514,1433.0,1497.0,0.9432197728790916,0.9853454291695743,0.9638225255972696,0.9303179560837131,0.9948029509347318,0.9309895833333334,1511.0,1536.0,0.9837239583333334,1.0,0.9917952084017068,0.8030575777630707,0.9938298624578136,0.9837239583333334
resnet18,ep-101,af1,0.142561,571.0,692.0,0.6502890173410405,0.7880910683012259,0.7125890736342043,0.8417502245855377,0.7950289866220358,0.763671875,435.0,401.0,0.6184538653366584,0.5701149425287356,0.5933014354066986,0.7845720191675278,0.6728702256172985,0.7786458333333334
resnet18,ep-101,Qal,0.33520558,950.0,1121.0,0.7404103479036575,0.8736842105263158,0.8015451472718493,0.8096569067720496,0.8812187620664882,0.732421875,845.0,1304.0,0.5874233128834356,0.906508875739645,0.7128897161470451,0.7589361100882864,0.818863768833128,0.5983072916666666
resnet18,ep-101,Qaf,0.15704197,13.0,32.0,0.09375,0.2307692307692307,0.1333333333333333,0.8533764331531896,0.0851727596368601,0.974609375,6.0,7.0,0.0,0.0,0.0,0.7322440087145969,0.0101719912743134,0.9915364583333334
resnet18,ep-101,Qat,0.16512614,61.0,79.0,0.3164556962025316,0.4098360655737705,0.3571428571428571,0.8938371769936093,0.3134874314406244,0.94140625,77.0,126.0,0.2222222222222222,0.3636363636363636,0.2758620689655172,0.7975218749721833,0.203335355737758,0.904296875
resnet18,ep-101,Qc,0.5859988,749.0,805.0,0.8111801242236025,0.8718291054739653,0.8404118404118404,0.9309897313317376,0.9321036272366732,0.8385416666666666,456.0,469.0,0.44136460554371,0.4539473684210526,0.4475675675675675,0.6869456627680312,0.5402414540470039,0.6673177083333334
resnet18,ep-101,Qca,0.33238322,432.0,500.0,0.672,0.7777777777777778,0.721030042918455,0.9083341720343532,0.8042096920603703,0.8307291666666666,249.0,329.0,0.458966565349544,0.606425702811245,0.5224913494809689,0.8540299504154926,0.5066788298322624,0.8203125
resnet18,ep-101,Qr,0.45657983,1433.0,1450.0,0.9558620689655172,0.9672016748080948,0.9614984391259104,0.9064560057994973,0.9927453639527328,0.927734375,1511.0,1521.0,0.9855358316896778,0.9920582395764396,0.9887862796833772,0.7676373262739907,0.9942418005830046,0.9778645833333334
resnet18,ep-11,af1,0.5484073,571.0,523.0,0.7323135755258127,0.670753064798599,0.70018281535649,0.8391241617741805,0.7927581260954644,0.7864583333333334,435.0,270.0,0.662962962962963,0.4114942528735632,0.5078014184397163,0.746167016400973,0.6049647144024899,0.7740885416666666
resnet18,ep-11,Qal,0.43715858,950.0,986.0,0.7697768762677485,0.7989473684210526,0.7840909090909091,0.811192742949524,0.881394314879765,0.7278645833333334,845.0,1305.0,0.5862068965517241,0.9053254437869822,0.7116279069767442,0.6859675112819942,0.7420158391038405,0.5963541666666666
resnet18,ep-11,Qaf,0.038410008,13.0,32.0,0.0625,0.1538461538461538,0.0888888888888888,0.8873680488913581,0.0605483178236534,0.9733072916666666,6.0,14.0,0.0,0.0,0.0,0.7916122004357299,0.0232651607380944,0.9869791666666666
resnet18,ep-11,Qat,0.1551091,61.0,108.0,0.25,0.4426229508196721,0.3195266272189349,0.8679188663517643,0.2536807434127929,0.9251302083333334,77.0,474.0,0.0970464135021097,0.5974025974025974,0.1669691470054446,0.6882137738888938,0.1017268418487443,0.701171875
resnet18,ep-11,Qc,0.39342782,749.0,773.0,0.8434670116429496,0.8704939919893191,0.8567674113009198,0.9464309040601362,0.9511691168519628,0.8580729166666666,456.0,205.0,0.2292682926829268,0.1030701754385964,0.1422087745839637,0.4566926575698505,0.2803859517857267,0.630859375
resnet18,ep-11,Qca,0.46071205,432.0,563.0,0.6465364120781527,0.8425925925925926,0.7316582914572864,0.9223090277777778,0.8517693146427081,0.826171875,249.0,51.0,0.0392156862745098,0.0080321285140562,0.0133333333333333,0.535809126170572,0.1596657997539124,0.8072916666666666
resnet18,ep-11,Qr,0.42514166,1433.0,1499.0,0.9459639759839892,0.9895324494068388,0.9672578444747612,0.9141051091132054,0.9930675829818096,0.9375,1511.0,1536.0,0.9837239583333334,1.0,0.9917952084017068,0.52885506287227,0.9868199126872094,0.9837239583333334
resnet18,ep-201,af1,0.28635895,571.0,575.0,0.6817391304347826,0.6865148861646234,0.6841186736474695,0.8259666252279884,0.7693440690700241,0.7643229166666666,435.0,341.0,0.6304985337243402,0.4942528735632184,0.5541237113402062,0.7881779364631945,0.6650272360434363,0.7747395833333334
resnet18,ep-201,Qal,0.38662845,950.0,1046.0,0.7705544933078394,0.848421052631579,0.8076152304609219,0.8186096640919704,0.8803173309057699,0.75,845.0,1274.0,0.5855572998430141,0.8828402366863906,0.7041057102406796,0.7023437433100129,0.7721739342479275,0.591796875
resnet18,ep-201,Qaf,0.08046423,13.0,20.0,0.1,0.1538461538461538,0.1212121212121212,0.8527198343350675,0.1350470662878029,0.9811197916666666,6.0,7.0,0.0,0.0,0.0,0.8185185185185185,0.02276589589788,0.9915364583333334
resnet18,ep-201,Qat,0.16970916,61.0,115.0,0.2608695652173913,0.4918032786885246,0.3409090909090909,0.8999277577104752,0.2877539017431914,0.9244791666666666,77.0,158.0,0.2341772151898734,0.4805194805194805,0.3148936170212766,0.7962489874758553,0.229547163546254,0.8951822916666666
resnet18,ep-201,Qc,0.447697,749.0,874.0,0.7677345537757437,0.8958611481975968,0.8268638324091189,0.919034782505433,0.9244794160752312,0.8170572916666666,456.0,529.0,0.4461247637051039,0.5175438596491229,0.4791878172588832,0.6790042235217674,0.5057850125794782,0.666015625
resnet18,ep-201,Qca,0.28672272,432.0,551.0,0.6497277676950998,0.8287037037037037,0.728382502543235,0.9121104233762748,0.8155159633285565,0.826171875,249.0,382.0,0.4083769633507853,0.6265060240963856,0.4944532488114104,0.8424217460362038,0.4566253969425526,0.7923177083333334
resnet18,ep-201,Qr,0.5706594,1433.0,1472.0,0.9524456521739132,0.9783670621074668,0.9652323580034424,0.9207785960609488,0.9936145466151848,0.9342447916666666,1511.0,1531.0,0.984323971260614,0.9973527465254798,0.9907955292570676,0.8201191264063533,0.9959522327066288,0.9817708333333334
resnet18,ep-21,af1,0.4180165,571.0,636.0,0.6839622641509434,0.7618213660245184,0.7207953603976802,0.8587951326188943,0.8163582060605699,0.7805989583333334,435.0,321.0,0.6635514018691588,0.4896551724137931,0.5634920634920635,0.7906647039786192,0.6615920238023514,0.78515625
resnet18,ep-21,Qal,0.37633348,950.0,1102.0,0.7450090744101633,0.8642105263157894,0.8001949317738791,0.8242698042033412,0.8942560676164779,0.7330729166666666,845.0,1048.0,0.6030534351145038,0.7479289940828402,0.6677231907025885,0.6777057518903228,0.7570678250708717,0.5904947916666666
resnet18,ep-21,Qaf,0.45574647,13.0,4.0,0.25,0.0769230769230769,0.1176470588235294,0.8660033335016919,0.1048032808144076,0.990234375,6.0,0.0,0.0,0.0,0.0,0.7657952069716776,0.0186368783566344,0.99609375
resnet18,ep-21,Qat,0.1674726,61.0,90.0,0.3111111111111111,0.4590163934426229,0.3708609271523179,0.8884467907752154,0.3065899138654789,0.9381510416666666,77.0,82.0,0.2560975609756097,0.2727272727272727,0.2641509433962264,0.7519115565722831,0.168229280906228,0.923828125
resnet18,ep-21,Qc,0.373995,749.0,815.0,0.8269938650306748,0.8998664886515354,0.8618925831202046,0.9423577052334072,0.9462919819478972,0.859375,456.0,92.0,0.2717391304347826,0.0548245614035087,0.0912408759124087,0.4270285087719298,0.2633137441706817,0.67578125
resnet18,ep-21,Qca,0.2197504,432.0,471.0,0.7006369426751592,0.7638888888888888,0.7308970099667774,0.913724922839506,0.8368428985282369,0.841796875,249.0,26.0,0.0384615384615384,0.0040160642570281,0.0072727272727272,0.6109379241909363,0.1877165972286816,0.822265625
resnet18,ep-21,Qr,0.32777518,1433.0,1504.0,0.942154255319149,0.988834612700628,0.964930200885257,0.914877472069594,0.9932313725013362,0.9329427083333334,1511.0,1536.0,0.9837239583333334,1.0,0.9917952084017068,0.6026472534745202,0.9897334325217866,0.9837239583333334
resnet18,ep-51,af1,0.25891298,571.0,651.0,0.6482334869431644,0.7390542907180385,0.690671031096563,0.8410424398609837,0.7970503191550695,0.75390625,435.0,377.0,0.6339522546419099,0.5494252873563218,0.5886699507389163,0.7915385177529309,0.6389995190056214,0.7825520833333334
resnet18,ep-51,Qal,0.4402427,950.0,995.0,0.7869346733668342,0.8242105263157895,0.8051413881748072,0.8179468295311658,0.8892807624936581,0.7532552083333334,845.0,1119.0,0.5844504021447721,0.7739644970414201,0.6659877800407332,0.6515161116296595,0.7419027894548307,0.5729166666666666
resnet18,ep-51,Qaf,0.07574332,13.0,14.0,0.2142857142857142,0.2307692307692307,0.2222222222222222,0.834941158644376,0.1705033172148672,0.986328125,6.0,3.0,0.0,0.0,0.0,0.7580610021786492,0.015699537566757,0.994140625
resnet18,ep-51,Qat,0.27923203,61.0,53.0,0.3773584905660377,0.3278688524590163,0.3508771929824561,0.8879355376493471,0.3359785059819186,0.9518229166666666,77.0,79.0,0.240506329113924,0.2467532467532467,0.2435897435897435,0.7578754350515832,0.1485407939356651,0.9231770833333334
resnet18,ep-51,Qc,0.24890116,749.0,872.0,0.7809633027522935,0.9092122830440588,0.8402220851326342,0.9392854174053332,0.9422125140762072,0.8313802083333334,456.0,410.0,0.4829268292682926,0.4342105263157895,0.4572748267898383,0.6705389051332035,0.5302908238921592,0.6940104166666666
resnet18,ep-51,Qca,0.33594847,432.0,497.0,0.6961770623742455,0.8009259259259259,0.7448869752421959,0.9174781099033816,0.8355319681022381,0.845703125,249.0,152.0,0.5921052631578947,0.3614457831325301,0.4488778054862843,0.8688397724542303,0.5443592055598605,0.8561197916666666
resnet18,ep-51,Qr,0.5234381,1433.0,1464.0,0.953551912568306,0.9741800418702024,0.9637556092509492,0.9261851367556692,0.9943214379777758,0.931640625,1511.0,1535.0,0.9843648208469056,1.0,0.9921208141825344,0.7817868960953012,0.9952108552762222,0.984375
resnet18,ep-5,af1,0.24250671,571.0,576.0,0.6510416666666666,0.6567425569176882,0.6538796861377506,0.8105169550738184,0.7539401424543049,0.7415364583333334,435.0,300.0,0.58,0.4,0.473469387755102,0.6821572864793761,0.5601879121425231,0.748046875
resnet18,ep-5,Qal,0.37268388,950.0,1073.0,0.739049394221808,0.8347368421052631,0.7839841819080573,0.804690138315071,0.8878148020908985,0.7154947916666666,845.0,1085.0,0.632258064516129,0.8118343195266272,0.7108808290155441,0.6994099966603584,0.7413501908281256,0.63671875
resnet18,ep-5,Qaf,0.21006094,13.0,14.0,0.2142857142857142,0.2307692307692307,0.2222222222222222,0.8479216122026365,0.0931717714660678,0.986328125,6.0,0.0,0.0,0.0,0.0,0.7540305010893246,0.0411811851964032,0.99609375
resnet18,ep-5,Qat,0.18365194,61.0,98.0,0.2959183673469387,0.4754098360655737,0.3647798742138364,0.9037732703528758,0.291862108967945,0.9342447916666666,77.0,353.0,0.0849858356940509,0.3896103896103896,0.1395348837209302,0.6468048743579929,0.0862364003045294,0.7591145833333334
resnet18,ep-5,Qc,0.23458627,749.0,838.0,0.8174224343675418,0.9145527369826436,0.8632640201638311,0.9459592883692444,0.9502849582738998,0.8587239583333334,456.0,388.0,0.2860824742268041,0.2434210526315789,0.2630331753554502,0.5568977420402859,0.3265742558992319,0.5950520833333334
resnet18,ep-5,Qca,0.4831489,432.0,451.0,0.738359201773836,0.7708333333333334,0.7542468856172141,0.9263368894256576,0.8563689469436755,0.8587239583333334,249.0,14.0,0.0,0.0,0.0,0.3591054193463832,0.1174403029453477,0.8287760416666666
resnet18,ep-5,Qr,0.18019381,1433.0,1517.0,0.9413315754779168,0.9965108164689462,0.9681355932203388,0.9170319582110992,0.9932895381967174,0.9388020833333334,1511.0,1536.0,0.9837239583333334,1.0,0.9917952084017068,0.5270416942422236,0.9869649893286184,0.9837239583333334
resnet18,nhd,af1,0.3621634,571.0,1518.0,0.3702239789196311,0.9842381786339754,0.5380564863571087,0.5560175312831774,0.4162564877498975,0.3717447916666667,435.0,1512.0,0.2824074074074074,0.9816091954022989,0.438623523369286,0.5556401181788759,0.3131209437537374,0.2884114583333333
resnet18,nhd,Qal,0.41038117,950.0,1536.0,0.6184895833333334,1.0,0.7642799678197908,0.6382746542123224,0.7349469028736957,0.6184895833333334,845.0,1536.0,0.5501302083333334,1.0,0.7097858042839144,0.645086873496091,0.7231922210914927,0.5501302083333334
resnet18,nhd,Qaf,0.041173317,13.0,44.0,0.0,0.0,0.0,0.5671751098540331,0.0121752111450249,0.962890625,6.0,24.0,0.0,0.0,0.0,0.5650326797385621,0.0054724370123978,0.98046875
resnet18,nhd,Qat,0.13484956,61.0,55.0,0.1818181818181818,0.1639344262295081,0.1724137931034483,0.7596443456515698,0.1242662177073657,0.9375,77.0,49.0,0.0612244897959183,0.0389610389610389,0.0476190476190476,0.7073604942007957,0.1067367756473496,0.921875
resnet18,nhd,Qc,0.37113228,749.0,1451.0,0.5010337698139214,0.9706275033377836,0.6609090909090909,0.5977923974872045,0.5687380765127706,0.5143229166666666,456.0,1370.0,0.3160583941605839,0.949561403508772,0.4742606790799561,0.4965866634178037,0.3033017986380126,0.375
resnet18,nhd,Qca,0.20468791,432.0,1298.0,0.3050847457627119,0.9166666666666666,0.4578034682080925,0.5967483561460011,0.3642003564822547,0.3893229166666667,249.0,1171.0,0.1801878736122971,0.8473895582329317,0.2971830985915493,0.5163092151043959,0.1676489745294881,0.3502604166666667
resnet18,nhd,Qr,0.59618837,1433.0,1535.0,0.9328990228013028,0.9993021632937892,0.9649595687331536,0.6899098232372849,0.9635611480745908,0.9322916666666666,1511.0,1536.0,0.9837239583333334,1.0,0.9917952084017068,0.4967835870284579,0.9844045978419026,0.9837239583333334
resnet18,nir,af1,0.44537947,571.0,708.0,0.615819209039548,0.7635726795096323,0.6817826426896012,0.8159469342939847,0.7534996488763371,0.7350260416666666,435.0,1309.0,0.3055767761650114,0.9195402298850576,0.4587155963302752,0.5401557622641904,0.2813189529192088,0.3854166666666667
resnet18,nir,Qal,0.41863632,950.0,1312.0,0.6745426829268293,0.9315789473684212,0.7824933687002652,0.704475480510149,0.7944916855867422,0.6796875,845.0,488.0,0.5676229508196722,0.3278106508875739,0.4156039009752438,0.4936863648429941,0.5896322487882422,0.4928385416666667
resnet18,nir,Qaf,0.024499537,13.0,230.0,0.0217391304347826,0.3846153846153846,0.0411522633744856,0.7514520935400778,0.0274779327281437,0.8483072916666666,6.0,0.0,0.0,0.0,0.0,0.4113289760348583,0.0036847583321342,0.99609375
resnet18,nir,Qat,0.09835116,61.0,184.0,0.1521739130434782,0.4590163934426229,0.2285714285714285,0.7970213948318978,0.1725391228460082,0.876953125,77.0,9.0,0.0,0.0,0.0,0.6798732453290369,0.0693138506756438,0.9440104166666666
resnet18,nir,Qc,0.43791807,749.0,736.0,0.8220108695652174,0.807743658210948,0.8148148148148148,0.9098264013178096,0.9157351701414166,0.8209635416666666,456.0,5.0,0.0,0.0,0.0,0.078520955165692,0.1721621483218686,0.6998697916666666
resnet18,nir,Qca,0.2909727,432.0,575.0,0.5756521739130435,0.7662037037037037,0.6573982125124131,0.8496041331186259,0.6843322473038761,0.775390625,249.0,0.0,0.0,0.0,0.0,0.0790699706362357,0.0897372654960256,0.837890625
resnet18,nir,Qr,0.4557957,1433.0,1493.0,0.943067649028801,0.9825540823447312,0.962406015037594,0.8585356269351418,0.9880344866504264,0.9283854166666666,1511.0,907.0,0.9944873208379272,0.5969556585043018,0.7460711331679074,0.7785837193911317,0.9929847371343392,0.6002604166666666
resnet18,osm,af1,0.4158421,571.0,677.0,0.620384047267356,0.7355516637478109,0.6730769230769231,0.8167472754825186,0.7265598980318979,0.734375,435.0,455.0,0.5846153846153846,0.6114942528735632,0.597752808988764,0.8256308267301409,0.635113495930706,0.7669270833333334
resnet18,osm,Qal,0.51003426,950.0,1385.0,0.6498194945848376,0.9473684210526316,0.7708779443254818,0.5931794503323154,0.670161703645458,0.6516927083333334,845.0,1522.0,0.5505913272010512,0.991715976331361,0.7080692860160541,0.4962056534137131,0.5517559715404616,0.5501302083333334
resnet18,osm,Qaf,0.023789678,13.0,476.0,0.0168067226890756,0.6153846153846154,0.032719836400818,0.7239759583817365,0.0166978394444446,0.6920572916666666,6.0,645.0,0.0046511627906976,0.5,0.0092165898617511,0.5808823529411765,0.0049690510552454,0.580078125
resnet18,osm,Qat,0.067140475,61.0,666.0,0.0615615615615615,0.6721311475409836,0.1127922971114167,0.6362767435398722,0.0604146545511289,0.580078125,77.0,875.0,0.0571428571428571,0.6493506493506493,0.1050420168067226,0.5590290449783253,0.0619588762455554,0.4453125
resnet18,osm,Qc,0.27692786,749.0,1245.0,0.5614457831325301,0.9332443257676902,0.7011033099297894,0.6601635726076107,0.5867531966752976,0.6119791666666666,456.0,1481.0,0.3051991897366644,0.9912280701754386,0.4667010841507485,0.5561444119558154,0.3327122692568712,0.3274739583333333
resnet18,osm,Qca,0.18485223,432.0,1113.0,0.3432165318957771,0.8842592592592593,0.4944983818770226,0.6089525043612454,0.3334598644624539,0.4915364583333333,249.0,1372.0,0.1690962099125364,0.931726907630522,0.2862430598396052,0.5527533599822756,0.1860152983321431,0.2467447916666666
resnet18,osm,Qr,0.28552395,1433.0,1535.0,0.9335504885993484,1.0,0.965633423180593,0.5840215719618697,0.9529201885575952,0.93359375,1511.0,1536.0,0.9837239583333334,1.0,0.9917952084017068,0.6280741230972865,0.9886154525594716,0.9837239583333334
resnet18,plc-100,af1,0.22536698,571.0,1314.0,0.395738203957382,0.9106830122591943,0.5517241379310345,0.5520430478299139,0.4194662951175116,0.4498697916666667,435.0,1442.0,0.2822468793342579,0.935632183908046,0.4336707511987213,0.4874085209892783,0.2746575542133537,0.3079427083333333
resnet18,plc-100,Qal,0.38041607,950.0,1294.0,0.6746522411128284,0.9189473684210526,0.7780748663101604,0.7343452487874977,0.819573013400107,0.67578125,845.0,1359.0,0.5688005886681383,0.914792899408284,0.7014519056261344,0.6625061012682074,0.7370993362537529,0.5716145833333334
resnet18,plc-100,Qaf,0.048094053,13.0,49.0,0.0408163265306122,0.1538461538461538,0.064516129032258,0.7541795040153543,0.0434330546311863,0.9622395833333334,6.0,18.0,0.0555555555555555,0.1666666666666666,0.0833333333333333,0.8888888888888888,0.0291518261549699,0.9856770833333334
resnet18,plc-100,Qat,0.19578782,61.0,67.0,0.2686567164179104,0.2950819672131147,0.28125,0.8774437343706585,0.2144179465719353,0.9401041666666666,77.0,32.0,0.0625,0.0259740259740259,0.036697247706422,0.6985659987716191,0.1154574139528036,0.931640625
resnet18,plc-100,Qc,0.5148509,749.0,945.0,0.6074074074074074,0.7663551401869159,0.6776859504132231,0.7264357559337905,0.7257152183819764,0.64453125,456.0,654.0,0.3883792048929663,0.5570175438596491,0.4576576576576576,0.6106542397660819,0.4108516443119933,0.6080729166666666
resnet18,plc-100,Qca,0.29342932,432.0,722.0,0.4889196675900277,0.8171296296296297,0.6117850953206239,0.8269969471282878,0.6441153911650412,0.7083333333333334,249.0,442.0,0.2647058823529412,0.4698795180722891,0.3386396526772793,0.6688447652303074,0.2523292213909126,0.7024739583333334
resnet18,plc-100,Qr,0.5973475,1433.0,1496.0,0.9478609625668448,0.9895324494068388,0.9682485489928304,0.8057168409000061,0.977479242790722,0.939453125,1511.0,1530.0,0.9836601307189542,0.9960291197882196,0.9898059848733968,0.7811515552614162,0.9951250240933116,0.9798177083333334
resnet18,plc-10,af1,0.27735364,571.0,508.0,0.6456692913385826,0.574430823117338,0.607970342910102,0.7753128317740896,0.7074070236039013,0.724609375,435.0,450.0,0.4977777777777777,0.5149425287356322,0.5062146892655367,0.7315794418866861,0.5373232092604254,0.7154947916666666
resnet18,plc-10,Qal,0.2323994,950.0,1350.0,0.6607407407407407,0.9389473684210526,0.7756521739130435,0.7573917729477276,0.8438997367243591,0.6640625,845.0,1492.0,0.5475871313672922,0.9668639053254438,0.6991869918699187,0.6941025355586193,0.7582906956167017,0.5423177083333334
resnet18,plc-10,Qaf,0.0884822,13.0,16.0,0.125,0.1538461538461538,0.1379310344827586,0.829486337693823,0.0965420927245956,0.9837239583333334,6.0,1.0,0.0,0.0,0.0,0.6345315904139434,0.006057590754471,0.9954427083333334
resnet18,plc-10,Qat,0.112757236,61.0,75.0,0.2933333333333333,0.360655737704918,0.3235294117647059,0.8358321756043345,0.2383244338524357,0.9401041666666666,77.0,65.0,0.0769230769230769,0.0649350649350649,0.0704225352112676,0.5353604585955511,0.0670738222013273,0.9140625
resnet18,plc-10,Qc,0.2022792,749.0,902.0,0.738359201773836,0.8891855807743658,0.8067837674136886,0.8960630268566474,0.9056022761124148,0.7923177083333334,456.0,951.0,0.4111461619348054,0.8574561403508771,0.5557924662402275,0.7799646686159843,0.6406315525108927,0.5930989583333334
resnet18,plc-10,Qca,0.26064563,432.0,604.0,0.597682119205298,0.8356481481481481,0.696911196911197,0.8947367317498659,0.7922381787559422,0.7955729166666666,249.0,485.0,0.4329896907216495,0.8433734939759037,0.5722070844686649,0.8901246009679744,0.60054971007615,0.7955729166666666
resnet18,plc-10,Qr,0.5943172,1433.0,1490.0,0.9456375838926174,0.983251919050942,0.9640780020526856,0.8671806719557721,0.988731759370832,0.931640625,1511.0,1536.0,0.9837239583333334,1.0,0.9917952084017068,0.8325347452018531,0.9963962136852774,0.9837239583333334
resnet18,plc-200,af1,0.20356552,571.0,1515.0,0.3709570957095709,0.9842381786339754,0.538830297219559,0.5538996216073973,0.4098349301665476,0.3736979166666667,435.0,1517.0,0.2814765985497693,0.9816091954022989,0.4375,0.4895403342833578,0.2796421826967512,0.28515625
resnet18,plc-200,Qal,0.26116836,950.0,1522.0,0.6241787122207622,1.0,0.7686084142394822,0.7029028201904077,0.7921590383131727,0.6276041666666666,845.0,1513.0,0.5545274289491078,0.9928994082840236,0.7116200169635284,0.65216177566172,0.6972474929935827,0.5572916666666666
resnet18,plc-200,Qaf,0.14878438,13.0,14.0,0.0714285714285714,0.0769230769230769,0.074074074074074,0.5846254861356635,0.0494738712796384,0.9837239583333334,6.0,8.0,0.0,0.0,0.0,0.7347494553376906,0.0262153362153362,0.9908854166666666
resnet18,plc-200,Qat,0.17831954,61.0,24.0,0.1666666666666666,0.0655737704918032,0.0941176470588235,0.8099694359544318,0.1450611739134234,0.9498697916666666,77.0,27.0,0.1851851851851851,0.0649350649350649,0.0961538461538461,0.6361945114515368,0.1082928035762505,0.9388020833333334
resnet18,plc-200,Qc,0.34339562,749.0,1417.0,0.497529992942837,0.9412550066755674,0.6509695290858726,0.5957049042942476,0.5940502117274671,0.5078125,456.0,1426.0,0.3008415147265077,0.9407894736842104,0.4558979808714133,0.5365415854450942,0.3187393521286268,0.3333333333333333
resnet18,plc-200,Qca,0.23589969,432.0,911.0,0.3633369923161361,0.7662037037037037,0.4929262844378257,0.6693547034353194,0.4309558726318381,0.556640625,249.0,956.0,0.1820083682008368,0.6987951807228916,0.2887966804979253,0.5654786980088184,0.2077981769051267,0.4420572916666667
resnet18,plc-200,Qr,0.33578175,1433.0,1536.0,0.9329427083333334,1.0,0.9653081845739306,0.768545179845392,0.976101180895386,0.9329427083333334,1511.0,1535.0,0.98371335504886,0.99933818663137,0.9914642153644124,0.7581469225678358,0.9933506142615658,0.9830729166666666
resnet18,plc-20,af1,0.23927794,571.0,1034.0,0.4642166344294003,0.840630472854641,0.5981308411214953,0.7361269656905893,0.656481535944439,0.580078125,435.0,1108.0,0.3339350180505415,0.8505747126436781,0.4795852235904083,0.6587136041425246,0.4671062187006004,0.4772135416666667
resnet18,plc-20,Qal,0.45676312,950.0,1151.0,0.7054735013032146,0.8547368421052631,0.7729652546406474,0.7542877671995689,0.8416993700746275,0.689453125,845.0,1375.0,0.5607272727272727,0.9124260355029584,0.6945945945945946,0.6628589044263096,0.7476192072502614,0.55859375
resnet18,plc-20,Qaf,0.02834333,13.0,80.0,0.075,0.4615384615384615,0.1290322580645161,0.8224152734986616,0.0541762108458417,0.947265625,6.0,20.0,0.0,0.0,0.0,0.7222222222222222,0.0078542817210714,0.9830729166666666
resnet18,plc-20,Qat,0.23209219,61.0,50.0,0.18,0.1475409836065573,0.1621621621621621,0.8597832731314254,0.1992066412139657,0.939453125,77.0,40.0,0.15,0.0779220779220779,0.1025641025641025,0.7414792198890896,0.122672226225025,0.931640625
resnet18,plc-20,Qc,0.42864114,749.0,766.0,0.7741514360313316,0.7917222963951935,0.7828382838283828,0.8754798859300753,0.8870880106584519,0.7858072916666666,456.0,679.0,0.4138438880706921,0.6162280701754386,0.4951541850220264,0.6815322449642625,0.5167288128082747,0.626953125
resnet18,plc-20,Qca,0.19918752,432.0,578.0,0.610726643598616,0.8171296296296297,0.699009900990099,0.890077747584541,0.7903448369454349,0.8020833333333334,249.0,296.0,0.4324324324324324,0.5140562248995983,0.4697247706422018,0.8205752302137844,0.4743282847696683,0.8118489583333334
resnet18,plc-20,Qr,0.38667333,1433.0,1510.0,0.9410596026490068,0.9916259595254712,0.9656812776078832,0.8761983482272916,0.9897950363738812,0.9342447916666666,1511.0,1536.0,0.9837239583333334,1.0,0.9917952084017068,0.7278093977498344,0.9937490641719912,0.9837239583333334
resnet18,plc-50,af1,0.15106279,571.0,1445.0,0.3820069204152249,0.9667250437828372,0.5476190476190477,0.6119071168661471,0.4567976315809342,0.40625,435.0,1523.0,0.283650689428759,0.993103448275862,0.4412665985699693,0.5380333448171464,0.3160098162360302,0.2877604166666667
resnet18,plc-50,Qal,0.4680655,950.0,1264.0,0.6914556962025317,0.92,0.7895212285456188,0.7699191665169751,0.8548395521856198,0.6966145833333334,845.0,1347.0,0.576837416481069,0.919526627218935,0.708941605839416,0.743421334315245,0.8204967017479735,0.5846354166666666
resnet18,plc-50,Qaf,0.057806715,13.0,70.0,0.0285714285714285,0.1538461538461538,0.0481927710843373,0.8032728925703319,0.0317037778879164,0.9485677083333334,6.0,31.0,0.0,0.0,0.0,0.6330065359477124,0.005792261250417,0.9759114583333334
resnet18,plc-50,Qat,0.106638715,61.0,135.0,0.2074074074074074,0.4590163934426229,0.2857142857142857,0.8754209502639623,0.2118969183166662,0.9088541666666666,77.0,103.0,0.1941747572815534,0.2597402597402597,0.2222222222222222,0.746463954140445,0.1255267849234097,0.9088541666666666
resnet18,plc-50,Qc,0.37276512,749.0,992.0,0.6290322580645161,0.8331108144192256,0.7168294083859851,0.79098942596906,0.7974432965003206,0.6790364583333334,456.0,847.0,0.3353010625737898,0.6228070175438597,0.4359171143514965,0.569525666016894,0.3786012189158674,0.521484375
resnet18,plc-50,Qca,0.3355261,432.0,565.0,0.5876106194690266,0.7685185185185185,0.6659979939819458,0.8669610507246377,0.7399985837549475,0.783203125,249.0,212.0,0.3396226415094339,0.2891566265060241,0.3123644251626898,0.7533162954849701,0.3402600541017007,0.7936197916666666
resnet18,plc-50,Qr,0.53126484,1433.0,1481.0,0.9466576637407156,0.9783670621074668,0.9622512010981468,0.813223666827011,0.9805100665866986,0.9283854166666666,1511.0,1530.0,0.984313725490196,0.9966909331568498,0.9904636632686616,0.8518332230311052,0.99694819660895,0.9811197916666666
resnet18,plc-5,af1,0.243108,571.0,698.0,0.5343839541547278,0.6532399299474606,0.5878644602048857,0.7320962224258868,0.6670484253829752,0.6595052083333334,435.0,776.0,0.3659793814432989,0.6528735632183909,0.4690338563170933,0.6506540553519788,0.4641197469111701,0.5813802083333334
resnet18,plc-5,Qal,0.2587881,950.0,1453.0,0.6400550584996559,0.9789473684210528,0.7740324594257179,0.6924070414945214,0.7882639595488572,0.646484375,845.0,1528.0,0.5497382198952879,0.9940828402366864,0.7079646017699115,0.644610760496322,0.7385371699994985,0.548828125
resnet18,plc-5,Qaf,0.05320313,13.0,3.0,0.0,0.0,0.0,0.7944340623263801,0.050490897880343,0.9895833333333334,6.0,3.0,0.0,0.0,0.0,0.8428104575163399,0.042076058122444,0.994140625
resnet18,plc-5,Qat,0.09036037,61.0,158.0,0.1962025316455696,0.5081967213114754,0.2831050228310502,0.8538371769936093,0.1700490248684431,0.8977864583333334,77.0,143.0,0.2167832167832167,0.4025974025974026,0.2818181818181818,0.7305395084695976,0.19391541083995,0.8971354166666666
resnet18,plc-5,Qc,0.36568278,749.0,867.0,0.720876585928489,0.8344459279038718,0.7735148514851485,0.8668856230162029,0.8747090071548703,0.76171875,456.0,877.0,0.4823261117445838,0.9276315789473684,0.6346586646661665,0.8794123619233268,0.7432940153808378,0.6829427083333334
resnet18,plc-5,Qca,0.41714212,432.0,581.0,0.6058519793459552,0.8148148148148148,0.6949654491609082,0.8830012077294686,0.7699683234493827,0.798828125,249.0,542.0,0.4317343173431734,0.9397590361445785,0.5916561314791403,0.9150042282572404,0.6059810248879403,0.7897135416666666
resnet18,plc-5,Qr,0.70010585,1433.0,1491.0,0.9443326626425218,0.9825540823447312,0.963064295485636,0.8668080407048827,0.9890077572177032,0.9296875,1511.0,1523.0,0.9842416283650688,0.9920582395764396,0.988134475939354,0.8187160820648577,0.996215629781394,0.9765625
resnet18,prc-100,af1,0.32382157,571.0,1094.0,0.4241316270566727,0.8126094570928196,0.5573573573573574,0.6297523660880375,0.4958038558767263,0.5201822916666666,435.0,1208.0,0.298841059602649,0.8298850574712644,0.4394400486914181,0.52878365540209,0.2952612872374991,0.400390625
resnet18,prc-100,Qal,0.35622516,950.0,1075.0,0.7516279069767442,0.8505263157894737,0.7980246913580247,0.8124968564756601,0.8821682235961833,0.7337239583333334,845.0,1134.0,0.6022927689594356,0.808284023668639,0.6902475997978778,0.645086873496091,0.6903602486558926,0.6009114583333334
resnet18,prc-100,Qaf,0.096391104,13.0,27.0,0.074074074074074,0.1538461538461538,0.1,0.7707965048739835,0.1891029583758788,0.9765625,6.0,5.0,0.0,0.0,0.0,0.7466230936819171,0.0093539868285457,0.9928385416666666
resnet18,prc-100,Qat,0.38668174,61.0,31.0,0.3225806451612903,0.1639344262295081,0.217391304347826,0.875643234231731,0.2427560166158027,0.953125,77.0,17.0,0.0,0.0,0.0,0.5422322708134908,0.0542514154600994,0.9388020833333334
resnet18,prc-100,Qc,0.51875126,749.0,826.0,0.8389830508474576,0.9252336448598132,0.88,0.9575308373892848,0.9590262873001458,0.876953125,456.0,592.0,0.6942567567567568,0.9013157894736842,0.7843511450381679,0.9572632391163094,0.9185577787971982,0.8528645833333334
resnet18,prc-100,Qca,0.33123994,432.0,477.0,0.740041928721174,0.8171296296296297,0.7766776677667767,0.9411210916532474,0.8776078219962195,0.8678385416666666,249.0,445.0,0.4876404494382022,0.8714859437751004,0.6253602305475504,0.9227835974823928,0.6486579756906904,0.8307291666666666
resnet18,prc-100,Qr,0.4355684,1433.0,1492.0,0.953083109919571,0.9923237962316818,0.9723076923076924,0.8699245929850472,0.987163007260451,0.947265625,1511.0,1532.0,0.9843342036553524,0.9980145598941098,0.9911271771278344,0.8325612177365983,0.9963480418056048,0.982421875
resnet18,prc-10,af1,0.30075327,571.0,697.0,0.5896700143472023,0.7197898423817863,0.6482649842271293,0.8006914512309102,0.7477716853262354,0.7096354166666666,435.0,717.0,0.4714086471408647,0.7770114942528735,0.5868055555555556,0.8024617119233297,0.6680534408719601,0.6901041666666666
resnet18,prc-10,Qal,0.33421198,950.0,1135.0,0.745374449339207,0.8905263157894737,0.8115107913669065,0.8180348482126818,0.881556821030845,0.744140625,845.0,1348.0,0.594213649851632,0.9479289940828404,0.7305061559507524,0.7442485378364261,0.7844112696441027,0.615234375
resnet18,prc-10,Qaf,0.024502063,13.0,38.0,0.0526315789473684,0.1538461538461538,0.0784313725490196,0.6922571847062984,0.0356549013933057,0.9694010416666666,6.0,23.0,0.0,0.0,0.0,0.5983660130718954,0.0108420277532363,0.9811197916666666
resnet18,prc-10,Qat,0.16047065,61.0,116.0,0.2327586206896551,0.4426229508196721,0.3050847457627119,0.88584606835232,0.2642979903558824,0.919921875,77.0,195.0,0.1128205128205128,0.2857142857142857,0.1617647058823529,0.7405178782834712,0.1032149444110726,0.8515625
resnet18,prc-10,Qc,0.37235406,749.0,845.0,0.8094674556213017,0.9132176234979972,0.8582183186951067,0.9486871949554084,0.9530713170987368,0.8528645833333334,456.0,644.0,0.6661490683229814,0.9407894736842104,0.78,0.9580287524366472,0.9188095158589996,0.8424479166666666
resnet18,prc-10,Qca,0.19635043,432.0,555.0,0.654054054054054,0.8402777777777778,0.7355623100303952,0.9197614734299516,0.8514782260160482,0.830078125,249.0,486.0,0.4012345679012346,0.7831325301204819,0.5306122448979592,0.8571847607992186,0.6042230051434183,0.775390625
resnet18,prc-10,Qr,0.5381767,1433.0,1484.0,0.9535040431266848,0.9874389392882066,0.9701748371614672,0.9139018557036296,0.9930719729224684,0.943359375,1511.0,1526.0,0.9849279161205766,0.9947054930509596,0.9897925584458348,0.7532495036399736,0.9929743116943288,0.9798177083333334
resnet18,prc-200,af1,0.2350192,571.0,1276.0,0.4122257053291536,0.9211908931698776,0.5695722793719545,0.6254276199377513,0.4500016498589915,0.482421875,435.0,1437.0,0.2964509394572025,0.9793103448275862,0.4551282051282051,0.5642613298255504,0.3223599598464866,0.3359375
resnet18,prc-200,Qal,0.3580585,950.0,1259.0,0.6830818109610802,0.9052631578947368,0.7786328655500226,0.7764397341476557,0.8576833346005388,0.681640625,845.0,1285.0,0.5712062256809338,0.8686390532544379,0.6892018779342723,0.619320254497812,0.684744896608096,0.5690104166666666
resnet18,prc-200,Qaf,0.025786068,13.0,131.0,0.0534351145038167,0.5384615384615384,0.0972222222222222,0.8437294812869337,0.0825264962854342,0.9153645833333334,6.0,26.0,0.0,0.0,0.0,0.507516339869281,0.004894520513123,0.9791666666666666
resnet18,prc-200,Qat,0.092650935,61.0,214.0,0.1775700934579439,0.6229508196721312,0.2763636363636363,0.8730980828007779,0.2166192383863016,0.8704427083333334,77.0,148.0,0.0405405405405405,0.0779220779220779,0.0533333333333333,0.5343902156787694,0.0531512410460471,0.861328125
resnet18,prc-200,Qc,0.35094225,749.0,790.0,0.8253164556962025,0.8704939919893191,0.8473034437946718,0.9227364567411356,0.9328837250955108,0.8470052083333334,456.0,621.0,0.6360708534621579,0.8662280701754386,0.7335190343546889,0.9174159356725146,0.8731416052938706,0.8131510416666666
resnet18,prc-200,Qca,0.43230987,432.0,459.0,0.7233115468409586,0.7685185185185185,0.745230078563412,0.9247936795491144,0.7924189733895547,0.8522135416666666,249.0,294.0,0.6802721088435374,0.8032128514056225,0.7366482504604052,0.9551336659770394,0.7618532006761839,0.9069010416666666
resnet18,prc-200,Qr,0.4666565,1433.0,1500.0,0.948,0.9923237962316818,0.9696556426866688,0.8738744842444732,0.9867993099773088,0.9420572916666666,1511.0,1530.0,0.9862745098039216,0.99867637326274,0.9924366984544558,0.9122964923891465,0.9983105018908408,0.9850260416666666
resnet18,prc-20,af1,0.35080326,571.0,616.0,0.5633116883116883,0.6077057793345009,0.5846672283066554,0.7437819297115322,0.6805400938067997,0.6790364583333334,435.0,765.0,0.3725490196078431,0.6551724137931034,0.475,0.6606929959180264,0.4671005931648621,0.58984375
resnet18,prc-20,Qal,0.44605815,950.0,1054.0,0.7675521821631879,0.8515789473684211,0.8073852295409182,0.8182450152685468,0.8875104661795366,0.7486979166666666,845.0,1360.0,0.5698529411764706,0.9171597633136096,0.7029478458049887,0.6841075878368542,0.7449008646719621,0.5735677083333334
resnet18,prc-20,Qaf,0.14422598,13.0,10.0,0.3,0.2307692307692307,0.2608695652173913,0.8626193242082933,0.152766487831937,0.9889322916666666,6.0,9.0,0.0,0.0,0.0,0.6140522875816994,0.0060627483415387,0.990234375
resnet18,prc-20,Qat,0.1522203,61.0,124.0,0.2177419354838709,0.4426229508196721,0.2918918918918919,0.8587274242845234,0.2421989034629243,0.9147135416666666,77.0,307.0,0.1335504885993485,0.5324675324675324,0.2135416666666666,0.7252165243940432,0.1439823050854835,0.8033854166666666
resnet18,prc-20,Qc,0.46113762,749.0,706.0,0.9093484419263456,0.8571428571428571,0.8824742268041237,0.9658197376256016,0.9666916698474934,0.888671875,456.0,544.0,0.7702205882352942,0.918859649122807,0.838,0.9663235055230668,0.9369181767931386,0.89453125
resnet18,prc-20,Qca,0.40375772,432.0,456.0,0.756578947368421,0.7986111111111112,0.777027027027027,0.9209796866612988,0.8530273800143973,0.87109375,249.0,356.0,0.5224719101123596,0.7469879518072289,0.6148760330578512,0.889718937911709,0.6431099944288572,0.8483072916666666
resnet18,prc-20,Qr,0.42184794,1433.0,1474.0,0.9559023066485752,0.983251919050942,0.9693842449260406,0.904626725113314,0.9921627531662855,0.9420572916666666,1511.0,1522.0,0.9862023653088042,0.9933818663136996,0.9897790966040224,0.8668166776968894,0.9973152663767564,0.9798177083333334
resnet18,prc-50,af1,0.18168308,571.0,1260.0,0.4142857142857143,0.914185639229422,0.570180229382851,0.6415977786448644,0.501627839220646,0.4876302083333333,435.0,1438.0,0.2906815020862309,0.960919540229885,0.4463427656166577,0.5420130080282293,0.3210062872302678,0.3248697916666667
resnet18,prc-50,Qal,0.36783597,950.0,1149.0,0.7397737162750218,0.8947368421052632,0.8099094807050977,0.8311981318483923,0.8946240143135821,0.740234375,845.0,1319.0,0.5845337376800607,0.9124260355029584,0.7125693160813309,0.643040272651761,0.7045614867050183,0.5950520833333334
resnet18,prc-50,Qaf,0.09690336,13.0,32.0,0.09375,0.2307692307692307,0.1333333333333333,0.8462043537552402,0.0705351654053289,0.974609375,6.0,9.0,0.0,0.0,0.0,0.5962962962962963,0.0053471518064627,0.990234375
resnet18,prc-50,Qat,0.1183417,61.0,143.0,0.2447552447552447,0.5737704918032787,0.3431372549019608,0.8925923867741039,0.2484381590290366,0.9127604166666666,77.0,165.0,0.1333333333333333,0.2857142857142857,0.1818181818181818,0.6340314928388953,0.124770156236934,0.87109375
resnet18,prc-50,Qc,0.2330869,749.0,826.0,0.8523002421307506,0.9399198931909212,0.893968253968254,0.9692720323413004,0.9699006802334902,0.8912760416666666,456.0,614.0,0.7035830618892508,0.9473684210526316,0.8074766355140187,0.968867771280052,0.9381840085120056,0.8658854166666666
resnet18,prc-50,Qca,0.6196252,432.0,358.0,0.8435754189944135,0.6990740740740741,0.7645569620253164,0.93431503287708,0.8759665221952464,0.87890625,249.0,314.0,0.6210191082802548,0.7831325301204819,0.6927175843694494,0.9403675307289764,0.7397840532467912,0.8873697916666666
resnet18,prc-50,Qr,0.3315898,1433.0,1499.0,0.951967978652435,0.9958129797627356,0.9733969986357436,0.8909748711034627,0.9906790317861576,0.94921875,1511.0,1531.0,0.9862834748530372,0.99933818663137,0.9927679158448388,0.8853209794837855,0.9976624563486384,0.9856770833333334
resnet18,prc-5,af1,0.32855487,571.0,568.0,0.6742957746478874,0.670753064798599,0.6725197541703248,0.8299193306897271,0.7785985315610027,0.7571614583333334,435.0,510.0,0.6392156862745098,0.7494252873563219,0.68994708994709,0.8518671636025765,0.7402558745452399,0.8092447916666666
resnet18,prc-5,Qal,0.42917785,950.0,1134.0,0.7257495590828924,0.8663157894736843,0.789827255278311,0.7874600323333932,0.8641554603379094,0.71484375,845.0,1136.0,0.647887323943662,0.8710059171597633,0.7430590610802625,0.7538204642958066,0.7819071363045437,0.6686197916666666
resnet18,prc-5,Qaf,0.094639786,13.0,17.0,0.0588235294117647,0.0769230769230769,0.0666666666666666,0.8299914137077631,0.0398375700436976,0.9817708333333334,6.0,6.0,0.0,0.0,0.0,0.5277777777777778,0.0057715312283692,0.9921875
resnet18,prc-5,Qat,0.23862614,61.0,88.0,0.3409090909090909,0.4918032786885246,0.4026845637583892,0.8893803834398444,0.2978897629032731,0.9420572916666666,77.0,181.0,0.1878453038674033,0.4415584415584415,0.2635658914728682,0.7814906135673784,0.1775646139045959,0.8763020833333334
resnet18,prc-5,Qc,0.57359934,749.0,709.0,0.8899858956276445,0.842456608811749,0.8655692729766804,0.9551676695568678,0.9585945315799078,0.8723958333333334,456.0,611.0,0.7119476268412439,0.9539473684210528,0.8153701968134958,0.9714973196881092,0.9455843138214076,0.8717447916666666
resnet18,prc-5,Qca,0.31773514,432.0,492.0,0.693089430894309,0.7893518518518519,0.7380952380952381,0.9040777643585616,0.8235942793240973,0.8424479166666666,249.0,410.0,0.4024390243902439,0.6626506024096386,0.5007587253414264,0.826572802476417,0.486118419687075,0.7858072916666666
resnet18,prc-5,Qr,0.26592726,1433.0,1498.0,0.9485981308411215,0.9916259595254712,0.9696349368816104,0.9147013191146284,0.9930858781103314,0.9420572916666666,1511.0,1533.0,0.9836921069797782,0.9980145598941098,0.990801576872536,0.8030972865651886,0.9955303340834916,0.9817708333333334
resnet18,rgb+nir,af1,0.25300762,571.0,634.0,0.6561514195583596,0.7285464098073555,0.6904564315352697,0.8408192154478553,0.8001192838613506,0.7571614583333334,435.0,1043.0,0.3135186960690316,0.7517241379310344,0.4424898511502029,0.5179157923309008,0.2750326145370487,0.4635416666666667
resnet18,rgb+nir,Qal,0.29266986,950.0,1191.0,0.7036104114189756,0.8821052631578947,0.7828117702008407,0.7541368780312555,0.8358154122384746,0.697265625,845.0,1052.0,0.5399239543726235,0.672189349112426,0.5988402741170269,0.4787393281326266,0.5295228664190574,0.5045572916666666
resnet18,rgb+nir,Qaf,0.05486709,13.0,24.0,0.0833333333333333,0.1538461538461538,0.1081081081081081,0.8573160260619223,0.0418866776984405,0.978515625,6.0,0.0,0.0,0.0,0.0,0.5066448801742919,0.0045610723288561,0.99609375
resnet18,rgb+nir,Qat,0.15788594,61.0,57.0,0.2807017543859649,0.2622950819672131,0.2711864406779661,0.8131814392886914,0.206309097493951,0.9440104166666666,77.0,313.0,0.1309904153354632,0.5324675324675324,0.2102564102564102,0.8192855807660469,0.1407999916508518,0.7994791666666666
resnet18,rgb+nir,Qc,0.5109389,749.0,751.0,0.8388814913448736,0.8411214953271028,0.84,0.9250300697414424,0.9265753651431592,0.84375,456.0,205.0,0.4292682926829268,0.1929824561403508,0.2662632375189107,0.4573525828460039,0.3630257451542036,0.6842447916666666
resnet18,rgb+nir,Qca,0.36860633,432.0,566.0,0.5936395759717314,0.7777777777777778,0.6733466933867736,0.8748385500536768,0.7159359321471574,0.7877604166666666,249.0,164.0,0.0,0.0,0.0,0.1075287942757822,0.0913212610411378,0.7311197916666666
resnet18,rgb+nir,Qr,0.33428234,1433.0,1520.0,0.9394736842105263,0.9965108164689462,0.9671520487639688,0.9090508743284168,0.9929337895719922,0.9368489583333334,1511.0,818.0,0.9938875305623472,0.5380542686962276,0.6981537140403606,0.7057577763070813,0.9911448137418286,0.5423177083333334
resnet18,rgb,af1,0.26420826,571.0,625.0,0.6624,0.7250437828371279,0.6923076923076923,0.8350861591789698,0.7919097281352907,0.7604166666666666,435.0,1512.0,0.2863756613756614,0.9954022988505749,0.4447868515665126,0.5318279098416279,0.3161141003884773,0.2962239583333333
resnet18,rgb,Qal,0.4532537,950.0,1123.0,0.7105966162065895,0.84,0.7698986975397974,0.7159206035566733,0.8041499505974056,0.689453125,845.0,521.0,0.5163147792706334,0.3183431952662722,0.3938506588579795,0.481598575086274,0.5219296342101136,0.4609375
resnet18,rgb,Qaf,0.12247454,13.0,27.0,0.037037037037037,0.0769230769230769,0.05,0.8275165412394565,0.0456938384232668,0.9752604166666666,6.0,14.0,0.0,0.0,0.0,0.2333333333333333,0.0027931598117786,0.9869791666666666
resnet18,rgb,Qat,0.24361156,61.0,68.0,0.1911764705882352,0.2131147540983606,0.2015503875968992,0.8159822172825785,0.1470773877755068,0.9329427083333334,77.0,484.0,0.0971074380165289,0.6103896103896104,0.1675579322638146,0.7542971079640031,0.1026847647421534,0.6959635416666666
resnet18,rgb,Qc,0.35563153,749.0,779.0,0.8164313222079589,0.8491321762349799,0.8324607329842932,0.9178515021299049,0.9250284119328428,0.8333333333333334,456.0,140.0,0.5071428571428571,0.1557017543859649,0.2382550335570469,0.4603923001949317,0.3715525024515262,0.7044270833333334
resnet18,rgb,Qca,0.34709668,432.0,495.0,0.5878787878787879,0.6736111111111112,0.627831715210356,0.8376882883789587,0.6692994758295254,0.775390625,249.0,320.0,0.040625,0.0522088353413654,0.0456942003514938,0.5269906354243704,0.1543676926573422,0.646484375
resnet18,rgb,Qr,0.45043635,1433.0,1489.0,0.9462726662189388,0.983251919050942,0.9644079397672828,0.8658053238843082,0.9872213137126666,0.9322916666666666,1511.0,1350.0,0.9814814814814816,0.8769027134348114,0.9262495630898288,0.5578027796161483,0.9886429014906396,0.8626302083333334
resnet18,s-100,af1,0.2691895,571.0,1224.0,0.4150326797385621,0.8896672504378283,0.566016713091922,0.6248786330680653,0.463417341521592,0.4928385416666667,435.0,1389.0,0.2973362131029518,0.9494252873563218,0.4528508771929824,0.582807687890841,0.3484090625158361,0.3502604166666667
resnet18,s-100,Qal,0.36843145,950.0,1271.0,0.6829268292682927,0.9136842105263158,0.7816298964430437,0.7741458595293694,0.8506010058771435,0.6842447916666666,845.0,1366.0,0.5644216691068814,0.9124260355029584,0.6974219810040706,0.6032385959804417,0.6540382558193898,0.564453125
resnet18,s-100,Qaf,0.17907166,13.0,23.0,0.0434782608695652,0.0769230769230769,0.0555555555555555,0.8439820192939038,0.0463462394996986,0.9778645833333334,6.0,6.0,0.0,0.0,0.0,0.8297385620915032,0.0129654047980445,0.9921875
resnet18,s-100,Qat,0.1229305,61.0,124.0,0.2177419354838709,0.4426229508196721,0.2918918918918919,0.7954542928591275,0.1886269207012494,0.9147135416666666,77.0,116.0,0.1810344827586207,0.2727272727272727,0.2176165803108808,0.7523032142634611,0.1337772375113865,0.9016927083333334
resnet18,s-100,Qc,0.35054362,749.0,839.0,0.8426698450536353,0.9439252336448598,0.8904282115869018,0.964328549883538,0.9652796251504004,0.88671875,456.0,632.0,0.694620253164557,0.962719298245614,0.8069852941176471,0.9713815789473684,0.9444053035894432,0.86328125
resnet18,s-100,Qca,0.30495203,432.0,468.0,0.7029914529914529,0.7615740740740741,0.7311111111111112,0.916052318169619,0.8226605636696848,0.8424479166666666,249.0,310.0,0.6451612903225806,0.8032128514056225,0.7155635062611807,0.9488209247245392,0.7362676105970373,0.896484375
resnet18,s-100,Qr,0.5403411,1433.0,1499.0,0.9472981987991996,0.9909281228192603,0.9686221009549796,0.8234202128740711,0.980728500333366,0.9401041666666666,1511.0,1532.0,0.9836814621409922,0.9973527465254798,0.9904699309891556,0.5886168100595632,0.9874215759010816,0.9811197916666666
resnet18,s-10,af1,0.2580501,571.0,709.0,0.5909732016925247,0.7338003502626971,0.6546875,0.800059889476693,0.7368448207373419,0.7122395833333334,435.0,701.0,0.4664764621968616,0.7517241379310344,0.5757042253521126,0.7666301272615282,0.586212575913295,0.6861979166666666
resnet18,s-10,Qal,0.50235116,950.0,1095.0,0.7442922374429224,0.8578947368421053,0.7970660146699267,0.7963211783725526,0.8692886070043478,0.7298177083333334,845.0,1285.0,0.598443579766537,0.9100591715976332,0.7220657276995305,0.6845229022341346,0.7198609512644748,0.6145833333333334
resnet18,s-10,Qaf,0.06655135,13.0,23.0,0.0869565217391304,0.1538461538461538,0.1111111111111111,0.7516541239456538,0.072423184750336,0.9791666666666666,6.0,10.0,0.0,0.0,0.0,0.8173202614379085,0.0145573535834837,0.9895833333333334
resnet18,s-10,Qat,0.21037123,61.0,79.0,0.2658227848101265,0.3442622950819672,0.3,0.8587385384829119,0.2396550422880397,0.9361979166666666,77.0,106.0,0.2735849056603773,0.3766233766233766,0.3169398907103825,0.8700319557070756,0.257119150792406,0.9186197916666666
resnet18,s-10,Qc,0.5111103,749.0,735.0,0.91156462585034,0.8945260347129506,0.9029649595687332,0.9712755507979296,0.9736908655995068,0.90625,456.0,522.0,0.8045977011494253,0.9210526315789472,0.8588957055214724,0.97869761208577,0.9574532723361296,0.91015625
resnet18,s-10,Qca,0.23252311,432.0,605.0,0.6049586776859505,0.8472222222222222,0.7058823529411765,0.9148026536500268,0.8484933662119282,0.8014322916666666,249.0,506.0,0.4505928853754941,0.9156626506024096,0.6039735099337749,0.923426417402321,0.7217876486116698,0.8053385416666666
resnet18,s-10,Qr,0.52134055,1433.0,1484.0,0.9528301886792452,0.9867411025819958,0.9694892012341446,0.917018407983794,0.9928418175121668,0.9420572916666666,1511.0,1531.0,0.983670803396473,0.9966909331568498,0.990138067061144,0.8580277961614825,0.997311269382088,0.98046875
resnet18,s-200,af1,0.2634661,571.0,1158.0,0.4343696027633851,0.8809106830122592,0.5818392134181608,0.6350952333421049,0.4648222053839335,0.529296875,435.0,1396.0,0.2987106017191977,0.9586206896551724,0.4554888039322774,0.5434265610155866,0.2916799992386498,0.3509114583333333
resnet18,s-200,Qal,0.33658412,950.0,1411.0,0.6449326718639263,0.9578947368421052,0.770859805167302,0.7278372552541763,0.8086067441962344,0.6477864583333334,845.0,1407.0,0.5643212508884151,0.9396449704142013,0.7051509769094139,0.6041154659656274,0.6303111454726629,0.5677083333333334
resnet18,s-200,Qaf,0.02508021,13.0,103.0,0.0679611650485436,0.5384615384615384,0.1206896551724138,0.9046416485681096,0.0865860225264933,0.93359375,6.0,45.0,0.0,0.0,0.0,0.6212418300653595,0.0060842373848397,0.966796875
resnet18,s-200,Qat,0.06138256,61.0,341.0,0.1290322580645161,0.7213114754098361,0.2189054726368159,0.8468018894137261,0.1789929713462543,0.7955729166666666,77.0,172.0,0.0406976744186046,0.0909090909090909,0.0562248995983935,0.4307344471840702,0.045346402413946,0.8470052083333334
resnet18,s-200,Qc,0.3917614,749.0,787.0,0.8259212198221093,0.8678237650200267,0.8463541666666666,0.9260835709790098,0.938311399939432,0.8463541666666666,456.0,593.0,0.684654300168634,0.8903508771929824,0.7740705433746425,0.9390127517868748,0.8932022396544363,0.845703125
resnet18,s-200,Qca,0.22013858,432.0,683.0,0.5812591508052709,0.9189814814814816,0.7121076233183856,0.894975761540526,0.7240921057882369,0.791015625,249.0,399.0,0.6015037593984962,0.963855421686747,0.7407407407407407,0.9645138440319164,0.804559657297906,0.890625
resnet18,s-200,Qr,0.6366377,1433.0,1509.0,0.9396951623591784,0.9895324494068388,0.9639700883752548,0.8031287474847391,0.978203858531828,0.9309895833333334,1511.0,1536.0,0.9837239583333334,1.0,0.9917952084017068,0.7014956982131039,0.9898518543485362,0.9837239583333334
resnet18,s-20,af1,0.23917721,571.0,867.0,0.5201845444059977,0.7898423817863398,0.627260083449235,0.7620627387639176,0.6841848127897137,0.6510416666666666,435.0,1005.0,0.3472636815920398,0.8022988505747126,0.4847222222222222,0.658730307870588,0.4531248631107553,0.5169270833333334
resnet18,s-20,Qal,0.39620516,950.0,1052.0,0.7509505703422054,0.8315789473684211,0.7892107892107892,0.8028543201005928,0.8753186483148403,0.7252604166666666,845.0,1268.0,0.5851735015772871,0.8781065088757396,0.702318977756744,0.6763630447255071,0.7265044646215106,0.5904947916666666
resnet18,s-20,Qaf,0.22888051,13.0,12.0,0.1666666666666666,0.1538461538461538,0.16,0.8003434516894793,0.0786692104574432,0.986328125,6.0,5.0,0.0,0.0,0.0,0.830718954248366,0.0149727015094966,0.9928385416666666
resnet18,s-20,Qat,0.30534655,61.0,75.0,0.2133333333333333,0.2622950819672131,0.2352941176470588,0.8359322033898304,0.2335611363219208,0.9322916666666666,77.0,95.0,0.1789473684210526,0.2207792207792207,0.1976744186046511,0.7018327799684894,0.1147713159471786,0.91015625
resnet18,s-20,Qc,0.511368,749.0,744.0,0.918010752688172,0.9118825100133512,0.9149363697253852,0.978444787883209,0.9801020144616795,0.9173177083333334,456.0,547.0,0.7842778793418648,0.9407894736842104,0.8554336989032901,0.9793636289798572,0.9599616885497164,0.9055989583333334
resnet18,s-20,Qca,0.36122736,432.0,537.0,0.6685288640595903,0.8310185185185185,0.7409700722394221,0.923382565083199,0.846852671939245,0.8365885416666666,249.0,479.0,0.4676409185803757,0.8995983935742972,0.6153846153846154,0.912498478763539,0.6164112023849824,0.8177083333333334
resnet18,s-20,Qr,0.36814812,1433.0,1467.0,0.9543285616905248,0.9769713886950454,0.9655172413793104,0.9039830893163232,0.9921857214933794,0.9348958333333334,1511.0,1527.0,0.9836280288146692,0.9940436796823297,0.9888084265964452,0.9096757114493712,0.998314042157166,0.9778645833333334
resnet18,s-50,af1,0.18109477,571.0,1233.0,0.4193025141930251,0.9054290718038528,0.573170731707317,0.6594883986824315,0.5257294703450266,0.4986979166666667,435.0,1381.0,0.3019551049963794,0.9586206896551724,0.4592511013215859,0.6070364454466681,0.3653194987264161,0.3606770833333333
resnet18,s-50,Qal,0.47181955,950.0,1083.0,0.7377654662973222,0.8410526315789474,0.7860304968027545,0.7853673432728578,0.8627042109129881,0.716796875,845.0,1165.0,0.5845493562231759,0.8059171597633136,0.6776119402985075,0.6436602471334744,0.7179102445939506,0.578125
resnet18,s-50,Qaf,0.1316094,13.0,29.0,0.1379310344827586,0.3076923076923077,0.1904761904761904,0.7826152836001818,0.0704610767498765,0.9778645833333334,6.0,5.0,0.0,0.0,0.0,0.9113289760348584,0.033718543285812,0.9928385416666666
resnet18,s-50,Qat,0.2222502,61.0,88.0,0.3068181818181818,0.4426229508196721,0.3624161073825503,0.8686635176437899,0.2950963721596206,0.9381510416666666,77.0,82.0,0.2682926829268293,0.2857142857142857,0.2767295597484276,0.7965071254995861,0.2370536846020497,0.9251302083333334
resnet18,s-50,Qc,0.6614306,749.0,746.0,0.9128686327077749,0.9092122830440588,0.9110367892976587,0.9742053360431444,0.9741516842593656,0.9134114583333334,456.0,499.0,0.8276553106212425,0.9057017543859648,0.8649214659685864,0.9748253736192334,0.9551134245663384,0.916015625
resnet18,s-50,Qca,0.3278888,432.0,532.0,0.6710526315789473,0.8263888888888888,0.7406639004149378,0.927787842190016,0.864864857845934,0.8372395833333334,249.0,380.0,0.5894736842105263,0.8995983935742972,0.712241653418124,0.9418029538511468,0.6962834437103557,0.8821614583333334
resnet18,s-50,Qr,0.65573144,1433.0,1457.0,0.9581331503088538,0.9741800418702024,0.966089965397924,0.861150820805019,0.9867494430448048,0.9361979166666666,1511.0,1511.0,0.9834546657842488,0.9834546657842488,0.9834546657842488,0.7355658504301787,0.9937739291817044,0.9674479166666666
resnet18,s-5,af1,0.3038173,571.0,702.0,0.6339031339031339,0.7793345008756567,0.6991358994501178,0.8354672740306526,0.773744480673219,0.7506510416666666,435.0,661.0,0.5219364599092284,0.7931034482758621,0.6295620437956204,0.8318978567028928,0.7038241613199552,0.7356770833333334
resnet18,s-5,Qal,0.26692477,950.0,1182.0,0.7106598984771574,0.8842105263157894,0.7879924953095685,0.7859277887551643,0.8665750451987896,0.7057291666666666,845.0,1388.0,0.5698847262247838,0.936094674556213,0.7084639498432602,0.6614733813442485,0.715999061687873,0.576171875
resnet18,s-5,Qaf,0.11476064,13.0,19.0,0.0526315789473684,0.0769230769230769,0.0625,0.7551896560432346,0.0474799632032192,0.98046875,6.0,2.0,0.0,0.0,0.0,0.8895424836601307,0.0199327248853728,0.9947916666666666
resnet18,s-5,Qat,0.08944449,61.0,96.0,0.3541666666666667,0.5573770491803278,0.4331210191082802,0.8872575715476521,0.3857035181997239,0.9420572916666666,77.0,141.0,0.2978723404255319,0.5454545454545454,0.3853211009174312,0.8384857089449277,0.2921363200779052,0.9127604166666666
resnet18,s-5,Qc,0.23815279,749.0,799.0,0.8773466833541927,0.9359145527369828,0.9056847545219638,0.9741086378619184,0.976199025441745,0.9049479166666666,456.0,637.0,0.6970172684458399,0.9736842105263158,0.8124428179322964,0.975438596491228,0.9499423574439932,0.8665364583333334
resnet18,s-5,Qca,0.39324138,432.0,390.0,0.7974358974358975,0.7199074074074074,0.7566909975669099,0.926431243290392,0.8626705405179405,0.8697916666666666,249.0,378.0,0.5502645502645502,0.8353413654618473,0.6634768740031898,0.9217163915959096,0.6445215077064523,0.8626302083333334
resnet18,s-5,Qr,0.47080165,1433.0,1492.0,0.9450402144772118,0.9839497557571528,0.964102564102564,0.9190644923068584,0.9936883688706908,0.931640625,1511.0,1532.0,0.9836814621409922,0.9973527465254798,0.9904699309891556,0.8500066181336864,0.9971521685920566,0.9811197916666666
resnet18,sds-101,af1,0.285164,571.0,811.0,0.5203452527743526,0.7390542907180385,0.6107091172214182,0.7363883015888859,0.6388618982790895,0.6497395833333334,435.0,909.0,0.3751375137513751,0.7839080459770115,0.5074404761904762,0.6894756073371126,0.45066988672075,0.5690104166666666
resnet18,sds-101,Qal,0.2899886,950.0,1462.0,0.6292749658002736,0.968421052631579,0.7628524046434494,0.6791898688701274,0.7535528800986234,0.6276041666666666,845.0,1497.0,0.5511022044088176,0.9763313609467456,0.7045260461144321,0.6037618064891805,0.6543260208533632,0.5494791666666666
resnet18,sds-101,Qaf,0.15694037,13.0,20.0,0.05,0.0769230769230769,0.0606060606060606,0.8115561391989494,0.0398128515233078,0.9798177083333334,6.0,17.0,0.0,0.0,0.0,0.7331154684095861,0.0104764615794657,0.9850260416666666
resnet18,sds-101,Qat,0.12639019,61.0,89.0,0.1573033707865168,0.2295081967213114,0.1866666666666666,0.747029730480689,0.1106231092563341,0.9205729166666666,77.0,68.0,0.1617647058823529,0.1428571428571428,0.1517241379310344,0.67854694996573,0.1167390226319823,0.919921875
resnet18,sds-101,Qc,0.5731788,749.0,813.0,0.8437884378843789,0.9158878504672896,0.8783610755441741,0.9508009832678216,0.9488147304576016,0.8763020833333334,456.0,645.0,0.6682170542635659,0.9451754385964912,0.7829246139872843,0.9582439896036388,0.9226070108964708,0.8444010416666666
resnet18,sds-101,Qca,0.39149144,432.0,529.0,0.5689981096408318,0.6967592592592593,0.6264308012486993,0.8275106515029524,0.7031106306257258,0.7662760416666666,249.0,464.0,0.4202586206896552,0.7831325301204819,0.5469845722300141,0.8490714996739093,0.4945683394112984,0.7897135416666666
resnet18,sds-101,Qr,0.49137047,1433.0,1524.0,0.9363517060367454,0.9958129797627356,0.9651673993912748,0.8108998028441926,0.9831879722099216,0.9329427083333334,1511.0,1532.0,0.9843342036553524,0.9980145598941098,0.9911271771278344,0.5776571806750496,0.9865516032569672,0.982421875
resnet18,sds-11,af1,0.24155356,571.0,744.0,0.5954301075268817,0.7758318739054291,0.6737642585551331,0.8178851755396859,0.7537870329731801,0.720703125,435.0,759.0,0.4782608695652174,0.8344827586206897,0.6080402010050251,0.8143693820664598,0.6547015691399887,0.6953125
resnet18,sds-11,Qal,0.3209135,950.0,1319.0,0.6595905989385898,0.9157894736842104,0.7668576465403262,0.733280043111191,0.8278439078349397,0.6555989583333334,845.0,1342.0,0.5536512667660208,0.8792899408284024,0.67946959304984,0.6061004118891239,0.6956314158563832,0.5436197916666666
resnet18,sds-11,Qaf,0.06177452,13.0,26.0,0.1153846153846153,0.2307692307692307,0.1538461538461538,0.8448911561189959,0.1089079490519597,0.978515625,6.0,3.0,0.0,0.0,0.0,0.5456427015250545,0.0053676839515007,0.994140625
resnet18,sds-11,Qat,0.13314071,61.0,112.0,0.25,0.4590163934426229,0.3236994219653179,0.8211058627396499,0.2523278292407326,0.923828125,77.0,118.0,0.2288135593220339,0.3506493506493506,0.2769230769230769,0.6584477893593726,0.1654499784606357,0.908203125
resnet18,sds-11,Qc,0.44896117,749.0,751.0,0.8588548601864181,0.8611481975967957,0.86,0.945694640715363,0.949909221526348,0.86328125,456.0,626.0,0.6932907348242812,0.9517543859649122,0.8022181146025879,0.9658788174139052,0.9318662576337844,0.8606770833333334
resnet18,sds-11,Qca,0.45137635,432.0,484.0,0.6735537190082644,0.7546296296296297,0.7117903930131004,0.880841552603328,0.7699243083067772,0.828125,249.0,458.0,0.4519650655021834,0.8313253012048193,0.5855728429985856,0.877006081825359,0.5353020277969345,0.8092447916666666
resnet18,sds-11,Qr,0.16925156,1433.0,1525.0,0.9383606557377048,0.9986043265875784,0.9675456389452332,0.8669909687735011,0.9885940931026568,0.9375,1511.0,1535.0,0.98371335504886,0.99933818663137,0.9914642153644124,0.7019722038385174,0.9901466420413584,0.9830729166666666
resnet18,sds-201,af1,0.22586851,571.0,980.0,0.4775510204081633,0.819614711033275,0.6034816247582205,0.7331996406631398,0.6287863253353527,0.599609375,435.0,1035.0,0.3246376811594202,0.7724137931034483,0.4571428571428571,0.6212346143004792,0.4042970965072024,0.48046875
resnet18,sds-201,Qal,0.32900292,950.0,1468.0,0.6314713896457765,0.9757894736842104,0.7667493796526055,0.6737614514100952,0.7720714703153835,0.6328125,845.0,1509.0,0.5506958250497018,0.983431952662722,0.7060322854715378,0.5985973505510409,0.6421695802292112,0.5494791666666666
resnet18,sds-201,Qaf,0.04875962,13.0,109.0,0.055045871559633,0.4615384615384615,0.0983606557377049,0.7970604575988687,0.0483490033872382,0.9283854166666666,6.0,49.0,0.0,0.0,0.0,0.6209150326797386,0.0059052954330644,0.9641927083333334
resnet18,sds-201,Qat,0.17684956,61.0,82.0,0.1341463414634146,0.180327868852459,0.1538461538461538,0.7005056960266741,0.0933002578706586,0.9212239583333334,77.0,54.0,0.3888888888888889,0.2727272727272727,0.3206106870229007,0.8255610051360566,0.2900203097103765,0.9420572916666666
resnet18,sds-201,Qc,0.36998287,749.0,808.0,0.8514851485148515,0.918558077436582,0.8837508028259473,0.954906414821626,0.9561029504083104,0.8821614583333334,456.0,596.0,0.6996644295302014,0.9144736842105264,0.7927756653992395,0.9561931448992852,0.917108145264685,0.8580729166666666
resnet18,sds-201,Qca,0.31686938,432.0,522.0,0.5996168582375478,0.7245370370370371,0.6561844863731656,0.8480336654589371,0.717612740570596,0.7864583333333334,249.0,423.0,0.4302600472813239,0.7309236947791165,0.5416666666666666,0.8478014622592936,0.5151804772885259,0.7994791666666666
resnet18,sds-201,Qr,0.41302285,1433.0,1518.0,0.940052700922266,0.9958129797627356,0.9671297865130464,0.8053442096491169,0.9815497224898556,0.9368489583333334,1511.0,1535.0,0.98371335504886,0.99933818663137,0.9914642153644124,0.6970218398411647,0.9931486409841754,0.9830729166666666
resnet18,sds-21,af1,0.2638324,571.0,769.0,0.5825747724317295,0.7845884413309983,0.6686567164179105,0.8090705334700508,0.7434087442049075,0.7109375,435.0,675.0,0.4933333333333333,0.7655172413793103,0.6,0.8017601553446709,0.6430099031842786,0.7109375
resnet18,sds-21,Qal,0.40928647,950.0,1201.0,0.6877601998334721,0.8694736842105263,0.7680148768014877,0.739322795042213,0.8291553821807877,0.6751302083333334,845.0,1240.0,0.5838709677419355,0.8568047337278106,0.694484412470024,0.6393992070492126,0.704458049795812,0.5852864583333334
resnet18,sds-21,Qaf,0.5478709,13.0,7.0,0.0,0.0,0.0,0.7487246830648012,0.0566525397890619,0.9869791666666666,6.0,1.0,0.0,0.0,0.0,0.671350762527233,0.0084448736321837,0.9954427083333334
resnet18,sds-21,Qat,0.35216102,61.0,28.0,0.3214285714285714,0.1475409836065573,0.2022471910112359,0.7906751875520978,0.1780693259412039,0.9537760416666666,77.0,56.0,0.1964285714285714,0.1428571428571428,0.1654135338345864,0.7508701031661964,0.1691907909516962,0.927734375
resnet18,sds-21,Qc,0.46662223,749.0,829.0,0.8347406513872135,0.9238985313751668,0.8770595690747782,0.9595801602475472,0.9618814998851644,0.8736979166666666,456.0,688.0,0.6424418604651163,0.9692982456140352,0.7727272727272727,0.9726811241065628,0.9477674048914824,0.8307291666666666
resnet18,sds-21,Qca,0.3218565,432.0,412.0,0.6990291262135923,0.6666666666666666,0.6824644549763034,0.872098094471283,0.7804415384854738,0.8255208333333334,249.0,450.0,0.36,0.6506024096385542,0.463519313304721,0.8067670838755175,0.3965023758836128,0.755859375
resnet18,sds-21,Qr,0.11612796,1433.0,1529.0,0.9359058207979072,0.9986043265875784,0.9662390276839972,0.8790913217569225,0.9892093125133834,0.9348958333333334,1511.0,1535.0,0.98371335504886,0.99933818663137,0.9914642153644124,0.6127597617471874,0.9888220756558458,0.9830729166666666
resnet18,sds-51,af1,0.21408758,571.0,742.0,0.5862533692722371,0.7618213660245184,0.6626047220106626,0.7933214159324157,0.7254550249615331,0.7115885416666666,435.0,634.0,0.4637223974763407,0.6758620689655173,0.5500467726847521,0.7455040871934606,0.5701807414495539,0.6868489583333334
resnet18,sds-51,Qal,0.17662714,950.0,1402.0,0.6390870185449358,0.943157894736842,0.7619047619047619,0.7039572480689777,0.797147876676064,0.6354166666666666,845.0,1491.0,0.5466130114017438,0.9644970414201184,0.6977739726027398,0.5872305808407333,0.6595089764077358,0.5403645833333334
resnet18,sds-51,Qaf,0.048396356,13.0,20.0,0.1,0.1538461538461538,0.1212121212121212,0.8322137481690994,0.13628747827579,0.9811197916666666,6.0,1.0,0.0,0.0,0.0,0.4986928104575163,0.004265045136036,0.9954427083333334
resnet18,sds-51,Qat,0.10645454,61.0,157.0,0.2038216560509554,0.5245901639344263,0.2935779816513761,0.8100472353431508,0.191050609092116,0.8997395833333334,77.0,176.0,0.2159090909090909,0.4935064935064935,0.300395256916996,0.6606286105943405,0.2409124034008346,0.884765625
resnet18,sds-51,Qc,0.2744703,749.0,781.0,0.8476312419974392,0.8838451268357811,0.865359477124183,0.9529639689005076,0.9555846652031378,0.8658854166666666,456.0,678.0,0.6504424778761062,0.9671052631578948,0.7777777777777778,0.9677753411306044,0.9358353135615955,0.8359375
resnet18,sds-51,Qca,0.26483554,432.0,451.0,0.6696230598669624,0.6990740740740741,0.6840317100792752,0.8634930220075148,0.7585035644065796,0.818359375,249.0,565.0,0.4070796460176991,0.923694779116466,0.5651105651105651,0.8713580038881242,0.522712512798023,0.76953125
resnet18,sds-51,Qr,0.28746417,1433.0,1478.0,0.9485791610284168,0.9783670621074668,0.9632428718653384,0.8278951754415681,0.9851607450902105,0.9303385416666666,1511.0,1513.0,0.984137475214805,0.985440105890139,0.9847883597883598,0.7329715420251488,0.994189029471682,0.9700520833333334
resnet18,sds-5,af1,0.21016566,571.0,716.0,0.6215083798882681,0.7793345008756567,0.6915306915306916,0.8321007595074545,0.7836849979036238,0.7415364583333334,435.0,690.0,0.4942028985507246,0.7839080459770115,0.6062222222222222,0.8097257456648606,0.6726062147948757,0.7115885416666666
resnet18,sds-5,Qal,0.41306758,950.0,1356.0,0.6592920353982301,0.9410526315789474,0.7753686036426712,0.7367307346865457,0.8252578987699566,0.6627604166666666,845.0,1439.0,0.5482974287699791,0.9337278106508876,0.690893169877408,0.5392176675600922,0.6339753677713944,0.5403645833333334
resnet18,sds-5,Qaf,0.10961806,13.0,42.0,0.0714285714285714,0.2307692307692307,0.109090909090909,0.8611546037678671,0.0604557832232719,0.9680989583333334,6.0,17.0,0.0,0.0,0.0,0.550326797385621,0.0048532688565443,0.9850260416666666
resnet18,sds-5,Qat,0.15410437,61.0,87.0,0.264367816091954,0.3770491803278688,0.3108108108108108,0.8699083078632953,0.2721983436283534,0.93359375,77.0,107.0,0.102803738317757,0.1428571428571428,0.1195652173913043,0.7545641472988971,0.1136871148175126,0.89453125
resnet18,sds-5,Qc,0.40876383,749.0,786.0,0.8435114503816794,0.8851802403204272,0.863843648208469,0.9510181300607504,0.9552167915902904,0.8639322916666666,456.0,704.0,0.6193181818181818,0.956140350877193,0.7517241379310344,0.9625893437296946,0.9264448054904264,0.8125
resnet18,sds-5,Qca,0.17258959,432.0,555.0,0.609009009009009,0.7824074074074074,0.684903748733536,0.8862197228931831,0.7958699723469815,0.7975260416666666,249.0,499.0,0.374749498997996,0.751004016064257,0.5,0.8271079656621825,0.4802963621540638,0.7565104166666666
resnet18,sds-5,Qr,0.29533666,1433.0,1522.0,0.9375821287779238,0.9958129797627356,0.9658206429780034,0.8665302610451291,0.9881202719376014,0.9342447916666666,1511.0,1534.0,0.983702737940026,0.99867637326274,0.9911330049261085,0.6422501654533422,0.9895288001431872,0.982421875
resnet50,dem,af1,0.5072494,571.0,489.0,0.6728016359918201,0.5761821366024519,0.620754716981132,0.7888496683393373,0.7364169577597712,0.73828125,435.0,749.0,0.4192256341789052,0.7218390804597701,0.5304054054054054,0.7175671020075792,0.4847120274970971,0.6380208333333334
resnet50,dem,Qal,0.34681875,950.0,1043.0,0.7766059443911792,0.8526315789473684,0.8128449573507276,0.8262098077959404,0.8920556526338688,0.7571614583333334,845.0,1227.0,0.5925020374898126,0.8603550295857988,0.7017374517374517,0.6542563303333647,0.7143176211899638,0.59765625
resnet50,dem,Qaf,0.12310556,13.0,28.0,0.0357142857142857,0.0769230769230769,0.048780487804878,0.8328703469872216,0.039393645591735,0.974609375,6.0,0.0,0.0,0.0,0.0,0.8010893246187364,0.0210722261492849,0.99609375
resnet50,dem,Qat,0.061689794,61.0,82.0,0.2804878048780488,0.3770491803278688,0.3216783216783216,0.9083634342873022,0.2372618478425552,0.9368489583333334,77.0,53.0,0.0566037735849056,0.0389610389610389,0.0461538461538461,0.6907862528150397,0.0826812092929528,0.9192708333333334
resnet50,dem,Qc,0.4213856,749.0,847.0,0.8252656434474617,0.9332443257676902,0.8759398496240601,0.9631461177376696,0.9652066936049944,0.87109375,456.0,809.0,0.5599505562422744,0.993421052631579,0.7162055335968379,0.9709673489278752,0.9358637293548342,0.7662760416666666
resnet50,dem,Qca,0.18461727,432.0,657.0,0.5570776255707762,0.8472222222222222,0.6721763085399449,0.8950030193236714,0.8024603080053228,0.767578125,249.0,475.0,0.3473684210526316,0.6626506024096386,0.4558011049723757,0.7413710787204764,0.4883807208308114,0.7434895833333334
resnet50,dem,Qr,0.47947714,1433.0,1465.0,0.9535836177474404,0.9748778785764132,0.964113181504486,0.9376147534874898,0.9953130129152534,0.9322916666666666,1511.0,1463.0,0.9835953520164048,0.9523494374586366,0.9677202420981844,0.7017207147584381,0.9927371864743384,0.9375
resnet50,ep-101,af1,0.26233822,571.0,672.0,0.6130952380952381,0.7215411558669002,0.6629123089300081,0.7994555502118816,0.7522651286265359,0.7272135416666666,435.0,589.0,0.497453310696095,0.6735632183908046,0.572265625,0.7749840792591896,0.6176205883681001,0.71484375
resnet50,ep-101,Qal,0.31339785,950.0,1292.0,0.6973684210526315,0.9484210526315788,0.8037466547725245,0.8292365726603197,0.893321738576295,0.7135416666666666,845.0,1430.0,0.5636363636363636,0.953846153846154,0.7085714285714285,0.6857825465194941,0.7610431734213814,0.568359375
resnet50,ep-101,Qaf,0.08724061,13.0,40.0,0.075,0.2307692307692307,0.1132075471698113,0.8102934491640992,0.1923807862150362,0.9694010416666666,6.0,14.0,0.0,0.0,0.0,0.6851851851851852,0.013703531302253,0.9869791666666666
resnet50,ep-101,Qat,0.17207181,61.0,64.0,0.328125,0.3442622950819672,0.336,0.8948819116421228,0.283616573204444,0.9459635416666666,77.0,57.0,0.1929824561403508,0.1428571428571428,0.1641791044776119,0.742832219185886,0.1675685922949348,0.9270833333333334
resnet50,ep-101,Qc,0.3161642,749.0,784.0,0.8137755102040817,0.8518024032042724,0.83235485975212,0.913316018138543,0.9150297759251006,0.8326822916666666,456.0,536.0,0.5093283582089553,0.5986842105263158,0.5504032258064516,0.7561850227420402,0.6216755690048328,0.7096354166666666
resnet50,ep-101,Qca,0.18650596,432.0,557.0,0.6535008976660682,0.8425925925925926,0.7360970677451971,0.9167169887278582,0.8164136056142846,0.830078125,249.0,343.0,0.4402332361516035,0.606425702811245,0.5101351351351351,0.8390797065495862,0.4932503465520569,0.8111979166666666
resnet50,ep-101,Qr,0.50171816,1433.0,1490.0,0.9463087248322148,0.9839497557571528,0.9647622305850154,0.9078516792119188,0.9926655581093914,0.9329427083333334,1511.0,1530.0,0.984967320261438,0.9973527465254798,0.9911213416639264,0.8166247518199868,0.9961130810576926,0.982421875
resnet50,ep-11,af1,0.40688002,571.0,581.0,0.6746987951807228,0.6865148861646234,0.6805555555555556,0.822770704971734,0.7710551865216446,0.7604166666666666,435.0,491.0,0.5784114052953157,0.6528735632183909,0.6133909287257019,0.8216188000459352,0.6474952163828636,0.7669270833333334
resnet50,ep-11,Qal,0.3284852,950.0,1074.0,0.7569832402234636,0.8557894736842105,0.8033596837944664,0.8142141189150351,0.8872742086147614,0.7408854166666666,845.0,1074.0,0.6219739292364991,0.7905325443786982,0.6961959353830119,0.6836691528442613,0.7467533612469743,0.6204427083333334
resnet50,ep-11,Qaf,0.2387024,13.0,7.0,0.2857142857142857,0.1538461538461538,0.2,0.7999898984797211,0.1043355243424788,0.9895833333333334,6.0,1.0,0.0,0.0,0.0,0.7775599128540305,0.0476652115414928,0.9954427083333334
resnet50,ep-11,Qat,0.037841663,61.0,143.0,0.2027972027972027,0.4754098360655737,0.284313725490196,0.8683967768824673,0.2547719229427688,0.9049479166666666,77.0,353.0,0.1359773371104816,0.6233766233766234,0.2232558139534883,0.753763029294215,0.2240391700177061,0.7825520833333334
resnet50,ep-11,Qc,0.43448356,749.0,775.0,0.8335483870967741,0.8624833110814419,0.847769028871391,0.9379078924376932,0.9440746478535968,0.8489583333333334,456.0,105.0,0.3809523809523809,0.087719298245614,0.142602495543672,0.4927184860298895,0.3257396986525191,0.6868489583333334
resnet50,ep-11,Qca,0.4513274,432.0,482.0,0.7116182572614108,0.7939814814814815,0.75054704595186,0.923822883118626,0.8483304043840519,0.8515625,249.0,38.0,0.2105263157894736,0.0321285140562249,0.0557491289198606,0.6880045434262303,0.2425427357529048,0.8235677083333334
resnet50,ep-11,Qr,0.5640031,1433.0,1487.0,0.9515803631472765,0.9874389392882066,0.9691780821917808,0.9189493153747654,0.9937176639788066,0.94140625,1511.0,1536.0,0.9837239583333334,1.0,0.9917952084017068,0.7080079417604236,0.9903364978752612,0.9837239583333334
resnet50,ep-201,af1,0.2514734,571.0,761.0,0.5926412614980289,0.7898423817863398,0.6771771771771772,0.8132228705207663,0.7620195547769882,0.7200520833333334,435.0,688.0,0.4781976744186046,0.7563218390804598,0.5859305431878896,0.7867769112718845,0.6453416361749833,0.697265625
resnet50,ep-201,Qal,0.36473218,950.0,1022.0,0.7818003913894325,0.8410526315789474,0.8103448275862069,0.8288503682414227,0.8937508670894397,0.7565104166666666,845.0,1220.0,0.6024590163934426,0.8698224852071006,0.711864406779661,0.7150652086419647,0.7788801483545017,0.6126302083333334
resnet50,ep-201,Qaf,0.06640917,13.0,28.0,0.1071428571428571,0.2307692307692307,0.1463414634146341,0.8777716046264963,0.0638193479065061,0.9772135416666666,6.0,5.0,0.0,0.0,0.0,0.7584967320261438,0.0143081354347293,0.9928385416666666
resnet50,ep-201,Qat,0.2571497,61.0,49.0,0.3469387755102041,0.2786885245901639,0.3090909090909091,0.886724090025007,0.2763773897700812,0.9505208333333334,77.0,83.0,0.1686746987951807,0.1818181818181818,0.175,0.6863801037892882,0.1134163128221143,0.9140625
resnet50,ep-201,Qc,0.34887204,749.0,830.0,0.7975903614457831,0.8838451268357811,0.8385053831538949,0.9190033980080174,0.9231641005749304,0.833984375,456.0,573.0,0.4677137870855148,0.5877192982456141,0.5208940719144801,0.720906432748538,0.5540736251338599,0.6790364583333334
resnet50,ep-201,Qca,0.18202001,432.0,630.0,0.6031746031746031,0.8796296296296297,0.7156308851224106,0.91592651301664,0.8159024083794654,0.8033854166666666,249.0,375.0,0.4853333333333333,0.7309236947791165,0.5833333333333334,0.8800360728071572,0.5400983140442378,0.8307291666666666
resnet50,ep-201,Qr,0.6776614,1433.0,1471.0,0.9544527532290958,0.9797627355198884,0.9669421487603306,0.9172352116206748,0.9934099000856452,0.9375,1511.0,1532.0,0.9849869451697127,0.99867637326274,0.9917844232665132,0.7958305757776307,0.994770025949375,0.9837239583333334
resnet50,ep-21,af1,0.30831125,571.0,681.0,0.6417033773861968,0.7653239929947461,0.6980830670926518,0.8439516165621626,0.7982082366364962,0.75390625,435.0,365.0,0.6109589041095891,0.5126436781609195,0.5575,0.8020775261778739,0.6437108405270515,0.76953125
resnet50,ep-21,Qal,0.3378399,950.0,1119.0,0.7363717605004468,0.8673684210526316,0.7965200579990334,0.8077079216813365,0.882311104376805,0.7259114583333334,845.0,1170.0,0.5991452991452991,0.829585798816568,0.6957816377171215,0.6979148648301492,0.7697490884827457,0.6009114583333334
resnet50,ep-21,Qaf,0.31904188,13.0,14.0,0.1428571428571428,0.1538461538461538,0.1481481481481481,0.8626193242082933,0.2090161461761101,0.9850260416666666,6.0,0.0,0.0,0.0,0.0,0.6754901960784313,0.0182428156147185,0.99609375
resnet50,ep-21,Qat,0.13039263,61.0,94.0,0.2553191489361702,0.3934426229508196,0.3096774193548387,0.8629841622672965,0.235696525083739,0.9303385416666666,77.0,125.0,0.232,0.3766233766233766,0.2871287128712871,0.7684590940245499,0.182852070019245,0.90625
resnet50,ep-21,Qc,0.47103333,749.0,820.0,0.7987804878048781,0.8744993324432577,0.8349267049075845,0.9312442002297006,0.9372964660604034,0.8313802083333334,456.0,183.0,0.3114754098360656,0.125,0.1784037558685446,0.4378878330084471,0.2903437536815357,0.658203125
resnet50,ep-21,Qca,0.14792903,432.0,565.0,0.6389380530973451,0.8356481481481481,0.724172517552658,0.9080699812130972,0.8286084774259727,0.8209635416666666,249.0,125.0,0.248,0.1244979919678714,0.1657754010695187,0.6400988569663268,0.2238077671944438,0.796875
resnet50,ep-21,Qr,0.2643445,1433.0,1512.0,0.9424603174603174,0.994417306350314,0.967741935483871,0.8973096023685797,0.991810349310546,0.9381510416666666,1511.0,1536.0,0.9837239583333334,1.0,0.9917952084017068,0.5976439444076771,0.9882240404993016,0.9837239583333334
resnet50,ep-51,af1,0.27060378,571.0,602.0,0.6677740863787376,0.7040280210157618,0.6854219948849105,0.8281879803635109,0.7860812245102562,0.759765625,435.0,355.0,0.6507042253521127,0.5310344827586206,0.5848101265822785,0.8007662835249041,0.6453089590927232,0.7864583333333334
resnet50,ep-51,Qal,0.29493254,950.0,1174.0,0.7248722316865417,0.8957894736842106,0.8013182674199624,0.8177618106700197,0.8897824599234516,0.7252604166666666,845.0,1395.0,0.5620071684587814,0.927810650887574,0.7,0.6812611856583803,0.7704908339949457,0.5625
resnet50,ep-51,Qaf,0.036514856,13.0,56.0,0.0535714285714285,0.2307692307692307,0.0869565217391304,0.8047376130107582,0.1283398947557,0.958984375,6.0,14.0,0.0,0.0,0.0,0.6330065359477125,0.007031405757416,0.9869791666666666
resnet50,ep-51,Qat,0.16387765,61.0,140.0,0.2214285714285714,0.5081967213114754,0.308457711442786,0.8602834120589052,0.3279378077246713,0.9095052083333334,77.0,92.0,0.2282608695652173,0.2727272727272727,0.2485207100591716,0.7152648585136591,0.1757695521644413,0.9173177083333334
resnet50,ep-51,Qc,0.40955448,749.0,816.0,0.8075980392156863,0.8798397863818425,0.8421725239616613,0.9265687583444592,0.9322484641925608,0.8391927083333334,456.0,290.0,0.6379310344827587,0.4057017543859649,0.4959785522788204,0.7318408869395712,0.5847267163745213,0.7552083333333334
resnet50,ep-51,Qca,0.37845027,432.0,532.0,0.6804511278195489,0.8379629629629629,0.7510373443983402,0.9208832360440152,0.8480498985022791,0.84375,249.0,133.0,0.5864661654135338,0.3132530120481928,0.4083769633507853,0.8308166621419634,0.4740079467972388,0.8528645833333334
resnet50,ep-51,Qr,0.25352,1433.0,1502.0,0.9440745672436752,0.9895324494068388,0.9662691652470188,0.905087432841686,0.9921206198289428,0.935546875,1511.0,1536.0,0.9837239583333334,1.0,0.9917952084017068,0.7535407015221708,0.9943301649477408,0.9837239583333334
resnet50,ep-5,af1,0.22065394,571.0,628.0,0.6592356687898089,0.7250437828371279,0.6905754795663053,0.8230084480458789,0.7725920047088017,0.7584635416666666,435.0,412.0,0.5485436893203883,0.5195402298850574,0.5336481700118064,0.7667574931880109,0.6026673849007895,0.7428385416666666
resnet50,ep-5,Qal,0.6265833,950.0,1003.0,0.7666999002991027,0.8094736842105263,0.7875064004096262,0.8031686725345788,0.8776082440304702,0.7298177083333334,845.0,1210.0,0.5867768595041323,0.8402366863905325,0.6909975669099757,0.640101388092037,0.6923815533208816,0.5865885416666666
resnet50,ep-5,Qaf,0.26076114,13.0,5.0,0.0,0.0,0.0,0.8607505429567149,0.085694300773443,0.98828125,6.0,1.0,1.0,0.1666666666666666,0.2857142857142857,0.7238562091503268,0.2867091994044455,0.9967447916666666
resnet50,ep-5,Qat,0.17480922,61.0,83.0,0.180722891566265,0.2459016393442623,0.2083333333333333,0.8361322589608224,0.1632758023548074,0.92578125,77.0,201.0,0.1044776119402985,0.2727272727272727,0.1510791366906475,0.683255743571028,0.0902931965606118,0.8463541666666666
resnet50,ep-5,Qc,0.38201576,749.0,887.0,0.7722660653889515,0.9145527369826436,0.8374083129584352,0.9339466599260684,0.9389250307800728,0.8268229166666666,456.0,344.0,0.438953488372093,0.3311403508771929,0.3775,0.6788641163092919,0.4382498594683177,0.67578125
resnet50,ep-5,Qca,0.2531112,432.0,503.0,0.6660039761431411,0.7754629629629629,0.7165775401069518,0.9007397342995168,0.8105573780999416,0.8274739583333334,249.0,25.0,0.04,0.0040160642570281,0.0072992700729927,0.5656066378957946,0.1716955131250173,0.8229166666666666
resnet50,ep-5,Qr,0.46679777,1433.0,1478.0,0.9533152909336942,0.983251919050942,0.9680522157334248,0.9051755093191688,0.9921920917228824,0.939453125,1511.0,1536.0,0.9837239583333334,1.0,0.9917952084017068,0.5505493050959628,0.9851784545768804,0.9837239583333334
resnet50,nhd,af1,0.27716053,571.0,1471.0,0.3677770224337185,0.9474605954465848,0.5298726738491675,0.5352159197118046,0.4145017246333332,0.375,435.0,1434.0,0.2810320781032078,0.9264367816091954,0.431246655965757,0.4872519235386847,0.300497044971004,0.3079427083333333
resnet50,nhd,Qal,0.49838173,950.0,1514.0,0.6188903566710701,0.9863157894736844,0.760551948051948,0.6497494162026227,0.7616755742431084,0.6158854166666666,845.0,1519.0,0.554312047399605,0.9964497041420118,0.7123519458544839,0.643616574897884,0.73248795593748,0.5572916666666666
resnet50,nhd,Qaf,0.056035765,13.0,25.0,0.0,0.0,0.0,0.587933734026971,0.0148177872588391,0.9752604166666666,6.0,24.0,0.0,0.0,0.0,0.6577342047930284,0.008450805854722,0.98046875
resnet50,nhd,Qat,0.09172808,61.0,205.0,0.1317073170731707,0.4426229508196721,0.2030075187969924,0.7395276465684912,0.1419424957284374,0.8619791666666666,77.0,172.0,0.1162790697674418,0.2597402597402597,0.1606425702811245,0.6904034964350249,0.0977666678851034,0.8639322916666666
resnet50,nhd,Qc,0.23385864,749.0,1529.0,0.4898626553302812,1.0,0.6575943810359964,0.5957379852509828,0.5800899429504611,0.4921875,456.0,1528.0,0.2964659685863874,0.993421052631579,0.4566532258064516,0.3837577160493827,0.253710046293173,0.2981770833333333
resnet50,nhd,Qca,0.25165385,432.0,1141.0,0.3058720420683611,0.8078703703703703,0.4437380801017164,0.5838260701825013,0.3556734127752181,0.4303385416666667,249.0,1056.0,0.1837121212121212,0.7791164658634538,0.2973180076628352,0.5034746601011661,0.1637865117116962,0.4029947916666667
resnet50,nhd,Qr,0.36911285,1433.0,1533.0,0.9334637964774952,0.9986043265875784,0.9649359406608228,0.671007256146722,0.9601778362522464,0.9322916666666666,1511.0,1531.0,0.983670803396473,0.9966909331568498,0.990138067061144,0.5602382528127069,0.9869916604232036,0.98046875
resnet50,nir,af1,0.3756509,571.0,706.0,0.5920679886685553,0.7320490367775832,0.6546593578700078,0.8024209867244992,0.7193162550926411,0.712890625,435.0,1313.0,0.2962680883472963,0.8942528735632184,0.4450800915331808,0.5142639397830603,0.2672356850603152,0.3684895833333333
resnet50,nir,Qal,0.4844864,950.0,1267.0,0.6732438831886346,0.8978947368421053,0.7695083446098331,0.6793443506376863,0.7561287335599429,0.6673177083333334,845.0,1403.0,0.5630791161796151,0.9349112426035504,0.702846975088968,0.5726235025132943,0.6120697277255385,0.5651041666666666
resnet50,nir,Qaf,0.057562646,13.0,39.0,0.0512820512820512,0.1538461538461538,0.0769230769230769,0.7691297540279813,0.0264123799859905,0.96875,6.0,7.0,0.0,0.0,0.0,0.7759259259259259,0.0101840214028806,0.9915364583333334
resnet50,nir,Qat,0.05728165,61.0,187.0,0.106951871657754,0.3278688524590163,0.1612903225806451,0.7575882189497083,0.1442341290106134,0.8645833333333334,77.0,176.0,0.0909090909090909,0.2077922077922078,0.1264822134387351,0.7556323046384733,0.0935078241903033,0.8561197916666666
resnet50,nir,Qc,0.2662648,749.0,866.0,0.75635103926097,0.8744993324432577,0.8111455108359134,0.892883862091429,0.8990672033801257,0.8014322916666666,456.0,320.0,0.015625,0.0109649122807017,0.0128865979381443,0.2205937296946069,0.1934528776510699,0.5013020833333334
resnet50,nir,Qca,0.19442347,432.0,520.0,0.5942307692307692,0.7152777777777778,0.6491596638655462,0.843383068303811,0.6688309821152827,0.7825520833333334,249.0,49.0,0.0,0.0,0.0,0.1409835144774903,0.0935817397280072,0.8059895833333334
resnet50,nir,Qr,0.33485436,1433.0,1534.0,0.9341590612777052,1.0,0.965958881024604,0.7936368132575424,0.977693685303909,0.9342447916666666,1511.0,1529.0,0.9843034663178548,0.9960291197882196,0.9901315789473684,0.4522038385175381,0.977180686569626,0.98046875
resnet50,osm,af1,0.3906096,571.0,742.0,0.5956873315363881,0.7740805604203153,0.6732673267326733,0.8140213968766731,0.725386253290488,0.720703125,435.0,520.0,0.5673076923076923,0.6781609195402298,0.6178010471204188,0.8276185703696745,0.6371531973512232,0.7623697916666666
resnet50,osm,Qal,0.5056525,950.0,1414.0,0.6442715700141443,0.9589473684210528,0.7707275803722504,0.570185018861146,0.6533816320415804,0.6471354166666666,845.0,1531.0,0.550620509470934,0.9976331360946744,0.7095959595959596,0.5088817338733848,0.5582899656980618,0.55078125
resnet50,osm,Qaf,0.017425504,13.0,474.0,0.0168776371308016,0.6153846153846154,0.0328542094455852,0.7503409263094096,0.0172974334739948,0.693359375,6.0,645.0,0.0046511627906976,0.5,0.0092165898617511,0.57859477124183,0.0049654694515684,0.580078125
resnet50,osm,Qat,0.07515733,61.0,550.0,0.069090909090909,0.6229508196721312,0.1243862520458265,0.6733537093637122,0.0658907469323011,0.6516927083333334,77.0,741.0,0.0539811066126855,0.5194805194805194,0.097799511002445,0.5429265730842153,0.0542244582709864,0.51953125
resnet50,osm,Qc,0.21361099,749.0,1342.0,0.5417287630402384,0.9706275033377836,0.6953610712577714,0.6654412575513645,0.5943954703103564,0.5852864583333334,456.0,1513.0,0.3007270323859881,0.9978070175438596,0.4621635347892331,0.5577617365172189,0.3328682394909036,0.310546875
resnet50,osm,Qca,0.15872927,432.0,1126.0,0.3365896980461811,0.8773148148148148,0.4865211810012837,0.6261437785158347,0.3514155413398154,0.4791666666666667,249.0,1358.0,0.1752577319587628,0.9558232931726908,0.2962041070317361,0.553380577476963,0.1821332097104454,0.263671875
resnet50,osm,Qr,0.704205,1433.0,1526.0,0.935124508519004,0.9958129797627356,0.9645150388644812,0.5978089282447713,0.950151257429,0.931640625,1511.0,1536.0,0.9837239583333334,1.0,0.9917952084017068,0.6947849106551951,0.989931135214484,0.9837239583333334
resnet50,plc-100,af1,0.2346848,571.0,1486.0,0.3788694481830417,0.9859894921190894,0.5473991249392319,0.5754797963757792,0.4280542578322242,0.3938802083333333,435.0,1507.0,0.2833443928334439,0.9816091954022989,0.4397528321318228,0.4880046352845375,0.2746385279952045,0.2916666666666667
resnet50,plc-100,Qal,0.5209889,950.0,1281.0,0.6760343481654957,0.911578947368421,0.7763334827431645,0.7280061074187174,0.8147084371702482,0.6751302083333334,845.0,1341.0,0.5667412378821775,0.8994082840236687,0.6953339432753889,0.6582501990940153,0.7345743786215599,0.56640625
resnet50,plc-100,Qaf,0.02599258,13.0,130.0,0.023076923076923,0.2307692307692307,0.0419580419580419,0.7242284963887065,0.0248327913833622,0.9108072916666666,6.0,75.0,0.0266666666666666,0.3333333333333333,0.0493827160493827,0.8136165577342048,0.0204080518438973,0.9498697916666666
resnet50,plc-100,Qat,0.15969159,61.0,116.0,0.2413793103448276,0.4590163934426229,0.3163841807909605,0.8520033342595166,0.2223570098541444,0.9212239583333334,77.0,75.0,0.0933333333333333,0.0909090909090909,0.0921052631578947,0.6852229333380807,0.0920687336750333,0.91015625
resnet50,plc-100,Qc,0.3275722,749.0,1224.0,0.5473856209150327,0.8945260347129506,0.6791687785098834,0.7183037781845509,0.7052513464807818,0.587890625,456.0,1109.0,0.3282236248872858,0.7982456140350878,0.4651757188498402,0.591855506822612,0.3615996185453751,0.455078125
resnet50,plc-100,Qca,0.266681,432.0,714.0,0.4831932773109244,0.7986111111111112,0.6020942408376964,0.803154773886205,0.5945094878803326,0.703125,249.0,545.0,0.2330275229357798,0.5100401606425703,0.3198992443324937,0.6367037692338898,0.2271364282580527,0.6484375
resnet50,plc-100,Qr,0.59100884,1433.0,1528.0,0.93717277486911,0.9993021632937892,0.9672407970280312,0.7928305747328911,0.9764328321801548,0.9368489583333334,1511.0,1534.0,0.983702737940026,0.99867637326274,0.9911330049261085,0.7349040370615486,0.9940739401662156,0.982421875
resnet50,plc-10,af1,0.35364655,571.0,810.0,0.5135802469135803,0.7285464098073555,0.6024619840695149,0.7536618785332522,0.688574758101915,0.642578125,435.0,904.0,0.3794247787610619,0.7885057471264367,0.5123226288274833,0.7169156566131103,0.4818048146358956,0.5748697916666666
resnet50,plc-10,Qal,0.61749583,950.0,1157.0,0.7061365600691444,0.86,0.7755102040816326,0.7529549128794684,0.832515611326901,0.6920572916666666,845.0,1381.0,0.555394641564084,0.9076923076923076,0.6891284815813118,0.617861088038089,0.7007554912512044,0.5494791666666666
resnet50,plc-10,Qaf,0.13123637,13.0,20.0,0.1,0.1538461538461538,0.1212121212121212,0.8156472549118643,0.0925490836477106,0.9811197916666666,6.0,13.0,0.0,0.0,0.0,0.7234204793028323,0.0134673968690529,0.9876302083333334
resnet50,plc-10,Qat,0.20066585,61.0,141.0,0.2340425531914893,0.5409836065573771,0.3267326732673267,0.8575048624617949,0.2723935524959399,0.9114583333333334,77.0,230.0,0.108695652173913,0.3246753246753247,0.1628664495114006,0.6167362452489253,0.0939901296505094,0.8326822916666666
resnet50,plc-10,Qc,0.3794389,749.0,899.0,0.7296996662958843,0.8758344459279038,0.7961165048543689,0.8885748554192544,0.8983859827031636,0.78125,456.0,994.0,0.4024144869215292,0.8771929824561403,0.5517241379310345,0.7855364684860299,0.6487609019580618,0.5768229166666666
resnet50,plc-10,Qca,0.33626145,432.0,582.0,0.6237113402061856,0.8402777777777778,0.7159763313609467,0.900018451422437,0.7915835965436548,0.8125,249.0,502.0,0.3685258964143426,0.7429718875502008,0.4926764314247669,0.8333692189113876,0.5183349237741735,0.751953125
resnet50,plc-10,Qr,0.3562108,1433.0,1504.0,0.9414893617021276,0.9881367759944172,0.9642492339121552,0.884057480064228,0.9907799241268802,0.931640625,1511.0,1531.0,0.983670803396473,0.9966909331568498,0.990138067061144,0.7366247518199869,0.9941537318041728,0.98046875
resnet50,plc-200,af1,0.3699295,571.0,1162.0,0.3820998278829604,0.7775831873905429,0.5124062319676861,0.5204704046169342,0.3791434733975819,0.4498697916666667,435.0,1219.0,0.2854799015586546,0.8,0.4207980652962515,0.5119880568344347,0.2896243107103351,0.3763020833333333
resnet50,plc-200,Qal,0.4060986,950.0,1383.0,0.6529284164859002,0.9505263157894736,0.7741105872267466,0.7096874438656368,0.7927113346074879,0.6569010416666666,845.0,1411.0,0.5669737774627923,0.9467455621301776,0.7092198581560284,0.6420263917313901,0.6930674903565143,0.5729166666666666
resnet50,plc-200,Qaf,0.104373775,13.0,14.0,0.0,0.0,0.0,0.6560937421081873,0.0189007823479357,0.982421875,6.0,4.0,0.25,0.1666666666666666,0.2,0.8444444444444444,0.0756676405588398,0.9947916666666666
resnet50,plc-200,Qat,0.24076837,61.0,78.0,0.2051282051282051,0.2622950819672131,0.2302158273381295,0.7871742150597387,0.1495473577603393,0.9303385416666666,77.0,58.0,0.1896551724137931,0.1428571428571428,0.1629629629629629,0.6443214085434785,0.1209953431166695,0.9264322916666666
resnet50,plc-200,Qc,0.32290518,749.0,1491.0,0.4922870556673374,0.9799732977303072,0.6553571428571429,0.592001533599225,0.5912371403814143,0.4973958333333333,456.0,1490.0,0.2986577181208054,0.975877192982456,0.4573484069886948,0.5315586419753087,0.3257631624520022,0.3125
resnet50,plc-200,Qca,0.19049926,432.0,1080.0,0.3379629629629629,0.8449074074074074,0.4828042328042328,0.6390125972893184,0.4060888911825577,0.4908854166666667,249.0,1121.0,0.159678858162355,0.7188755020080321,0.2613138686131387,0.4992089570402823,0.1645620817300009,0.3411458333333333
resnet50,plc-200,Qr,0.5282616,1433.0,1521.0,0.938198553583169,0.9958129797627356,0.96614759647935,0.7552422441886462,0.9736389804846646,0.9348958333333334,1511.0,1532.0,0.9836814621409922,0.9973527465254798,0.9904699309891556,0.8254930509596294,0.9963775882844256,0.9811197916666666
resnet50,plc-20,af1,0.22527978,571.0,1092.0,0.4432234432234432,0.8476357267950964,0.582080577269994,0.7026705262107202,0.5927765171230477,0.5475260416666666,435.0,1211.0,0.3113129644921552,0.8666666666666667,0.4580801944106926,0.625097351415119,0.4264599258856234,0.4192708333333333
resnet50,plc-20,Qal,0.5416596,950.0,1194.0,0.6901172529313233,0.8673684210526316,0.7686567164179104,0.7412071133465062,0.8296682335349289,0.6770833333333334,845.0,1379.0,0.5489485134155185,0.8958579881656805,0.6807553956834532,0.5952457205490713,0.6978769100197768,0.5377604166666666
resnet50,plc-20,Qaf,0.056636408,13.0,13.0,0.0769230769230769,0.0769230769230769,0.0769230769230769,0.8157987777160463,0.0580636082562864,0.984375,6.0,7.0,0.0,0.0,0.0,0.8549019607843137,0.0160812566428051,0.9915364583333334
resnet50,plc-20,Qat,0.085504994,61.0,120.0,0.225,0.4426229508196721,0.2983425414364641,0.8403000833564879,0.1889091803923473,0.9173177083333334,77.0,52.0,0.1538461538461538,0.1038961038961039,0.1240310077519379,0.7169561076346546,0.1121144048427971,0.9264322916666666
resnet50,plc-20,Qc,0.20421234,749.0,1064.0,0.6306390977443609,0.8958611481975968,0.7402095973524545,0.8605137218112079,0.8747930534707465,0.693359375,456.0,1162.0,0.3459552495697074,0.881578947368421,0.4969097651421508,0.6776295484080572,0.5020134558009567,0.4700520833333333
resnet50,plc-20,Qca,0.2889544,432.0,517.0,0.6499032882011605,0.7777777777777778,0.708113804004215,0.8892558205850779,0.7767697536101995,0.8196614583333334,249.0,221.0,0.4570135746606334,0.4056224899598393,0.4297872340425532,0.7893578977916327,0.4223701427493828,0.8255208333333334
resnet50,plc-20,Qr,0.31087625,1433.0,1533.0,0.9328114807566862,0.9979064898813678,0.9642616318273768,0.8639150671752518,0.9880303654574456,0.9309895833333334,1511.0,1536.0,0.9837239583333334,1.0,0.9917952084017068,0.7734745201853077,0.995149782160583,0.9837239583333334
resnet50,plc-50,af1,0.20160556,571.0,1292.0,0.391640866873065,0.8861646234676007,0.5432098765432098,0.5655680879830857,0.41994478059307,0.4459635416666667,435.0,1467.0,0.278118609406953,0.9379310344827586,0.4290220820189274,0.4919247914643949,0.2911950303081029,0.29296875
resnet50,plc-50,Qal,0.38383415,950.0,1313.0,0.6694592536176694,0.9252631578947368,0.7768448961555457,0.7264487156457696,0.8156369844797369,0.6712239583333334,845.0,1438.0,0.5584144645340751,0.9502958579881656,0.7034603591765222,0.6055712071519709,0.7018869859896469,0.5592447916666666
resnet50,plc-50,Qaf,0.052784022,13.0,23.0,0.0434782608695652,0.0769230769230769,0.0555555555555555,0.8114551239961614,0.0344210503452481,0.9778645833333334,6.0,3.0,0.0,0.0,0.0,0.7305010893246188,0.0079143570920218,0.994140625
resnet50,plc-50,Qat,0.17010094,61.0,107.0,0.2523364485981308,0.4426229508196721,0.3214285714285714,0.88,0.2242478456615851,0.92578125,77.0,42.0,0.3095238095238095,0.1688311688311688,0.2184873949579832,0.7388800370294544,0.1730306231669933,0.939453125
resnet50,plc-50,Qc,0.34425175,749.0,1192.0,0.5553691275167785,0.8838451268357811,0.6821226172076249,0.740211005610191,0.7368961113841017,0.5983072916666666,456.0,1070.0,0.3130841121495327,0.7346491228070176,0.4390563564875491,0.5451612248213126,0.3222940117761804,0.4427083333333333
resnet50,plc-50,Qca,0.31861076,432.0,548.0,0.5766423357664233,0.7314814814814815,0.6448979591836734,0.8489855911164788,0.7008857234744836,0.7734375,249.0,210.0,0.3523809523809524,0.2971887550200803,0.3224400871459695,0.7488602428361465,0.3286714873061126,0.7975260416666666
resnet50,plc-50,Qr,0.5445181,1433.0,1526.0,0.936435124508519,0.9972086531751572,0.965866846907739,0.8075088584611008,0.9788001990882782,0.9342447916666666,1511.0,1536.0,0.9837239583333334,1.0,0.9917952084017068,0.8249900727994705,0.996087068304364,0.9837239583333334
resnet50,plc-5,af1,0.39743236,571.0,558.0,0.6075268817204301,0.5936952714535902,0.6005314437555359,0.7620663684291715,0.6904968181773268,0.7063802083333334,435.0,485.0,0.3938144329896907,0.4390804597701149,0.4152173913043478,0.6372096422270246,0.4282522049794071,0.6497395833333334
resnet50,plc-5,Qal,0.24235712,950.0,1379.0,0.6468455402465555,0.9389473684210526,0.7659939888364105,0.6931399317406144,0.7756083087624104,0.6451822916666666,845.0,1508.0,0.5510610079575596,0.983431952662722,0.7063323416914578,0.6057869993748877,0.6684221216061941,0.5501302083333334
resnet50,plc-5,Qaf,0.03886154,13.0,49.0,0.0204081632653061,0.0769230769230769,0.032258064516129,0.6899338350421738,0.0295675394558564,0.9609375,6.0,24.0,0.125,0.5,0.2,0.9193899782135077,0.0920234958278436,0.984375
resnet50,plc-5,Qat,0.29892063,61.0,76.0,0.25,0.3114754098360656,0.2773722627737226,0.8483578771881078,0.2180773783634094,0.935546875,77.0,129.0,0.1472868217054263,0.2467532467532467,0.1844660194174757,0.6950855861068335,0.1335237942808755,0.890625
resnet50,plc-5,Qc,0.23452525,749.0,826.0,0.7481840193704601,0.8251001335113485,0.7847619047619048,0.8711522182053837,0.8804743596425101,0.779296875,456.0,915.0,0.4426229508196721,0.8881578947368421,0.5908096280087527,0.8436911143599739,0.719323010376672,0.634765625
resnet50,plc-5,Qca,0.19993135,432.0,493.0,0.6490872210953347,0.7407407407407407,0.6918918918918919,0.8869200382447666,0.7790258899418184,0.814453125,249.0,333.0,0.4834834834834834,0.6465863453815262,0.5532646048109966,0.8803886876176032,0.5673090913874139,0.8307291666666666
resnet50,plc-5,Qr,0.21782391,1433.0,1531.0,0.9353363814500326,0.9993021632937892,0.9662618083670717,0.8771129885703834,0.9901203120802684,0.9348958333333334,1511.0,1535.0,0.98371335504886,0.99933818663137,0.9914642153644124,0.7747452018530774,0.994950472265696,0.9830729166666666
resnet50,prc-100,af1,0.21485177,571.0,1249.0,0.4163330664531625,0.9106830122591943,0.5714285714285714,0.6199286770777566,0.4463723261130851,0.4921875,435.0,1399.0,0.2994996426018584,0.9632183908045976,0.4569247546346783,0.5505507010345871,0.3048501135313113,0.3515625
resnet50,prc-100,Qal,0.39640364,950.0,1114.0,0.7414721723518851,0.8694736842105263,0.8003875968992248,0.81,0.8743041106447258,0.7317708333333334,845.0,1163.0,0.6027515047291487,0.829585798816568,0.6982071713147411,0.6470461298692403,0.69816072507862,0.60546875
resnet50,prc-100,Qaf,0.05017692,13.0,12.0,0.0833333333333333,0.0769230769230769,0.08,0.6969543916359413,0.1273074699034952,0.9850260416666666,6.0,2.0,0.0,0.0,0.0,0.6430283224400871,0.0077378573375683,0.9947916666666666
resnet50,prc-100,Qat,0.12587401,61.0,124.0,0.1935483870967742,0.3934426229508196,0.2594594594594595,0.8629397054737427,0.1982678443235354,0.9108072916666666,77.0,118.0,0.059322033898305,0.0909090909090909,0.0717948717948717,0.5064222960042014,0.0550485856962816,0.8821614583333334
resnet50,prc-100,Qc,0.34740943,749.0,855.0,0.8175438596491228,0.9332443257676902,0.871571072319202,0.9546587317609416,0.954883041034188,0.8658854166666666,456.0,649.0,0.6517719568567026,0.9276315789473684,0.7656108597285067,0.9556794184535412,0.9227955082607852,0.8313802083333334
resnet50,prc-100,Qca,0.55831903,432.0,426.0,0.7816901408450704,0.7708333333333334,0.7762237762237763,0.9382862822061192,0.873053683822841,0.875,249.0,341.0,0.6070381231671554,0.8313253012048193,0.7016949152542373,0.9444491251720168,0.7240668206598146,0.8854166666666666
resnet50,prc-100,Qr,0.44649163,1433.0,1498.0,0.951268357810414,0.994417306350314,0.9723643807574208,0.8682917905947872,0.9870910609465444,0.947265625,1511.0,1530.0,0.9862745098039216,0.99867637326274,0.9924366984544558,0.7934083388484449,0.993299839766234,0.9850260416666666
resnet50,prc-10,af1,0.22287153,571.0,663.0,0.6093514328808446,0.7075306479859895,0.6547811993517018,0.7810386287124669,0.7165509458817038,0.72265625,435.0,518.0,0.5154440154440154,0.6137931034482759,0.5603357817418678,0.7696848215311055,0.6182495376377041,0.7272135416666666
resnet50,prc-10,Qal,0.43815875,950.0,1023.0,0.7683284457478006,0.8273684210526315,0.7967562088190573,0.8054589545536196,0.8729367181336916,0.7389322916666666,845.0,1324.0,0.5898791540785498,0.9242603550295858,0.7201475334255417,0.6857388742839038,0.7161069811291185,0.6048177083333334
resnet50,prc-10,Qaf,0.03083857,13.0,97.0,0.0618556701030927,0.4615384615384615,0.109090909090909,0.8151926864993181,0.0773348814850847,0.9361979166666666,6.0,85.0,0.0235294117647058,0.3333333333333333,0.0439560439560439,0.5883442265795207,0.0118775401057408,0.943359375
resnet50,prc-10,Qat,0.24645784,61.0,70.0,0.2857142857142857,0.3278688524590163,0.3053435114503817,0.8925257015837732,0.3039519503619131,0.9407552083333334,77.0,121.0,0.2727272727272727,0.4285714285714285,0.3333333333333333,0.8112476967857365,0.2557384388443871,0.9140625
resnet50,prc-10,Qc,0.535291,749.0,796.0,0.8542713567839196,0.9078771695594126,0.8802588996763754,0.9537104110011994,0.9540225214815736,0.8795572916666666,456.0,611.0,0.7086743044189853,0.949561403508772,0.8116213683223993,0.9658849090318388,0.9288619814515784,0.869140625
resnet50,prc-10,Qca,0.31461996,432.0,525.0,0.6819047619047619,0.8287037037037037,0.7481713688610241,0.916874245169082,0.8442650341700192,0.8430989583333334,249.0,456.0,0.4342105263157895,0.7951807228915663,0.5617021276595745,0.8837369680743175,0.6319737092068481,0.798828125
resnet50,prc-10,Qr,0.4218924,1433.0,1492.0,0.950402144772118,0.9895324494068388,0.9695726495726495,0.91674062832404,0.9932306789367626,0.9420572916666666,1511.0,1528.0,0.9856020942408376,0.9966909331568498,0.9911154985192496,0.7962938451356717,0.9950882819794332,0.982421875
resnet50,prc-200,af1,0.24204604,571.0,1292.0,0.4078947368421052,0.9229422066549912,0.5657541599570585,0.6155476711160314,0.4403222437970469,0.4733072916666667,435.0,1464.0,0.2930327868852459,0.986206896551724,0.4518167456556082,0.5494106715942664,0.3003252044477672,0.322265625
resnet50,prc-200,Qal,0.38742822,950.0,1214.0,0.6911037891268533,0.8831578947368421,0.7754158964879853,0.7668492904616491,0.851256415371203,0.68359375,845.0,1267.0,0.5682715074980268,0.8520710059171598,0.6818181818181818,0.6137062314285959,0.6844932717450412,0.5625
resnet50,prc-200,Qaf,0.08902685,13.0,25.0,0.08,0.1538461538461538,0.1052631578947368,0.8158492853174402,0.0570763184295988,0.9778645833333334,6.0,3.0,0.0,0.0,0.0,0.5811546840958606,0.0058040700345239,0.994140625
resnet50,prc-200,Qat,0.14623861,61.0,175.0,0.1885714285714285,0.5409836065573771,0.2796610169491525,0.842545151430953,0.1903656973066217,0.8893229166666666,77.0,98.0,0.0,0.0,0.0,0.4668737705063956,0.044017468221194,0.8860677083333334
resnet50,prc-200,Qc,0.35552433,749.0,810.0,0.8074074074074075,0.8731642189586115,0.8389993585631815,0.9206718657489952,0.9330593512856628,0.8365885416666666,456.0,612.0,0.6437908496732027,0.8640350877192983,0.7378277153558053,0.9216577322936972,0.8739717894769831,0.8177083333333334
resnet50,prc-200,Qca,0.35510743,432.0,497.0,0.6981891348088531,0.8032407407407407,0.7470398277717977,0.9184593900966184,0.7783541510751452,0.8470052083333334,249.0,297.0,0.6936026936026936,0.8273092369477911,0.7545787545787546,0.9578266445736326,0.7757816945635464,0.9127604166666666
resnet50,prc-200,Qr,0.6519735,1433.0,1460.0,0.9575342465753424,0.975575715282624,0.9664707915658486,0.8578310151152786,0.9841072235392012,0.9368489583333334,1511.0,1518.0,0.9881422924901184,0.9927200529450696,0.9904258831297458,0.9258239576439444,0.9986318301877763,0.9811197916666666
resnet50,prc-20,af1,0.3692046,571.0,624.0,0.5689102564102564,0.6217162872154116,0.5941422594142259,0.7333121602860176,0.6638402654027891,0.6842447916666666,435.0,660.0,0.3803030303030303,0.5770114942528736,0.4584474885844748,0.64759100921837,0.480413889213138,0.6139322916666666
resnet50,prc-20,Qal,0.3068341,950.0,1140.0,0.7429824561403509,0.891578947368421,0.8105263157894737,0.8171869947907311,0.88149159158843,0.7421875,845.0,1403.0,0.5645046329294369,0.9372781065088758,0.7046263345195729,0.6691237294376557,0.721069947754341,0.5677083333333334
resnet50,prc-20,Qaf,0.08435905,13.0,28.0,0.1071428571428571,0.2307692307692307,0.1463414634146341,0.824637607959998,0.1051802871099069,0.9772135416666666,6.0,12.0,0.0,0.0,0.0,0.6315904139433551,0.0060819612237124,0.98828125
resnet50,prc-20,Qat,0.09115226,61.0,232.0,0.1810344827586207,0.6885245901639344,0.2866894197952218,0.8762322867463185,0.2328192972898679,0.8639322916666666,77.0,300.0,0.1166666666666666,0.4545454545454545,0.1856763925729443,0.7129060110554284,0.1192380021512665,0.8001302083333334
resnet50,prc-20,Qc,0.5075704,749.0,751.0,0.8735019973368842,0.8758344459279038,0.8746666666666667,0.9575274444706452,0.957974909081155,0.8776041666666666,456.0,562.0,0.7295373665480427,0.8991228070175439,0.8055009823182712,0.9567251461988304,0.914866524762374,0.87109375
resnet50,prc-20,Qca,0.33173978,432.0,485.0,0.7216494845360825,0.8101851851851852,0.7633587786259542,0.9202059849704778,0.8549333962410202,0.8587239583333334,249.0,403.0,0.4764267990074441,0.7710843373493976,0.588957055214724,0.8852504033226923,0.5964911380514841,0.8255208333333334
resnet50,prc-20,Qr,0.4738895,1433.0,1465.0,0.9535836177474404,0.9748778785764132,0.964113181504486,0.8984478214622051,0.9917220957064884,0.9322916666666666,1511.0,1520.0,0.9848684210526316,0.9907346128391792,0.9877928076542396,0.7916346790205162,0.9954216327238224,0.9759114583333334
resnet50,prc-50,af1,0.2561974,571.0,1234.0,0.4205834683954619,0.9089316987740804,0.5750692520775623,0.6432619801638793,0.4942861565877218,0.5006510416666666,435.0,1421.0,0.2955665024630542,0.9655172413793104,0.4525862068965517,0.5507448818733232,0.3141047739245452,0.3385416666666667
resnet50,prc-50,Qal,0.42968473,950.0,1118.0,0.7459749552772809,0.8778947368421053,0.8065764023210832,0.8057427698940183,0.8738374065756118,0.7395833333333334,845.0,1357.0,0.5777450257921887,0.927810650887574,0.7120799273387829,0.671446064789046,0.7298632735186076,0.5872395833333334
resnet50,prc-50,Qaf,0.11516175,13.0,18.0,0.1666666666666666,0.2307692307692307,0.1935483870967742,0.8236779635335119,0.0908807730975369,0.9837239583333334,6.0,4.0,0.0,0.0,0.0,0.5740740740740741,0.0050257529656868,0.9934895833333334
resnet50,prc-50,Qat,0.06623034,61.0,270.0,0.1555555555555555,0.6885245901639344,0.2537764350453172,0.8563823284245624,0.1756641970351991,0.8391927083333334,77.0,404.0,0.094059405940594,0.4935064935064935,0.158004158004158,0.6643938652163464,0.0814532947401654,0.736328125
resnet50,prc-50,Qc,0.5213417,749.0,773.0,0.871927554980595,0.8998664886515354,0.885676741130092,0.956613052897298,0.9569286636007924,0.88671875,456.0,586.0,0.726962457337884,0.9342105263157896,0.817658349328215,0.962997482131254,0.9238151364305578,0.8763020833333334
resnet50,prc-50,Qca,0.323186,432.0,521.0,0.6948176583493282,0.8379629629629629,0.7597061909758657,0.929098312533548,0.8615867469831339,0.8509114583333334,249.0,422.0,0.4786729857819905,0.8112449799196787,0.6020864381520119,0.902987240336638,0.6576434260911523,0.826171875
resnet50,prc-50,Qr,0.54956865,1433.0,1492.0,0.953083109919571,0.9923237962316818,0.9723076923076924,0.8921605159926558,0.9906389154610028,0.947265625,1511.0,1528.0,0.9856020942408376,0.9966909331568498,0.9911154985192496,0.80132362673726,0.9942147687871036,0.982421875
resnet50,prc-5,af1,0.2891685,571.0,539.0,0.7012987012987013,0.6619964973730298,0.6810810810810811,0.8215493226137219,0.7702837664918657,0.76953125,435.0,535.0,0.6093457943925233,0.7494252873563219,0.6721649484536083,0.8537317172476433,0.7558203250021399,0.79296875
resnet50,prc-5,Qal,0.31415492,950.0,1198.0,0.7128547579298832,0.8989473684210526,0.7951582867783985,0.8036698401293335,0.8756439418227331,0.7135416666666666,845.0,1450.0,0.5613793103448276,0.9633136094674556,0.7093681917211329,0.6729120817955283,0.7112313954013804,0.5657552083333334
resnet50,prc-5,Qaf,0.024379063,13.0,93.0,0.032258064516129,0.2307692307692307,0.0566037735849056,0.8207990302540533,0.1088749683670493,0.9348958333333334,6.0,74.0,0.0,0.0,0.0,0.6309368191721133,0.0060608869588542,0.9479166666666666
resnet50,prc-5,Qat,0.059659224,61.0,113.0,0.2389380530973451,0.4426229508196721,0.3103448275862069,0.8700639066407335,0.2918305190709622,0.921875,77.0,272.0,0.1764705882352941,0.6233766233766234,0.2750716332378223,0.7927062656329278,0.1584625006548742,0.8352864583333334
resnet50,prc-5,Qc,0.37472162,749.0,801.0,0.8439450686641697,0.9025367156208278,0.8722580645161291,0.9551744553941468,0.957542580215956,0.87109375,456.0,713.0,0.6227208976157083,0.9736842105263158,0.7596236099230111,0.9620390675763484,0.927368591619211,0.8170572916666666
resnet50,prc-5,Qca,0.20109256,432.0,537.0,0.6536312849162011,0.8125,0.7244582043343654,0.9045684044551798,0.822730736964025,0.826171875,249.0,455.0,0.4417582417582417,0.8072289156626506,0.5710227272727273,0.8847698486252702,0.6256718018618317,0.8033854166666666
resnet50,prc-5,Qr,0.37013096,1433.0,1491.0,0.9450033534540576,0.983251919050942,0.96374829001368,0.9165305998008118,0.9933860033499432,0.9309895833333334,1511.0,1533.0,0.9836921069797782,0.9980145598941098,0.990801576872536,0.7744407677035076,0.9944285653142968,0.9817708333333334
resnet50,rgb+nir,af1,0.31021327,571.0,608.0,0.6776315789473685,0.7215411558669002,0.6988973706530959,0.8513307260237926,0.794650015828687,0.7688802083333334,435.0,725.0,0.3393103448275862,0.5655172413793104,0.4241379310344828,0.5710482633342729,0.2888953470380349,0.5651041666666666
resnet50,rgb+nir,Qal,0.40736604,950.0,1201.0,0.7019150707743547,0.8873684210526316,0.7838214783821479,0.7456224178192923,0.8280811255177626,0.697265625,845.0,944.0,0.565677966101695,0.6319526627218935,0.596981553940749,0.5282525111535464,0.5662408822363447,0.5305989583333334
resnet50,rgb+nir,Qaf,0.10127016,13.0,38.0,0.0263157894736842,0.0769230769230769,0.0392156862745098,0.8411535936158392,0.0517917855048045,0.9680989583333334,6.0,0.0,0.0,0.0,0.0,0.4290849673202614,0.0107611898364871,0.99609375
resnet50,rgb+nir,Qat,0.13624212,61.0,65.0,0.2615384615384615,0.2786885245901639,0.2698412698412698,0.8599166435120866,0.1953454685038465,0.9401041666666666,77.0,69.0,0.2608695652173913,0.2337662337662337,0.2465753424657534,0.8048120488147903,0.247609049067967,0.9283854166666666
resnet50,rgb+nir,Qc,0.3101532,749.0,811.0,0.7866831072749692,0.8518024032042724,0.8179487179487179,0.9134653065586814,0.9147491856047316,0.8151041666666666,456.0,511.0,0.24853228962818,0.2785087719298245,0.2626680455015512,0.3798814165042236,0.2843754988925043,0.5358072916666666
resnet50,rgb+nir,Qca,0.2854384,432.0,561.0,0.5757575757575758,0.7476851851851852,0.6505538771399798,0.8455217559044551,0.6782613725267801,0.7740885416666666,249.0,39.0,0.0256410256410256,0.0040160642570281,0.0069444444444444,0.2924705816272082,0.1082140734636696,0.8138020833333334
resnet50,rgb+nir,Qr,0.2655764,1433.0,1531.0,0.9327237099934684,0.9965108164689462,0.9635627530364372,0.8840981307461433,0.9904677299677852,0.9296875,1511.0,1511.0,0.986101919258769,0.986101919258769,0.986101919258769,0.7707213765718067,0.9904739724376824,0.97265625
resnet50,rgb,af1,0.35952762,571.0,596.0,0.6879194630872483,0.7180385288966725,0.702656383890317,0.8429280509605003,0.7888661305074127,0.7740885416666666,435.0,1471.0,0.2943575798776343,0.9954022988505749,0.4543546694648478,0.5948427239604539,0.340379135677773,0.3229166666666667
resnet50,rgb,Qal,0.38562766,950.0,1284.0,0.6822429906542056,0.9221052631578948,0.7842435094001791,0.7237686366085864,0.8040289829758411,0.6861979166666666,845.0,835.0,0.5305389221556887,0.5242603550295858,0.5273809523809524,0.4768913931443153,0.5256217871334321,0.4830729166666667
resnet50,rgb,Qaf,0.11644099,13.0,19.0,0.0526315789473684,0.0769230769230769,0.0625,0.8207990302540532,0.0405243111937741,0.98046875,6.0,0.0,0.0,0.0,0.0,0.4447712418300653,0.0046312338091279,0.99609375
resnet50,rgb,Qat,0.097556256,61.0,124.0,0.2096774193548387,0.4262295081967213,0.2810810810810811,0.8387440955821062,0.1863230009591031,0.9134114583333334,77.0,722.0,0.0997229916897507,0.935064935064935,0.1802252816020025,0.8421352465218127,0.2354386878121619,0.5735677083333334
resnet50,rgb,Qc,0.32470992,749.0,822.0,0.7931873479318735,0.8704939919893191,0.83004455760662,0.9036801292023418,0.9060375563940156,0.826171875,456.0,577.0,0.1265164644714038,0.1600877192982456,0.1413359148112294,0.3997197855750487,0.3106476388481486,0.4225260416666667
resnet50,rgb,Qca,0.23589268,432.0,583.0,0.5574614065180102,0.7523148148148148,0.6403940886699507,0.8324359232420826,0.646817100259832,0.7623697916666666,249.0,590.0,0.0457627118644067,0.108433734939759,0.0643623361144219,0.3800064281991992,0.122409020816613,0.4889322916666667
resnet50,rgb,Qr,0.44086823,1433.0,1498.0,0.9405874499332444,0.983251919050942,0.9614466052541796,0.863061402855033,0.9874548099470952,0.9264322916666666,1511.0,1062.0,0.9783427495291902,0.6876240900066182,0.807617567042363,0.4497948378557246,0.9849168829569565,0.677734375
resnet50,s-100,af1,0.3250257,571.0,1178.0,0.4269949066213921,0.8809106830122592,0.5751858204688394,0.639349201019936,0.4819326430574834,0.5162760416666666,435.0,1373.0,0.2978878368536052,0.9402298850574712,0.4524336283185841,0.5232756010732145,0.2933104963527455,0.35546875
resnet50,s-100,Qal,0.33608565,950.0,1172.0,0.7141638225255973,0.8810526315789474,0.7888784165881244,0.7837039698221664,0.8591545051608462,0.7083333333333334,845.0,1224.0,0.5849673202614379,0.8473372781065088,0.6921217979700338,0.602741931340395,0.64285440037468,0.5852864583333334
resnet50,s-100,Qaf,0.04202873,13.0,24.0,0.0833333333333333,0.1538461538461538,0.1081081081081081,0.8459518157482702,0.060892851990112,0.978515625,6.0,4.0,0.0,0.0,0.0,0.822875816993464,0.0123414125864794,0.9934895833333334
resnet50,s-100,Qat,0.10854478,61.0,182.0,0.1923076923076923,0.5737704918032787,0.2880658436213992,0.8390775215337594,0.2209466589372733,0.8873697916666666,77.0,78.0,0.0512820512820512,0.0519480519480519,0.0516129032258064,0.5645122526548161,0.0596829924495668,0.904296875
resnet50,s-100,Qc,0.5245924,749.0,757.0,0.8797886393659181,0.8891855807743658,0.8844621513944223,0.9600924909621128,0.9617179429042296,0.88671875,456.0,558.0,0.7580645161290323,0.9276315789473684,0.834319526627219,0.9675052794022092,0.9402306302766272,0.890625
resnet50,s-100,Qca,0.2705778,432.0,564.0,0.6365248226950354,0.8310185185185185,0.7208835341365462,0.9181511674718196,0.8256188226529381,0.8190104166666666,249.0,341.0,0.6510263929618768,0.891566265060241,0.752542372881356,0.9565534866739688,0.7435753768665304,0.9049479166666666
resnet50,s-100,Qr,0.2722718,1433.0,1504.0,0.9461436170212766,0.9930216329378926,0.969016002723868,0.8409406567795175,0.9829248822175553,0.9407552083333334,1511.0,1535.0,0.9843648208469056,1.0,0.9921208141825344,0.7325479814692256,0.991231437301357,0.984375
resnet50,s-10,af1,0.4621346,571.0,493.0,0.691683569979716,0.5971978984238179,0.6409774436090225,0.7902833861147155,0.7275979338653304,0.7513020833333334,435.0,388.0,0.5257731958762887,0.4689655172413793,0.4957472660996355,0.7257581926566236,0.5433607531140408,0.7298177083333334
resnet50,s-10,Qal,0.33044988,950.0,1249.0,0.6981585268214572,0.9178947368421052,0.793087767166894,0.7949541943596192,0.8687681291597456,0.7037760416666666,845.0,1392.0,0.5811781609195402,0.957396449704142,0.7232901206973625,0.685244778598892,0.7333523967684925,0.5970052083333334
resnet50,s-10,Qaf,0.08862401,13.0,19.0,0.1052631578947368,0.1538461538461538,0.125,0.788777210970251,0.046865182442212,0.9817708333333334,6.0,9.0,0.0,0.0,0.0,0.7320261437908495,0.0257930045019867,0.990234375
resnet50,s-10,Qat,0.1179209,61.0,135.0,0.237037037037037,0.5245901639344263,0.3265306122448979,0.8845012503473186,0.2709628201962353,0.9140625,77.0,147.0,0.1836734693877551,0.3506493506493506,0.2410714285714285,0.8296200030264458,0.1546469151265655,0.8893229166666666
resnet50,s-10,Qc,0.4015344,749.0,765.0,0.9045751633986928,0.9238985313751668,0.9141347424042272,0.9755506282837092,0.977776927200308,0.9153645833333334,456.0,561.0,0.768270944741533,0.9451754385964912,0.8475909537856441,0.9801291423001948,0.9616881954827436,0.8990885416666666
resnet50,s-10,Qca,0.5535996,432.0,437.0,0.7254004576659039,0.7337962962962963,0.7295742232451093,0.9071725711218466,0.8295940852633611,0.8470052083333334,249.0,335.0,0.6208955223880597,0.8353413654618473,0.7123287671232876,0.935374754651863,0.7523593956672391,0.890625
resnet50,s-10,Qr,0.09421199,1433.0,1527.0,0.9377865094957432,0.9993021632937892,0.9675675675675676,0.8926618744029431,0.9906048056313604,0.9375,1511.0,1536.0,0.9837239583333334,1.0,0.9917952084017068,0.8600661813368631,0.9973708207286944,0.9837239583333334
resnet50,s-200,af1,0.26653126,571.0,1257.0,0.4192521877486078,0.9229422066549912,0.5765864332603938,0.6331642514269121,0.4585583932055238,0.49609375,435.0,1453.0,0.2931865106675843,0.9793103448275862,0.451271186440678,0.5511248916867633,0.3002581108981521,0.3255208333333333
resnet50,s-200,Qal,0.4291054,950.0,1272.0,0.6784591194968553,0.9084210526315788,0.7767776777677767,0.7080366445123046,0.7923375520374807,0.6770833333333334,845.0,1248.0,0.5825320512820513,0.8603550295857988,0.694696607740086,0.6241344762328843,0.6500210621706048,0.583984375
resnet50,s-200,Qaf,0.09661014,13.0,19.0,0.0526315789473684,0.0769230769230769,0.0625,0.8843375928077175,0.0553037371152264,0.98046875,6.0,3.0,0.0,0.0,0.0,0.5798474945533769,0.0055561391561902,0.994140625
resnet50,s-200,Qat,0.07047734,61.0,336.0,0.1220238095238095,0.6721311475409836,0.2065491183879093,0.8325979438732981,0.1720262116205015,0.794921875,77.0,151.0,0.0662251655629139,0.1298701298701298,0.087719298245614,0.5164985802408695,0.0566609060134323,0.8645833333333334
resnet50,s-200,Qc,0.31559017,749.0,813.0,0.8019680196801968,0.8704939919893191,0.8348271446862996,0.9233386997996482,0.9356685947015274,0.83203125,456.0,612.0,0.6503267973856209,0.8728070175438597,0.7453183520599251,0.9346166341780378,0.8891896895909545,0.8229166666666666
resnet50,s-200,Qca,0.36546573,432.0,611.0,0.6088379705400983,0.8611111111111112,0.713326941514861,0.886773265566291,0.6972669941339882,0.8053385416666666,249.0,323.0,0.6687306501547987,0.8674698795180723,0.7552447552447552,0.959396248552875,0.7766839468102698,0.9088541666666666
resnet50,s-200,Qr,0.2515756,1433.0,1535.0,0.9335504885993484,1.0,0.965633423180593,0.8023834849829605,0.9779147689746346,0.93359375,1511.0,1536.0,0.9837239583333334,1.0,0.9917952084017068,0.751475843812045,0.9898666958967614,0.9837239583333334
resnet50,s-20,af1,0.25662068,571.0,762.0,0.5459317585301837,0.7285464098073555,0.6241560390097525,0.7536800268595228,0.673695693184774,0.673828125,435.0,785.0,0.3528662420382165,0.6367816091954023,0.4540983606557377,0.6197250148767578,0.3820225457545241,0.56640625
resnet50,s-20,Qal,0.36232603,950.0,1221.0,0.6986076986076986,0.8978947368421053,0.7858129894058038,0.783368061792707,0.8641842233862911,0.697265625,845.0,1469.0,0.5541184479237576,0.9633136094674556,0.7035436473638721,0.6273816353967752,0.6690443521846836,0.5533854166666666
resnet50,s-20,Qaf,0.029044323,13.0,21.0,0.1428571428571428,0.2307692307692307,0.1764705882352941,0.7746855901813223,0.1071340771736108,0.9817708333333334,6.0,17.0,0.1176470588235294,0.3333333333333333,0.1739130434782608,0.7944444444444445,0.1102754309166908,0.9876302083333334
resnet50,s-20,Qat,0.12095355,61.0,154.0,0.1948051948051948,0.4918032786885246,0.2790697674418604,0.8473020283412059,0.3221161518933467,0.8990885416666666,77.0,131.0,0.2213740458015267,0.3766233766233766,0.2788461538461538,0.7772535894537265,0.1766207177739515,0.90234375
resnet50,s-20,Qc,0.60871005,749.0,772.0,0.9028497409326424,0.9305740987983978,0.9165023011176856,0.9761545678015412,0.97768957810971,0.9173177083333334,456.0,542.0,0.7859778597785978,0.9342105263157896,0.8537074148296593,0.9740821962313192,0.9557354711281448,0.9049479166666666
resnet50,s-20,Qca,0.4720651,432.0,468.0,0.7307692307692307,0.7916666666666666,0.76,0.9218204844337092,0.8539431594756349,0.859375,249.0,402.0,0.5472636815920398,0.8835341365461847,0.6758832565284179,0.9364856473290208,0.7217547930735231,0.8626302083333334
resnet50,s-20,Qr,0.42522383,1433.0,1482.0,0.9487179487179488,0.98115840893231,0.9646655231560892,0.9000060976022874,0.9914521207171166,0.9329427083333334,1511.0,1535.0,0.98371335504886,0.99933818663137,0.9914642153644124,0.891078755790867,0.9978729820164024,0.9830729166666666
resnet50,s-50,af1,0.2310769,571.0,1262.0,0.4175911251980982,0.9229422066549912,0.575013638843426,0.6590655426803262,0.5237247399819761,0.4928385416666667,435.0,1425.0,0.2975438596491228,0.9747126436781608,0.4559139784946237,0.5998726340735173,0.3612024089219781,0.3411458333333333
resnet50,s-50,Qal,0.29244465,950.0,1322.0,0.6800302571860817,0.9463157894736842,0.7913732394366197,0.7863768636608586,0.857547766130246,0.69140625,845.0,1412.0,0.5686968838526912,0.9502958579881656,0.7115640230394329,0.5999503335359955,0.6412171015976751,0.576171875
resnet50,s-50,Qaf,0.079329684,13.0,37.0,0.081081081081081,0.2307692307692307,0.12,0.7866558917117026,0.1234477007282817,0.9713541666666666,6.0,9.0,0.0,0.0,0.0,0.8149237472766885,0.0151914021283742,0.990234375
resnet50,s-50,Qat,0.17478125,61.0,98.0,0.2755102040816326,0.4426229508196721,0.3396226415094339,0.8821783828841344,0.287384741161697,0.931640625,77.0,85.0,0.2117647058823529,0.2337662337662337,0.2222222222222222,0.7785175756388917,0.1885073993011047,0.91796875
resnet50,s-50,Qc,0.17123497,749.0,854.0,0.8430913348946136,0.9612817089452604,0.8983156581409857,0.9743257846548468,0.9740622737149992,0.8938802083333334,456.0,625.0,0.696,0.9539473684210528,0.8048103607770583,0.971243502274204,0.9496608500404632,0.8626302083333334
resnet50,s-50,Qca,0.3575559,432.0,508.0,0.6929133858267716,0.8148148148148148,0.7489361702127659,0.9237096584809448,0.858128289011617,0.8463541666666666,249.0,332.0,0.6325301204819277,0.8433734939759037,0.7228915662650602,0.9412506279976158,0.7166262381309164,0.8951822916666666
resnet50,s-50,Qr,0.4615268,1433.0,1491.0,0.9503688799463448,0.988834612700628,0.96922024623803,0.8549448166993001,0.9845779758713472,0.94140625,1511.0,1533.0,0.9843444227005872,0.99867637326274,0.9914586070959264,0.7527994705493051,0.9934776091869144,0.9830729166666666
resnet50,s-5,af1,0.40024504,571.0,694.0,0.6325648414985591,0.7688266199649737,0.6940711462450593,0.8352839759353194,0.7690853456964206,0.748046875,435.0,758.0,0.4722955145118733,0.8229885057471265,0.6001676445934618,0.8284151294016934,0.6791805048786095,0.689453125
resnet50,s-5,Qal,0.5201954,950.0,1040.0,0.7471153846153846,0.8178947368421052,0.7809045226130653,0.7816256511586132,0.8571071397686416,0.7161458333333334,845.0,1317.0,0.577828397873956,0.9005917159763314,0.7039777983348752,0.6017263377833344,0.6444384574717608,0.5833333333333334
resnet50,s-5,Qaf,0.07836377,13.0,59.0,0.0677966101694915,0.3076923076923077,0.1111111111111111,0.7699378756502854,0.0444933421986525,0.9583333333333334,6.0,62.0,0.0161290322580645,0.1666666666666666,0.0294117647058823,0.7316993464052288,0.0104166807442784,0.95703125
resnet50,s-5,Qat,0.38170996,61.0,109.0,0.2477064220183486,0.4426229508196721,0.3176470588235294,0.8681411503195332,0.2670358628012685,0.9244791666666666,77.0,158.0,0.2468354430379747,0.5064935064935064,0.3319148936170212,0.7553385613700898,0.1700287961028576,0.8977864583333334
resnet50,s-5,Qc,0.3325111,749.0,789.0,0.8821292775665399,0.9292389853137516,0.9050715214564368,0.9731314772937404,0.9753540575230286,0.9049479166666666,456.0,642.0,0.6931464174454829,0.975877192982456,0.8105646630236795,0.9808032813515272,0.9623392155127992,0.8645833333333334
resnet50,s-5,Qca,0.49568945,432.0,453.0,0.7196467991169978,0.7546296296296297,0.7367231638418079,0.9164213466183574,0.8374502207664406,0.8483072916666666,249.0,462.0,0.4826839826839826,0.8955823293172691,0.6272855133614628,0.9147951557590112,0.6236020710799564,0.8274739583333334
resnet50,s-5,Qr,0.3388188,1433.0,1492.0,0.9477211796246648,0.9867411025819958,0.9668376068376068,0.9154533567300592,0.9933947498865168,0.9368489583333334,1511.0,1525.0,0.9836065573770492,0.9927200529450696,0.9881422924901184,0.8577365982792854,0.9972478442100569,0.9765625
resnet50,sds-101,af1,0.24302797,571.0,930.0,0.4698924731182796,0.7653239929947461,0.5822784810126582,0.7077320944075932,0.6099474349353353,0.591796875,435.0,1048.0,0.3435114503816794,0.8275862068965517,0.4855023600809171,0.6719805401568062,0.4520294221418265,0.5032552083333334
resnet50,sds-101,Qal,0.28165144,950.0,1466.0,0.6255115961800819,0.9652631578947368,0.7591059602649006,0.6541350817316329,0.751976636221257,0.62109375,845.0,1498.0,0.5487316421895861,0.9727810650887574,0.7016645326504481,0.5227669358360665,0.5659494955896316,0.544921875
resnet50,sds-101,Qaf,0.04644289,13.0,45.0,0.0222222222222222,0.0769230769230769,0.0344827586206896,0.8110005555836153,0.0332379103600322,0.9635416666666666,6.0,24.0,0.0,0.0,0.0,0.7103485838779956,0.0075709392284187,0.98046875
resnet50,sds-101,Qat,0.09279034,61.0,83.0,0.1686746987951807,0.2295081967213114,0.1944444444444444,0.8004334537371492,0.1650661360042856,0.9244791666666666,77.0,76.0,0.3026315789473684,0.2987012987012987,0.3006535947712418,0.7167068709220868,0.2067464178702969,0.9303385416666666
resnet50,sds-101,Qc,0.4121092,749.0,827.0,0.8186215235792019,0.903871829105474,0.8591370558375635,0.939397383720437,0.933890856553117,0.85546875,456.0,631.0,0.6545166402535658,0.9057017543859648,0.7598896044158233,0.9335079597141002,0.8544415396814852,0.830078125
resnet50,sds-101,Qca,0.30766922,432.0,536.0,0.5652985074626866,0.7013888888888888,0.6260330578512396,0.8271563003220612,0.6694473954415155,0.7643229166666666,249.0,425.0,0.4329411764705882,0.7389558232931727,0.5459940652818991,0.8357532694882092,0.4819131962868209,0.80078125
resnet50,sds-101,Qr,0.6390484,1433.0,1528.0,0.9352094240837696,0.9972086531751572,0.9652144545761568,0.79177026944627,0.9817295697374144,0.9329427083333334,1511.0,1536.0,0.9837239583333334,1.0,0.9917952084017068,0.6648047650562541,0.9917661526738796,0.9837239583333334
resnet50,sds-11,af1,0.2308422,571.0,738.0,0.5948509485094851,0.7688266199649737,0.6707410236822001,0.8164786802537136,0.7555407930005765,0.7194010416666666,435.0,796.0,0.4597989949748743,0.8413793103448276,0.59463850528026,0.8127219768862164,0.6367868406548853,0.6751302083333334
resnet50,sds-11,Qal,0.39812508,950.0,1370.0,0.6496350364963503,0.936842105263158,0.7672413793103449,0.715536195437399,0.8114559628241773,0.6484375,845.0,1444.0,0.5429362880886427,0.927810650887574,0.6850152905198776,0.5443153306673288,0.640154488369186,0.5305989583333334
resnet50,sds-11,Qaf,0.17485182,13.0,7.0,0.4285714285714285,0.2307692307692307,0.3,0.8067579170665186,0.1229868924927391,0.9908854166666666,6.0,4.0,0.0,0.0,0.0,0.5611111111111111,0.0056507645195384,0.9934895833333334
resnet50,sds-11,Qat,0.20981126,61.0,108.0,0.2222222222222222,0.3934426229508196,0.2840236686390532,0.8215726590719644,0.1863041551165225,0.9212239583333334,77.0,122.0,0.2622950819672131,0.4155844155844156,0.321608040201005,0.7751439787080636,0.2375409553066409,0.912109375
resnet50,sds-11,Qc,0.48631147,749.0,755.0,0.866225165562914,0.8731642189586115,0.8696808510638298,0.95033106403625,0.9549805588020136,0.8723958333333334,456.0,608.0,0.6924342105263158,0.9232456140350878,0.7913533834586466,0.9615294022092268,0.9277216737100396,0.85546875
resnet50,sds-11,Qca,0.39615202,432.0,463.0,0.6781857451403888,0.7268518518518519,0.7016759776536313,0.8697434413580247,0.7592480562273203,0.826171875,249.0,398.0,0.4597989949748743,0.7349397590361446,0.5656877897990726,0.8673513010862408,0.5317242438201921,0.8170572916666666
resnet50,sds-11,Qr,0.134726,1433.0,1531.0,0.9353363814500326,0.9993021632937892,0.9662618083670717,0.8800127372136668,0.9898639847067432,0.9348958333333334,1511.0,1534.0,0.983702737940026,0.99867637326274,0.9911330049261085,0.6159629384513567,0.9902216649820058,0.982421875
resnet50,sds-201,af1,0.24726962,571.0,895.0,0.4893854748603352,0.7670753064798599,0.597544338335607,0.7233832109833671,0.6270539402608591,0.6158854166666666,435.0,925.0,0.3372972972972973,0.7172413793103448,0.4588235294117647,0.6343386889661436,0.4369774171653188,0.5208333333333334
resnet50,sds-201,Qal,0.25187066,950.0,1507.0,0.6230922362309224,0.988421052631579,0.7643467643467643,0.6469462906412791,0.7508015080218602,0.623046875,845.0,1519.0,0.5497037524687294,0.9881656804733728,0.7064297800338409,0.5316366812526224,0.5757010657008352,0.5481770833333334
resnet50,sds-201,Qaf,0.057296343,13.0,19.0,0.0526315789473684,0.0769230769230769,0.0625,0.829486337693823,0.0418673225153262,0.98046875,6.0,1.0,0.0,0.0,0.0,0.6882352941176471,0.0086015742082158,0.9954427083333334
resnet50,sds-201,Qat,0.09970127,61.0,224.0,0.1294642857142857,0.4754098360655737,0.2035087719298245,0.7565434843011948,0.1426786548200353,0.8522135416666666,77.0,150.0,0.14,0.2727272727272727,0.185022026431718,0.6681591198383523,0.111965535970184,0.8795572916666666
resnet50,sds-201,Qc,0.3667233,749.0,766.0,0.8498694516971279,0.8691588785046729,0.8594059405940594,0.9478050361091366,0.9463977888775064,0.861328125,456.0,611.0,0.7021276595744681,0.9407894736842104,0.8041237113402062,0.9587983268356076,0.9231369018528832,0.8639322916666666
resnet50,sds-201,Qca,0.2742142,432.0,656.0,0.5198170731707317,0.7893518518518519,0.6268382352941176,0.8497907440955448,0.735445536874381,0.7356770833333334,249.0,636.0,0.3537735849056603,0.9036144578313252,0.5084745762711864,0.8629451761981882,0.514990667306528,0.716796875
resnet50,sds-201,Qr,0.4864133,1433.0,1516.0,0.9399736147757256,0.994417306350314,0.9664292980671414,0.8260557320849059,0.984602722039048,0.935546875,1511.0,1530.0,0.9836601307189542,0.9960291197882196,0.9898059848733968,0.7399602911978822,0.9944242842726492,0.9798177083333334
resnet50,sds-21,af1,0.17877755,571.0,777.0,0.5701415701415702,0.7758318739054291,0.6572700296735905,0.7918042158561927,0.7304596048865208,0.69921875,435.0,707.0,0.4653465346534653,0.7563218390804598,0.5761821366024519,0.7757357470220384,0.595422828229764,0.6848958333333334
resnet50,sds-21,Qal,0.44804382,950.0,1229.0,0.6802278275020341,0.88,0.7673244607618174,0.7289329980240704,0.8189390542981034,0.669921875,845.0,1405.0,0.5444839857651246,0.9053254437869822,0.68,0.5766730319663638,0.6678543841361941,0.53125
resnet50,sds-21,Qaf,0.24601385,13.0,8.0,0.125,0.0769230769230769,0.0952380952380952,0.8636294762361735,0.0719240868204117,0.9876302083333334,6.0,1.0,0.0,0.0,0.0,0.512962962962963,0.004565967557176,0.9954427083333334
resnet50,sds-21,Qat,0.24060531,61.0,73.0,0.2328767123287671,0.2786885245901639,0.2537313432835821,0.7876854681856071,0.1973349737278131,0.9348958333333334,77.0,88.0,0.2272727272727272,0.2597402597402597,0.2424242424242424,0.6904302003685143,0.1575320205170166,0.9186197916666666
resnet50,sds-21,Qc,0.27372012,749.0,826.0,0.837772397094431,0.9238985313751668,0.8787301587301587,0.955001416543532,0.9577029369365968,0.8756510416666666,456.0,727.0,0.6134800550206327,0.9780701754385964,0.7540152155536771,0.9684576023391812,0.9370114720887625,0.810546875
resnet50,sds-21,Qca,0.63370043,432.0,372.0,0.7204301075268817,0.6203703703703703,0.6666666666666666,0.8745198436661299,0.7581127965165001,0.8255208333333334,249.0,379.0,0.4907651715039577,0.7469879518072289,0.5923566878980892,0.8780701672267938,0.5337679114784563,0.8333333333333334
resnet50,sds-21,Qr,0.14765204,1433.0,1520.0,0.938157894736842,0.9951151430565248,0.9657974940738232,0.8687524983231594,0.9890316208443898,0.9342447916666666,1511.0,1531.0,0.983670803396473,0.9966909331568498,0.990138067061144,0.7759629384513567,0.9936832826122216,0.98046875
resnet50,sds-51,af1,0.22864878,571.0,927.0,0.5124056094929881,0.8318739054290718,0.6341789052069426,0.7703728573632297,0.6757096043998452,0.6432291666666666,435.0,852.0,0.4084507042253521,0.8,0.5407925407925408,0.7321327528787831,0.4900530248638075,0.615234375
resnet50,sds-51,Qal,0.39193243,950.0,1356.0,0.6489675516224189,0.9263157894736842,0.7632263660017347,0.6859888629423387,0.7742420959853736,0.64453125,845.0,1426.0,0.5378681626928471,0.9076923076923076,0.6754733597534126,0.5174937274681235,0.6237196071577001,0.5201822916666666
resnet50,sds-51,Qaf,0.09439997,13.0,32.0,0.125,0.3076923076923077,0.1777777777777777,0.8642860750542958,0.1169979139091076,0.9759114583333334,6.0,14.0,0.0,0.0,0.0,0.505119825708061,0.0045680820284551,0.9869791666666666
resnet50,sds-51,Qat,0.34008914,61.0,48.0,0.2291666666666666,0.180327868852459,0.2018348623853211,0.7973103639899972,0.1895039530986846,0.943359375,77.0,62.0,0.1935483870967742,0.1558441558441558,0.1726618705035971,0.7194751786938215,0.1590825821574631,0.9251302083333334
resnet50,sds-51,Qc,0.44393265,749.0,764.0,0.8442408376963351,0.8611481975967957,0.85261070720423,0.9421982380573506,0.9447442860718908,0.8548177083333334,456.0,698.0,0.6303724928366762,0.9649122807017544,0.7625649913344887,0.9615862573099416,0.916736635844974,0.8216145833333334
resnet50,sds-51,Qca,0.502059,432.0,355.0,0.7323943661971831,0.6018518518518519,0.6607369758576874,0.8536173174986581,0.7456968342187472,0.826171875,249.0,473.0,0.4334038054968288,0.8232931726907631,0.5678670360110804,0.8773430942105641,0.5220079771633753,0.796875
resnet50,sds-51,Qr,0.25085095,1433.0,1515.0,0.9386138613861386,0.9923237962316818,0.9647218453188604,0.832749544373607,0.9858127732271093,0.9322916666666666,1511.0,1532.0,0.9836814621409922,0.9973527465254798,0.9904699309891556,0.6538716082064858,0.9905888203764394,0.9811197916666666
resnet50,sds-5,af1,0.2318268,571.0,718.0,0.6406685236768802,0.8056042031523643,0.7137315748642359,0.8515666542653104,0.8032147674421781,0.759765625,435.0,702.0,0.5113960113960114,0.825287356321839,0.6314863676341249,0.8483948761314165,0.7397453783714194,0.7272135416666666
resnet50,sds-5,Qal,0.4252059,950.0,1349.0,0.653817642698295,0.9284210526315788,0.7672901261418008,0.7237740255074546,0.8202010119868507,0.6516927083333334,845.0,1403.0,0.5538132573057734,0.919526627218935,0.6912811387900356,0.5736408087070449,0.652988653775456,0.5481770833333334
resnet50,sds-5,Qaf,0.7005227,13.0,0.0,0.0,0.0,0.0,0.839941411182383,0.0442084930936058,0.9915364583333334,6.0,0.0,0.0,0.0,0.0,0.6325708061002179,0.0059437898534724,0.99609375
resnet50,sds-5,Qat,0.22553402,61.0,78.0,0.282051282051282,0.360655737704918,0.316546762589928,0.8337315921089191,0.2305340604931257,0.9381510416666666,77.0,103.0,0.1941747572815534,0.2597402597402597,0.2222222222222222,0.7769598461853431,0.1598156338352648,0.9088541666666666
resnet50,sds-5,Qc,0.47572201,749.0,783.0,0.8416347381864623,0.8798397863818425,0.860313315926893,0.949241937152968,0.9543477203644756,0.8606770833333334,456.0,688.0,0.6424418604651163,0.9692982456140352,0.7727272727272727,0.965999634502924,0.9362945209502748,0.8307291666666666
resnet50,sds-5,Qca,0.2785916,432.0,459.0,0.6840958605664488,0.7268518518518519,0.7048260381593715,0.87698352791197,0.7655076545382206,0.8287760416666666,249.0,387.0,0.3617571059431524,0.5622489959839357,0.440251572327044,0.7984478707370274,0.397938812777657,0.7682291666666666
resnet50,sds-5,Qr,0.1822293,1433.0,1505.0,0.9421926910299004,0.9895324494068388,0.965282505105514,0.8711034627605878,0.9886286680262928,0.93359375,1511.0,1532.0,0.9836814621409922,0.9973527465254798,0.9904699309891556,0.5132230311052283,0.9854533893201062,0.9811197916666666
swin,dem,af1,0.25879037,571.0,1082.0,0.4371534195933456,0.8283712784588442,0.5722928009679371,0.6786584757220765,0.5715598840344082,0.5397135416666666,435.0,1390.0,0.2985611510791366,0.9540229885057472,0.4547945205479452,0.5664630899808951,0.3293181530843017,0.3522135416666667
swin,dem,Qal,0.41576836,950.0,1127.0,0.7471162377994676,0.8863157894736842,0.810784785748676,0.82432728579127,0.8925881791980572,0.744140625,845.0,1365.0,0.550915750915751,0.8899408284023669,0.6805429864253394,0.5605031726594679,0.6211761854118921,0.5403645833333334
swin,dem,Qaf,0.07636222,13.0,29.0,0.1379310344827586,0.3076923076923077,0.1904761904761904,0.8558007980201021,0.1116369610715025,0.9778645833333334,6.0,0.0,0.0,0.0,0.0,0.8722222222222222,0.0944945452259106,0.99609375
swin,dem,Qat,0.13018306,61.0,173.0,0.2543352601156069,0.7213114754098361,0.376068376068376,0.919399833287024,0.3203613397944321,0.9049479166666666,77.0,26.0,0.0769230769230769,0.0259740259740259,0.0388349514563106,0.3033121778838022,0.038444481698978,0.935546875
swin,dem,Qc,0.4759415,749.0,761.0,0.9027595269382392,0.917222963951936,0.909933774834437,0.9717318983549432,0.9739280159736088,0.9114583333333334,456.0,647.0,0.6862442040185471,0.9736842105263158,0.8050770625566637,0.967300194931774,0.9326654068971392,0.8600260416666666
swin,dem,Qca,0.37701574,432.0,487.0,0.731006160164271,0.8240740740740741,0.7747551686615887,0.9366612989801396,0.8791532581495264,0.865234375,249.0,501.0,0.4630738522954092,0.931726907630522,0.6186666666666667,0.9393252887228792,0.7283791934032402,0.8138020833333334
swin,dem,Qr,0.5776453,1433.0,1443.0,0.9604989604989606,0.9672016748080948,0.9638386648122392,0.9282041206241236,0.9944598900643752,0.9322916666666666,1511.0,1536.0,0.9837239583333334,1.0,0.9917952084017068,0.7209133024487094,0.992007067740927,0.9837239583333334
swin,ep-101,af1,0.4133863,571.0,584.0,0.6335616438356164,0.647985989492119,0.6406926406926406,0.7904993511973358,0.7170099453013297,0.7298177083333334,435.0,533.0,0.5403377110694184,0.6620689655172414,0.5950413223140496,0.7789011034900352,0.5987403884530491,0.7447916666666666
swin,ep-101,Qal,0.3669418,950.0,1228.0,0.7109120521172638,0.9189473684210526,0.8016528925619835,0.8066912160948445,0.8800349154515835,0.71875,845.0,1449.0,0.559696342305038,0.9597633136094674,0.7070619006102877,0.734337509312462,0.8128208663041105,0.5625
swin,ep-101,Qaf,0.1277269,13.0,28.0,0.1071428571428571,0.2307692307692307,0.1463414634146341,0.840598010000505,0.0982839264413584,0.9772135416666666,6.0,5.0,0.0,0.0,0.0,0.6822440087145969,0.0143229328301242,0.9928385416666666
swin,ep-101,Qat,0.13722196,61.0,76.0,0.3157894736842105,0.3934426229508196,0.3503649635036496,0.9184773548207834,0.323437873694115,0.9420572916666666,77.0,84.0,0.3214285714285714,0.3506493506493506,0.3354037267080745,0.7816330345459886,0.2517663440556472,0.9303385416666666
swin,ep-101,Qc,0.41309115,749.0,798.0,0.7894736842105263,0.8411214953271028,0.8144796380090498,0.904947384314198,0.9107491247080878,0.8131510416666666,456.0,798.0,0.4912280701754385,0.8596491228070176,0.6251993620414673,0.8341577322936973,0.7173321792591754,0.6940104166666666
swin,ep-101,Qca,0.21726757,432.0,629.0,0.6009538950715422,0.875,0.7125353440150801,0.9134502482555018,0.8325284059738757,0.8014322916666666,249.0,480.0,0.4395833333333333,0.8473895582329317,0.578875171467764,0.8938567010856167,0.6061092050055588,0.8001302083333334
swin,ep-101,Qr,0.42031786,1433.0,1508.0,0.9429708222811672,0.9923237962316818,0.9670180210812648,0.9008733121498111,0.992163096446782,0.9368489583333334,1511.0,1536.0,0.9837239583333334,1.0,0.9917952084017068,0.7552084712111184,0.9944007174817844,0.9837239583333334
swin,ep-11,af1,0.2442922,571.0,748.0,0.5975935828877005,0.7828371278458844,0.6777862016679302,0.8331388437701333,0.7832111886244935,0.7233072916666666,435.0,331.0,0.5861027190332326,0.4459770114942529,0.5065274151436031,0.7386534707214967,0.5649764879669601,0.75390625
swin,ep-11,Qal,0.57934916,950.0,964.0,0.7883817427385892,0.8,0.7941483803552769,0.8207706125381714,0.8907940390996969,0.7434895833333334,845.0,796.0,0.7198492462311558,0.6781065088757396,0.6983546617915904,0.7395285111192935,0.7951492542286639,0.677734375
swin,ep-11,Qaf,0.15170147,13.0,15.0,0.1333333333333333,0.1538461538461538,0.1428571428571428,0.8753977473609779,0.1534618778773609,0.984375,6.0,1.0,0.0,0.0,0.0,0.7578431372549019,0.0242136621163007,0.9954427083333334
swin,ep-11,Qat,0.26232123,61.0,84.0,0.3333333333333333,0.4590163934426229,0.3862068965517241,0.8848680188941372,0.3663908197925796,0.9420572916666666,77.0,116.0,0.2844827586206896,0.4285714285714285,0.3419689119170984,0.7930712193906163,0.2274963364092764,0.9173177083333334
swin,ep-11,Qc,0.3938673,749.0,791.0,0.8419721871049305,0.8891855807743658,0.8649350649350649,0.9452365966990294,0.9477285953435518,0.8645833333333334,456.0,67.0,0.4328358208955223,0.0635964912280701,0.1108986615678776,0.4123781676413255,0.2832607050024324,0.697265625
swin,ep-11,Qca,0.2861695,432.0,561.0,0.6381461675579323,0.8287037037037037,0.7210473313192346,0.9181637479871176,0.8379913552174949,0.8196614583333334,249.0,81.0,0.2098765432098765,0.0682730923694779,0.103030303030303,0.7369306284968935,0.2696280061868761,0.8072916666666666
swin,ep-11,Qr,0.54518706,1433.0,1454.0,0.953920220082531,0.9678995115143056,0.9608590232074818,0.908481764781604,0.9927905654926028,0.9264322916666666,1511.0,1523.0,0.9842416283650688,0.9920582395764396,0.988134475939354,0.7066313699536731,0.9930243935612112,0.9765625
swin,ep-201,af1,0.31406385,571.0,656.0,0.6341463414634146,0.7285464098073555,0.6780766096169519,0.8170757601880166,0.7613907692837126,0.7428385416666666,435.0,578.0,0.5224913494809689,0.6942528735632184,0.596248766041461,0.7976197187509786,0.6475015605107228,0.7337239583333334
swin,ep-201,Qal,0.4443372,950.0,1119.0,0.7479892761394102,0.8810526315789474,0.8090865152247463,0.832683671636429,0.8982726668672368,0.7428385416666666,845.0,1402.0,0.5677603423680456,0.9420118343195266,0.7085002225189141,0.7535806951592324,0.8234086843040772,0.5735677083333334
swin,ep-201,Qaf,0.17544308,13.0,31.0,0.1290322580645161,0.3076923076923077,0.1818181818181818,0.8274155260366686,0.0807627758979938,0.9765625,6.0,9.0,0.0,0.0,0.0,0.6108932461873638,0.0058013838121221,0.990234375
swin,ep-201,Qat,0.21442904,61.0,118.0,0.2966101694915254,0.5737704918032787,0.3910614525139664,0.9136649069185884,0.3249134840175817,0.9290364583333334,77.0,190.0,0.2210526315789473,0.5454545454545454,0.3146067415730337,0.8213773888893834,0.2362524683678557,0.880859375
swin,ep-201,Qc,0.55262923,749.0,706.0,0.8526912181303116,0.8037383177570093,0.8274914089347079,0.9229485141561048,0.9264213557940232,0.8365885416666666,456.0,526.0,0.55893536121673,0.6447368421052632,0.5987780040733197,0.799031432748538,0.6874376717948933,0.7434895833333334
swin,ep-201,Qca,0.16846175,432.0,661.0,0.594553706505295,0.9097222222222222,0.7191216834400732,0.9232253086419754,0.8382651679905131,0.8001302083333334,249.0,492.0,0.4227642276422764,0.8353413654618473,0.5614035087719298,0.8930453749730858,0.5829844399961089,0.7884114583333334
swin,ep-201,Qr,0.43889207,1433.0,1455.0,0.9573883161512028,0.97208653175157,0.9646814404432132,0.9223165468600736,0.9940258349846216,0.93359375,1511.0,1527.0,0.9842829076620824,0.9947054930509596,0.989466754443713,0.8106022501654533,0.9958541135799722,0.9791666666666666
swin,ep-21,af1,0.34924018,571.0,583.0,0.6672384219554031,0.681260945709282,0.6741767764298093,0.8147164777728373,0.7572537981229176,0.7552083333333334,435.0,352.0,0.6136363636363636,0.496551724137931,0.5489199491740788,0.7887897105035131,0.5995039623899013,0.7688802083333334
swin,ep-21,Qal,0.5298003,950.0,1044.0,0.7624521072796935,0.8378947368421052,0.79839518555667,0.8226531345428418,0.8901466583158248,0.73828125,845.0,1228.0,0.6034201954397395,0.8769230769230769,0.7149059334298119,0.7337004084638505,0.8012523375280087,0.615234375
swin,ep-21,Qaf,0.20467156,13.0,22.0,0.0909090909090909,0.1538461538461538,0.1142857142857142,0.8339310066164958,0.0754770810797701,0.9798177083333334,6.0,2.0,0.0,0.0,0.0,0.8335511982570806,0.027080069056079,0.9947916666666666
swin,ep-21,Qat,0.14093412,61.0,176.0,0.2329545454545454,0.6721311475409836,0.3459915611814346,0.8856571269797165,0.2933799491744988,0.8990885416666666,77.0,212.0,0.1933962264150943,0.5324675324675324,0.2837370242214533,0.7306018176477396,0.1756955627343052,0.865234375
swin,ep-21,Qc,0.54003066,749.0,746.0,0.8512064343163539,0.8477970627503337,0.8494983277591973,0.9372513626809488,0.9396432416015305,0.853515625,456.0,219.0,0.5296803652968036,0.2543859649122807,0.3437037037037037,0.6574155295646523,0.4690630829491136,0.7115885416666666
swin,ep-21,Qca,0.35803849,432.0,548.0,0.6605839416058394,0.8379629629629629,0.7387755102040816,0.9164758621846484,0.8347144680716514,0.8333333333333334,249.0,197.0,0.4263959390862944,0.3373493975903614,0.3766816143497757,0.8266976218783448,0.4179238347444216,0.8190104166666666
swin,ep-21,Qr,0.3267123,1433.0,1501.0,0.944037308461026,0.988834612700628,0.9659168370824812,0.9103449210360504,0.9929805628928452,0.9348958333333334,1511.0,1536.0,0.9837239583333334,1.0,0.9917952084017068,0.8053474520185308,0.9949782487694474,0.9837239583333334
swin,ep-51,af1,0.27945986,571.0,689.0,0.5994194484760522,0.723292469352014,0.6555555555555556,0.797918386976761,0.734356028572204,0.7174479166666666,435.0,643.0,0.4961119751166407,0.7333333333333333,0.5918367346938775,0.7828410953469678,0.5930168923626394,0.7135416666666666
swin,ep-51,Qal,0.38889313,950.0,1168.0,0.7294520547945206,0.8968421052631579,0.8045325779036827,0.8086455900844262,0.8793432411840879,0.73046875,845.0,1431.0,0.5527603074772887,0.936094674556213,0.695079086115993,0.6840373697325718,0.7636272190836766,0.5481770833333334
swin,ep-51,Qaf,0.1013532,13.0,4.0,0.0,0.0,0.0,0.8339310066164958,0.0584563064752864,0.9889322916666666,6.0,0.0,0.0,0.0,0.0,0.7563180827886711,0.0102705316529018,0.99609375
swin,ep-51,Qat,0.16279854,61.0,71.0,0.380281690140845,0.4426229508196721,0.4090909090909091,0.9026507363156432,0.35883365517272,0.94921875,77.0,121.0,0.2479338842975206,0.3896103896103896,0.303030303030303,0.715131338846212,0.1810010709531981,0.91015625
swin,ep-51,Qc,0.39034614,749.0,765.0,0.8183006535947712,0.835781041388518,0.8269484808454426,0.9184545934180772,0.9253652270113176,0.8294270833333334,456.0,593.0,0.5531197301854974,0.7192982456140351,0.6253574833174452,0.8147092267706304,0.7008402780218671,0.744140625
swin,ep-51,Qca,0.33511227,432.0,455.0,0.7164835164835165,0.7546296296296297,0.7350620067643743,0.9074828904991948,0.827232635530964,0.8470052083333334,249.0,225.0,0.5733333333333334,0.5180722891566265,0.5443037974683544,0.8754333573610682,0.5418657354462848,0.859375
swin,ep-51,Qr,0.42683747,1433.0,1475.0,0.952542372881356,0.9804605722260992,0.966299862448418,0.9085088652362144,0.9928346101496772,0.9361979166666666,1511.0,1534.0,0.983702737940026,0.99867637326274,0.9911330049261085,0.8210456651224355,0.9955976005565622,0.982421875
swin,ep-5,af1,0.526869,571.0,543.0,0.6906077348066298,0.6567425569176882,0.6732495511669659,0.8229558178996942,0.7738096038358224,0.7630208333333334,435.0,280.0,0.6428571428571429,0.4137931034482758,0.5034965034965035,0.7088874273126833,0.5683318019494458,0.7688802083333334
swin,ep-5,Qal,0.438124,950.0,1059.0,0.7629839471199245,0.8505263157894737,0.8043802887008462,0.8252020837075624,0.8915994640252864,0.744140625,845.0,1028.0,0.642023346303502,0.7810650887573964,0.7047517351841964,0.7079337894655717,0.769173131563428,0.6399739583333334
swin,ep-5,Qaf,0.099114366,13.0,24.0,0.0833333333333333,0.1538461538461538,0.1081081081081081,0.8646901358654477,0.1407886754567584,0.978515625,6.0,0.0,0.0,0.0,0.0,0.7773420479302833,0.0270301315147621,0.99609375
swin,ep-5,Qat,0.16377728,61.0,129.0,0.2790697674418604,0.5901639344262295,0.3789473684210526,0.8863906640733538,0.3237299998608197,0.9231770833333334,77.0,475.0,0.1178947368421052,0.7272727272727273,0.2028985507246377,0.751235056923885,0.1249245997957878,0.7135416666666666
swin,ep-5,Qc,0.48898327,749.0,745.0,0.8671140939597315,0.8624833110814419,0.8647925033467202,0.9468109109477608,0.949748419341596,0.8684895833333334,456.0,78.0,0.5512820512820513,0.094298245614035,0.1610486891385767,0.5902188921377518,0.3956801564530928,0.7083333333333334
swin,ep-5,Qca,0.37078846,432.0,540.0,0.6444444444444445,0.8055555555555556,0.7160493827160493,0.9133810554213636,0.8356276993410081,0.8203125,249.0,42.0,0.0476190476190476,0.0080321285140562,0.0137457044673539,0.6175315090977741,0.1914174768983157,0.8131510416666666
swin,ep-5,Qr,0.5623787,1433.0,1464.0,0.953551912568306,0.9741800418702024,0.9637556092509492,0.9212596291302786,0.9938385920403257,0.931640625,1511.0,1536.0,0.9837239583333334,1.0,0.9917952084017068,0.6743084050297816,0.9916577535032643,0.9837239583333334
swin,nhd,af1,0.33952838,571.0,1512.0,0.3723544973544973,0.9859894921190894,0.5405664906385022,0.5198569911889876,0.3994066775457734,0.376953125,435.0,1513.0,0.2855254461335096,0.993103448275862,0.4435318275154004,0.5369538663910551,0.3153312064339469,0.2942708333333333
swin,nhd,Qal,0.4846406,950.0,1533.0,0.6177429876060013,0.996842105263158,0.7627869512686266,0.6409726962457338,0.7365804060188119,0.6165364583333334,845.0,1531.0,0.5512736773350752,0.9988165680473372,0.7104377104377104,0.6210722818314937,0.6860117875552572,0.5520833333333334
swin,nhd,Qaf,0.052696966,13.0,6.0,0.0,0.0,0.0,0.5896509924743675,0.018301744519633,0.9876302083333334,6.0,10.0,0.0,0.0,0.0,0.4681917211328976,0.0039271525284073,0.9895833333333334
swin,nhd,Qat,0.17392297,61.0,86.0,0.127906976744186,0.180327868852459,0.1496598639455782,0.7173103639899974,0.1217596259259747,0.9186197916666666,77.0,80.0,0.1125,0.1168831168831168,0.1146496815286624,0.6381706025297527,0.0846300551480923,0.9095052083333334
swin,nhd,Qc,0.43776467,749.0,1394.0,0.5007173601147776,0.931909212283044,0.65142323845077,0.5813079022771572,0.5449190127547834,0.513671875,456.0,1311.0,0.3226544622425629,0.9276315789473684,0.4787775891341256,0.4895630279402209,0.2870322221756093,0.400390625
swin,nhd,Qca,0.25492635,432.0,1208.0,0.3129139072847682,0.875,0.4609756097560976,0.6102304750402576,0.3660221580409635,0.4244791666666667,249.0,1100.0,0.1872727272727272,0.8273092369477911,0.3054114158636026,0.530123602412759,0.1716197503045403,0.3899739583333333
swin,nhd,Qr,0.7611258,1433.0,1533.0,0.9334637964774952,0.9986043265875784,0.9649359406608228,0.6945101254073538,0.9607485953687228,0.9322916666666666,1511.0,1529.0,0.9836494440810988,0.9953673064195896,0.9894736842105264,0.5431369953673064,0.9856146422515856,0.9791666666666666
swin,nir,af1,0.24122073,571.0,988.0,0.5040485829959515,0.87215411558669,0.6388710711994868,0.7809678502400117,0.6921477559129685,0.6334635416666666,435.0,1436.0,0.2938718662952646,0.9701149425287356,0.4510956707642972,0.5498240888638333,0.3010883770612304,0.3313802083333333
swin,nir,Qal,0.38693476,950.0,1308.0,0.668960244648318,0.9210526315789472,0.775022143489814,0.7035943955451769,0.791394737356407,0.6692708333333334,845.0,868.0,0.5495391705069125,0.5644970414201184,0.5569176882661997,0.5085289307152827,0.5782438038376881,0.505859375
swin,nir,Qaf,0.01324765,13.0,353.0,0.0254957507082152,0.6923076923076923,0.0491803278688524,0.7712510732865296,0.0294929638256835,0.7734375,6.0,35.0,0.0,0.0,0.0,0.4673202614379084,0.0041097961256467,0.9733072916666666
swin,nir,Qat,0.07877872,61.0,271.0,0.1107011070110701,0.4918032786885246,0.180722891566265,0.7921644901361489,0.1302770078229429,0.8229166666666666,77.0,164.0,0.0060975609756097,0.0129870129870129,0.0082987551867219,0.4669983888626794,0.0428173479734615,0.8444010416666666
swin,nir,Qc,0.48322487,749.0,759.0,0.7997364953886693,0.8104138851802403,0.8050397877984085,0.8965125885763823,0.9038348481473572,0.80859375,456.0,29.0,0.1724137931034483,0.0109649122807017,0.0206185567010309,0.2162138564002599,0.2038491175138933,0.6907552083333334
swin,nir,Qca,0.32972324,432.0,520.0,0.6057692307692307,0.7291666666666666,0.6617647058823529,0.8500046128556091,0.7023806386867155,0.7903645833333334,249.0,157.0,0.3248407643312102,0.2048192771084337,0.2512315270935961,0.4972524129150635,0.204667251514399,0.8020833333333334
swin,nir,Qr,0.6903969,1433.0,1523.0,0.937623112278398,0.9965108164689462,0.96617050067659,0.80872499136173,0.9821228322670794,0.9348958333333334,1511.0,1155.0,0.987878787878788,0.7551290536068829,0.8559639909977494,0.6577365982792851,0.9908208288192706,0.75
swin,osm,af1,0.45758542,571.0,769.0,0.5916775032509753,0.7968476357267951,0.6791044776119403,0.8075442592306925,0.7033139911860011,0.7200520833333334,435.0,550.0,0.5654545454545454,0.7149425287356321,0.6314720812182741,0.8405054965705158,0.6842620732484013,0.763671875
swin,osm,Qal,0.4808364,950.0,1398.0,0.6502145922746781,0.956842105263158,0.7742759795570698,0.5868439015627807,0.6691112628236722,0.6549479166666666,845.0,1528.0,0.5497382198952879,0.9940828402366864,0.7079646017699115,0.5182952414389573,0.5639461135125531,0.548828125
swin,osm,Qaf,0.015994325,13.0,475.0,0.0168421052631578,0.6153846153846154,0.0327868852459016,0.7553916864488106,0.0176009912416607,0.6927083333333334,6.0,644.0,0.0046583850931677,0.5,0.0092307692307692,0.5709694989106754,0.0048812965087072,0.5807291666666666
swin,osm,Qat,0.04960088,61.0,538.0,0.0650557620817843,0.5737704918032787,0.1168614357262103,0.6584162267296472,0.063410297800024,0.6555989583333334,77.0,742.0,0.0566037735849056,0.5454545454545454,0.1025641025641025,0.5589222292443676,0.056288465578118,0.521484375
swin,osm,Qc,0.2682499,749.0,1309.0,0.5485103132161956,0.958611481975968,0.6977648202137998,0.677452189535221,0.6133873621446129,0.5950520833333334,456.0,1507.0,0.3012607830126078,0.9956140350877192,0.4625573102394294,0.5746994801819363,0.3402215199749743,0.3131510416666667
swin,osm,Qca,0.24908882,432.0,1079.0,0.3364226135310472,0.8402777777777778,0.4804765056254136,0.6372041482152443,0.3617246072194779,0.4889322916666667,249.0,1338.0,0.1756352765321375,0.9437751004016064,0.2961562696912413,0.5683183394026767,0.1850694159123447,0.2727864583333333
swin,osm,Qr,0.78129125,1433.0,1535.0,0.9328990228013028,0.9993021632937892,0.9649595687331536,0.5740215042107332,0.9469745800950514,0.9322916666666666,1511.0,1536.0,0.9837239583333334,1.0,0.9917952084017068,0.6327332892124421,0.9896854822185424,0.9837239583333334
swin,plc-100,af1,0.31267044,571.0,1436.0,0.3802228412256267,0.956217162872154,0.5440956651718983,0.5397802237688629,0.3957680644990153,0.404296875,435.0,1454.0,0.2833562585969739,0.9471264367816092,0.4362096347273689,0.4877384196185286,0.278978028573884,0.306640625
swin,plc-100,Qal,0.39027047,950.0,1516.0,0.6233509234828496,0.9947368421052633,0.7664233576642335,0.6478318663553081,0.7519839138860156,0.625,845.0,1511.0,0.5545996029119789,0.991715976331361,0.7113752122241087,0.6059017460331053,0.661306791102003,0.5572916666666666
swin,plc-100,Qaf,0.07091846,13.0,13.0,0.0,0.0,0.0,0.741956664478004,0.0219330645074478,0.9830729166666666,6.0,4.0,0.25,0.1666666666666666,0.2,0.8113289760348583,0.0671409397092951,0.9947916666666666
swin,plc-100,Qat,0.16326511,61.0,54.0,0.2222222222222222,0.1967213114754098,0.208695652173913,0.8113920533481523,0.1567458518288672,0.9407552083333334,77.0,23.0,0.217391304347826,0.0649350649350649,0.1,0.666031706470363,0.1022640203941454,0.94140625
swin,plc-100,Qc,0.37902695,749.0,1519.0,0.4897959183673469,0.9933244325767692,0.656084656084656,0.6610101058081677,0.642248799375313,0.4921875,456.0,1512.0,0.3002645502645503,0.9956140350877192,0.4613821138211382,0.5416534681611437,0.3207429230617623,0.3098958333333333
swin,plc-100,Qca,0.33713624,432.0,621.0,0.500805152979066,0.7199074074074074,0.5906932573599241,0.7825007128958668,0.5550988337975515,0.7194010416666666,249.0,424.0,0.2099056603773585,0.357429718875502,0.2644873699851411,0.6182492206588592,0.2166853266130655,0.677734375
swin,plc-100,Qr,0.52269644,1433.0,1533.0,0.934116112198304,0.9993021632937892,0.9656102494942684,0.7797275049288951,0.9747354444397038,0.93359375,1511.0,1535.0,0.98371335504886,0.99933818663137,0.9914642153644124,0.6979483785572469,0.9931164690234604,0.9830729166666666
swin,plc-10,af1,0.24807388,571.0,1066.0,0.4681050656660412,0.8739054290718039,0.6096518020769701,0.7487618304401876,0.6529841799397746,0.583984375,435.0,1166.0,0.3361921097770154,0.9011494252873564,0.4896939412866958,0.6939584703561026,0.4520697217797739,0.4680989583333333
swin,plc-10,Qal,0.3918378,950.0,1287.0,0.6853146853146853,0.9284210526315788,0.7885561019222173,0.7477654032692652,0.8279669508257592,0.6920572916666666,845.0,1491.0,0.5486250838363514,0.9680473372781064,0.7003424657534246,0.657154111612533,0.7489524421844598,0.5442708333333334
swin,plc-10,Qaf,0.09406886,13.0,24.0,0.0833333333333333,0.1538461538461538,0.1081081081081081,0.8311025809384313,0.0967098587665769,0.978515625,6.0,3.0,0.0,0.0,0.0,0.7776688453159042,0.0144253391858014,0.994140625
swin,plc-10,Qat,0.26280442,61.0,69.0,0.2463768115942029,0.2786885245901639,0.2615384615384615,0.8557710475131981,0.2112069737728884,0.9375,77.0,26.0,0.2692307692307692,0.0909090909090909,0.1359223300970873,0.6958956054226788,0.1556083063989128,0.9420572916666666
swin,plc-10,Qc,0.3669284,749.0,896.0,0.7321428571428571,0.8758344459279038,0.7975683890577507,0.8914961583678703,0.8988026974377563,0.783203125,456.0,952.0,0.3739495798319328,0.7807017543859649,0.5056818181818182,0.7018620045484081,0.559063639320591,0.546875
swin,plc-10,Qca,0.36683327,432.0,491.0,0.6537678207739308,0.7430555555555556,0.695557963163597,0.89471157071927,0.8035454931193367,0.8170572916666666,249.0,234.0,0.5470085470085471,0.5140562248995983,0.5300207039337475,0.8664307579970231,0.5335360580361475,0.8522135416666666
swin,plc-10,Qr,0.43818238,1433.0,1511.0,0.9391131700860358,0.9902302861130496,0.9639945652173914,0.8839694035867453,0.9906253950894838,0.9309895833333334,1511.0,1535.0,0.98371335504886,0.99933818663137,0.9914642153644124,0.7673593646591661,0.9951809869991792,0.9830729166666666
swin,plc-200,af1,0.3112202,571.0,1503.0,0.3679308050565535,0.968476357267951,0.5332690453230472,0.4570510784642886,0.3475660915031617,0.3697916666666667,435.0,1497.0,0.2812291249164996,0.967816091954023,0.4358178053830228,0.5098729472684185,0.2934699553314719,0.2903645833333333
swin,plc-200,Qal,0.42577428,950.0,1464.0,0.6386612021857924,0.9842105263157894,0.7746478873239436,0.6119741332854319,0.7024386080874387,0.6458333333333334,845.0,1428.0,0.5679271708683473,0.9597633136094674,0.7135943686757589,0.5526250438863152,0.5631004173243459,0.576171875
swin,plc-200,Qaf,0.0063592303,13.0,1245.0,0.0080321285140562,0.7692307692307693,0.0158982511923688,0.3912823879993938,0.0074924379864609,0.1940104166666666,6.0,1239.0,0.0040355125100887,0.8333333333333334,0.0080321285140562,0.5643790849673203,0.0082269181896269,0.1959635416666666
swin,plc-200,Qat,0.059983727,61.0,195.0,0.0564102564102564,0.180327868852459,0.0859375,0.5817393720477911,0.0536016480877433,0.84765625,77.0,191.0,0.0418848167539267,0.1038961038961039,0.0597014925373134,0.4943343154446649,0.0490077851149498,0.8359375
swin,plc-200,Qc,0.48092183,749.0,1536.0,0.4876302083333333,1.0,0.6555798687089716,0.5357477907858509,0.5113150554826829,0.4876302083333333,456.0,1536.0,0.296875,1.0,0.4578313253012048,0.5334683641975309,0.3208128300782241,0.296875
swin,plc-200,Qca,0.25548345,432.0,1506.0,0.2822045152722444,0.9837962962962964,0.4385964912280701,0.5218083232689211,0.2962355292344321,0.2916666666666667,249.0,1503.0,0.1623419827012641,0.9799196787148594,0.2785388127853881,0.5201567731688213,0.1740489849374437,0.1770833333333333
swin,plc-200,Qr,0.9158999,1433.0,1531.0,0.9327237099934684,0.9965108164689462,0.9635627530364372,0.5710336790899667,0.9411203040101136,0.9296875,1511.0,1526.0,0.9836173001310616,0.9933818663136996,0.9884754692130392,0.6362673726009266,0.9902202765369608,0.9772135416666666
swin,plc-20,af1,0.23747401,571.0,1084.0,0.4612546125461255,0.8756567425569177,0.6042296072507553,0.7339110550529478,0.6260172413493365,0.5735677083333334,435.0,1304.0,0.3067484662576687,0.9195402298850576,0.460034502587694,0.636815016651529,0.3932767610494276,0.388671875
swin,plc-20,Qal,0.37326652,950.0,1393.0,0.6554199569274947,0.9610526315789474,0.7793427230046949,0.7550547871384947,0.8387823825248513,0.6634114583333334,845.0,1494.0,0.5502008032128514,0.9727810650887574,0.7028644719965798,0.5809537673725584,0.6983153772977144,0.5475260416666666
swin,plc-20,Qaf,0.062316705,13.0,25.0,0.0,0.0,0.0,0.7995858376685692,0.030555914677473,0.9752604166666666,6.0,1.0,0.0,0.0,0.0,0.7868191721132897,0.0147804392895556,0.9954427083333334
swin,plc-20,Qat,0.17335023,61.0,109.0,0.2018348623853211,0.360655737704918,0.2588235294117647,0.8563934426229509,0.1907358463938012,0.91796875,77.0,72.0,0.2222222222222222,0.2077922077922078,0.2147651006711409,0.7475588154135104,0.1737815712713206,0.923828125
swin,plc-20,Qc,0.30499196,749.0,850.0,0.7211764705882353,0.8184245660881175,0.766729205753596,0.8577213497708931,0.8733776443829133,0.7571614583333334,456.0,823.0,0.3815309842041312,0.6885964912280702,0.4910086004691165,0.668910412605588,0.5133267654852122,0.576171875
swin,plc-20,Qca,0.25282243,432.0,536.0,0.625,0.7754629629629629,0.6921487603305785,0.8851315083199142,0.7858334704202953,0.8059895833333334,249.0,220.0,0.4954545454545455,0.4377510040160642,0.464818763326226,0.8296277573386006,0.470146936655449,0.8365885416666666
swin,plc-20,Qr,0.5775773,1433.0,1502.0,0.9420772303595206,0.9874389392882066,0.9642248722316864,0.8635492110380151,0.9886173169548444,0.931640625,1511.0,1533.0,0.9836921069797782,0.9980145598941098,0.990801576872536,0.7850959629384514,0.9952938229512572,0.9817708333333334
swin,plc-50,af1,0.27679634,571.0,1246.0,0.3980738362760834,0.8686514886164624,0.5459548706659328,0.5802128798671542,0.4242641195742018,0.462890625,435.0,1468.0,0.2833787465940054,0.9563218390804598,0.4372044140830268,0.5357428461064654,0.3128969186044236,0.302734375
swin,plc-50,Qal,0.3718053,950.0,1256.0,0.6855095541401274,0.9063157894736842,0.7805983680870353,0.7591449613795582,0.8474852369481809,0.6848958333333334,845.0,1410.0,0.5560283687943263,0.927810650887574,0.6953436807095343,0.6617833685851052,0.767034417095422,0.552734375
swin,plc-50,Qaf,0.13438068,13.0,25.0,0.04,0.0769230769230769,0.0526315789473684,0.7809990403555735,0.032373557230664,0.9765625,6.0,5.0,0.0,0.0,0.0,0.6877995642701525,0.0071320221684527,0.9928385416666666
swin,plc-50,Qat,0.43738753,61.0,28.0,0.3214285714285714,0.1475409836065573,0.2022471910112359,0.8594609613781606,0.2014561179542065,0.9537760416666666,77.0,6.0,0.3333333333333333,0.0259740259740259,0.0481927710843373,0.761373650338695,0.1654899908553648,0.9485677083333334
swin,plc-50,Qc,0.31403425,749.0,1059.0,0.5996222851746931,0.8477970627503337,0.702433628318584,0.7655086069863588,0.7796816386669497,0.6497395833333334,456.0,988.0,0.3127530364372469,0.6776315789473685,0.4279778393351801,0.5669671864847303,0.3783896576512326,0.4622395833333333
swin,plc-50,Qca,0.29973343,432.0,519.0,0.6107899807321773,0.7337962962962963,0.6666666666666666,0.8598845108695652,0.7241564812996915,0.7936197916666666,249.0,176.0,0.3806818181818182,0.2690763052208835,0.3152941176470588,0.7633673778252091,0.3657844566384567,0.810546875
swin,plc-50,Qr,0.2205627,1433.0,1524.0,0.937007874015748,0.9965108164689462,0.9658437605681434,0.8017804998678852,0.9785461092205336,0.9342447916666666,1511.0,1536.0,0.9837239583333334,1.0,0.9917952084017068,0.8122038385175381,0.9956295689373322,0.9837239583333334
swin,plc-5,af1,0.20541933,571.0,1059.0,0.4645892351274787,0.861646234676007,0.603680981595092,0.7505748482346216,0.641493656285882,0.5794270833333334,435.0,1205.0,0.3203319502074689,0.8873563218390804,0.4707317073170731,0.6388507835092445,0.4022032839884077,0.4348958333333333
swin,plc-5,Qal,0.3072864,950.0,1384.0,0.6524566473988439,0.9505263157894736,0.7737789203084833,0.7175354769175498,0.7990266340042972,0.65625,845.0,1515.0,0.5504950495049505,0.98698224852071,0.7067796610169491,0.565067349437827,0.647858531442643,0.5494791666666666
swin,plc-5,Qaf,0.036059964,13.0,138.0,0.0289855072463768,0.3076923076923077,0.0529801324503311,0.7695338148391333,0.0379476013474897,0.9069010416666666,6.0,86.0,0.0116279069767441,0.1666666666666666,0.0217391304347826,0.859041394335512,0.0367361969529152,0.94140625
swin,plc-5,Qat,0.1188229,61.0,142.0,0.176056338028169,0.4098360655737705,0.2463054187192118,0.8329091414281745,0.1694745981601974,0.900390625,77.0,191.0,0.1518324607329843,0.3766233766233766,0.2164179104477611,0.7576885075171573,0.2005264589373797,0.86328125
swin,plc-5,Qc,0.5425,749.0,707.0,0.801980198019802,0.7570093457943925,0.7788461538461539,0.879919519969871,0.8858530984234547,0.7903645833333334,456.0,639.0,0.5524256651017214,0.7741228070175439,0.6447488584474886,0.8423732943469786,0.7196696682524196,0.7467447916666666
swin,plc-5,Qca,0.3309847,432.0,470.0,0.6595744680851063,0.7175925925925926,0.6873614190687362,0.8815879965110037,0.7783694023056279,0.81640625,249.0,357.0,0.4957983193277311,0.7108433734939759,0.5841584158415841,0.885896343727669,0.5527858566731662,0.8359375
swin,plc-5,Qr,0.27046457,1433.0,1518.0,0.9387351778656128,0.994417306350314,0.9657743137919348,0.8767335822058415,0.989877445391257,0.9342447916666666,1511.0,1531.0,0.983670803396473,0.9966909331568498,0.990138067061144,0.7811780277961615,0.9956322715853134,0.98046875
swin,prc-100,af1,0.15818693,571.0,1360.0,0.3992647058823529,0.9509632224168126,0.5624029000517866,0.623992087329746,0.4648915823199973,0.4498697916666667,435.0,1458.0,0.2928669410150891,0.9816091954022989,0.4511357633386159,0.5307985425997266,0.2924842654748393,0.3235677083333333
swin,prc-100,Qal,0.43525627,950.0,1099.0,0.7561419472247498,0.8747368421052631,0.8111273792093704,0.8088377941440632,0.868727808223598,0.748046875,845.0,1150.0,0.6017391304347826,0.8189349112426035,0.693734335839599,0.6380085460570821,0.6819112074686855,0.6022135416666666
swin,prc-100,Qaf,0.1537175,13.0,36.0,0.0555555555555555,0.1538461538461538,0.0816326530612244,0.8089297439264609,0.0534657801242239,0.970703125,6.0,5.0,0.0,0.0,0.0,0.6785403050108932,0.0070541238452519,0.9928385416666666
swin,prc-100,Qat,0.25310606,61.0,81.0,0.2098765432098765,0.2786885245901639,0.2394366197183098,0.8642845234787442,0.1795361256180671,0.9296875,77.0,30.0,0.0666666666666666,0.0259740259740259,0.0373831775700934,0.5167033103976216,0.0554880292532788,0.9329427083333334
swin,prc-100,Qc,0.3684871,749.0,833.0,0.8307322929171669,0.9238985313751668,0.8748419721871049,0.9553576730006804,0.9575380079621324,0.87109375,456.0,620.0,0.6806451612903226,0.925438596491228,0.7843866171003717,0.9556631741390514,0.9197735768815885,0.8489583333333334
swin,prc-100,Qca,0.28514558,432.0,489.0,0.7177914110429447,0.8125,0.762214983713355,0.9325044870504562,0.856867688769921,0.857421875,249.0,377.0,0.5702917771883289,0.8634538152610441,0.6869009584664537,0.9423708821299184,0.7359763695291759,0.8723958333333334
swin,prc-100,Qr,0.17653747,1433.0,1518.0,0.9407114624505928,0.9965108164689462,0.9678075228736022,0.8729937194696441,0.9880228455584918,0.9381510416666666,1511.0,1535.0,0.98371335504886,0.99933818663137,0.9914642153644124,0.8750761085373925,0.9967880362176296,0.9830729166666666
swin,prc-10,af1,0.2383329,571.0,765.0,0.5542483660130719,0.7425569176882661,0.6347305389221557,0.7906989827863126,0.7317742133625404,0.6822916666666666,435.0,752.0,0.4375,0.7563218390804598,0.5543386689132266,0.7576017622433108,0.5636321466954983,0.6555989583333334
swin,prc-10,Qal,0.5153716,950.0,954.0,0.7987421383647799,0.8021052631578948,0.8004201680672269,0.8244090174241062,0.8887919336489483,0.7526041666666666,845.0,1200.0,0.6233333333333333,0.8852071005917159,0.7315403422982885,0.7298615333236284,0.7651574271999307,0.642578125
swin,prc-10,Qaf,0.0430523,13.0,48.0,0.0208333333333333,0.0769230769230769,0.0327868852459016,0.7671599575736148,0.0532633991166673,0.9615885416666666,6.0,37.0,0.0,0.0,0.0,0.6157952069716776,0.0091484728686107,0.9720052083333334
swin,prc-10,Qat,0.12366188,61.0,144.0,0.25,0.5901639344262295,0.3512195121951219,0.87743262017227,0.2993240934661886,0.9134114583333334,77.0,258.0,0.1860465116279069,0.6233766233766234,0.2865671641791045,0.8042601675226762,0.2730191176435073,0.8444010416666666
swin,prc-10,Qc,0.47852007,749.0,719.0,0.8915159944367177,0.855807743658211,0.8732970027247956,0.9572085101185316,0.9589849985648838,0.87890625,456.0,536.0,0.7817164179104478,0.918859649122807,0.844758064516129,0.9646016081871344,0.9317548111805576,0.8997395833333334
swin,prc-10,Qca,0.36755994,432.0,488.0,0.6987704918032787,0.7893518518518519,0.741304347826087,0.912835899758454,0.8491257905119597,0.8450520833333334,249.0,383.0,0.5300261096605744,0.8152610441767069,0.6424050632911392,0.913103852862889,0.6790691639548883,0.8528645833333334
swin,prc-10,Qr,0.6586691,1433.0,1465.0,0.9535836177474404,0.9748778785764132,0.964113181504486,0.9144574150231368,0.9934337793493268,0.9322916666666666,1511.0,1520.0,0.9855263157894736,0.9913964262078094,0.9884526558891455,0.7875843812045004,0.994404898264302,0.9772135416666666
swin,prc-200,af1,0.23891115,571.0,1234.0,0.4141004862236629,0.8949211908931699,0.5662049861495845,0.6150975926245202,0.4436173689456084,0.490234375,435.0,1392.0,0.2952586206896552,0.9448275862068966,0.4499178981937602,0.5576769290195955,0.3122490056457819,0.345703125
swin,prc-200,Qal,0.38035238,950.0,1301.0,0.6756341275941583,0.9252631578947368,0.7809862283429587,0.773754266211604,0.8534925562586669,0.6790364583333334,845.0,1325.0,0.5750943396226416,0.901775147928994,0.7023041474654378,0.6258454002860103,0.6863311391335395,0.5794270833333334
swin,prc-200,Qaf,0.067780375,13.0,76.0,0.0394736842105263,0.2307692307692307,0.0674157303370786,0.8862063740592959,0.0838270464278099,0.9459635416666666,6.0,20.0,0.0,0.0,0.0,0.6007625272331154,0.0061092265105684,0.9830729166666666
swin,prc-200,Qat,0.14123808,61.0,171.0,0.2046783625730994,0.5737704918032787,0.3017241379310345,0.8858905251458739,0.2053069832235035,0.89453125,77.0,85.0,0.0117647058823529,0.0129870129870129,0.0123456790123456,0.5395529761533874,0.051791598959356,0.8958333333333334
swin,prc-200,Qc,0.34755918,749.0,802.0,0.8154613466334164,0.8731642189586115,0.8433268858800773,0.9194317539862552,0.9317730981176926,0.841796875,456.0,615.0,0.640650406504065,0.8640350877192983,0.7357609710550888,0.9216089993502276,0.8687952114173052,0.8157552083333334
swin,prc-200,Qca,0.3656866,432.0,557.0,0.6750448833034112,0.8703703703703703,0.7603640040444893,0.9231624060654856,0.7953233753036751,0.845703125,249.0,363.0,0.5785123966942148,0.8433734939759037,0.6862745098039216,0.9417967128810504,0.7339269743212616,0.875
swin,prc-200,Qr,0.5152354,1433.0,1477.0,0.9519295870006772,0.98115840893231,0.9663230240549828,0.8676888054797119,0.9869653574278844,0.9361979166666666,1511.0,1522.0,0.9875164257555848,0.9947054930509596,0.9910979228486648,0.8624751819986763,0.9970690219367968,0.982421875
swin,prc-20,af1,0.27396607,571.0,940.0,0.4702127659574468,0.7740805604203153,0.585043017868961,0.7147300890175404,0.6383721689548135,0.591796875,435.0,1230.0,0.3040650406504065,0.8597701149425288,0.4492492492492492,0.6161754726633051,0.4015723299167046,0.4029947916666667
swin,prc-20,Qal,0.39698952,950.0,1142.0,0.7390542907180385,0.888421052631579,0.8068833652007649,0.8100071851984911,0.8726832664515684,0.7369791666666666,845.0,1381.0,0.5800144822592325,0.9479289940828404,0.7196765498652291,0.6961354353094306,0.7346184156722493,0.59375
swin,prc-20,Qaf,0.15288073,13.0,4.0,0.0,0.0,0.0,0.7848881256629123,0.0411743225823696,0.9889322916666666,6.0,0.0,0.0,0.0,0.0,0.5760348583877996,0.0054630739539897,0.99609375
swin,prc-20,Qat,0.13751687,61.0,184.0,0.1576086956521739,0.4754098360655737,0.236734693877551,0.8479466518477355,0.1832860677083895,0.8782552083333334,77.0,180.0,0.1166666666666666,0.2727272727272727,0.1634241245136186,0.6496666458969406,0.1046592483406794,0.8600260416666666
swin,prc-20,Qc,0.32606003,749.0,844.0,0.8246445497630331,0.9292389853137516,0.8738229755178908,0.9538681817179366,0.9540745735078408,0.869140625,456.0,703.0,0.6130867709815079,0.9451754385964912,0.7437446074201898,0.9420636371020144,0.8798888802107365,0.806640625
swin,prc-20,Qca,0.444252,432.0,434.0,0.7258064516129032,0.7291666666666666,0.7274826789838337,0.910565116747182,0.8321285634155898,0.8463541666666666,249.0,401.0,0.4538653366583541,0.7309236947791165,0.56,0.8525133946820694,0.5320630924900978,0.8138020833333334
swin,prc-20,Qr,0.50089777,1433.0,1476.0,0.9525745257452576,0.98115840893231,0.9666552079752492,0.8944505044072113,0.991187580804779,0.9368489583333334,1511.0,1518.0,0.9861660079051384,0.9907346128391792,0.9884450313634864,0.8153540701522172,0.99566687196862,0.9772135416666666
swin,prc-50,af1,0.25968057,571.0,1134.0,0.4241622574955908,0.8423817863397548,0.5642228739002932,0.6389408636788473,0.4919027479058199,0.5162760416666666,435.0,1332.0,0.3018018018018018,0.9241379310344828,0.4550084889643463,0.563354108595112,0.3288127337576274,0.373046875
swin,prc-50,Qal,0.44577622,950.0,1154.0,0.7357019064124783,0.8936842105263157,0.8070342205323194,0.8128076163104005,0.8756426524392176,0.7356770833333334,845.0,1336.0,0.5808383233532934,0.9183431952662722,0.7116001834021092,0.6409696948937738,0.685296791078223,0.5904947916666666
swin,prc-50,Qaf,0.24292758,13.0,11.0,0.3636363636363636,0.3076923076923077,0.3333333333333333,0.8549421687964038,0.1367987244949166,0.9895833333333334,6.0,1.0,0.0,0.0,0.0,0.6763616557734204,0.0068329788078738,0.9954427083333334
swin,prc-50,Qat,0.158724,61.0,166.0,0.2048192771084337,0.5573770491803278,0.2995594713656387,0.8650291747707697,0.2032176080546794,0.896484375,77.0,105.0,0.0285714285714285,0.0389610389610389,0.0329670329670329,0.5101430440703916,0.0496244539885663,0.8854166666666666
swin,prc-50,Qc,0.4970988,749.0,807.0,0.8661710037174721,0.9332443257676902,0.8984575835475579,0.966698503553234,0.9670288885118128,0.8971354166666666,456.0,571.0,0.7285464098073555,0.912280701754386,0.810126582278481,0.9591475795971408,0.9189462135419696,0.873046875
swin,prc-50,Qca,0.50602293,432.0,425.0,0.7952941176470588,0.7824074074074074,0.7887981330221704,0.933606330515298,0.8754604792284104,0.8821614583333334,249.0,318.0,0.5974842767295597,0.7630522088353414,0.6701940035273368,0.9173445920433873,0.6623215765729381,0.8782552083333334
swin,prc-50,Qr,0.3335966,1433.0,1504.0,0.9474734042553192,0.994417306350314,0.9703779366700716,0.8799382109634889,0.9890620478675984,0.943359375,1511.0,1532.0,0.9849869451697127,0.99867637326274,0.9917844232665132,0.836055592322965,0.9956772225562368,0.9837239583333334
swin,prc-5,af1,0.37725705,571.0,665.0,0.6406015037593985,0.7460595446584939,0.6893203883495146,0.8273096013720134,0.7766597862930955,0.75,435.0,579.0,0.5682210708117443,0.7563218390804598,0.6489151873767258,0.832158852453882,0.6757679495278011,0.7682291666666666
swin,prc-5,Qal,0.48554042,950.0,1078.0,0.7393320964749536,0.8389473684210527,0.7859960552268245,0.8032890246093047,0.8771313624614366,0.7174479166666666,845.0,1355.0,0.592619926199262,0.9502958579881656,0.73,0.7012134030947346,0.7416986538718275,0.61328125
swin,prc-5,Qaf,0.048683297,13.0,80.0,0.05,0.3076923076923077,0.086021505376344,0.8579726248800443,0.0466549586286143,0.9446614583333334,6.0,125.0,0.0,0.0,0.0,0.672875816993464,0.0081640826514877,0.9147135416666666
swin,prc-5,Qat,0.1488725,61.0,96.0,0.2604166666666667,0.4098360655737705,0.3184713375796178,0.8827340928035565,0.2815451045913688,0.9303385416666666,77.0,210.0,0.2095238095238095,0.5714285714285714,0.3066202090592334,0.7971480199033317,0.2858151890384489,0.8704427083333334
swin,prc-5,Qc,0.53716666,749.0,731.0,0.893296853625171,0.8718291054739653,0.8824324324324324,0.9564043884009684,0.960201778965474,0.88671875,456.0,617.0,0.7034035656401945,0.9517543859649122,0.8089468779123952,0.9713084795321636,0.9462630529124983,0.8665364583333334
swin,prc-5,Qca,0.50146997,432.0,442.0,0.7420814479638009,0.7592592592592593,0.7505720823798627,0.9124060654857756,0.8494387603722612,0.8580729166666666,249.0,394.0,0.5406091370558376,0.8554216867469879,0.6625194401244168,0.9260039380521308,0.7333641608195065,0.8587239583333334
swin,prc-5,Qr,0.4090895,1433.0,1476.0,0.951219512195122,0.9797627355198884,0.9652801650051565,0.924362631183138,0.9941638759885254,0.9342447916666666,1511.0,1525.0,0.9842622950819672,0.9933818663136996,0.9888010540184452,0.8281667769688947,0.9965006140506504,0.9778645833333334
swin,rgb+nir,af1,0.37981328,571.0,671.0,0.6423248882265276,0.7548161120840631,0.6940418679549114,0.8420006714880719,0.793928561618584,0.7526041666666666,435.0,186.0,0.6129032258064516,0.2620689655172414,0.3671497584541063,0.7453746333009699,0.5373472586462325,0.744140625
swin,rgb+nir,Qal,0.4617886,950.0,1128.0,0.7216312056737588,0.8568421052631578,0.7834456207892204,0.7531435243398598,0.8309250363449385,0.70703125,845.0,704.0,0.5852272727272727,0.4875739644970414,0.5319561007101355,0.5509500852036753,0.5758428068821569,0.5279947916666666
swin,rgb+nir,Qaf,0.054225598,13.0,69.0,0.0434782608695652,0.2307692307692307,0.073170731707317,0.8861558664579019,0.0494393325221495,0.9505208333333334,6.0,0.0,0.0,0.0,0.0,0.3614379084967319,0.0033612181481424,0.99609375
swin,rgb+nir,Qat,0.20314303,61.0,117.0,0.1965811965811965,0.3770491803278688,0.2584269662921348,0.8369769380383439,0.226458778897521,0.9140625,77.0,352.0,0.0255681818181818,0.1168831168831168,0.0419580419580419,0.4445225781757653,0.0724112711486145,0.732421875
swin,rgb+nir,Qc,0.44646516,749.0,766.0,0.8342036553524804,0.8531375166889186,0.8435643564356435,0.9230350335814124,0.9287680219552792,0.845703125,456.0,156.0,0.6538461538461539,0.2236842105263158,0.3333333333333333,0.7920118583495777,0.5685027092452914,0.734375
swin,rgb+nir,Qca,0.24103467,432.0,622.0,0.5803858520900321,0.8356481481481481,0.6850094876660342,0.8767444981213097,0.7468735550063362,0.7838541666666666,249.0,81.0,0.2345679012345679,0.0763052208835341,0.1151515151515151,0.7853043877140262,0.3175139035133246,0.8098958333333334
swin,rgb+nir,Qr,0.3257171,1433.0,1494.0,0.9451137884872824,0.9853454291695743,0.9648103860608132,0.9078449040982663,0.9924129759285324,0.9329427083333334,1511.0,1517.0,0.984838497033619,0.9887491727332892,0.9867899603698812,0.753170086035738,0.9945941504653713,0.9739583333333334
swin,rgb,af1,0.32633102,571.0,782.0,0.6061381074168798,0.830122591943958,0.7006651884700665,0.8369536219522155,0.7769121315742755,0.736328125,435.0,1301.0,0.3036126056879323,0.9080459770114944,0.4550691244239631,0.5787486819714575,0.3232334297409974,0.3841145833333333
swin,rgb,Qal,0.3023746,950.0,1354.0,0.6632200886262924,0.9452631578947368,0.7795138888888888,0.7354427878570146,0.8128762517709934,0.6692708333333334,845.0,728.0,0.5068681318681318,0.4366863905325444,0.4691671964399237,0.4713998235984209,0.5350017687327123,0.4563802083333333
swin,rgb,Qaf,0.09021575,13.0,29.0,0.0344827586206896,0.0769230769230769,0.0476190476190476,0.8782766806404365,0.0417210307976374,0.9739583333333334,6.0,8.0,0.0,0.0,0.0,0.5408496732026145,0.0050802368763451,0.9908854166666666
swin,rgb,Qat,0.18545546,61.0,89.0,0.2022471910112359,0.2950819672131147,0.24,0.8465018060572381,0.2060292870023068,0.92578125,77.0,573.0,0.1082024432809773,0.8051948051948052,0.1907692307692307,0.7606259402009916,0.1239214382353321,0.6575520833333334
swin,rgb,Qc,0.56763387,749.0,697.0,0.8637015781922525,0.8037383177570093,0.8326417704011065,0.9188159392531848,0.923011918243205,0.8424479166666666,456.0,245.0,0.2163265306122449,0.1162280701754386,0.1512125534950071,0.2790285899935023,0.2809109102930668,0.6126302083333334
swin,rgb,Qca,0.380704,432.0,480.0,0.6354166666666666,0.7060185185185185,0.668859649122807,0.8565884158615136,0.7065015482061056,0.8033854166666666,249.0,288.0,0.0138888888888888,0.0160642570281124,0.0148975791433892,0.4476304596786524,0.1343152943371635,0.6555989583333334
swin,rgb,Qr,0.31559116,1433.0,1525.0,0.9357377049180328,0.9958129797627356,0.964841108857336,0.8862593920013008,0.9895157003757226,0.9322916666666666,1511.0,1503.0,0.9833666001330672,0.9781601588352083,0.9807564698075648,0.5725479814692258,0.9893486350593448,0.9622395833333334
swin,s-100,af1,0.24538563,571.0,1295.0,0.4154440154440154,0.9422066549912436,0.5766345123258306,0.6093264248704663,0.4365108623620398,0.4856770833333333,435.0,1445.0,0.2961937716262975,0.9839080459770116,0.4553191489361702,0.5099167945545846,0.291221674242797,0.3333333333333333
swin,s-100,Qal,0.31102705,950.0,1370.0,0.6576642335766424,0.9484210526315788,0.7767241379310345,0.7574079396443326,0.8362078281096454,0.6627604166666666,845.0,1390.0,0.5683453237410072,0.9349112426035504,0.7069351230425056,0.57629025766619,0.6021296917319374,0.5735677083333334
swin,s-100,Qaf,0.018854614,13.0,267.0,0.0337078651685393,0.6923076923076923,0.0642857142857142,0.8261023284004243,0.0350445821359227,0.8294270833333334,6.0,127.0,0.0,0.0,0.0,0.7572984749455338,0.009675988481503,0.9134114583333334
swin,s-100,Qat,0.100138955,61.0,274.0,0.1204379562043795,0.5409836065573771,0.1970149253731343,0.7943762156154488,0.1897450842805583,0.8248697916666666,77.0,189.0,0.0529100529100529,0.1298701298701298,0.075187969924812,0.5024701138477697,0.0536665171492268,0.83984375
swin,s-100,Qc,0.49218163,749.0,833.0,0.8343337334933973,0.9279038718291056,0.8786346396965866,0.957116901315265,0.9593246474986477,0.875,456.0,636.0,0.6823899371069182,0.9517543859649122,0.7948717948717948,0.9623903508771928,0.9273311340345124,0.8541666666666666
swin,s-100,Qca,0.3866668,432.0,588.0,0.5986394557823129,0.8148148148148148,0.6901960784313725,0.9016790794417608,0.7836627981741932,0.7942708333333334,249.0,360.0,0.6222222222222222,0.8995983935742972,0.735632183908046,0.9565628481291132,0.7590583931941806,0.8951822916666666
swin,s-100,Qr,0.36321667,1433.0,1527.0,0.9358218729535036,0.9972086531751572,0.9655405405405404,0.7850730696007426,0.9774417447515455,0.93359375,1511.0,1534.0,0.983702737940026,0.99867637326274,0.9911330049261085,0.8168100595632032,0.995380947698651,0.982421875
swin,s-10,af1,0.3316424,571.0,576.0,0.65625,0.6619964973730298,0.6591107236268526,0.8065878424362314,0.743865549950198,0.7454427083333334,435.0,601.0,0.4891846921797005,0.6758620689655173,0.5675675675675675,0.7644022675310846,0.5481073875944216,0.7083333333333334
swin,s-10,Qal,0.4468261,950.0,1061.0,0.7511781338360037,0.8389473684210527,0.7926404773744405,0.8022489671277169,0.8746694106063037,0.728515625,845.0,1269.0,0.5855003940110323,0.8792899408284024,0.7029328287606433,0.6557788643506111,0.7238061931288826,0.5911458333333334
swin,s-10,Qaf,0.12946934,13.0,24.0,0.0833333333333333,0.1538461538461538,0.1081081081081081,0.778574675488661,0.0492444873403342,0.978515625,6.0,7.0,0.0,0.0,0.0,0.7685185185185185,0.0101438699064366,0.9915364583333334
swin,s-10,Qat,0.17009461,61.0,119.0,0.2521008403361344,0.4918032786885246,0.3333333333333333,0.8783328702417339,0.2522457344324464,0.921875,77.0,95.0,0.1789473684210526,0.2207792207792207,0.1976744186046511,0.6620706230027682,0.1138410834731061,0.91015625
swin,s-10,Qc,0.28563356,749.0,816.0,0.866421568627451,0.9439252336448598,0.9035143769968051,0.9762410872268488,0.9781571642647018,0.9016927083333334,456.0,635.0,0.7039370078740157,0.9802631578947368,0.8194317140238313,0.9844460688758934,0.9693942176003778,0.8717447916666666
swin,s-10,Qca,0.38953114,432.0,431.0,0.7726218097447796,0.7708333333333334,0.7717265353418308,0.9268296262748256,0.8708054075093029,0.8717447916666666,249.0,347.0,0.6138328530259366,0.8554216867469879,0.714765100671141,0.938576372311312,0.7345730445199389,0.8893229166666666
swin,s-10,Qr,0.48073542,1433.0,1475.0,0.952542372881356,0.9804605722260992,0.966299862448418,0.9228788812932336,0.9936491451313668,0.9361979166666666,1511.0,1530.0,0.9836601307189542,0.9960291197882196,0.9898059848733968,0.8476770350761085,0.9970120657601248,0.9798177083333334
swin,s-200,af1,0.27216804,571.0,1178.0,0.4261460101867572,0.8791593695271454,0.5740423098913665,0.6347985082075807,0.463045152798298,0.5149739583333334,435.0,1431.0,0.2955974842767295,0.9724137931034482,0.4533762057877814,0.5083508200486496,0.2754113911642998,0.3359375
swin,s-200,Qal,0.40677017,950.0,1379.0,0.6540971718636693,0.9494736842105264,0.7745813653928725,0.6867433087839052,0.7785852362575684,0.658203125,845.0,1364.0,0.5659824046920822,0.9136094674556212,0.6989588048890901,0.5881125887359885,0.6231065002201941,0.5670572916666666
swin,s-200,Qaf,0.032492574,13.0,98.0,0.0510204081632653,0.3846153846153846,0.09009009009009,0.8456992777413,0.0434113310824287,0.9342447916666666,6.0,22.0,0.0,0.0,0.0,0.6209150326797386,0.005679992420684,0.9817708333333334
swin,s-200,Qat,0.06604726,61.0,268.0,0.1305970149253731,0.5737704918032787,0.2127659574468085,0.7990219505418172,0.1529091224664119,0.8313802083333334,77.0,152.0,0.0197368421052631,0.0389610389610389,0.0262008733624454,0.402624106530892,0.0385598676893837,0.8548177083333334
swin,s-200,Qc,0.45785457,749.0,719.0,0.866481223922114,0.8317757009345794,0.8487738419618529,0.9191518381984958,0.9339722977181312,0.85546875,456.0,486.0,0.7366255144032922,0.7850877192982456,0.7600849256900213,0.9254446881091618,0.8729180186212607,0.8528645833333334
swin,s-200,Qca,0.32872698,432.0,675.0,0.5807407407407408,0.9074074074074074,0.7082204155374887,0.8880690586419753,0.6907295154403019,0.7897135416666666,249.0,373.0,0.6112600536193029,0.9156626506024096,0.7331189710610932,0.957342969391162,0.7666837921985351,0.8919270833333334
swin,s-200,Qr,0.670653,1433.0,1508.0,0.9396551724137931,0.988834612700628,0.9636178170690242,0.7696325855866233,0.975670749468192,0.9303385416666666,1511.0,1535.0,0.9843648208469056,1.0,0.9921208141825344,0.8151952349437458,0.995711140771332,0.984375
swin,s-20,af1,0.3486804,571.0,684.0,0.5497076023391813,0.658493870402802,0.599203187250996,0.7430814043174868,0.659317193496334,0.6725260416666666,435.0,754.0,0.3713527851458886,0.6436781609195402,0.4709840201850294,0.6386315470784136,0.4099933862265851,0.5904947916666666
swin,s-20,Qal,0.4395169,950.0,1112.0,0.7275179856115108,0.8515789473684211,0.7846750727449079,0.7974654212322616,0.8731808669512707,0.7109375,845.0,1280.0,0.571875,0.8662721893491124,0.6889411764705883,0.624211544883926,0.6899637722836212,0.5696614583333334
swin,s-20,Qaf,0.095536746,13.0,17.0,0.0588235294117647,0.0769230769230769,0.0666666666666666,0.8078690842971867,0.0466029579577554,0.9817708333333334,6.0,9.0,0.0,0.0,0.0,0.7934640522875817,0.0127377442825438,0.990234375
swin,s-20,Qat,0.20212036,61.0,146.0,0.2260273972602739,0.5409836065573771,0.3188405797101449,0.8774103917754932,0.2857387257130372,0.908203125,77.0,88.0,0.1477272727272727,0.1688311688311688,0.1575757575757575,0.7256170833963843,0.1226724448073958,0.9095052083333334
swin,s-20,Qc,0.5498063,749.0,730.0,0.93013698630137,0.9065420560747663,0.9181879648411088,0.977976565110957,0.9792903829727936,0.9212239583333334,456.0,488.0,0.8545081967213115,0.9144736842105264,0.8834745762711864,0.9813230994152048,0.9636955849728362,0.9283854166666666
swin,s-20,Qca,0.29770106,432.0,477.0,0.7379454926624738,0.8148148148148148,0.7744774477447744,0.9265193068974772,0.8645715738416877,0.8665364583333334,249.0,369.0,0.5934959349593496,0.8795180722891566,0.7087378640776699,0.9429419308937382,0.7210510918521218,0.8828125
swin,s-20,Qr,0.5027344,1433.0,1489.0,0.9503022162525184,0.9874389392882066,0.9685147159479808,0.9029634347116172,0.991549526286825,0.9401041666666666,1511.0,1531.0,0.984323971260614,0.9973527465254798,0.9907955292570676,0.8385043017868961,0.9967629542875364,0.9817708333333334
swin,s-50,af1,0.2909877,571.0,1195.0,0.4234309623430962,0.8861646234676007,0.5730464326160816,0.6438227634456413,0.495200765165855,0.5091145833333334,435.0,1353.0,0.3015521064301552,0.9379310344827586,0.4563758389261745,0.5822376731706809,0.3498827042615346,0.3671875
swin,s-50,Qal,0.32849333,950.0,1274.0,0.6868131868131868,0.9210526315789472,0.7868705035971223,0.7673935692473504,0.8382837960981394,0.69140625,845.0,1368.0,0.5614035087719298,0.9088757396449704,0.6940804338002712,0.5552102689695921,0.5827252501779282,0.5592447916666666
swin,s-50,Qaf,0.0665076,13.0,39.0,0.0256410256410256,0.0769230769230769,0.0384615384615384,0.8499924238597909,0.0438383112470774,0.9674479166666666,6.0,8.0,0.0,0.0,0.0,0.9141612200435728,0.0292920378849661,0.9908854166666666
swin,s-50,Qat,0.1553424,61.0,117.0,0.2136752136752136,0.4098360655737705,0.2808988764044944,0.8405223673242568,0.2428491654261306,0.9166666666666666,77.0,81.0,0.0617283950617283,0.0649350649350649,0.0632911392405063,0.598960326856146,0.0674043955527174,0.9036458333333334
swin,s-50,Qc,0.56797844,749.0,772.0,0.8950777202072538,0.9225634178905208,0.908612754766601,0.9719371699326336,0.9718415134931674,0.9095052083333334,456.0,532.0,0.7913533834586466,0.9232456140350878,0.8522267206477733,0.9724861923326836,0.949276707652056,0.9049479166666666
swin,s-50,Qca,0.45617542,432.0,491.0,0.6945010183299389,0.7893518518518519,0.7388949079089924,0.9217680656199676,0.8437098582160067,0.8430989583333334,249.0,340.0,0.6411764705882353,0.8755020080321285,0.7402376910016978,0.953548459572556,0.7499680955626504,0.900390625
swin,s-50,Qr,0.3911826,1433.0,1503.0,0.940119760479042,0.9860432658757852,0.962534059945504,0.8562253131796287,0.986157678094141,0.9283854166666666,1511.0,1530.0,0.9836601307189542,0.9960291197882196,0.9898059848733968,0.7292389146260755,0.9916789438859002,0.9798177083333334
swin,s-5,af1,0.28944862,571.0,723.0,0.6182572614107884,0.7828371278458844,0.6908809891808346,0.8366977305517999,0.7797647842429599,0.7395833333333334,435.0,708.0,0.4915254237288136,0.8,0.6089238845144357,0.800893649451387,0.5802245431582068,0.708984375
swin,s-5,Qal,0.34801772,950.0,1154.0,0.7149046793760832,0.868421052631579,0.7842205323193916,0.7801814262619005,0.8613877890378461,0.7044270833333334,845.0,1375.0,0.5607272727272727,0.9124260355029584,0.6945945945945946,0.5778812971510289,0.6612897511850429,0.55859375
swin,s-5,Qaf,0.06293545,13.0,54.0,0.1111111111111111,0.4615384615384615,0.1791044776119403,0.8017071569271175,0.1270546647111476,0.9641927083333334,6.0,38.0,0.0,0.0,0.0,0.7929193899782134,0.0108550132100856,0.9713541666666666
swin,s-5,Qat,0.08534727,61.0,180.0,0.2055555555555555,0.6065573770491803,0.3070539419087137,0.8597277021394831,0.2401698858381414,0.8912760416666666,77.0,184.0,0.1684782608695652,0.4025974025974026,0.2375478927203065,0.7213533553492429,0.1725452908037037,0.8704427083333334
swin,s-5,Qc,0.4558707,749.0,718.0,0.9275766016713092,0.8891855807743658,0.9079754601226994,0.9736997911658576,0.9762988525003964,0.912109375,456.0,546.0,0.8040293040293041,0.962719298245614,0.8762475049900199,0.985233918128655,0.9699072988498282,0.9192708333333334
swin,s-5,Qca,0.3655565,432.0,476.0,0.707983193277311,0.7800925925925926,0.7422907488986784,0.9200445350241548,0.8601608391730197,0.84765625,249.0,460.0,0.4956521739130435,0.9156626506024096,0.6431593794076164,0.9273800719583852,0.6881380188770283,0.8352864583333334
swin,s-5,Qr,0.3076405,1433.0,1512.0,0.9417989417989416,0.9937194696441032,0.967062818336163,0.9096335341025346,0.9925454579217998,0.9368489583333334,1511.0,1534.0,0.983702737940026,0.99867637326274,0.9911330049261085,0.7665122435473196,0.9951455590201966,0.982421875
swin,sds-101,af1,0.2926108,571.0,974.0,0.4548254620123203,0.7758318739054291,0.573462783171521,0.6709182145676614,0.5343387453627304,0.5709635416666666,435.0,888.0,0.3536036036036036,0.7218390804597701,0.4746787603930461,0.6715149237370416,0.4573622175538911,0.5475260416666666
swin,sds-101,Qal,0.28426328,950.0,1499.0,0.6217478318879253,0.9810526315789474,0.7611269906084116,0.6320414945212861,0.7300751133211105,0.619140625,845.0,1503.0,0.5495675316034597,0.9775147928994082,0.7035775127768313,0.5464081727022838,0.605974582891603,0.546875
swin,sds-101,Qaf,0.05317194,13.0,38.0,0.0263157894736842,0.0769230769230769,0.0392156862745098,0.7871104601242487,0.0262588836706234,0.9680989583333334,6.0,66.0,0.0,0.0,0.0,0.5072984749455338,0.0051382350104711,0.953125
swin,sds-101,Qat,0.07192189,61.0,316.0,0.0822784810126582,0.4262295081967213,0.1379310344827586,0.6832008891358712,0.0936851868820733,0.7884114583333334,77.0,200.0,0.18,0.4675324675324675,0.259927797833935,0.6535075616638331,0.1821090206977164,0.8665364583333334
swin,sds-101,Qc,0.41208506,749.0,921.0,0.752442996742671,0.9252336448598132,0.829940119760479,0.9115856296323942,0.9025095820490696,0.8151041666666666,456.0,816.0,0.5416666666666666,0.9692982456140352,0.6949685534591195,0.9506111923326837,0.8984249164597439,0.7473958333333334
swin,sds-101,Qca,0.25264823,432.0,778.0,0.4408740359897172,0.7939814814814815,0.5669421487603306,0.7847998020665593,0.5994600594897042,0.6588541666666666,249.0,797.0,0.3011292346298619,0.963855421686747,0.4588910133843212,0.8202382178285792,0.3529550905376726,0.6315104166666666
swin,sds-101,Qr,0.61620665,1433.0,1535.0,0.9328990228013028,0.9993021632937892,0.9649595687331536,0.7445849904132142,0.9766081656856472,0.9322916666666666,1511.0,1536.0,0.9837239583333334,1.0,0.9917952084017068,0.662554599602912,0.989921793398314,0.9837239583333334
swin,sds-11,af1,0.29628056,571.0,727.0,0.609353507565337,0.7758318739054291,0.6825885978428351,0.8091376822772519,0.7379780938882871,0.7317708333333334,435.0,706.0,0.4844192634560906,0.7862068965517242,0.5994741454864154,0.7961769342395106,0.5904580326410944,0.7024739583333334
swin,sds-11,Qal,0.37260598,950.0,1458.0,0.6316872427983539,0.9694736842105264,0.7649501661129569,0.6849865277528292,0.7925450667327862,0.6315104166666666,845.0,1500.0,0.5493333333333333,0.9751479289940828,0.702771855010661,0.5201157742402316,0.5975179229718477,0.5462239583333334
swin,sds-11,Qaf,0.09079566,13.0,3.0,0.0,0.0,0.0,0.8102934491640992,0.0446527164464543,0.9895833333333334,6.0,5.0,0.0,0.0,0.0,0.6021786492374728,0.0058199526552179,0.9928385416666666
swin,sds-11,Qat,0.08401296,61.0,219.0,0.1643835616438356,0.5901639344262295,0.2571428571428571,0.8454459572103361,0.2174082311029839,0.8645833333333334,77.0,239.0,0.1548117154811715,0.4805194805194805,0.2341772151898734,0.7314919487640529,0.1759397315904488,0.8424479166666666
swin,sds-11,Qc,0.55548865,749.0,748.0,0.8663101604278075,0.8651535380507344,0.8657314629258517,0.9435197798674386,0.9483658181662676,0.869140625,456.0,659.0,0.6525037936267072,0.9429824561403508,0.7713004484304933,0.9629731156595192,0.9334054147266316,0.833984375
swin,sds-11,Qca,0.35640395,432.0,505.0,0.6633663366336634,0.7754629629629629,0.7150480256136607,0.8807723597691896,0.7867821906915923,0.826171875,249.0,529.0,0.4177693761814744,0.8875502008032129,0.5681233933161953,0.8684559527933022,0.4774942844929611,0.78125
swin,sds-11,Qr,0.31727347,1433.0,1517.0,0.9400131839156228,0.9951151430565248,0.9667796610169492,0.8478986985006673,0.9867084076877491,0.9361979166666666,1511.0,1529.0,0.9836494440810988,0.9953673064195896,0.9894736842105264,0.6787293183322304,0.992029308114339,0.9791666666666666
swin,sds-201,af1,0.23152156,571.0,1407.0,0.3909026297085998,0.9632224168126094,0.5561172901921132,0.6596481039536128,0.5003098671208678,0.4283854166666667,435.0,1444.0,0.2957063711911357,0.9816091954022989,0.4544970729111229,0.6437470637978013,0.4059592235249731,0.3326822916666667
swin,sds-201,Qal,0.31693745,950.0,1480.0,0.6263513513513513,0.9757894736842104,0.762962962962963,0.6224232081911263,0.7084962003856972,0.625,845.0,1509.0,0.5480450629555997,0.978698224852071,0.7026338147833475,0.5486226119422156,0.5789628098609303,0.5442708333333334
swin,sds-201,Qaf,0.031126881,13.0,112.0,0.0357142857142857,0.3076923076923077,0.064,0.8069599474720945,0.0347426907494111,0.923828125,6.0,69.0,0.0,0.0,0.0,0.4724400871459695,0.004177435468126,0.951171875
swin,sds-201,Qat,0.109190166,61.0,70.0,0.0428571428571428,0.0491803278688524,0.0458015267175572,0.6557488191164212,0.0609672876526549,0.9186197916666666,77.0,51.0,0.3137254901960784,0.2077922077922078,0.25,0.6930293832281496,0.194008610861909,0.9375
swin,sds-201,Qc,0.39692762,749.0,887.0,0.7790304396843292,0.9225634178905208,0.8447432762836186,0.9233030741539332,0.9092430206791228,0.8346354166666666,456.0,687.0,0.6244541484716157,0.9407894736842104,0.7506561679790026,0.949039554905783,0.8975256681141796,0.814453125
swin,sds-201,Qca,0.31903425,432.0,655.0,0.482442748091603,0.7314814814814815,0.5814167433302668,0.7971224168008589,0.6343819945067282,0.7037760416666666,249.0,599.0,0.3606010016694491,0.8674698795180723,0.5094339622641509,0.8606079328970895,0.4949322679206401,0.7291666666666666
swin,sds-201,Qr,0.6329802,1433.0,1527.0,0.9351669941060904,0.9965108164689462,0.9648648648648648,0.7646461019383601,0.9773894309953512,0.9322916666666666,1511.0,1534.0,0.984354628422425,0.99933818663137,0.9917898193760264,0.8007677035076108,0.9955794300393828,0.9837239583333334
swin,sds-21,af1,0.27945554,571.0,801.0,0.5405742821473158,0.7583187390542907,0.6311953352769679,0.7680208342785586,0.6849215797062895,0.6705729166666666,435.0,788.0,0.4187817258883248,0.7586206896551724,0.5396565821749796,0.7327132074289832,0.5253024428950294,0.6334635416666666
swin,sds-21,Qal,0.36246383,950.0,1339.0,0.6452576549663929,0.9094736842105264,0.7549148099606815,0.6807706125381714,0.7889631063292093,0.634765625,845.0,1343.0,0.5353685778108712,0.850887573964497,0.6572212065813529,0.4938096746846607,0.5871424453346978,0.51171875
swin,sds-21,Qaf,0.09788455,13.0,5.0,0.0,0.0,0.0,0.8009495429062073,0.0349928704360675,0.98828125,6.0,0.0,0.0,0.0,0.0,0.5213507625272331,0.0046804559400826,0.99609375
swin,sds-21,Qat,0.07801538,61.0,272.0,0.1323529411764706,0.5901639344262295,0.2162162162162162,0.7860739094192831,0.1718906776706123,0.830078125,77.0,245.0,0.1142857142857142,0.3636363636363636,0.1739130434782608,0.6461461773319209,0.096248116869629,0.8268229166666666
swin,sds-21,Qc,0.52166367,749.0,809.0,0.826946847960445,0.8931909212283045,0.858793324775353,0.9392786315680544,0.9431967647447196,0.8567708333333334,456.0,709.0,0.61212976022567,0.9517543859649122,0.7450643776824034,0.9589120370370372,0.9212956418349828,0.806640625
swin,sds-21,Qca,0.35214353,432.0,408.0,0.6985294117647058,0.6597222222222222,0.6785714285714286,0.8632980240203973,0.7569768370357007,0.82421875,249.0,375.0,0.4613333333333333,0.6947791164658634,0.5544871794871795,0.860598571441945,0.50601032658708,0.8190104166666666
swin,sds-21,Qr,0.2753414,1433.0,1526.0,0.9357798165137616,0.9965108164689462,0.9651909428861102,0.8295787911842222,0.9853894192631694,0.9329427083333334,1511.0,1536.0,0.9837239583333334,1.0,0.9917952084017068,0.6709993381866314,0.9911234467238126,0.9837239583333334
swin,sds-51,af1,0.2574287,571.0,909.0,0.495049504950495,0.7880910683012259,0.6081081081081081,0.7342068727711587,0.6231658736698351,0.6223958333333334,435.0,894.0,0.3903803131991051,0.8022988505747126,0.5252069224981188,0.7253593911491122,0.5047851430387353,0.5891927083333334
swin,sds-51,Qal,0.28337532,950.0,1466.0,0.6248294679399727,0.9642105263157896,0.7582781456953642,0.660233518950961,0.766397158239198,0.6197916666666666,845.0,1485.0,0.5474747474747474,0.9621301775147928,0.6978540772532189,0.5540431070654827,0.6466821055434376,0.5416666666666666
swin,sds-51,Qaf,0.043848116,13.0,32.0,0.0,0.0,0.0,0.7536239204000202,0.0206012154869734,0.970703125,6.0,11.0,0.0,0.0,0.0,0.6655773420479303,0.0081228927286112,0.9889322916666666
swin,sds-51,Qat,0.07020421,61.0,355.0,0.1126760563380281,0.6557377049180327,0.1923076923076923,0.7801055848846902,0.1664982246806432,0.78125,77.0,311.0,0.1543408360128617,0.6233766233766234,0.2474226804123711,0.7268810695815495,0.1830747341812383,0.8098958333333334
swin,sds-51,Qc,0.43334964,749.0,856.0,0.7885514018691588,0.9012016021361816,0.8411214953271028,0.9267926909746668,0.924046061740966,0.833984375,456.0,781.0,0.5608194622279129,0.9605263157894736,0.7081649151172191,0.9404280376868096,0.8779355655398912,0.7649739583333334
swin,sds-51,Qca,0.38604894,432.0,533.0,0.5422138836772983,0.6689814814814815,0.5989637305699482,0.810583568169619,0.6443526344873811,0.748046875,249.0,647.0,0.3245749613601236,0.8433734939759037,0.46875,0.7961106274359286,0.3327333152441432,0.6901041666666666
swin,sds-51,Qr,0.623278,1433.0,1512.0,0.9358465608465608,0.9874389392882066,0.9609507640067912,0.8016720980494447,0.982259821122882,0.9251302083333334,1511.0,1521.0,0.9835634451019066,0.9900727994705492,0.9868073878627968,0.5816015883520846,0.9873976101140298,0.9739583333333334
swin,sds-5,af1,0.27407268,571.0,776.0,0.5798969072164949,0.7880910683012259,0.6681514476614699,0.8141121385080261,0.7593589028338837,0.708984375,435.0,698.0,0.504297994269341,0.8091954022988506,0.6213592233009708,0.8148704939083591,0.6478255420866501,0.720703125
swin,sds-5,Qal,0.33826318,950.0,1382.0,0.6490593342981187,0.9442105263157896,0.7692967409948542,0.7263499191665169,0.8203693869361772,0.6497395833333334,845.0,1417.0,0.5561044460127029,0.9325443786982248,0.6967285587975243,0.5716729891504466,0.6472713085695414,0.5533854166666666
swin,sds-5,Qaf,0.064864285,13.0,17.0,0.0588235294117647,0.0769230769230769,0.0666666666666666,0.7714531036921057,0.0997950873788147,0.9817708333333334,6.0,11.0,0.0,0.0,0.0,0.5083877995642702,0.0046047154837073,0.9889322916666666
swin,sds-5,Qat,0.19899467,61.0,104.0,0.2596153846153846,0.4426229508196721,0.3272727272727272,0.8329535982217282,0.2464317210064979,0.927734375,77.0,117.0,0.2735042735042735,0.4155844155844156,0.3298969072164948,0.8245017491076435,0.2157298775782184,0.9153645833333334
swin,sds-5,Qc,0.26028854,749.0,871.0,0.8082663605051664,0.9399198931909212,0.8691358024691358,0.952012255222126,0.9557057126214114,0.8619791666666666,456.0,835.0,0.5365269461077844,0.9824561403508772,0.6940356312935708,0.96133853151397,0.9290606927267856,0.7428385416666666
swin,sds-5,Qca,0.43780014,432.0,430.0,0.6953488372093023,0.6921296296296297,0.6937354988399071,0.8724964774557167,0.7717909988662262,0.828125,249.0,423.0,0.4728132387706856,0.8032128514056225,0.5952380952380952,0.8722785469773422,0.4861704976071093,0.8229166666666666
swin,sds-5,Qr,0.53429663,1433.0,1493.0,0.943067649028801,0.9825540823447312,0.962406015037594,0.8548431899945121,0.9876932472242164,0.9283854166666666,1511.0,1530.0,0.9836601307189542,0.9960291197882196,0.9898059848733968,0.6447385837193911,0.9911977601623672,0.9798177083333334
vit,dem,af1,0.23381935,571.0,1245.0,0.4176706827309236,0.9106830122591943,0.5726872246696035,0.6593486565701479,0.5300292094532577,0.4947916666666667,435.0,1357.0,0.3006632277081798,0.9379310344827586,0.4553571428571428,0.5881048576529174,0.3362265284278632,0.3645833333333333
vit,dem,Qal,0.44329435,950.0,1155.0,0.7134199134199134,0.8673684210526316,0.7828978622327791,0.771869947907311,0.8524475865815766,0.7024739583333334,845.0,1248.0,0.5625,0.8307692307692308,0.6708074534161491,0.5739131179407256,0.6499294142337819,0.5514322916666666
vit,dem,Qaf,0.035999015,13.0,121.0,0.0743801652892562,0.6923076923076923,0.1343283582089552,0.9105510379312088,0.1075950668216055,0.9244791666666666,6.0,0.0,0.0,0.0,0.0,0.6471677559912854,0.0130855784501213,0.99609375
vit,dem,Qat,0.27724338,61.0,79.0,0.2531645569620253,0.3278688524590163,0.2857142857142857,0.8872353431508753,0.2332601019048067,0.9348958333333334,77.0,3.0,0.0,0.0,0.0,0.2744363244705945,0.0346452295486174,0.9479166666666666
vit,dem,Qc,0.44448835,749.0,761.0,0.871222076215506,0.8851802403204272,0.8781456953642384,0.9556265618028612,0.9582005337241492,0.8802083333333334,456.0,632.0,0.6613924050632911,0.9166666666666666,0.7683823529411765,0.946757228719948,0.8904876860755802,0.8359375
vit,dem,Qca,0.3140495,432.0,527.0,0.6755218216318786,0.8240740740740741,0.7424400417101147,0.9192582528180354,0.832184015859474,0.8391927083333334,249.0,522.0,0.4482758620689655,0.9397590361445785,0.6070038910505836,0.9269400835665894,0.6716250479737754,0.802734375
vit,dem,Qr,0.5608736,1433.0,1489.0,0.9469442578912022,0.9839497557571528,0.9650924024640656,0.898244568052629,0.99167263061606,0.93359375,1511.0,1536.0,0.9837239583333334,1.0,0.9917952084017068,0.7013633355393778,0.9878552760816296,0.9837239583333334
vit,ep-101,af1,0.29947954,571.0,858.0,0.5174825174825175,0.7775831873905429,0.6214135759272218,0.7458798762284149,0.6099682179673702,0.6477864583333334,435.0,916.0,0.388646288209607,0.8183908045977012,0.5270170244263509,0.7214611586123378,0.4818077638391328,0.583984375
vit,ep-101,Qal,0.43100864,950.0,1241.0,0.6962127316680097,0.9094736842105264,0.7886809675947056,0.7444709897610922,0.8288216798014643,0.6985677083333334,845.0,1444.0,0.5498614958448753,0.9396449704142013,0.6937527304499782,0.557852011063633,0.6594825145089807,0.5436197916666666
vit,ep-101,Qaf,0.08903122,13.0,28.0,0.0357142857142857,0.0769230769230769,0.048780487804878,0.8313551189454013,0.0386752124883658,0.974609375,6.0,0.0,0.0,0.0,0.0,0.8420479302832244,0.017314249546634,0.99609375
vit,ep-101,Qat,0.15448743,61.0,185.0,0.1729729729729729,0.5245901639344263,0.2601626016260163,0.8163156432342318,0.1666828852171156,0.8815104166666666,77.0,87.0,0.0689655172413793,0.0779220779220779,0.073170731707317,0.5874687341445395,0.0629986247010606,0.9010416666666666
vit,ep-101,Qc,0.27087814,749.0,1148.0,0.5958188153310104,0.9132176234979972,0.7211386399578281,0.8132367934883106,0.8268588904678015,0.6555989583333334,456.0,1221.0,0.3562653562653562,0.9539473684210528,0.518783542039356,0.7652168615984405,0.6046030167070748,0.474609375
vit,ep-101,Qca,0.4586445,432.0,523.0,0.6290630975143403,0.7615740740740741,0.6890052356020943,0.8705926261406335,0.7321421603252446,0.806640625,249.0,204.0,0.4656862745098039,0.3815261044176707,0.4194260485651214,0.8213210261403032,0.4573704541884205,0.8287760416666666
vit,ep-101,Qr,0.41895488,1433.0,1499.0,0.9459639759839892,0.9895324494068388,0.9672578444747612,0.8487252623662762,0.9869362418441826,0.9375,1511.0,1535.0,0.98371335504886,0.99933818663137,0.9914642153644124,0.8126538716082067,0.9959337281855593,0.9830729166666666
vit,ep-11,af1,0.26769406,571.0,948.0,0.4862869198312236,0.8073555166374781,0.6069782751810402,0.7146756440387285,0.5806434897582493,0.611328125,435.0,1022.0,0.3424657534246575,0.8045977011494253,0.4804392587508579,0.6593608736049776,0.4314185151291967,0.5071614583333334
vit,ep-11,Qal,0.52507704,950.0,1233.0,0.6853203568532036,0.8894736842105263,0.7741639945029776,0.7280887372013652,0.8092063439840944,0.6790364583333334,845.0,1479.0,0.5476673427991886,0.9585798816568049,0.6970740103270223,0.6102809580489642,0.6676131571399598,0.5416666666666666
vit,ep-11,Qaf,0.07666893,13.0,19.0,0.0526315789473684,0.0769230769230769,0.0625,0.793524925501288,0.0436053314583958,0.98046875,6.0,4.0,0.0,0.0,0.0,0.4352941176470588,0.010624663550982,0.9934895833333334
vit,ep-11,Qat,0.19696471,61.0,74.0,0.1351351351351351,0.1639344262295081,0.1481481481481481,0.7599888858016116,0.1290110723870008,0.9251302083333334,77.0,18.0,0.0555555555555555,0.0129870129870129,0.0210526315789473,0.5957024469704387,0.0723334252135441,0.939453125
vit,ep-11,Qc,0.44465637,749.0,815.0,0.7558282208588957,0.822429906542056,0.7877237851662404,0.8848019298921221,0.8927804233306751,0.7838541666666666,456.0,686.0,0.5174927113702624,0.7785087719298246,0.6217162872154116,0.814546783625731,0.6845435478388218,0.71875
vit,ep-11,Qca,0.18123318,432.0,577.0,0.5701906412478336,0.7615740740740741,0.6521308225966304,0.8565422873054214,0.6853195865718954,0.771484375,249.0,331.0,0.4833836858006042,0.642570281124498,0.5517241379310345,0.8700817255034122,0.5532235313799415,0.8307291666666666
vit,ep-11,Qr,0.6442804,1433.0,1515.0,0.9412541254125412,0.9951151430565248,0.9674355495251018,0.8649313342231316,0.988458538555699,0.9375,1511.0,1531.0,0.983670803396473,0.9966909331568498,0.990138067061144,0.6592720052945069,0.991748768921788,0.98046875
vit,ep-201,af1,0.2200812,571.0,1098.0,0.4489981785063752,0.8633975481611208,0.5907729179149191,0.7258078273731206,0.6079295710811302,0.5553385416666666,435.0,1140.0,0.3385964912280702,0.8873563218390804,0.4901587301587302,0.6921753473853447,0.4574038532192793,0.4772135416666667
vit,ep-201,Qal,0.40829358,950.0,1351.0,0.6632124352331606,0.943157894736842,0.7787918296392873,0.6849820370037722,0.7636549638990453,0.6686197916666666,845.0,1462.0,0.5506155950752394,0.9526627218934912,0.6978760294755093,0.5308659947422054,0.6268811389051008,0.5462239583333334
vit,ep-201,Qaf,0.036647927,13.0,60.0,0.05,0.2307692307692307,0.0821917808219178,0.7490782362745594,0.1166922615683607,0.9563802083333334,6.0,11.0,0.0,0.0,0.0,0.7013071895424836,0.0082150203507207,0.9889322916666666
vit,ep-201,Qat,0.23163536,61.0,39.0,0.1794871794871795,0.1147540983606557,0.14,0.7872186718532925,0.1298189105112932,0.9440104166666666,77.0,9.0,0.1111111111111111,0.0129870129870129,0.0232558139534883,0.613932332232538,0.0733278589428839,0.9453125
vit,ep-201,Qc,0.30197734,749.0,1340.0,0.5283582089552239,0.945260347129506,0.6778362853039732,0.7589144696104759,0.7610748264982892,0.5618489583333334,456.0,1376.0,0.3168604651162791,0.956140350877193,0.4759825327510917,0.734795321637427,0.5715404521860347,0.375
vit,ep-201,Qca,0.31632978,432.0,593.0,0.5598650927487352,0.7685185185185185,0.6478048780487805,0.8464128757380569,0.7031662762981615,0.7649739583333334,249.0,258.0,0.4496124031007752,0.465863453815261,0.4575936883629191,0.8141439105294528,0.4179857560714893,0.8209635416666666
vit,ep-201,Qr,0.39956853,1433.0,1535.0,0.9335504885993484,1.0,0.965633423180593,0.841902722918177,0.9864701180959288,0.93359375,1511.0,1536.0,0.9837239583333334,1.0,0.9917952084017068,0.7009397749834546,0.9918362467604658,0.9837239583333334
vit,ep-21,af1,0.31214333,571.0,857.0,0.5215869311551925,0.7828371278458844,0.6260504201680672,0.7484297160694353,0.6146363222621436,0.65234375,435.0,993.0,0.3756294058408862,0.8574712643678161,0.5224089635854342,0.7271320742898306,0.4871261786812453,0.5559895833333334
vit,ep-21,Qal,0.5166746,950.0,1170.0,0.7034188034188035,0.8663157894736843,0.7764150943396226,0.734544638045626,0.8119569059157639,0.69140625,845.0,1437.0,0.5476687543493389,0.931360946745562,0.6897458369851008,0.5755872203050205,0.6558651848584802,0.5390625
vit,ep-21,Qaf,0.063965335,13.0,29.0,0.0344827586206896,0.0769230769230769,0.0476190476190476,0.8291832920854589,0.0328784820358248,0.9739583333333334,6.0,1.0,0.0,0.0,0.0,0.6747276688453159,0.0099340226449779,0.9954427083333334
vit,ep-21,Qat,0.12651253,61.0,201.0,0.1492537313432835,0.4918032786885246,0.2290076335877862,0.8054792998055015,0.1371280208318136,0.8684895833333334,77.0,116.0,0.0948275862068965,0.1428571428571428,0.1139896373056994,0.6202344605360369,0.0715036735183392,0.888671875
vit,ep-21,Qc,0.48487103,749.0,889.0,0.7007874015748031,0.8317757009345794,0.7606837606837606,0.8741125397183538,0.8914482218223136,0.7447916666666666,456.0,778.0,0.4820051413881748,0.8223684210526315,0.6077795786061588,0.8154361598440546,0.6891736246909181,0.6848958333333334
vit,ep-21,Qca,0.3673616,432.0,523.0,0.6003824091778203,0.7268518518518519,0.6575916230366492,0.8636083433977456,0.7338622887167682,0.787109375,249.0,241.0,0.5726141078838174,0.5542168674698795,0.563265306122449,0.8810814352983026,0.5605259158620115,0.8606770833333334
vit,ep-21,Qr,0.48290297,1433.0,1526.0,0.9370904325032764,0.9979064898813678,0.966542750929368,0.8339013136945372,0.9850060651572068,0.935546875,1511.0,1536.0,0.9837239583333334,1.0,0.9917952084017068,0.7175645268034414,0.9928416402181738,0.9837239583333334
vit,ep-51,af1,0.36569354,571.0,628.0,0.5987261146496815,0.658493870402802,0.6271893244370309,0.7586091122746205,0.6354116646904036,0.708984375,435.0,626.0,0.4728434504792332,0.6804597701149425,0.5579641847313855,0.7398958104962052,0.5056455656023741,0.6946614583333334
vit,ep-51,Qal,0.4286689,950.0,1363.0,0.6595744680851063,0.9463157894736842,0.7773454388240381,0.727945033231543,0.8200128464980492,0.6647135416666666,845.0,1493.0,0.549899531145345,0.9715976331360948,0.7023096663815227,0.5381755281343392,0.6562013479447099,0.546875
vit,ep-51,Qaf,0.049788505,13.0,33.0,0.0606060606060606,0.1538461538461538,0.0869565217391304,0.8016566493257236,0.0416189410921779,0.97265625,6.0,0.0,0.0,0.0,0.0,0.7352941176470589,0.0950697404283347,0.99609375
vit,ep-51,Qat,0.11454713,61.0,141.0,0.1773049645390071,0.4098360655737705,0.2475247524752475,0.8518255070853015,0.1619474931980788,0.9010416666666666,77.0,84.0,0.1309523809523809,0.1428571428571428,0.1366459627329192,0.6562580668132416,0.0925743941516949,0.9095052083333334
vit,ep-51,Qc,0.373502,749.0,1005.0,0.6527363184079602,0.8758344459279038,0.7480045610034207,0.8461973016118061,0.8631724188905436,0.7122395833333334,456.0,1030.0,0.4009708737864078,0.9057017543859648,0.5558546433378196,0.8005401234567903,0.6599391533051404,0.5703125
vit,ep-51,Qca,0.36023054,432.0,547.0,0.5978062157221207,0.7569444444444444,0.6680286006128703,0.8690221584809448,0.7434620077124321,0.7884114583333334,249.0,212.0,0.5188679245283019,0.4417670682730923,0.4772234273318872,0.8467311358877623,0.4825826881629315,0.8430989583333334
vit,ep-51,Qr,0.34567744,1433.0,1527.0,0.93713163064833,0.9986043265875784,0.9668918918918918,0.8674381262745683,0.9883570480252744,0.9361979166666666,1511.0,1536.0,0.9837239583333334,1.0,0.9917952084017068,0.7593117140966248,0.99480512172934,0.9837239583333334
vit,ep-5,af1,0.155942,571.0,1287.0,0.4195804195804196,0.9457092819614712,0.581270182992465,0.6907670390098274,0.5560759259419634,0.4934895833333333,435.0,1472.0,0.2894021739130434,0.9793103448275862,0.4467750393287886,0.6441646569993841,0.3948721275318343,0.3131510416666667
vit,ep-5,Qal,0.47817877,950.0,1290.0,0.6736434108527132,0.9147368421052632,0.7758928571428572,0.7117019938925813,0.7728805479414927,0.6731770833333334,845.0,1482.0,0.5526315789473685,0.9692307692307692,0.7039106145251397,0.5823307272711703,0.6070155994221799,0.5514322916666666
vit,ep-5,Qaf,0.046408195,13.0,4.0,0.0,0.0,0.0,0.8030203545633618,0.0280565040922761,0.9889322916666666,6.0,4.0,0.0,0.0,0.0,0.6050108932461873,0.0072125958981495,0.9934895833333334
vit,ep-5,Qat,0.13294558,61.0,55.0,0.1636363636363636,0.1475409836065573,0.1551724137931034,0.7414281744929148,0.1144112963150611,0.9361979166666666,77.0,60.0,0.05,0.0389610389610389,0.0437956204379562,0.5266905815226584,0.0600379775393633,0.9147135416666666
vit,ep-5,Qc,0.35227004,749.0,821.0,0.7673568818514007,0.8411214953271028,0.802547770700637,0.8978578808169471,0.9062962093922216,0.7981770833333334,456.0,723.0,0.5062240663900415,0.8026315789473685,0.6208651399491094,0.8291504223521766,0.7012280451812243,0.708984375
vit,ep-5,Qca,0.40897375,432.0,492.0,0.5934959349593496,0.6759259259259259,0.6320346320346321,0.8439806427804617,0.6694765628684759,0.7786458333333334,249.0,221.0,0.5972850678733032,0.5301204819277109,0.5617021276595745,0.8889419371347083,0.5823741983702991,0.8658854166666666
vit,ep-5,Qr,0.5817452,1433.0,1535.0,0.9328990228013028,0.9993021632937892,0.9649595687331536,0.8174784382008008,0.9835079877206828,0.9322916666666666,1511.0,1535.0,0.98371335504886,0.99933818663137,0.9914642153644124,0.6980542686962277,0.9930929364853724,0.9830729166666666
vit,nhd,af1,0.32795686,571.0,1530.0,0.3699346405228758,0.9912434325744308,0.5387910518800572,0.5177644891699863,0.3922894158426895,0.369140625,435.0,1534.0,0.2835723598435463,1.0,0.4418486541391569,0.5210498293087789,0.2962377639208504,0.2845052083333333
vit,nhd,Qal,0.46414265,950.0,1536.0,0.6184895833333334,1.0,0.7642799678197908,0.6441180168852163,0.7415603534295225,0.6184895833333334,845.0,1535.0,0.5498371335504886,0.9988165680473372,0.7092436974789916,0.6190308188972332,0.7035853111313539,0.5494791666666666
vit,nhd,Qaf,0.055324208,13.0,24.0,0.0416666666666666,0.0769230769230769,0.054054054054054,0.6320773776453357,0.0162831123643397,0.9772135416666666,6.0,16.0,0.0,0.0,0.0,0.5744008714596949,0.0070520443527846,0.9856770833333334
vit,nhd,Qat,0.12565316,61.0,83.0,0.1325301204819277,0.180327868852459,0.1527777777777778,0.7588107807724368,0.0947360967409772,0.9205729166666666,77.0,78.0,0.1282051282051282,0.1298701298701298,0.1290322580645161,0.6692183758667651,0.1006530587379957,0.912109375
vit,nhd,Qc,0.43358147,749.0,1534.0,0.4869621903520209,0.9973297730307076,0.6544021024967148,0.556985765009848,0.547294269889311,0.486328125,456.0,1534.0,0.2959582790091264,0.9956140350877192,0.4562814070351759,0.3941114359974009,0.2611998437250994,0.2955729166666667
vit,nhd,Qca,0.24726775,432.0,1178.0,0.3098471986417657,0.8449074074074074,0.453416149068323,0.5968951288244766,0.3549753515859285,0.4270833333333333,249.0,1082.0,0.1876155268022181,0.8152610441767069,0.3050338091660405,0.5227623781840648,0.1699028511646679,0.3977864583333333
vit,nhd,Qr,0.7580322,1433.0,1532.0,0.9340731070496084,0.9986043265875784,0.9652613827993256,0.6651603330645872,0.9571459411084632,0.9329427083333334,1511.0,1531.0,0.983670803396473,0.9966909331568498,0.990138067061144,0.4286697551290536,0.9808222412296514,0.98046875
vit,nir,af1,0.26591346,571.0,992.0,0.4939516129032258,0.8581436077057794,0.6269993602047345,0.7594766022703557,0.6579078861823803,0.6204427083333334,435.0,1238.0,0.2964458804523425,0.8436781609195402,0.438732815301853,0.4986647457379394,0.2691230811881792,0.388671875
vit,nir,Qal,0.364833,950.0,1323.0,0.656084656084656,0.9136842105263158,0.7637483501979763,0.6719435961918447,0.7640216187639948,0.650390625,845.0,783.0,0.561941251596424,0.5207100591715976,0.5405405405405406,0.5433100129304069,0.5996422848565833,0.5130208333333334
vit,nir,Qaf,0.09444378,13.0,18.0,0.0,0.0,0.0,0.7916056366483156,0.0341095804259807,0.9798177083333334,6.0,0.0,0.0,0.0,0.0,0.5688453159041394,0.005328300107308,0.99609375
vit,nir,Qat,0.07935462,61.0,128.0,0.1015625,0.2131147540983606,0.1375661375661375,0.743550986385107,0.0989437152632949,0.8938802083333334,77.0,12.0,0.0833333333333333,0.0129870129870129,0.0224719101123595,0.7726071050265705,0.1619735621713942,0.943359375
vit,nir,Qc,0.51141113,749.0,767.0,0.7822685788787483,0.8010680907877169,0.7915567282321899,0.8830443980368572,0.8862205425443692,0.7942708333333334,456.0,79.0,0.0253164556962025,0.0043859649122807,0.0074766355140186,0.3406128167641326,0.2192779200115044,0.654296875
vit,nir,Qca,0.2610303,432.0,597.0,0.5376884422110553,0.7430555555555556,0.6239067055393586,0.8215160359634996,0.6487917779417409,0.748046875,249.0,6.0,0.1666666666666666,0.0040160642570281,0.0078431372549019,0.2306132065168209,0.1028703558324823,0.8352864583333334
vit,nir,Qr,0.62307,1433.0,1533.0,0.9334637964774952,0.9986043265875784,0.9649359406608228,0.7600729002229012,0.9774001092770164,0.9322916666666666,1511.0,1536.0,0.9837239583333334,1.0,0.9917952084017068,0.5305890138980808,0.9862410262233956,0.9837239583333334
vit,osm,af1,0.37629917,571.0,953.0,0.5362014690451207,0.8949211908931699,0.6706036745406824,0.7908786512163916,0.6621507657003404,0.6731770833333334,435.0,751.0,0.4993342210386152,0.8620689655172413,0.6323777403035413,0.8272824078424004,0.6359712282073547,0.7161458333333334
vit,osm,Qal,0.5175927,950.0,1329.0,0.6486079759217457,0.9073684210526316,0.7564721369021501,0.5913148913238728,0.6762355892864491,0.638671875,845.0,1513.0,0.549239920687376,0.983431952662722,0.7048346055979644,0.5340566368953322,0.571724116498707,0.546875
vit,osm,Qaf,0.020789156,13.0,475.0,0.0168421052631578,0.6153846153846154,0.0327868852459016,0.7428152937017021,0.0169996747456131,0.6927083333333334,6.0,641.0,0.0046801872074883,0.5,0.0092735703245749,0.5796840958605665,0.0049400124347233,0.5826822916666666
vit,osm,Qat,0.0657474,61.0,874.0,0.05720823798627,0.819672131147541,0.106951871657754,0.6150708530147263,0.0573952511181468,0.4563802083333333,77.0,1136.0,0.0580985915492957,0.8571428571428571,0.1088211046990931,0.5601061036290645,0.061944227707417,0.2962239583333333
vit,osm,Qc,0.24746582,749.0,1281.0,0.5511319281811085,0.9425901201602136,0.6955665024630542,0.6725154929147377,0.6097766348596615,0.59765625,456.0,1494.0,0.3038821954484605,0.9956140350877192,0.4656410256410256,0.5659661306042885,0.3368793874468471,0.3216145833333333
vit,osm,Qca,0.19917351,432.0,1082.0,0.3364140480591497,0.8425925925925926,0.4808454425363276,0.6282656920960815,0.3572955640024212,0.48828125,249.0,1359.0,0.1670345842531273,0.9116465863453816,0.2823383084577114,0.5689767617478461,0.1956886758051079,0.2486979166666666
vit,osm,Qr,0.7607516,1433.0,1536.0,0.9329427083333334,1.0,0.9653081845739306,0.5876259324250164,0.9457150059305856,0.9329427083333334,1511.0,1536.0,0.9837239583333334,1.0,0.9917952084017068,0.7182131039046988,0.9910504172719136,0.9837239583333334
vit,plc-100,af1,0.36777064,571.0,1502.0,0.3754993342210386,0.9877408056042032,0.5441389290882779,0.5159823235302123,0.3805416637441972,0.384765625,435.0,1522.0,0.2812089356110381,0.9839080459770116,0.4374041900868676,0.45853299508284,0.2643269690314498,0.283203125
vit,plc-100,Qal,0.56367123,950.0,1526.0,0.6192660550458715,0.9947368421052633,0.7633279483037156,0.5530734686545716,0.6615660459389745,0.6184895833333334,845.0,1517.0,0.5497692814765985,0.98698224852071,0.7061812023708721,0.5774077531062949,0.6321230837182652,0.5481770833333334
vit,plc-100,Qaf,0.03783661,13.0,8.0,0.0,0.0,0.0,0.7234708823677963,0.0258720787994769,0.986328125,6.0,7.0,0.0,0.0,0.0,0.7596949891067538,0.0153399077324742,0.9915364583333334
vit,plc-100,Qat,0.057224385,61.0,460.0,0.0739130434782608,0.5573770491803278,0.1305182341650671,0.6819227563212003,0.0826680261723706,0.705078125,77.0,321.0,0.0996884735202492,0.4155844155844156,0.1608040201005025,0.638126095973937,0.0980480315324158,0.7825520833333334
vit,plc-100,Qc,0.37340215,749.0,1532.0,0.4882506527415143,0.9986648865153538,0.6558526961858834,0.5734660190715957,0.5543333351822235,0.4889322916666667,456.0,1528.0,0.2984293193717277,1.0,0.4596774193548387,0.5093323586744639,0.2978574590379943,0.3020833333333333
vit,plc-100,Qca,0.26494324,432.0,677.0,0.4150664697193501,0.6504629629629629,0.5067628494138864,0.6968787741545894,0.4488614676198761,0.6438802083333334,249.0,540.0,0.1925925925925926,0.4176706827309236,0.2636248415716096,0.56964454554816,0.1838156007656817,0.6217447916666666
vit,plc-100,Qr,0.74744415,1433.0,1533.0,0.9328114807566862,0.9979064898813678,0.9642616318273768,0.6845574834517849,0.9666849741279468,0.9309895833333334,1511.0,1534.0,0.983702737940026,0.99867637326274,0.9911330049261085,0.578107213765718,0.9893773108623292,0.982421875
vit,plc-10,af1,0.2737512,571.0,1184.0,0.4341216216216216,0.9001751313485113,0.5857549857549857,0.7088010308249322,0.5690941983669141,0.5266927083333334,435.0,1394.0,0.2984218077474892,0.9563218390804598,0.4548933843630399,0.6242266695898191,0.3628198253860462,0.3509114583333333
vit,plc-10,Qal,0.50909394,950.0,1419.0,0.6398872445384073,0.9557894736842104,0.7665681722245673,0.6390282019040776,0.736876017456896,0.6399739583333334,845.0,1482.0,0.5492577597840755,0.9633136094674556,0.699613235926085,0.6444720369244471,0.7107048504936061,0.544921875
vit,plc-10,Qaf,0.04961247,13.0,62.0,0.0161290322580645,0.0769230769230769,0.0266666666666666,0.757411990504571,0.0218975431967862,0.9524739583333334,6.0,3.0,0.0,0.0,0.0,0.7127450980392156,0.0085209511088441,0.994140625
vit,plc-10,Qat,0.10334345,61.0,253.0,0.1264822134387351,0.5245901639344263,0.2038216560509554,0.8206390664073353,0.1343516979894541,0.8372395833333334,77.0,198.0,0.1262626262626262,0.3246753246753247,0.1818181818181818,0.6446240531230251,0.1069562313687219,0.853515625
vit,plc-10,Qc,0.34136721,749.0,959.0,0.6558915537017727,0.8397863818424566,0.7365339578454333,0.8264335505366749,0.8454975879316099,0.70703125,456.0,820.0,0.3853658536585366,0.6929824561403509,0.4952978056426332,0.6846044509421703,0.535481391131462,0.5807291666666666
vit,plc-10,Qca,0.3296573,432.0,581.0,0.5645438898450946,0.7592592592592593,0.6475814412635735,0.8302909453837897,0.6322166036132423,0.767578125,249.0,332.0,0.3885542168674699,0.5180722891566265,0.4440619621342513,0.7976677494749783,0.3976349743677506,0.7897135416666666
vit,plc-10,Qr,0.5463626,1433.0,1529.0,0.934597776324395,0.9972086531751572,0.9648885887913572,0.8360219242677795,0.9860012910028506,0.9322916666666666,1511.0,1535.0,0.98371335504886,0.99933818663137,0.9914642153644124,0.7576174718729319,0.9950069574900408,0.9830729166666666
vit,plc-200,af1,0.3391499,571.0,1433.0,0.374738311235171,0.9404553415061296,0.5359281437125748,0.5304447247352613,0.3978738004705596,0.39453125,435.0,1461.0,0.2902121834360027,0.9747126436781608,0.4472573839662447,0.5345213859918361,0.3073988965667471,0.3177083333333333
vit,plc-200,Qal,0.41349602,950.0,1419.0,0.642706131078224,0.96,0.7699451245251161,0.6882899227591163,0.7746403271062043,0.6451822916666666,845.0,1420.0,0.5661971830985916,0.9514792899408284,0.7099337748344371,0.6273747848500159,0.6736926405648864,0.572265625
vit,plc-200,Qaf,0.052978504,13.0,2.0,0.0,0.0,0.0,0.5233092580433355,0.0112352539960195,0.990234375,6.0,0.0,0.0,0.0,0.0,0.6,0.0169600705599786,0.99609375
vit,plc-200,Qat,0.133115,61.0,102.0,0.1666666666666666,0.2786885245901639,0.2085889570552147,0.7722811892192276,0.1490058092093966,0.916015625,77.0,126.0,0.1428571428571428,0.2337662337662337,0.1773399014778325,0.6459681511086584,0.1118816226124754,0.8912760416666666
vit,plc-200,Qc,0.46700937,749.0,1427.0,0.4954449894884373,0.9439252336448598,0.6498161764705882,0.5452657757993292,0.5116580134100036,0.50390625,456.0,1422.0,0.310126582278481,0.9671052631578948,0.4696485623003195,0.5840927550357374,0.3428247963969852,0.3515625
vit,plc-200,Qca,0.26235035,432.0,1235.0,0.302834008097166,0.8657407407407407,0.4487102579484103,0.5759863123993558,0.3427388472014498,0.4016927083333333,249.0,1277.0,0.1480031323414252,0.7590361445783133,0.2477064220183486,0.4697765420656987,0.1553635767326739,0.2526041666666667
vit,plc-200,Qr,0.77188665,1433.0,1536.0,0.9329427083333334,1.0,0.9653081845739306,0.7222135651325551,0.9654870660645212,0.9329427083333334,1511.0,1536.0,0.9837239583333334,1.0,0.9917952084017068,0.8015089344804764,0.9949758535978108,0.9837239583333334
vit,plc-20,af1,0.22978519,571.0,1238.0,0.4095315024232633,0.8879159369527145,0.560530679933665,0.6350298993675308,0.5041544000881969,0.482421875,435.0,1493.0,0.2880107166778298,0.9885057471264368,0.4460580912863071,0.519982878678735,0.2962745073368751,0.3046875
vit,plc-20,Qal,0.57267076,950.0,1482.0,0.6221322537112011,0.9705263157894736,0.7582236842105263,0.6186024788934794,0.750800985050841,0.6171875,845.0,1476.0,0.5555555555555556,0.970414201183432,0.7065919862128393,0.6992712730884834,0.7580898555788138,0.556640625
vit,plc-20,Qaf,0.034901407,13.0,19.0,0.0,0.0,0.0,0.7895348249911611,0.0222817629345411,0.9791666666666666,6.0,2.0,0.0,0.0,0.0,0.7644880174291939,0.0125475833479798,0.9947916666666666
vit,plc-20,Qat,0.09014865,61.0,103.0,0.1359223300970873,0.2295081967213114,0.1707317073170731,0.7855515420950263,0.1129793223391703,0.9114583333333334,77.0,69.0,0.1159420289855072,0.1038961038961039,0.1095890410958904,0.6637262668791113,0.0900103272595845,0.9153645833333334
vit,plc-20,Qc,0.5667515,749.0,665.0,0.7593984962406015,0.6742323097463284,0.7142857142857143,0.7849585130873353,0.807795215409427,0.7369791666666666,456.0,363.0,0.4710743801652892,0.375,0.4175824175824176,0.6661610623781675,0.4545681501494186,0.689453125
vit,plc-20,Qca,0.43577012,432.0,520.0,0.5923076923076923,0.7129629629629629,0.6470588235294118,0.8419446960547504,0.6635881225137263,0.78125,249.0,191.0,0.4397905759162304,0.3373493975903614,0.3818181818181818,0.7854635324514843,0.4030323394875769,0.8229166666666666
vit,plc-20,Qr,0.6701802,1433.0,1534.0,0.9335071707953064,0.9993021632937892,0.9652847994607348,0.7906151125685132,0.9789962140752588,0.9329427083333334,1511.0,1536.0,0.9837239583333334,1.0,0.9917952084017068,0.8043150231634679,0.9962452962583482,0.9837239583333334
vit,plc-50,af1,0.30958807,571.0,1232.0,0.4017857142857143,0.8669001751313485,0.5490848585690515,0.5552480422493036,0.4016868853632598,0.470703125,435.0,1471.0,0.2841604350781781,0.960919540229885,0.4386149003147954,0.4952143819098625,0.2822331894005921,0.3033854166666667
vit,plc-50,Qal,0.51675975,950.0,1384.0,0.6560693641618497,0.9557894736842104,0.778063410454156,0.739396443326747,0.825196677948484,0.6627604166666666,845.0,1492.0,0.5563002680965148,0.9822485207100592,0.7103123662815576,0.6959350568167222,0.7680941205785499,0.5592447916666666
vit,plc-50,Qaf,0.047378793,13.0,48.0,0.0208333333333333,0.0769230769230769,0.0327868852459016,0.7846860952573362,0.034899944921453,0.9615885416666666,6.0,2.0,0.0,0.0,0.0,0.8455337690631808,0.0142532247128687,0.9947916666666666
vit,plc-50,Qat,0.21707143,61.0,98.0,0.2244897959183673,0.360655737704918,0.2767295597484276,0.8702417338149486,0.2050987140892731,0.9251302083333334,77.0,25.0,0.16,0.0519480519480519,0.0784313725490196,0.7349100522506966,0.1228513231418623,0.9388020833333334
vit,plc-50,Qc,0.3816418,749.0,1063.0,0.5851364063969896,0.8304405874499332,0.6865342163355408,0.7383550791143804,0.7419187031932377,0.6302083333333334,456.0,827.0,0.3603385731559855,0.6535087719298246,0.4645362431800467,0.6076663011695906,0.391573526177192,0.552734375
vit,plc-50,Qca,0.24809153,432.0,609.0,0.5435139573070608,0.7662037037037037,0.6359269932756965,0.8385961822329577,0.664060618957338,0.7532552083333334,249.0,287.0,0.3205574912891986,0.3694779116465863,0.3432835820895522,0.7391929801568355,0.3270292622608202,0.7708333333333334
vit,plc-50,Qr,0.55428004,1433.0,1496.0,0.94451871657754,0.9860432658757852,0.9648344144759304,0.7852255096579245,0.9748482706767536,0.9329427083333334,1511.0,1535.0,0.98371335504886,0.99933818663137,0.9914642153644124,0.8231634679020517,0.9964790396193224,0.9830729166666666
vit,plc-5,af1,0.25427327,571.0,1204.0,0.4194352159468438,0.8844133099824869,0.5690140845070423,0.6540130486465886,0.5056839394636663,0.501953125,435.0,1363.0,0.2927366104181951,0.9172413793103448,0.4438264738598442,0.5966133191351646,0.3713906385552467,0.3489583333333333
vit,plc-5,Qal,0.45028415,950.0,1531.0,0.6198563030698889,0.9989473684210526,0.7650141072148328,0.560781390335908,0.6655222097453461,0.6204427083333334,845.0,1534.0,0.5501955671447197,0.9988165680473372,0.7095418242959226,0.6133756925474614,0.6541209314949897,0.5501302083333334
vit,plc-5,Qaf,0.012820344,13.0,283.0,0.0141342756183745,0.3076923076923077,0.027027027027027,0.6603363806252841,0.0142686050402944,0.8125,6.0,99.0,0.0,0.0,0.0,0.6064270152505447,0.0075778860177773,0.931640625
vit,plc-5,Qat,0.06483557,61.0,296.0,0.0675675675675675,0.3278688524590163,0.1120448179271708,0.6590608502361767,0.0725664410235058,0.7936197916666666,77.0,78.0,0.0769230769230769,0.0779220779220779,0.0774193548387096,0.553706060902771,0.0616380310793938,0.9069010416666666
vit,plc-5,Qc,0.3155905,749.0,1056.0,0.6107954545454546,0.8611481975967957,0.7146814404432132,0.7945197578134675,0.812253484872419,0.6647135416666666,456.0,1097.0,0.3755697356426618,0.9035087719298246,0.5305859626529298,0.7748598927875243,0.605824488818685,0.525390625
vit,plc-5,Qca,0.22682014,432.0,649.0,0.4915254237288136,0.7384259259259259,0.5901942645698427,0.7845209339774555,0.579360846178416,0.7115885416666666,249.0,422.0,0.3957345971563981,0.6706827309236948,0.4977645305514158,0.8361526915743784,0.464955890762199,0.7805989583333334
vit,plc-5,Qr,0.7934121,1433.0,1535.0,0.9328990228013028,0.9993021632937892,0.9649595687331536,0.7899240509759551,0.9805904507444072,0.9322916666666666,1511.0,1536.0,0.9837239583333334,1.0,0.9917952084017068,0.7295301125082727,0.9941748580920152,0.9837239583333334
vit,prc-100,af1,0.27799785,571.0,1140.0,0.4280701754385965,0.8546409807355516,0.570426651081239,0.6231735978149416,0.4603770309171751,0.521484375,435.0,1313.0,0.3015993907083016,0.9103448275862068,0.4530892448512585,0.5441364694582771,0.2984366273676118,0.3776041666666667
vit,prc-100,Qal,0.39369783,950.0,1092.0,0.7527472527472527,0.8652631578947368,0.8050930460333007,0.800298185737381,0.8629399121092923,0.7408854166666666,845.0,1156.0,0.5977508650519031,0.8177514792899409,0.6906546726636682,0.6092619392185239,0.6425583905236212,0.5970052083333334
vit,prc-100,Qaf,0.06995123,13.0,24.0,0.0416666666666666,0.0769230769230769,0.054054054054054,0.8165563917369565,0.0354936275380809,0.9772135416666666,6.0,4.0,0.0,0.0,0.0,0.5826797385620914,0.0056936271131867,0.9934895833333334
vit,prc-100,Qat,0.18442373,61.0,183.0,0.1912568306010929,0.5737704918032787,0.2868852459016393,0.856904695748819,0.1815621573369741,0.88671875,77.0,126.0,0.0238095238095238,0.0389610389610389,0.0295566502463054,0.5004050096579226,0.0504363806623741,0.8717447916666666
vit,prc-100,Qc,0.39645004,749.0,812.0,0.8325123152709359,0.9025367156208278,0.866111467008328,0.949889984613114,0.9522724247319356,0.8639322916666666,456.0,650.0,0.6538461538461539,0.9320175438596492,0.7685352622061483,0.9510741552956464,0.9076407001569198,0.8333333333333334
vit,prc-100,Qca,0.3984845,432.0,525.0,0.6704761904761904,0.8148148148148148,0.735632183908046,0.9199124396135264,0.8320727003541074,0.8352864583333334,249.0,385.0,0.5324675324675324,0.8232931726907631,0.6466876971608833,0.9268152641646618,0.6883458342102557,0.8541666666666666
vit,prc-100,Qr,0.42337102,1433.0,1489.0,0.9529885829415716,0.9902302861130496,0.971252566735113,0.8730140448106016,0.9882357754156096,0.9453125,1511.0,1520.0,0.988157894736842,0.9940436796823297,0.9910920488287692,0.8989013898080742,0.9980214644951556,0.982421875
vit,prc-10,af1,0.29272985,571.0,937.0,0.4781216648879402,0.7845884413309983,0.5941644562334217,0.7183978657568306,0.638029199976073,0.6015625,435.0,1007.0,0.3445878848063555,0.7977011494252874,0.4812760055478502,0.6679570296595572,0.4506521094327694,0.5130208333333334
vit,prc-10,Qal,0.5235493,950.0,1105.0,0.7221719457013575,0.84,0.7766423357664234,0.7597610921501707,0.8318984594471456,0.701171875,845.0,1362.0,0.5447870778267254,0.8781065088757396,0.6724059809696421,0.619126726551863,0.6992324771123462,0.529296875
vit,prc-10,Qaf,0.049380533,13.0,70.0,0.0285714285714285,0.1538461538461538,0.0481927710843373,0.7853426940754584,0.0286733435220651,0.9485677083333334,6.0,25.0,0.0,0.0,0.0,0.536165577342048,0.0102816398415735,0.9798177083333334
vit,prc-10,Qat,0.19796768,61.0,142.0,0.1619718309859155,0.3770491803278688,0.2266009852216748,0.8110808557932758,0.1917224742852102,0.8977864583333334,77.0,81.0,0.1111111111111111,0.1168831168831168,0.1139240506329113,0.5842642621258112,0.0737675709485026,0.9088541666666666
vit,prc-10,Qc,0.50800747,749.0,866.0,0.789838337182448,0.9132176234979972,0.8470588235294118,0.9293526480881752,0.923927537278499,0.8391927083333334,456.0,782.0,0.5549872122762148,0.9517543859649122,0.7011308562197092,0.9249096410006498,0.826799272864548,0.7591145833333334
vit,prc-10,Qca,0.36403415,432.0,428.0,0.6752336448598131,0.6689814814814815,0.672093023255814,0.8684937768384327,0.7299995729795133,0.81640625,249.0,428.0,0.3317757009345794,0.570281124497992,0.4194977843426883,0.7597476151693019,0.3284732859195257,0.744140625
vit,prc-10,Qr,0.53160197,1433.0,1506.0,0.9455511288180612,0.9937194696441032,0.9690370874447092,0.901544048401412,0.9918239314215692,0.9407552083333334,1511.0,1525.0,0.9842622950819672,0.9933818663136996,0.9888010540184452,0.7896757114493712,0.9945198141827823,0.9778645833333334
vit,prc-200,af1,0.23047516,571.0,1237.0,0.4203718674211802,0.9106830122591943,0.5752212389380531,0.6364890247996878,0.4612857661673358,0.5,435.0,1407.0,0.2985074626865671,0.9655172413793104,0.4560260586319218,0.5383287920072661,0.3002087919640377,0.34765625
vit,prc-200,Qal,0.48125038,950.0,1228.0,0.6946254071661238,0.8978947368421053,0.783287419651056,0.7638620441889707,0.8433848478229652,0.6927083333333334,845.0,1293.0,0.5831399845320959,0.8923076923076924,0.7053320860617399,0.6130588547598456,0.6648897724438949,0.58984375
vit,prc-200,Qaf,0.067910396,13.0,40.0,0.125,0.3846153846153846,0.1886792452830188,0.9259558563563816,0.0819737177248974,0.9720052083333334,6.0,4.0,0.0,0.0,0.0,0.7898692810457515,0.0117917657960748,0.9934895833333334
vit,prc-200,Qat,0.14211826,61.0,159.0,0.1886792452830188,0.4918032786885246,0.2727272727272727,0.8781994998610725,0.2299320794759382,0.8958333333333334,77.0,74.0,0.027027027027027,0.0259740259740259,0.0264900662251655,0.51826103985117,0.0494191609701498,0.904296875
vit,prc-200,Qc,0.29061612,749.0,849.0,0.7762073027090695,0.8798397863818425,0.8247809762202754,0.9158132062572204,0.92931862793438,0.8177083333333334,456.0,693.0,0.5772005772005772,0.8771929824561403,0.6962576153176675,0.915566114359974,0.8658952637396363,0.7727864583333334
vit,prc-200,Qca,0.31386375,432.0,557.0,0.6570915619389587,0.8472222222222222,0.7401415571284126,0.9106405998389696,0.7531120541125629,0.8326822916666666,249.0,340.0,0.6176470588235294,0.8433734939759037,0.7130730050933786,0.9489239007311296,0.7354638104060287,0.8899739583333334
vit,prc-200,Qr,0.6872083,1433.0,1458.0,0.9547325102880658,0.9713886950453594,0.9629885852646144,0.858027493411202,0.9867507505513916,0.9303385416666666,1511.0,1524.0,0.98753280839895,0.9960291197882196,0.9917627677100496,0.8267902051621442,0.9958620012351604,0.9837239583333334
vit,prc-20,af1,0.28050724,571.0,1206.0,0.4286898839137645,0.9054290718038528,0.5818795723128869,0.6691904939066995,0.5568225093610599,0.5162760416666666,435.0,1412.0,0.2924929178470254,0.9494252873563218,0.4472116946399567,0.5382964285341434,0.3129870995021199,0.3352864583333333
vit,prc-20,Qal,0.43661514,950.0,1188.0,0.7121212121212122,0.8905263157894737,0.7913938260056127,0.7819507813903359,0.8494950118159397,0.7096354166666666,845.0,1431.0,0.5604472396925227,0.9491124260355028,0.7047451669595782,0.6349669032959693,0.6887313339453804,0.5625
vit,prc-20,Qaf,0.07061499,13.0,31.0,0.0967741935483871,0.2307692307692307,0.1363636363636363,0.8442850649022677,0.0783372612463306,0.9752604166666666,6.0,1.0,0.0,0.0,0.0,0.5819172113289761,0.005371631049132,0.9954427083333334
vit,prc-20,Qat,0.08756832,61.0,271.0,0.1439114391143911,0.639344262295082,0.2349397590361445,0.8485245901639344,0.18647027581352,0.8346354166666666,77.0,225.0,0.0666666666666666,0.1948051948051948,0.0993377483443708,0.617724290788033,0.0693894192025463,0.8229166666666666
vit,prc-20,Qc,0.30162424,749.0,869.0,0.7917146144994246,0.918558077436582,0.8504326328800988,0.9363844719685546,0.9353817100662528,0.8424479166666666,456.0,752.0,0.5558510638297872,0.9166666666666666,0.6920529801324503,0.9053443794671866,0.8207084017535455,0.7578125
vit,prc-20,Qca,0.42405745,432.0,477.0,0.6729559748427673,0.7430555555555556,0.7062706270627063,0.8834834608158884,0.774504586875672,0.826171875,249.0,457.0,0.3676148796498906,0.6746987951807228,0.4759206798866855,0.7912801165813212,0.448381131093244,0.7591145833333334
vit,prc-20,Qr,0.36174986,1433.0,1507.0,0.9429329794293296,0.9916259595254712,0.9666666666666668,0.8840371547232704,0.9895830228593426,0.9361979166666666,1511.0,1533.0,0.984996738421396,0.99933818663137,0.9921156373193168,0.7917935142289874,0.9937944629097836,0.984375
vit,prc-50,af1,0.1854861,571.0,1341.0,0.4079045488441462,0.957968476357268,0.5721757322175732,0.6171719463172508,0.4678603820233946,0.4674479166666667,435.0,1462.0,0.2893296853625171,0.9724137931034482,0.4459673168160253,0.5196738597095639,0.2922602516086556,0.3157552083333333
vit,prc-50,Qal,0.36524633,950.0,1192.0,0.7088926174496645,0.8894736842105263,0.7889822595704948,0.7937740255074547,0.8589457456826465,0.7057291666666666,845.0,1362.0,0.5770925110132159,0.9301775147928996,0.712279111916629,0.6048022332782436,0.638505819659998,0.5865885416666666
vit,prc-50,Qaf,0.07824421,13.0,44.0,0.0681818181818181,0.2307692307692307,0.1052631578947368,0.8617606949845953,0.0542223098922575,0.966796875,6.0,8.0,0.0,0.0,0.0,0.6940087145969498,0.0071077841998199,0.9908854166666666
vit,prc-50,Qat,0.08754763,61.0,226.0,0.1769911504424778,0.6557377049180327,0.2787456445993031,0.8553598221728258,0.1815497615460355,0.865234375,77.0,179.0,0.0502793296089385,0.1168831168831168,0.0703125,0.5438434081340181,0.0647244561228171,0.8450520833333334
vit,prc-50,Qc,0.19068947,749.0,863.0,0.8215527230590962,0.9465954606141522,0.8796526054590571,0.9572577074388045,0.9546675523107232,0.8736979166666666,456.0,696.0,0.6293103448275862,0.9605263157894736,0.7604166666666666,0.9564165042235218,0.9138943848858228,0.8203125
vit,prc-50,Qca,0.3586911,432.0,504.0,0.6904761904761905,0.8055555555555556,0.7435897435897436,0.9210488794954376,0.8491256999255831,0.84375,249.0,428.0,0.4789719626168224,0.8232931726907631,0.6056129985228951,0.9025940592205652,0.6294727252950647,0.826171875
vit,prc-50,Qr,0.46715933,1433.0,1500.0,0.9466666666666668,0.9909281228192603,0.968291851346744,0.8742132399270998,0.988606739436247,0.939453125,1511.0,1529.0,0.9862655330281228,0.9980145598941098,0.9921052631578948,0.8828060886829915,0.9976961791541312,0.984375
vit,prc-5,af1,0.32827365,571.0,880.0,0.4965909090909091,0.7653239929947461,0.6023432115782219,0.7466784025843216,0.6810985461584693,0.6243489583333334,435.0,797.0,0.4040150564617314,0.7402298850574712,0.5227272727272727,0.7249397099815216,0.5294528133366775,0.6171875
vit,prc-5,Qal,0.5123434,950.0,1086.0,0.7274401473296501,0.8315789473684211,0.7760314341846758,0.758800071851985,0.8378682684390195,0.703125,845.0,1270.0,0.6015748031496063,0.9041420118343196,0.7224586288416076,0.7067383690560802,0.7481447801622936,0.6178385416666666
vit,prc-5,Qaf,0.020057332,13.0,155.0,0.0193548387096774,0.2307692307692307,0.0357142857142857,0.7671599575736148,0.0803538485148294,0.89453125,6.0,92.0,0.0,0.0,0.0,0.5419389978213508,0.004723114064454,0.9361979166666666
vit,prc-5,Qat,0.27959895,61.0,65.0,0.1692307692307692,0.180327868852459,0.1746031746031746,0.8138038343984441,0.1471691282078019,0.9322916666666666,77.0,119.0,0.1428571428571428,0.2207792207792207,0.173469387755102,0.6948096454607763,0.0975273966269942,0.89453125
vit,prc-5,Qc,0.60286504,749.0,722.0,0.8351800554016621,0.8050734312416555,0.8198504418762746,0.9151074791802032,0.916894166431174,0.8274739583333334,456.0,607.0,0.6803953871499177,0.9057017543859648,0.7770460959548448,0.936488791423002,0.8698846712996385,0.845703125
vit,prc-5,Qca,0.3151038,432.0,540.0,0.6055555555555555,0.7569444444444444,0.6728395061728395,0.874362587224906,0.7496598706173909,0.79296875,249.0,422.0,0.4360189573459715,0.7389558232931727,0.5484351713859911,0.8501168621650549,0.4854914255601067,0.802734375
vit,prc-5,Qr,0.17744388,1433.0,1523.0,0.9356533158240316,0.994417306350314,0.9641407307171854,0.8779531026632972,0.9894629091909316,0.9309895833333334,1511.0,1536.0,0.9837239583333334,1.0,0.9917952084017068,0.6767438782263401,0.9916543126463988,0.9837239583333334
vit,rgb+nir,af1,0.25135446,571.0,832.0,0.578125,0.8423817863397548,0.6856735566642908,0.8318049417892435,0.7703445039682566,0.712890625,435.0,780.0,0.3051282051282051,0.5471264367816092,0.3917695473251029,0.5481599799555262,0.3286296703947891,0.5188802083333334
vit,rgb+nir,Qal,0.2515018,950.0,1475.0,0.6345762711864407,0.9852631578947368,0.7719587628865979,0.6968205496676846,0.7840856449824775,0.6399739583333334,845.0,1447.0,0.548030407740152,0.9384615384615383,0.6919720767888308,0.5194392827477543,0.5491151694030079,0.5403645833333334
vit,rgb+nir,Qaf,0.024859384,13.0,218.0,0.0412844036697247,0.6923076923076923,0.0779220779220779,0.8134249204505278,0.03173203664214,0.861328125,6.0,22.0,0.0,0.0,0.0,0.284313725490196,0.0029783495584466,0.9817708333333334
vit,rgb+nir,Qat,0.14305136,61.0,110.0,0.2363636363636363,0.4262295081967213,0.3040935672514619,0.8591942206168379,0.1932982136754133,0.9225260416666666,77.0,74.0,0.027027027027027,0.0259740259740259,0.0264900662251655,0.2550581700684511,0.0328493122457038,0.904296875
vit,rgb+nir,Qc,0.35285482,749.0,822.0,0.7773722627737226,0.8531375166889186,0.8134945894334819,0.9067388453558576,0.9088352213101164,0.8092447916666666,456.0,245.0,0.5346938775510204,0.2872807017543859,0.3737517831669044,0.7677936159844053,0.5089584385926458,0.7141927083333334
vit,rgb+nir,Qca,0.30689076,432.0,514.0,0.6070038910505836,0.7222222222222222,0.6596194503171248,0.8517029824208268,0.6896823613368545,0.7903645833333334,249.0,13.0,0.0,0.0,0.0,0.6923857044338971,0.2233337683168295,0.8294270833333334
vit,rgb+nir,Qr,0.26001525,1433.0,1529.0,0.934597776324395,0.9972086531751572,0.9648885887913572,0.8656088455883846,0.9885456585016144,0.9322916666666666,1511.0,1534.0,0.983702737940026,0.99867637326274,0.9911330049261085,0.6840767703507612,0.9925312631633516,0.982421875
vit,rgb,af1,0.4689314,571.0,646.0,0.6207430340557275,0.702276707530648,0.6589975349219392,0.8138018021287987,0.7424210563533649,0.7298177083333334,435.0,1325.0,0.2875471698113208,0.8758620689655172,0.4329545454545455,0.520250138327748,0.314686558670727,0.3502604166666667
vit,rgb,Qal,0.39571762,950.0,1378.0,0.658200290275762,0.9547368421052632,0.7792096219931272,0.666116400215556,0.7485562193602413,0.6653645833333334,845.0,51.0,0.6078431372549019,0.0366863905325443,0.0691964285714285,0.4884542597556067,0.5591671122855744,0.45703125
vit,rgb,Qaf,0.024616104,13.0,73.0,0.0273972602739726,0.1538461538461538,0.0465116279069767,0.7824637607959998,0.0326471953279007,0.9466145833333334,6.0,2.0,0.0,0.0,0.0,0.3014161220043573,0.0031210260772637,0.9947916666666666
vit,rgb,Qat,0.16271728,61.0,56.0,0.125,0.1147540983606557,0.1196581196581196,0.7756265629341483,0.1078746331343068,0.9329427083333334,77.0,4.0,0.0,0.0,0.0,0.4146052713564708,0.0392429981618231,0.947265625
vit,rgb,Qc,0.4596463,749.0,683.0,0.8228404099560761,0.7503337783711616,0.7849162011173184,0.885346493333763,0.8915258008585517,0.7994791666666666,456.0,12.0,0.6666666666666666,0.0175438596491228,0.0341880341880341,0.7871994801819362,0.5942712018393652,0.7057291666666666
vit,rgb,Qca,0.3048166,432.0,578.0,0.5605536332179931,0.75,0.6415841584158416,0.8287624127750939,0.6289522625279474,0.7643229166666666,249.0,26.0,0.3461538461538461,0.036144578313253,0.0654545454545454,0.8769249492141059,0.5059564667928157,0.8326822916666666
vit,rgb,Qr,0.435195,1433.0,1535.0,0.9335504885993484,1.0,0.965633423180593,0.811184357617599,0.9809756800054668,0.93359375,1511.0,1533.0,0.9836921069797782,0.9980145598941098,0.990801576872536,0.6893448047650562,0.9915256812421304,0.9817708333333334
vit,s-100,af1,0.2559421,571.0,1296.0,0.4089506172839506,0.9281961471103328,0.5677557579003749,0.6328158035625164,0.4693478390856006,0.474609375,435.0,1447.0,0.2950932964754665,0.9816091954022989,0.4537725823591923,0.5189138400826835,0.2781756679858997,0.3307291666666667
vit,s-100,Qal,0.42669085,950.0,1340.0,0.6649253731343283,0.9378947368421052,0.7781659388646288,0.7140003592599244,0.7951463607170582,0.6692708333333334,845.0,1373.0,0.5680990531682447,0.9230769230769232,0.7033363390441839,0.5608885159146764,0.5766241346333842,0.5716145833333334
vit,s-100,Qaf,0.07443397,13.0,12.0,0.0,0.0,0.0,0.8263043588060004,0.0295599141652722,0.9837239583333334,6.0,10.0,0.0,0.0,0.0,0.6379084967320261,0.0062773697788138,0.9895833333333334
vit,s-100,Qat,0.05851837,61.0,514.0,0.0680933852140077,0.5737704918032787,0.1217391304347826,0.7145318143928869,0.0902000012077931,0.6712239583333334,77.0,262.0,0.015267175572519,0.0519480519480519,0.023598820058997,0.3786706781908975,0.0371558055512802,0.7845052083333334
vit,s-100,Qc,0.48125812,749.0,791.0,0.8584070796460177,0.9065420560747663,0.8818181818181818,0.9564247459128056,0.9595127863341504,0.8815104166666666,456.0,585.0,0.7230769230769231,0.9276315789473684,0.8126801152737753,0.9576916829109812,0.918482961586672,0.873046875
vit,s-100,Qca,0.3959056,432.0,613.0,0.5840130505709625,0.8287037037037037,0.6851674641148325,0.8829362084004294,0.7096861594770553,0.7858072916666666,249.0,331.0,0.6465256797583081,0.8594377510040161,0.7379310344827587,0.9506838542983124,0.7066076710738979,0.9010416666666666
vit,s-100,Qr,0.59582305,1433.0,1532.0,0.933420365535248,0.9979064898813678,0.9645868465430016,0.7039410836116775,0.966441499919533,0.931640625,1511.0,1536.0,0.9837239583333334,1.0,0.9917952084017068,0.763944407677035,0.993429320057346,0.9837239583333334
vit,s-10,af1,0.3628211,571.0,804.0,0.5211442786069652,0.7338003502626971,0.6094545454545455,0.7399671515294501,0.649209528061861,0.650390625,435.0,885.0,0.3559322033898305,0.7241379310344828,0.4772727272727273,0.6569304811717664,0.4114174101260343,0.55078125
vit,s-10,Qal,0.352701,950.0,1318.0,0.6631259484066768,0.92,0.7707231040564374,0.7220855038620442,0.7984558381671674,0.6614583333333334,845.0,1402.0,0.543509272467903,0.901775147928994,0.678237650200267,0.4926964608362805,0.5374121397653282,0.529296875
vit,s-10,Qaf,0.029626941,13.0,320.0,0.025,0.6153846153846154,0.048048048048048,0.8291327844840648,0.0386365876296932,0.7936197916666666,6.0,160.0,0.0,0.0,0.0,0.4812636165577342,0.0041763941750607,0.8919270833333334
vit,s-10,Qat,0.076240346,61.0,213.0,0.1267605633802817,0.4426229508196721,0.1970802919708029,0.7683801055848847,0.1078838321429447,0.8567708333333334,77.0,145.0,0.0275862068965517,0.0519480519480519,0.036036036036036,0.4663797477368416,0.0461195302361997,0.8606770833333334
vit,s-10,Qc,0.3850782,749.0,799.0,0.8710888610763454,0.9292389853137516,0.8992248062015504,0.9665780549415316,0.967300102770096,0.8984375,456.0,622.0,0.707395498392283,0.9649122807017544,0.8163265306122449,0.9738588369070824,0.9459858682138528,0.87109375
vit,s-10,Qca,0.3283784,432.0,538.0,0.6245353159851301,0.7777777777777778,0.6927835051546392,0.8797931763285024,0.7780718377061783,0.8059895833333334,249.0,398.0,0.5326633165829145,0.8514056224899599,0.6553323029366306,0.9224122597616572,0.6406094201081077,0.8548177083333334
vit,s-10,Qr,0.54416025,1433.0,1515.0,0.9353135313531352,0.988834612700628,0.9613297150610584,0.827397204588107,0.9814569923719664,0.92578125,1511.0,1533.0,0.9843444227005872,0.99867637326274,0.9914586070959264,0.6551952349437459,0.990307132421348,0.9830729166666666
vit,s-200,af1,0.2766958,571.0,1181.0,0.4284504657070279,0.8861646234676007,0.5776255707762558,0.6249612079525966,0.4596719894643111,0.5182291666666666,435.0,1419.0,0.2966878083157153,0.967816091954023,0.4541531823085221,0.5280340756052492,0.3062618038052916,0.3411458333333333
vit,s-200,Qal,0.49838507,950.0,1316.0,0.6550151975683891,0.9073684210526316,0.7608120035304501,0.6675031435243398,0.7545958364550766,0.6471354166666666,845.0,1324.0,0.56797583081571,0.8899408284023669,0.6934071000461042,0.5456203598249685,0.5714000440795712,0.5670572916666666
vit,s-200,Qaf,0.039014608,13.0,75.0,0.0266666666666666,0.1538461538461538,0.0454545454545454,0.8319612101621294,0.0317967052383409,0.9453125,6.0,49.0,0.0,0.0,0.0,0.5802832244008714,0.0052435975400507,0.9641927083333334
vit,s-200,Qat,0.1472534,61.0,127.0,0.1338582677165354,0.2786885245901639,0.1808510638297872,0.7646679633231453,0.1221561796259293,0.8997395833333334,77.0,27.0,0.0,0.0,0.0,0.4061757296849826,0.0390823530781503,0.9322916666666666
vit,s-200,Qc,0.24296945,749.0,844.0,0.7701421800947867,0.8678237650200267,0.8160703075957313,0.9122777850348538,0.9303111998741476,0.8092447916666666,456.0,713.0,0.576437587657784,0.9013157894736842,0.7031650983746792,0.9162016731643926,0.8648338258666733,0.7740885416666666
vit,s-200,Qca,0.2912679,432.0,686.0,0.577259475218659,0.9166666666666666,0.7084078711985689,0.8837811996779388,0.6832229032301106,0.7877604166666666,249.0,380.0,0.618421052631579,0.9437751004016064,0.7472178060413355,0.9582229461747532,0.7402881579372291,0.896484375
vit,s-200,Qr,0.64201343,1433.0,1503.0,0.9394544244843646,0.9853454291695743,0.9618528610354224,0.7735892519597016,0.976033755813747,0.9270833333333334,1511.0,1536.0,0.9837239583333334,1.0,0.9917952084017068,0.8662342819324951,0.9969708065797824,0.9837239583333334
vit,s-20,af1,0.28455856,571.0,1101.0,0.4459582198001816,0.8598949211908932,0.5873205741626795,0.6850013157536547,0.5682159244634568,0.55078125,435.0,1313.0,0.3000761614623001,0.9057471264367816,0.4508009153318077,0.5823232797770053,0.3380916953779704,0.375
vit,s-20,Qal,0.37052044,950.0,1215.0,0.6864197530864198,0.8778947368421053,0.7704387990762125,0.7401975929585056,0.8236499724984765,0.6764322916666666,845.0,1323.0,0.5563114134542706,0.8710059171597633,0.6789667896678967,0.5293280469947508,0.5801063903751085,0.546875
vit,s-20,Qaf,0.012328596,13.0,259.0,0.0193050193050193,0.3846153846153846,0.0367647058823529,0.7163493105712411,0.0228252478902294,0.8294270833333334,6.0,155.0,0.0,0.0,0.0,0.6561002178649237,0.0064040166615518,0.8951822916666666
vit,s-20,Qat,0.08220837,61.0,220.0,0.1363636363636363,0.4918032786885246,0.2135231316725978,0.8199944429008057,0.1453004063979392,0.8561197916666666,77.0,137.0,0.0437956204379562,0.0779220779220779,0.0560747663551401,0.5367401618258368,0.055047437313879,0.8684895833333334
vit,s-20,Qc,0.35754842,749.0,796.0,0.8806532663316583,0.9359145527369828,0.9074433656957928,0.9753182133569028,0.9767524678394716,0.9069010416666666,456.0,606.0,0.731023102310231,0.9714912280701754,0.8342749529190208,0.9806164717348927,0.9598580679024808,0.8854166666666666
vit,s-20,Qca,0.37941563,432.0,483.0,0.6832298136645962,0.7638888888888888,0.7213114754098361,0.9029413244766504,0.8185779317468145,0.833984375,249.0,333.0,0.6396396396396397,0.8554216867469879,0.7319587628865979,0.9397028674137108,0.7229663459182534,0.8984375
vit,s-20,Qr,0.5690522,1433.0,1476.0,0.9471544715447154,0.975575715282624,0.961155036094878,0.8587727559129804,0.98718960308396,0.9264322916666666,1511.0,1521.0,0.9835634451019066,0.9900727994705492,0.9868073878627968,0.6341230972865652,0.9906489764046648,0.9739583333333334
vit,s-50,af1,0.21559826,571.0,1283.0,0.4123148869836321,0.9264448336252188,0.5706580366774542,0.628844949774507,0.4662713247644618,0.4817708333333333,435.0,1378.0,0.2989840348330914,0.9471264367816092,0.4544953116381688,0.577339304916116,0.3277330726496807,0.3561197916666667
vit,s-50,Qal,0.36858946,950.0,1346.0,0.6604754829123328,0.9357894736842104,0.774390243902439,0.7350098796479252,0.8140335222906131,0.6627604166666666,845.0,1370.0,0.5569343065693431,0.9029585798816568,0.688939051918736,0.5317034740835254,0.5520277478427653,0.5514322916666666
vit,s-50,Qaf,0.013105134,13.0,354.0,0.0310734463276836,0.8461538461538461,0.0599455040871934,0.8031718773675438,0.0229123419653876,0.775390625,6.0,156.0,0.0064102564102564,0.1666666666666666,0.0123456790123456,0.7842047930283225,0.0098944320289638,0.8958333333333334
vit,s-50,Qat,0.09087442,61.0,127.0,0.1417322834645669,0.2950819672131147,0.1914893617021276,0.7614781883856626,0.1185489126943469,0.9010416666666666,77.0,69.0,0.0869565217391304,0.0779220779220779,0.0821917808219178,0.4749294571090321,0.0611353505278129,0.9127604166666666
vit,s-50,Qc,0.5826318,749.0,780.0,0.882051282051282,0.918558077436582,0.8999345977763243,0.9713315339554816,0.9704711616800962,0.900390625,456.0,554.0,0.7689530685920578,0.9342105263157896,0.8435643564356435,0.9727988953866148,0.9493816127526654,0.8971354166666666
vit,s-50,Qca,0.38776955,432.0,550.0,0.6363636363636364,0.8101851851851852,0.7128309572301426,0.9018782709339777,0.7893400979360408,0.81640625,249.0,418.0,0.5502392344497608,0.923694779116466,0.6896551724137931,0.9481437794690808,0.7337000952176785,0.865234375
vit,s-50,Qr,0.6832778,1433.0,1528.0,0.9339005235602096,0.9958129797627356,0.9638635596082404,0.7392462008550194,0.9721702813037296,0.9303385416666666,1511.0,1535.0,0.98371335504886,0.99933818663137,0.9914642153644124,0.5935936465916613,0.9896071465729448,0.9830729166666666
vit,s-5,af1,0.31438863,571.0,739.0,0.550744248985115,0.712784588441331,0.6213740458015267,0.7562752375162201,0.6446831576925425,0.6770833333333334,435.0,651.0,0.4208909370199692,0.6298850574712643,0.5046040515653776,0.6971384425861546,0.4337073373019288,0.6497395833333334
vit,s-5,Qal,0.37593675,950.0,1411.0,0.6364280652019844,0.9452631578947368,0.7606946209233376,0.7147467217531884,0.7993028317900494,0.6321614583333334,845.0,1467.0,0.5494205862304021,0.953846153846154,0.6972318339100346,0.5128079534847876,0.5543070063588361,0.5442708333333334
vit,s-5,Qaf,0.028051222,13.0,34.0,0.0294117647058823,0.0769230769230769,0.0425531914893617,0.8108995403808273,0.0314703013274647,0.970703125,6.0,22.0,0.0,0.0,0.0,0.6200435729847494,0.0059730047010404,0.9817708333333334
vit,s-5,Qat,0.08810268,61.0,319.0,0.1003134796238244,0.5245901639344263,0.1684210526315789,0.7674465129202557,0.1216492277999518,0.7942708333333334,77.0,192.0,0.0885416666666666,0.2207792207792207,0.1263940520446096,0.5516943645799026,0.0682916735368636,0.8470052083333334
vit,s-5,Qc,0.58181787,749.0,706.0,0.9291784702549576,0.8758344459279038,0.9017182130584191,0.970749648408806,0.9726952530397042,0.9069010416666666,456.0,541.0,0.7985212569316081,0.9473684210526316,0.8665997993981945,0.980492608836907,0.963266360729728,0.9134114583333334
vit,s-5,Qca,0.44630417,432.0,452.0,0.6991150442477876,0.7314814814814815,0.7149321266968326,0.8871464875201288,0.7949804664628212,0.8359375,249.0,387.0,0.5555555555555556,0.8634538152610441,0.6761006289308176,0.9266405170019628,0.666060037841387,0.8658854166666666
vit,s-5,Qr,0.6502803,1433.0,1526.0,0.936435124508519,0.9972086531751572,0.965866846907739,0.8637998902431587,0.9885236475688864,0.9342447916666666,1511.0,1535.0,0.98371335504886,0.99933818663137,0.9914642153644124,0.7436399735274654,0.9927613839056236,0.9830729166666666
vit,sds-101,af1,0.23725592,571.0,1209.0,0.4143920595533499,0.8774080560420315,0.5629213483146067,0.657570120595628,0.5220711089123317,0.4934895833333333,435.0,1131.0,0.3253757736516357,0.8459770114942529,0.4699872286079182,0.6505851524737177,0.4220657514036445,0.4596354166666667
vit,sds-101,Qal,0.36695972,950.0,1467.0,0.6244035446489434,0.9642105263157896,0.7579644187008688,0.6218465960122148,0.7203670023053943,0.619140625,845.0,1487.0,0.5494283792871554,0.9668639053254438,0.7006861063464837,0.4994099966603584,0.5373007579257203,0.5455729166666666
vit,sds-101,Qaf,0.0545099,13.0,11.0,0.0909090909090909,0.0769230769230769,0.0833333333333333,0.7567553916864488,0.0288555418338798,0.9856770833333334,6.0,3.0,0.0,0.0,0.0,0.492156862745098,0.0045944960905694,0.994140625
vit,sds-101,Qat,0.059993595,61.0,483.0,0.062111801242236,0.4918032786885246,0.1102941176470588,0.6696304529035844,0.0703463805392128,0.6848958333333334,77.0,294.0,0.1258503401360544,0.4805194805194805,0.1994609164420485,0.6414017784819704,0.1479504433987085,0.806640625
vit,sds-101,Qc,0.37420493,749.0,959.0,0.7340980187695516,0.9399198931909212,0.8243559718969555,0.9012847286428496,0.8842827501370443,0.8046875,456.0,822.0,0.5413625304136253,0.975877192982456,0.6964006259780907,0.9475471085120208,0.9034451116944362,0.7473958333333334
vit,sds-101,Qca,0.25331807,432.0,758.0,0.4327176781002638,0.7592592592592593,0.5512605042016807,0.758839908749329,0.5383364754904177,0.65234375,249.0,726.0,0.3209366391184573,0.9357429718875502,0.4779487179487179,0.8608294873355115,0.5374824845888764,0.6686197916666666
vit,sds-101,Qr,0.7644319,1433.0,1535.0,0.9328990228013028,0.9993021632937892,0.9649595687331536,0.6989613750770669,0.9710442173559668,0.9322916666666666,1511.0,1536.0,0.9837239583333334,1.0,0.9917952084017068,0.6438649900727993,0.9900328752244788,0.9837239583333334
vit,sds-11,af1,0.24139468,571.0,940.0,0.4787234042553192,0.7880910683012259,0.5956320317670417,0.7158171737611498,0.5937509749998732,0.6022135416666666,435.0,778.0,0.4177377892030848,0.7471264367816092,0.5358615004122012,0.7145771346842473,0.4653397680000403,0.6334635416666666
vit,sds-11,Qal,0.35519755,950.0,1472.0,0.6209239130434783,0.9621052631578948,0.7547481420313791,0.6412107059457518,0.743070459925302,0.61328125,845.0,1468.0,0.5510899182561307,0.957396449704142,0.6995244271508863,0.5798097260637616,0.65333541795266,0.5475260416666666
vit,sds-11,Qaf,0.009969912,13.0,631.0,0.0158478605388272,0.7692307692307693,0.031055900621118,0.7387746855901813,0.0173651654274722,0.59375,6.0,608.0,0.0032894736842105,0.3333333333333333,0.006514657980456,0.4906318082788671,0.0042999126023736,0.6028645833333334
vit,sds-11,Qat,0.10288532,61.0,77.0,0.0909090909090909,0.1147540983606557,0.1014492753623188,0.709041400388997,0.0875452708779167,0.9192708333333334,77.0,70.0,0.2571428571428571,0.2337662337662337,0.2448979591836734,0.6800957781081153,0.1841199932125087,0.927734375
vit,sds-11,Qc,0.4301479,749.0,833.0,0.7839135654261705,0.8718291054739653,0.8255372945638433,0.9150871216683658,0.919679274467794,0.8203125,456.0,762.0,0.5748031496062992,0.9605263157894736,0.7192118226600985,0.9492060591293048,0.9030680325313408,0.77734375
vit,sds-11,Qca,0.44402212,432.0,455.0,0.6021978021978022,0.6342592592592593,0.6178128523111612,0.8121624228395062,0.6316076840591512,0.779296875,249.0,487.0,0.4414784394250513,0.8634538152610441,0.5842391304347826,0.8601648240202457,0.465271532457757,0.80078125
vit,sds-11,Qr,0.8149542,1433.0,1536.0,0.9329427083333334,1.0,0.9653081845739306,0.703168720655289,0.9720410991877504,0.9329427083333334,1511.0,1536.0,0.9837239583333334,1.0,0.9917952084017068,0.7070284579748511,0.9919904894680752,0.9837239583333334
vit,sds-201,af1,0.19858716,571.0,1382.0,0.3921852387843705,0.9492119089316988,0.5550435227854583,0.6385724526555538,0.4837641006554882,0.4342447916666667,435.0,1396.0,0.2965616045845272,0.9517241379310344,0.4522119060622611,0.6486882353555284,0.4189440690089622,0.3470052083333333
vit,sds-201,Qal,0.24380232,950.0,1450.0,0.6282758620689655,0.9589473684210528,0.7591666666666667,0.6193030357463625,0.7083533905621789,0.6236979166666666,845.0,1494.0,0.5488621151271754,0.970414201183432,0.7011543394613082,0.567819556598361,0.5898880696440076,0.544921875
vit,sds-201,Qaf,0.032149486,13.0,118.0,0.0254237288135593,0.2307692307692307,0.0458015267175572,0.8324662861760695,0.0294636542494166,0.9186197916666666,6.0,118.0,0.0,0.0,0.0,0.5741830065359478,0.0055930683749393,0.9192708333333334
vit,sds-201,Qat,0.09226039,61.0,142.0,0.0704225352112676,0.1639344262295081,0.0985221674876847,0.6448457904973605,0.0596367632458919,0.880859375,77.0,92.0,0.2282608695652173,0.2727272727272727,0.2485207100591716,0.6771850493577704,0.1491294729171734,0.9173177083333334
vit,sds-201,Qc,0.43171787,749.0,873.0,0.7754868270332188,0.903871829105474,0.8347718865598027,0.9150956039649648,0.900911038139431,0.8255208333333334,456.0,650.0,0.6523076923076923,0.9298245614035088,0.7667269439421338,0.9505259096816114,0.8983274662942985,0.83203125
vit,sds-201,Qca,0.24061185,432.0,739.0,0.4343707713125845,0.7430555555555556,0.5482493595217762,0.7623834205582394,0.523287019937331,0.6555989583333334,249.0,606.0,0.3580858085808581,0.8714859437751004,0.5076023391812865,0.8653791545357812,0.4831043236224834,0.7259114583333334
vit,sds-201,Qr,0.78342664,1433.0,1530.0,0.9333333333333332,0.9965108164689462,0.9638879514006076,0.6907296119892412,0.970993863960212,0.9303385416666666,1511.0,1531.0,0.983670803396473,0.9966909331568498,0.990138067061144,0.758941098610192,0.994877287383918,0.98046875
vit,sds-21,af1,0.23328343,571.0,1152.0,0.4366319444444444,0.8809106830122592,0.583865351131747,0.7017177390815132,0.5567540839368176,0.533203125,435.0,1068.0,0.3539325842696629,0.8689655172413793,0.5029940119760479,0.7032718427344004,0.4507128122078853,0.513671875
vit,sds-21,Qal,0.3792077,950.0,1458.0,0.6275720164609053,0.963157894736842,0.7599667774086378,0.6346057122328004,0.7285439764343621,0.6236979166666666,845.0,1455.0,0.5498281786941581,0.9467455621301776,0.6956521739130435,0.555676962467567,0.6159628460410702,0.5442708333333334
vit,sds-21,Qaf,0.03296977,13.0,52.0,0.0192307692307692,0.0769230769230769,0.0307692307692307,0.7693822920349513,0.0199135663010636,0.958984375,6.0,63.0,0.0,0.0,0.0,0.5375816993464052,0.0051786931020752,0.955078125
vit,sds-21,Qat,0.07693225,61.0,95.0,0.0736842105263157,0.1147540983606557,0.0897435897435897,0.6461794943039733,0.0659211116301565,0.9075520833333334,77.0,100.0,0.32,0.4155844155844156,0.3615819209039548,0.6646342006177509,0.3131681566900079,0.9264322916666666
vit,sds-21,Qc,0.46705714,749.0,795.0,0.7924528301886793,0.8411214953271028,0.8160621761658031,0.9052154248867188,0.9069339900358344,0.8151041666666666,456.0,734.0,0.5831062670299727,0.9385964912280702,0.719327731092437,0.9289047270955164,0.8584223946871565,0.7825520833333334
vit,sds-21,Qca,0.35981825,432.0,428.0,0.5957943925233645,0.5902777777777778,0.5930232558139535,0.7899473295759528,0.6298456399482669,0.7721354166666666,249.0,502.0,0.4023904382470119,0.8112449799196787,0.5379494007989347,0.8471118350636423,0.4435899473275441,0.7740885416666666
vit,sds-21,Qr,0.81410843,1433.0,1530.0,0.9339869281045752,0.9972086531751572,0.964562942963213,0.6841984024282007,0.969210585302284,0.931640625,1511.0,1533.0,0.9836921069797782,0.9980145598941098,0.990801576872536,0.6699933818663137,0.9903038090804566,0.9817708333333334
vit,sds-51,af1,0.25089034,571.0,1156.0,0.4256055363321799,0.861646234676007,0.5697741748697163,0.6775369091585529,0.548692282167538,0.5162760416666666,435.0,1090.0,0.3385321100917431,0.8482758620689655,0.4839344262295082,0.6728240784240032,0.4350810372920189,0.4876302083333333
vit,sds-51,Qal,0.35873574,950.0,1473.0,0.6238968092328581,0.9673684210526317,0.7585637639290136,0.626567271420873,0.7247066547840626,0.619140625,845.0,1488.0,0.5483870967741935,0.9656804733727812,0.6995285040720103,0.5627861173669924,0.615319396046705,0.5436197916666666
vit,sds-51,Qaf,0.05842393,13.0,8.0,0.0,0.0,0.0,0.793979493913834,0.0414527406082025,0.986328125,6.0,12.0,0.0,0.0,0.0,0.49880174291939,0.0044912005448592,0.98828125
vit,sds-51,Qat,0.07467083,61.0,254.0,0.0866141732283464,0.360655737704918,0.1396825396825396,0.67475965545985,0.0941545337232791,0.8235677083333334,77.0,126.0,0.2777777777777778,0.4545454545454545,0.3448275862068966,0.6560177314118371,0.2757370670202497,0.9134114583333334
vit,sds-51,Qc,0.48067856,749.0,877.0,0.7571265678449259,0.8865153538050734,0.8167281672816729,0.8988604882749214,0.8858930563685979,0.8059895833333334,456.0,743.0,0.5787348586810229,0.9429824561403508,0.7172643869891576,0.9373862897985704,0.8799475912400134,0.779296875
vit,sds-51,Qca,0.35923374,432.0,579.0,0.4887737478411053,0.6550925925925926,0.559841740850643,0.762085681696189,0.5668822396431418,0.7102864583333334,249.0,631.0,0.3423137876386687,0.8674698795180723,0.4909090909090909,0.8306044691586861,0.3895861714266631,0.7083333333333334
vit,sds-51,Qr,0.7819499,1433.0,1536.0,0.9329427083333334,1.0,0.9653081845739306,0.7043882411127447,0.971782814038988,0.9329427083333334,1511.0,1531.0,0.983670803396473,0.9966909331568498,0.990138067061144,0.6677167438782263,0.9908356740736476,0.98046875
vit,sds-5,af1,0.37867537,571.0,714.0,0.5672268907563025,0.7092819614711033,0.6303501945525292,0.7660208887235374,0.6692563899809834,0.6907552083333334,435.0,639.0,0.4710485133020344,0.6919540229885057,0.5605214152700186,0.7551421382859886,0.5237079627030907,0.6927083333333334
vit,sds-5,Qal,0.42999768,950.0,1437.0,0.627000695894224,0.9484210526315788,0.7549224968579807,0.6633806358900664,0.7597631045055925,0.619140625,845.0,1434.0,0.5543933054393305,0.940828402366864,0.6976744186046512,0.5607275280658337,0.6560816272064021,0.5514322916666666
vit,sds-5,Qaf,0.02747763,13.0,67.0,0.0597014925373134,0.3076923076923077,0.1,0.8175665437648366,0.0463404315007415,0.953125,6.0,28.0,0.0,0.0,0.0,0.5813725490196079,0.0062419523325012,0.9778645833333334
vit,sds-5,Qat,0.09441714,61.0,212.0,0.1415094339622641,0.4918032786885246,0.2197802197802197,0.7703695470964156,0.2135573171602132,0.861328125,77.0,178.0,0.2640449438202247,0.6103896103896104,0.3686274509803922,0.7041471208709043,0.3106984450166306,0.8951822916666666
vit,sds-5,Qc,0.60745925,749.0,769.0,0.8205461638491548,0.842456608811749,0.8313570487483531,0.9182713758115436,0.9252410219347438,0.8333333333333334,456.0,724.0,0.6077348066298343,0.9649122807017544,0.7457627118644068,0.954010315139701,0.9129464859680324,0.8046875
vit,sds-5,Qca,0.386166,432.0,521.0,0.5681381957773513,0.6851851851851852,0.621196222455404,0.8225098966720343,0.6565325901966323,0.7649739583333334,249.0,562.0,0.3896797153024911,0.8795180722891566,0.5400739827373613,0.8489622826972225,0.424035719571761,0.7571614583333334
vit,sds-5,Qr,0.7384057,1433.0,1529.0,0.9326357096141268,0.9951151430565248,0.962862930452397,0.7320713554969884,0.9755184783648674,0.9283854166666666,1511.0,1536.0,0.9837239583333334,1.0,0.9917952084017068,0.7123494374586368,0.9920147616102964,0.9837239583333334
