MacroPrecision,MacroRecall,MacroF1,mAP,HammingLoss,SubsetAccuracy
0.5838802149008266,0.611432510343328,0.5956810564540029,0.5528469490398275,0.11886160714285714,0.3828125
