MacroPrecision,MacroRecall,MacroF1,mAP,HammingLoss,SubsetAccuracy
0.6061976509145316,0.5714748081545231,0.5852580493238878,0.6951267174418573,0.11941964285714286,0.3994140625
