,patch_id,af1,Qal,Qaf,Qat,Qc,Qca,Qr
0,sonora_256_50_1357,0.246242,0.6907538,0.0029023585,0.010674862,0.89845717,0.3301457,0.98154825
1,sonora_256_50_3542,0.2277676,0.6416955,0.0040772646,0.0118224975,0.94610703,0.43051574,0.9774735
2,hv_256_50_2044,0.22776037,0.5510124,0.0036261256,0.009059989,0.9459621,0.4163225,0.97939485
3,sonora_256_50_2075,0.23087016,0.64996254,0.0038541642,0.011614751,0.94,0.41351625,0.97818357
4,hv_256_50_1073,0.22869763,0.6441854,0.004018209,0.011778864,0.9443769,0.42571697,0.9776487
5,hv_256_50_177,0.25695986,0.70363677,0.002403691,0.00978601,0.85665286,0.27696997,0.9835434
6,hv_256_50_874,0.2499631,0.6974043,0.0027146654,0.010405687,0.8855803,0.31115797,0.9823124
7,sonora_256_50_2390,0.25540048,0.7035348,0.002441284,0.00987821,0.86197627,0.2819275,0.98340225
8,sonora_256_50_2148,0.23283316,0.6549806,0.0037299553,0.011504716,0.9359224,0.403294,0.9785781
9,sonora_256_50_2363,0.2383902,0.669306,0.003347242,0.011088431,0.92207116,0.37169614,0.9799042
10,sonora_256_50_3562,0.24087262,0.67533344,0.0032084712,0.010947437,0.91520363,0.35857788,0.9803846
11,hv_256_50_263,0.2215303,0.5342802,0.0041778255,0.009636728,0.95660794,0.4533232,0.97758055
12,sonora_256_50_1149,0.248488,0.69502187,0.0028043587,0.010559966,0.8914808,0.31977713,0.98195076
13,sonora_256_50_2558,0.21750294,0.57340884,0.0045060925,0.010927041,0.961678,0.4772626,0.9765138
14,hv_256_50_1911,0.22676694,0.54647666,0.0036838043,0.009074157,0.9475271,0.42079124,0.97920793
15,sonora_256_50_204,0.22936669,0.64537305,0.0039658155,0.011710016,0.94321656,0.4223046,0.9778269
16,sonora_256_50_3352,0.24532582,0.688594,0.0029536476,0.010735476,0.9017664,0.3353502,0.98135984
17,hv_256_50_2401,0.22095297,0.5139668,0.00418878,0.009264537,0.9586729,0.45827153,0.9776568
18,sonora_256_50_2980,0.22650531,0.6152936,0.004011493,0.011058881,0.9470008,0.43089926,0.9777569
19,sonora_256_50_526,0.25753543,0.70436114,0.0023845853,0.009745961,0.8540999,0.2744345,0.98361844
20,hv_256_50_1682,0.2066469,0.43940008,0.0060744463,0.0103504015,0.9764131,0.5491538,0.9719901
21,hv_256_50_1668,0.2032227,0.4409946,0.0065810154,0.010958967,0.9788142,0.56701523,0.97048014
22,sonora_256_50_1751,0.23266639,0.65474445,0.0037353225,0.011508148,0.93618226,0.4038289,0.97856426
23,sonora_256_50_3244,0.22313805,0.6010248,0.004286136,0.011205138,0.9532453,0.45080248,0.9769067
24,hv_256_50_618,0.22440694,0.54190344,0.0038998206,0.009342302,0.9516719,0.4351498,0.97847307
25,hv_256_50_3037,0.23491405,0.66091144,0.0035690991,0.011330547,0.9308275,0.39067915,0.9791373
26,sonora_256_50_3369,0.22014733,0.58696747,0.0045603006,0.011341438,0.95806706,0.46820825,0.97606623
27,hv_256_50_542,0.21557239,0.49418807,0.0048771044,0.0098887365,0.96589136,0.49229237,0.9754385
28,hv_256_50_146,0.21546915,0.51074934,0.004961572,0.01033852,0.9654134,0.493008,0.97505754
29,sonora_256_50_1854,0.25689304,0.70407516,0.0024075198,0.009796353,0.85681415,0.27715966,0.98352987
30,hv_256_50_537,0.2255419,0.5483453,0.003821068,0.009335652,0.9497455,0.42920697,0.97870904
31,hv_256_50_2165,0.20278531,0.42091367,0.00678709,0.010781572,0.9798601,0.5739511,0.969969
32,sonora_256_50_2525,0.25728723,0.70628595,0.0023433743,0.009674108,0.8513038,0.27074924,0.98383594
33,hv_256_50_1366,0.22141966,0.5922063,0.0041937702,0.010834462,0.9558443,0.45555034,0.97741926
34,hv_256_50_953,0.24291222,0.6784394,0.0031090614,0.010826816,0.9099312,0.34941778,0.98073214
35,hv_256_50_264,0.22664274,0.55546534,0.00371217,0.009287074,0.9475043,0.4218964,0.979079
36,hv_256_50_680,0.22372653,0.53382707,0.0039421436,0.009260384,0.9530352,0.4389441,0.97836214
37,hv_256_50_3439,0.21506476,0.5662936,0.0050772442,0.011677436,0.9655844,0.49927258,0.9745386
38,sonora_256_50_3280,0.26438376,0.72751445,0.0021915254,0.009724265,0.8164122,0.24315849,0.9843604
39,sonora_256_50_558,0.22456819,0.5464569,0.003897326,0.009428698,0.95132923,0.43453276,0.9784587
40,hv_256_50_3647,0.21026795,0.5382455,0.0052824686,0.01132361,0.9715555,0.52350205,0.97428745
41,hv_256_50_258,0.24560076,0.6907442,0.002890716,0.010642229,0.8993202,0.3305002,0.98162603
42,sonora_256_50_3005,0.27696297,0.7233907,0.0017176257,0.0082564885,0.7242995,0.1847971,0.98650694
43,hv_256_50_2010,0.22032504,0.5051258,0.0042970735,0.009260384,0.9605965,0.46599418,0.9773401
44,hv_256_50_3625,0.20927748,0.5345252,0.005391559,0.011393687,0.9727064,0.52967876,0.9739861
45,hv_256_50_3051,0.23290814,0.6554103,0.003716048,0.011484534,0.9356445,0.4024154,0.978635
46,sonora_256_50_1641,0.25694454,0.70582676,0.002367064,0.009722093,0.85409105,0.2735303,0.9837276
47,sonora_256_50_2441,0.22530597,0.61049926,0.0041035344,0.011112053,0.94935274,0.43802714,0.97747076
48,sonora_256_50_3551,0.23253548,0.6549795,0.003729574,0.0115071125,0.9362004,0.40367645,0.9785866
49,hv_256_50_496,0.23283567,0.6212178,0.003507481,0.010252908,0.9366934,0.39743823,0.97957695
50,sonora_256_50_2196,0.25094315,0.69641274,0.002704981,0.0103630945,0.8837141,0.3094403,0.9823314
51,hv_256_50_2359,0.21955587,0.5168884,0.0043723327,0.0095910635,0.9604394,0.46723914,0.9770272
52,sonora_256_50_1944,0.24392216,0.68165004,0.0030329651,0.010724215,0.90608543,0.34239614,0.9810317
53,sonora_256_50_805,0.25222355,0.70051146,0.0026093295,0.0102226315,0.87662363,0.2996435,0.98271954
54,hv_256_50_685,0.21054043,0.48010382,0.0055088014,0.010444446,0.9709509,0.5199012,0.97345835
55,sonora_256_50_298,0.24328831,0.6808702,0.003053951,0.010751577,0.9077686,0.34494963,0.9809671
56,hv_256_50_3226,0.21385099,0.5575065,0.0050653373,0.011446168,0.96732426,0.504977,0.9747353
57,hv_256_50_375,0.20762113,0.48247018,0.005933181,0.011024286,0.973623,0.5369924,0.97214013
58,sonora_256_50_2606,0.22478607,0.6075614,0.004154547,0.011135793,0.9504263,0.4416072,0.97730416
59,sonora_256_50_1441,0.24907906,0.6955136,0.00277108,0.010492793,0.8894263,0.31671917,0.9820884
60,hv_256_50_3558,0.21096292,0.5423865,0.005198605,0.011292551,0.97073305,0.5191346,0.9745238
61,sonora_256_50_1902,0.245692,0.6901002,0.002937255,0.010737791,0.9003388,0.33323127,0.9814104
62,sonora_256_50_340,0.25010487,0.6987437,0.002683806,0.0103602335,0.88386166,0.30843976,0.9824478
63,hv_256_50_3162,0.214082,0.55932796,0.005023199,0.011422575,0.96688086,0.50271726,0.9748618
64,sonora_256_50_882,0.27327454,0.72508645,0.0018473846,0.008692722,0.7548255,0.20122983,0.98587555
65,sonora_256_50_3073,0.26501462,0.7273244,0.0021699292,0.009663501,0.8131847,0.24066363,0.98444587
66,hv_256_50_2485,0.21985237,0.51547766,0.004347993,0.0095332805,0.96020365,0.46611956,0.97710437
67,hv_256_50_2690,0.22133058,0.5082874,0.004220281,0.0092207715,0.9593325,0.4609997,0.9776055
68,hv_256_50_1130,0.20493557,0.44760427,0.0062934584,0.010760289,0.97728014,0.5562722,0.9713011
69,sonora_256_50_2572,0.24353868,0.6809239,0.0030551301,0.010755016,0.9072253,0.34436077,0.980945
70,hv_256_50_1837,0.2234273,0.5377251,0.003989678,0.009401894,0.953598,0.44171166,0.9781993
71,hv_256_50_3054,0.22258365,0.5989733,0.004326021,0.011226153,0.9541538,0.4538123,0.976789
72,sonora_256_50_1279,0.23415859,0.65986615,0.0036001066,0.011371558,0.9321817,0.39353353,0.9790315
73,sonora_256_50_2352,0.2292852,0.6449624,0.0039871074,0.01173931,0.9435082,0.4233867,0.9777479
74,sonora_256_50_3084,0.24346927,0.6802904,0.0030640254,0.010759014,0.9077415,0.34530008,0.9809154
75,sonora_256_50_1709,0.26074967,0.7076205,0.0021940542,0.009302921,0.8337226,0.25350356,0.98448896
76,sonora_256_50_2983,0.22503896,0.6090509,0.0041215406,0.011106726,0.949792,0.43936577,0.977421
77,sonora_256_50_424,0.2274007,0.5510045,0.0036419565,0.009090508,0.94641936,0.4175945,0.9793457
78,hv_256_50_1456,0.20864497,0.43773004,0.0057315347,0.009913456,0.97472966,0.53657484,0.97306955
79,hv_256_50_3249,0.23726322,0.6666061,0.0034159573,0.011161731,0.9250117,0.3777763,0.9796673
80,hv_256_50_2355,0.21617343,0.4914559,0.004824549,0.009755478,0.965862,0.4914952,0.9756345
81,sonora_256_50_3412,0.23151365,0.65112334,0.0038315041,0.011604027,0.9389322,0.41112873,0.97823924
82,hv_256_50_1725,0.22998922,0.64606017,0.003944884,0.011692828,0.9423018,0.42016903,0.9778756
83,hv_256_50_2903,0.24178888,0.6772885,0.0031578285,0.0108894035,0.9125976,0.35384813,0.9805638
84,sonora_256_50_3572,0.2304934,0.64811856,0.0038970637,0.011647388,0.94109726,0.41667303,0.97804457
85,hv_256_50_3320,0.22859532,0.6430239,0.0040385127,0.011785576,0.94485056,0.42722538,0.97758466
86,sonora_256_50_2104,0.23496453,0.66115475,0.0035811786,0.011366338,0.93080825,0.39101714,0.9790755
87,hv_256_50_723,0.23218685,0.65395725,0.003740742,0.011493209,0.9369596,0.40523863,0.9785741
88,hv_256_50_1015,0.24979334,0.69646573,0.0027444658,0.010450583,0.88699716,0.31357577,0.98218644
89,sonora_256_50_900,0.22687134,0.62139547,0.0039756238,0.011138051,0.9460668,0.4279959,0.97787035
90,hv_256_50_3280,0.22136523,0.51851916,0.0041719973,0.009336456,0.95847666,0.45789644,0.97774166
91,sonora_256_50_639,0.23883134,0.6386464,0.0031735215,0.009999206,0.9224519,0.36640412,0.9806819
92,hv_256_50_225,0.20814921,0.47784364,0.0058194436,0.010792429,0.9732289,0.5333332,0.97252196
93,hv_256_50_1884,0.21127266,0.489661,0.005398224,0.010489373,0.9696098,0.5134804,0.97374594
94,sonora_256_50_200,0.2444896,0.684364,0.002993711,0.0107154315,0.90419114,0.33913973,0.98118913
95,sonora_256_50_400,0.2495913,0.69557947,0.0027522643,0.010456023,0.8879025,0.3147525,0.9821539
96,hv_256_50_686,0.2100008,0.4874239,0.005616477,0.010726956,0.9714182,0.5239204,0.97307646
97,hv_256_50_878,0.26321572,0.7085949,0.0021479893,0.009192621,0.8239018,0.24639128,0.9846711
98,hv_256_50_483,0.20764711,0.47371554,0.0059020645,0.010808589,0.9739378,0.5373891,0.97230434
99,hv_256_50_706,0.22372389,0.55836314,0.00396739,0.009763073,0.9521258,0.43838924,0.97820663
100,hv_256_50_1429,0.23341905,0.65767163,0.0036731213,0.01145854,0.93421394,0.39883777,0.97877425
101,hv_256_50_2017,0.20219009,0.44260082,0.0067726783,0.011205507,0.97941667,0.5725161,0.969897
102,sonora_256_50_1044,0.22179857,0.5433538,0.004118487,0.009716223,0.955488,0.44924808,0.977755
103,hv_256_50_1056,0.21325211,0.4952389,0.005072083,0.010159333,0.9689041,0.50653344,0.9749126
104,hv_256_50_1066,0.22470748,0.5625776,0.0039533074,0.009825883,0.9511126,0.43630403,0.9782085
105,sonora_256_50_3239,0.22820184,0.6413421,0.004075563,0.011810365,0.9457756,0.42998976,0.977469
106,sonora_256_50_3669,0.22074468,0.50257015,0.0042778593,0.009203842,0.9605709,0.465508,0.9774564
107,sonora_256_50_2481,0.26196706,0.70632964,0.0022008962,0.009293973,0.8316174,0.25301242,0.98442245
108,hv_256_50_2670,0.22226228,0.59682626,0.004356814,0.011229117,0.9547156,0.45577636,0.97669625
109,sonora_256_50_1334,0.24299018,0.6807986,0.003067398,0.010782136,0.90840816,0.34605622,0.98090976
110,hv_256_50_3597,0.23216207,0.6538991,0.0037721847,0.011554691,0.93724906,0.40657106,0.978443
111,hv_256_50_1240,0.22822915,0.5686302,0.0036448075,0.009433554,0.9452254,0.416209,0.97929484
112,hv_256_50_2521,0.22035143,0.5252792,0.004220429,0.009523092,0.9581985,0.4576864,0.9775024
113,sonora_256_50_2968,0.21475855,0.55898577,0.0047946707,0.0110615045,0.9656983,0.49481124,0.9756638
114,hv_256_50_481,0.218047,0.51283497,0.0045502027,0.009777845,0.9625944,0.47689283,0.9764565
115,sonora_256_50_2761,0.224075,0.5303689,0.0039143865,0.009146439,0.95303065,0.4383043,0.97848743
116,sonora_256_50_465,0.26595822,0.7316091,0.001952309,0.009132284,0.7882335,0.21869498,0.98548687
117,sonora_256_50_2277,0.25052908,0.69724286,0.002702573,0.010385491,0.883939,0.3093753,0.9823323
118,hv_256_50_2905,0.23736398,0.66681427,0.00342171,0.011182934,0.9248898,0.3777832,0.97963333
119,hv_256_50_1395,0.20426174,0.4585427,0.006435236,0.01115123,0.9774214,0.55948776,0.9707822
120,hv_256_50_1834,0.228747,0.5647822,0.0036024766,0.009274321,0.94450736,0.4132611,0.9794334
121,hv_256_50_3143,0.21876366,0.4855747,0.0044408366,0.009145972,0.96110827,0.46837786,0.97685516
122,hv_256_50_1233,0.22383207,0.6044481,0.0042197974,0.011172399,0.9519247,0.44630292,0.97710764
123,sonora_256_50_244,0.2665702,0.728148,0.0020832908,0.00943481,0.80066884,0.23062977,0.9848394
124,hv_256_50_3005,0.21835558,0.5022731,0.0044773975,0.009469786,0.96303093,0.47656626,0.9767751
125,hv_256_50_3215,0.21872872,0.48606482,0.00443132,0.00914303,0.9610521,0.46797678,0.9768883
126,sonora_256_50_173,0.26840636,0.72728443,0.0020229705,0.009241561,0.7897409,0.22312337,0.985103
127,sonora_256_50_2473,0.2407498,0.6747556,0.0032162212,0.0109524615,0.915718,0.35951802,0.9803601
128,sonora_256_50_2699,0.22804615,0.6412388,0.0040789223,0.011813166,0.9459449,0.43036053,0.97746354
129,sonora_256_50_533,0.2746855,0.7265784,0.001701319,0.008274794,0.7288388,0.18510878,0.98661
130,hv_256_50_2552,0.21681988,0.5731452,0.004904,0.011570386,0.9631509,0.48881507,0.9750357
131,sonora_256_50_3452,0.22421975,0.6052723,0.004190143,0.011138492,0.95133525,0.44434878,0.9772086
132,hv_256_50_454,0.2531813,0.6983362,0.002590357,0.010139749,0.874703,0.29788885,0.9827916
133,hv_256_50_3378,0.2087989,0.531948,0.005449704,0.011418603,0.9732902,0.5329007,0.9738261
134,hv_256_50_2677,0.21322401,0.47732756,0.0051285657,0.009906049,0.9682266,0.50351834,0.97467077
135,hv_256_50_1824,0.22178376,0.52879864,0.0041455664,0.009476918,0.95645756,0.4519733,0.97771126
136,hv_256_50_494,0.21609809,0.48552126,0.0048431912,0.009690316,0.9656154,0.49035218,0.9755653
137,hv_256_50_411,0.21702531,0.48072055,0.004685419,0.009394716,0.9638062,0.481005,0.9760636
138,sonora_256_50_3699,0.2447003,0.6884593,0.0029814197,0.010799523,0.9033088,0.33780628,0.98124516
139,hv_256_50_2102,0.21311639,0.49954504,0.005086227,0.010261771,0.9687713,0.50650394,0.9748453
140,hv_256_50_1764,0.22685206,0.61785704,0.003999691,0.011100175,0.9465049,0.42964372,0.977783
141,sonora_256_50_276,0.26459944,0.727011,0.0021829447,0.009693648,0.8153942,0.24238959,0.9843938
142,hv_256_50_961,0.23016676,0.60595155,0.0036041443,0.010088625,0.9419119,0.40861645,0.97933847
143,sonora_256_50_1106,0.22936705,0.5740627,0.0035874613,0.009422344,0.9434837,0.41122675,0.9794536
144,sonora_256_50_3522,0.2263855,0.61389226,0.004022123,0.011043669,0.9473864,0.43201143,0.97773224
145,hv_256_50_2496,0.21872278,0.57885784,0.004407311,0.010885731,0.9600396,0.47084412,0.97680354
146,hv_256_50_2657,0.22689742,0.5471387,0.0036799442,0.009081973,0.9474052,0.42051005,0.97923034
147,hv_256_50_1420,0.228488,0.562507,0.0035866823,0.009213726,0.9444134,0.41252586,0.97949517
148,sonora_256_50_1996,0.25444707,0.7018713,0.0025142448,0.010016105,0.86783296,0.28925714,0.98309934
149,hv_256_50_1029,0.2309223,0.61038744,0.0035504776,0.010080066,0.9402202,0.40412933,0.9795197
150,sonora_256_50_3622,0.2439901,0.6836145,0.0030073496,0.010728196,0.90529644,0.34080493,0.98114383
151,sonora_256_50_489,0.2268854,0.55765086,0.0036736014,0.009264214,0.9468,0.4193737,0.97921365
152,hv_256_50_1236,0.23062624,0.64853066,0.0038848142,0.011636767,0.94079983,0.415851,0.97808266
153,sonora_256_50_3205,0.23907794,0.67380553,0.0032566169,0.011024156,0.9186923,0.3642776,0.9802288
154,sonora_256_50_72,0.23588875,0.6653399,0.0034580014,0.011216126,0.9274856,0.38233852,0.97954214
155,hv_256_50_677,0.22492431,0.55778396,0.0039185495,0.0096729435,0.95092213,0.43480963,0.97835255
156,hv_256_50_1394,0.20408927,0.45945686,0.0064361324,0.011170385,0.9774434,0.559492,0.9707799
157,hv_256_50_745,0.227946,0.5726017,0.0036759826,0.009555594,0.94545394,0.41756195,0.9791352
158,hv_256_50_2386,0.20231675,0.4420553,0.006783211,0.01120444,0.97947365,0.5730961,0.96986717
159,sonora_256_50_2802,0.26710534,0.727536,0.0020781218,0.009399776,0.79898876,0.22972679,0.9848681
160,hv_256_50_1404,0.20634842,0.46191952,0.0060945516,0.010811318,0.97557163,0.54649675,0.9717884
161,sonora_256_50_2417,0.22440426,0.530773,0.0039051252,0.009141418,0.952647,0.43732363,0.9785099
162,sonora_256_50_73,0.2361446,0.66548127,0.0034599197,0.011231188,0.9270781,0.38186538,0.9795139
163,hv_256_50_3382,0.243204,0.68036425,0.0030810693,0.010799131,0.90841043,0.34654027,0.9808431
164,hv_256_50_466,0.23225884,0.65575105,0.0037129212,0.011482693,0.9362341,0.403108,0.9786729
165,hv_256_50_1584,0.24083221,0.6745209,0.0032258648,0.010973847,0.9157587,0.35995114,0.98030704
166,hv_256_50_2037,0.20391314,0.4559168,0.0064589013,0.011119239,0.97774076,0.56100655,0.9707525
167,hv_256_50_932,0.22763689,0.5678297,0.0036858998,0.009474698,0.9460341,0.41874224,0.97912943
168,hv_256_50_2911,0.23276228,0.65533984,0.0037146376,0.011477844,0.9358004,0.4025882,0.97864795
169,sonora_256_50_439,0.22979501,0.6461393,0.0039505223,0.01170376,0.94251376,0.42064384,0.9778612
170,sonora_256_50_3339,0.23272309,0.6596618,0.003631819,0.011426333,0.93409306,0.3971019,0.9789529
171,sonora_256_50_2694,0.22443753,0.6071683,0.004162738,0.011135368,0.95073944,0.44231597,0.97729117
172,sonora_256_50_1865,0.2358477,0.6638053,0.0035072993,0.011283057,0.9283922,0.38521245,0.97933686
173,hv_256_50_1005,0.22902389,0.6444113,0.0039893556,0.011729561,0.94388276,0.42415747,0.97775537
174,hv_256_50_1355,0.22702517,0.62093955,0.003987728,0.011150826,0.94621813,0.42876127,0.97782725
175,hv_256_50_2702,0.22983073,0.6464706,0.003948095,0.011702259,0.9424362,0.42040533,0.97787493
176,hv_256_50_2616,0.20390473,0.41079286,0.0071460395,0.010995443,0.97953093,0.57530487,0.9686347
177,hv_256_50_3096,0.21657401,0.47771746,0.004744358,0.009415493,0.964581,0.48451707,0.9758936
178,hv_256_50_2921,0.22610945,0.5431905,0.0037457624,0.00911408,0.94896764,0.42539418,0.979006
179,sonora_256_50_2782,0.23153628,0.6516073,0.0038146714,0.01157912,0.9386969,0.41020745,0.97830975
180,sonora_256_50_2364,0.24874881,0.69503355,0.002801376,0.010551768,0.89089257,0.31915095,0.98195744
181,sonora_256_50_2630,0.22729692,0.63665885,0.0041227895,0.011779969,0.94727427,0.4341332,0.9773297
182,sonora_256_50_3284,0.25101167,0.69776267,0.0026892296,0.01035069,0.8826563,0.30779812,0.9823998
183,sonora_256_50_3327,0.22339043,0.60121393,0.0042697443,0.011184478,0.9529659,0.4499108,0.9769573
184,sonora_256_50_1859,0.24981476,0.6966921,0.002746,0.010463299,0.8868979,0.31351677,0.9821708
185,sonora_256_50_1454,0.22717476,0.552235,0.0036548215,0.00913326,0.946628,0.41837764,0.9792914
186,sonora_256_50_1038,0.2335189,0.65748096,0.0036569939,0.011418759,0.9339862,0.39804828,0.97884506
187,hv_256_50_2936,0.2192061,0.5050711,0.004397321,0.0094104335,0.96184045,0.47159356,0.97700965
188,sonora_256_50_3303,0.2193613,0.5816507,0.0044238623,0.010978842,0.9592713,0.4690979,0.9766937
189,sonora_256_50_1530,0.234122,0.6610203,0.0035779811,0.01136239,0.93169934,0.39210385,0.97911054
190,sonora_256_50_142,0.24019949,0.6738245,0.0032278893,0.010955246,0.9168625,0.36129424,0.98033166
191,sonora_256_50_2836,0.22843802,0.643058,0.004049835,0.011808217,0.9450694,0.42789912,0.9775444
192,hv_256_50_3065,0.21698563,0.570695,0.004568967,0.010967907,0.9624853,0.48084334,0.9763193
193,hv_256_50_2555,0.22630948,0.5479252,0.0037458476,0.009202215,0.9483948,0.42434782,0.97897744
194,hv_256_50_721,0.23330255,0.65674585,0.0036681148,0.011420622,0.93454295,0.3992946,0.9788138
195,sonora_256_50_3547,0.2273125,0.618581,0.003960607,0.011044339,0.94560397,0.42689762,0.9779139
196,sonora_256_50_3163,0.23913778,0.670873,0.0033185047,0.011069352,0.92029494,0.36848816,0.97999084
197,sonora_256_50_2063,0.27005598,0.7267028,0.0019472769,0.0090111075,0.7768579,0.2142739,0.9854489
198,sonora_256_50_1039,0.22982049,0.6466665,0.0039264434,0.011668804,0.94223523,0.41946143,0.97795767
199,sonora_256_50_3050,0.22432096,0.6062822,0.0041800505,0.011143919,0.951068,0.4434694,0.9772389
200,sonora_256_50_2988,0.22731902,0.6382713,0.0041409917,0.011851903,0.94742835,0.43487754,0.9772677
201,sonora_256_50_2585,0.23547737,0.66296726,0.003533812,0.011313812,0.9293326,0.38738304,0.9792477
202,sonora_256_50_1914,0.28331286,0.720709,0.0014943008,0.007503675,0.661283,0.15622646,0.9876303
203,hv_256_50_614,0.21041456,0.48053867,0.0055396105,0.010493392,0.97107434,0.5208796,0.97335047
204,sonora_256_50_1523,0.22050439,0.58839893,0.004257022,0.010851114,0.9573134,0.46061504,0.97724015
205,hv_256_50_1000,0.24186066,0.67691684,0.0031513716,0.01087198,0.9125523,0.353706,0.9805926
206,sonora_256_50_3368,0.22469927,0.60762143,0.0041536414,0.01113006,0.9504707,0.4415892,0.97731894
207,hv_256_50_339,0.21630087,0.49226677,0.0047971243,0.009755253,0.96417016,0.4847233,0.9756481
208,sonora_256_50_1330,0.25157592,0.69935316,0.0026517601,0.010303782,0.8797091,0.30384573,0.982541
209,sonora_256_50_1657,0.22130157,0.5938573,0.0044306214,0.011284652,0.95607644,0.4605289,0.9764696
210,hv_256_50_3040,0.23784499,0.66843885,0.0033980203,0.0111750895,0.92362005,0.37530518,0.97970635
211,sonora_256_50_822,0.26254,0.70606875,0.0021769414,0.009222092,0.82859355,0.25032857,0.9845351
212,sonora_256_50_3266,0.23031683,0.64772,0.0039113387,0.011665368,0.9414472,0.41766155,0.9779935
213,hv_256_50_3091,0.22130749,0.5067997,0.0042129145,0.009185657,0.95953256,0.4613334,0.9776534
214,sonora_256_50_1823,0.22769725,0.63980746,0.004122349,0.011859746,0.9467849,0.4331415,0.9773127
215,sonora_256_50_326,0.26634392,0.7281127,0.0020910017,0.009454902,0.80228597,0.23178034,0.98480886
216,hv_256_50_1161,0.22504592,0.6007304,0.003929402,0.01056986,0.9499273,0.43546984,0.9782251
217,sonora_256_50_2537,0.23031089,0.6481561,0.003907918,0.011673189,0.9413188,0.41729417,0.9779979
218,hv_256_50_1818,0.2051682,0.43409392,0.0062340265,0.010428559,0.977621,0.55633813,0.9715749
219,sonora_256_50_856,0.25878048,0.7065506,0.0023068946,0.009592849,0.8461241,0.26591527,0.9839516
220,sonora_256_50_2037,0.24182898,0.6774527,0.003147578,0.010871303,0.91241217,0.35331404,0.98061186
221,sonora_256_50_693,0.22805755,0.5777277,0.003693355,0.0096860705,0.9455006,0.41813576,0.9790643
222,hv_256_50_3158,0.21195626,0.54715455,0.0050698454,0.011206913,0.9695525,0.51278996,0.97491044
223,hv_256_50_2783,0.2162115,0.56816113,0.004623387,0.010996745,0.9634133,0.48450696,0.9761682
224,hv_256_50_2776,0.23392506,0.6585972,0.0036384854,0.011412199,0.9331358,0.39619842,0.9788967
225,sonora_256_50_2427,0.23468794,0.6598347,0.0036018072,0.011380583,0.93159014,0.3928583,0.979
226,hv_256_50_1675,0.21715659,0.50766593,0.0046994737,0.009894312,0.96401477,0.48380843,0.9759621
227,sonora_256_50_1192,0.24478278,0.689428,0.0029425102,0.010732287,0.9021845,0.33524057,0.9814217
228,hv_256_50_1665,0.20280746,0.45273435,0.006615089,0.011238179,0.97857827,0.5667488,0.97030175
229,hv_256_50_619,0.2187869,0.51852244,0.0045283088,0.009863259,0.96131545,0.47273058,0.97645706
230,hv_256_50_2855,0.21768992,0.50413257,0.0045511294,0.009610383,0.96362346,0.4798282,0.97652495
231,hv_256_50_1630,0.22148916,0.52570575,0.0041662166,0.009451599,0.9570741,0.4539247,0.9776564
232,hv_256_50_560,0.21790232,0.52766705,0.004654478,0.010226864,0.96186274,0.4769718,0.9759948
233,hv_256_50_684,0.21198556,0.47658062,0.0053140447,0.0101309,0.96968305,0.51188785,0.97408706
234,hv_256_50_1534,0.20350093,0.45377314,0.0065395962,0.01117331,0.9781417,0.56392515,0.97051126
235,hv_256_50_2100,0.2050061,0.4587686,0.006315756,0.0110111255,0.97683823,0.5551404,0.97114253
236,sonora_256_50_731,0.25592473,0.70368755,0.0024569621,0.009917799,0.86166584,0.28253946,0.98332053
237,hv_256_50_3243,0.22275439,0.49495745,0.0040225564,0.0087148845,0.95446646,0.44190702,0.9781839
238,hv_256_50_1105,0.21341033,0.43368277,0.0050800634,0.0090644555,0.9704718,0.5089819,0.9751151
239,sonora_256_50_3469,0.23032339,0.6478716,0.0039052519,0.011655412,0.94135916,0.41732135,0.9780197
240,sonora_256_50_852,0.2545653,0.7022429,0.0025093202,0.010013675,0.8674204,0.2887723,0.9831207
241,hv_256_50_330,0.21852854,0.52530223,0.004592638,0.010093117,0.96130455,0.47416836,0.976193
242,sonora_256_50_3255,0.2257238,0.6132,0.0040580463,0.011093174,0.9484185,0.4348858,0.9776213
243,hv_256_50_1988,0.21586463,0.5656533,0.0046605263,0.011000002,0.96409047,0.48738787,0.97606784
244,hv_256_50_1293,0.23866943,0.6692332,0.0033442243,0.011089409,0.9216717,0.37120214,0.9799024
245,hv_256_50_495,0.2131892,0.4968007,0.0051290016,0.010284142,0.9685328,0.50629985,0.9746669
246,sonora_256_50_36,0.27667564,0.72440594,0.0017034212,0.008257434,0.7224313,0.1834926,0.9865307
247,hv_256_50_2705,0.22585183,0.61326104,0.0040582158,0.011093535,0.94816923,0.43439317,0.97760904
248,hv_256_50_400,0.21561942,0.50257605,0.0048868614,0.010055363,0.9661273,0.4938811,0.97539175
249,hv_256_50_1532,0.20546332,0.45440775,0.0061844704,0.010767341,0.97650564,0.55143124,0.9715882
250,sonora_256_50_2205,0.27141714,0.7263182,0.0018960761,0.00884516,0.76680225,0.20792618,0.985691
251,sonora_256_50_1995,0.2550124,0.7021235,0.0024921019,0.009967404,0.86567885,0.28683674,0.9831882
252,hv_256_50_3522,0.24974717,0.69637066,0.0027502796,0.010465921,0.8872459,0.31401214,0.9821555
253,sonora_256_50_1855,0.25563297,0.7027683,0.0024686323,0.009924581,0.86291754,0.28390107,0.9832736
254,sonora_256_50_2778,0.23716708,0.6669612,0.0034364446,0.011216407,0.9252746,0.37870842,0.97957474
255,hv_256_50_2178,0.2096896,0.4807428,0.0056121303,0.010585356,0.9716985,0.52435386,0.9731444
256,sonora_256_50_2915,0.22986521,0.6463354,0.003942593,0.011689473,0.9423762,0.4201677,0.9778961
257,hv_256_50_1318,0.20677602,0.44284895,0.0060171103,0.010348526,0.9760467,0.5466942,0.9721513
258,sonora_256_50_2162,0.23670988,0.6653074,0.003459716,0.011223888,0.9265059,0.38118324,0.9795028
259,hv_256_50_628,0.21262053,0.49187145,0.005206742,0.010267362,0.9687743,0.5077531,0.97437584
260,hv_256_50_2173,0.21867433,0.5159702,0.0045149866,0.009790507,0.96173835,0.47386146,0.97653514
261,sonora_256_50_285,0.22269228,0.59793967,0.0042548697,0.011081087,0.9540878,0.45241868,0.97706884
262,sonora_256_50_540,0.27702847,0.72518843,0.0016491777,0.008082077,0.712448,0.17752267,0.9868506
263,hv_256_50_3019,0.22426267,0.5271386,0.0039346465,0.009136672,0.95358497,0.4402646,0.9784666
264,sonora_256_50_1374,0.24409688,0.68214256,0.003016343,0.010699738,0.9055303,0.3412836,0.9811063
265,hv_256_50_1028,0.2369855,0.66655356,0.0034266505,0.011196182,0.92540616,0.37861836,0.9796103
266,hv_256_50_2948,0.2199638,0.58697504,0.0045666797,0.0113507025,0.9583304,0.46902564,0.9760549
267,sonora_256_50_3449,0.22295925,0.6001485,0.004302792,0.011215086,0.9535893,0.45200846,0.9768535
268,sonora_256_50_1144,0.24886157,0.6951457,0.0027865677,0.010520113,0.8902934,0.31806964,0.98202354
269,hv_256_50_1461,0.20686269,0.4764995,0.0060489667,0.011052927,0.9745847,0.5424321,0.9718179
270,sonora_256_50_3546,0.22742493,0.6197507,0.003963847,0.0110787675,0.94548845,0.4267568,0.9778943
271,sonora_256_50_594,0.25751826,0.70444256,0.0023848226,0.009749142,0.85418564,0.2745029,0.9836183
272,sonora_256_50_2721,0.23249373,0.6554079,0.0037348596,0.011520995,0.9362555,0.4038376,0.9785709
273,hv_256_50_733,0.2559278,0.7039873,0.0024425676,0.009887976,0.86065006,0.28115323,0.98338187
274,sonora_256_50_1875,0.24383594,0.681403,0.0030383493,0.010731082,0.9063575,0.3428746,0.9810091
275,sonora_256_50_1101,0.22305828,0.551639,0.0040903552,0.009833324,0.9539915,0.44570696,0.97778463
276,sonora_256_50_2562,0.2266279,0.6160171,0.0040084957,0.011072829,0.94679797,0.43042183,0.97775567
277,hv_256_50_2060,0.21998005,0.5171252,0.0043280465,0.00953224,0.9598611,0.46471378,0.9771652
278,hv_256_50_1696,0.22934708,0.64528936,0.0039756387,0.011729589,0.9432877,0.42267418,0.97778416
279,hv_256_50_1231,0.2222398,0.59674805,0.004356254,0.011226433,0.9548079,0.4560433,0.976702
280,sonora_256_50_3431,0.232625,0.65490454,0.0037433198,0.011524983,0.93628323,0.40419382,0.97853523
281,hv_256_50_2625,0.22962734,0.6463728,0.00394197,0.011687323,0.9425973,0.4204774,0.9779074
282,sonora_256_50_1770,0.23444162,0.65943295,0.0036022817,0.011360852,0.9320221,0.3934843,0.9790236
283,hv_256_50_3235,0.22099593,0.49270105,0.004192259,0.008918705,0.95737445,0.45304447,0.9776433
284,hv_256_50_2663,0.21936929,0.5844864,0.0045787296,0.011312671,0.95888895,0.4705636,0.97604525
285,sonora_256_50_1341,0.25168264,0.69920206,0.002649379,0.010289049,0.87952805,0.30361563,0.9825565
286,sonora_256_50_632,0.22309253,0.5390919,0.0040360163,0.00950731,0.9540522,0.4439083,0.978024
287,hv_256_50_949,0.26570457,0.7275916,0.0021325976,0.009566897,0.8080792,0.23648886,0.9846065
288,sonora_256_50_3341,0.23184824,0.6555332,0.0037227005,0.011498947,0.9367977,0.40427354,0.9786476
289,sonora_256_50_1060,0.2612856,0.706974,0.0022325814,0.009397259,0.8353486,0.25646648,0.9842733
290,sonora_256_50_113,0.26533628,0.72894996,0.0020835735,0.009487079,0.80345523,0.23165153,0.9847949
291,hv_256_50_3427,0.21202964,0.54652023,0.0050857957,0.011221458,0.96936554,0.5122491,0.974837
292,hv_256_50_3372,0.21798322,0.57905364,0.004788702,0.011524928,0.9615557,0.48219335,0.9753719
293,hv_256_50_942,0.23520187,0.6629815,0.0035232343,0.011292907,0.92950916,0.38726333,0.97930044
294,hv_256_50_780,0.20548922,0.46936145,0.0062148427,0.011108339,0.9759005,0.54984707,0.97137254
295,hv_256_50_186,0.2223014,0.53795594,0.0041300007,0.009628913,0.9555244,0.449719,0.97772104
296,hv_256_50_487,0.2121043,0.487057,0.005325649,0.010332818,0.970018,0.51431286,0.97402847
297,hv_256_50_1990,0.22343436,0.602331,0.0042508817,0.011175464,0.9526783,0.4487239,0.9770234
298,sonora_256_50_1223,0.2599657,0.70578504,0.0022775072,0.009497737,0.84167767,0.26209927,0.9840704
299,sonora_256_50_3109,0.23165745,0.65175045,0.0038128835,0.0115807075,0.9385417,0.40993628,0.97831076
300,hv_256_50_1578,0.2260569,0.6137943,0.0040402086,0.011078313,0.9478477,0.43333492,0.9776678
301,sonora_256_50_3396,0.22242299,0.5974451,0.0043522166,0.011235387,0.9546139,0.4555486,0.9767065
302,sonora_256_50_765,0.22305837,0.5383363,0.004019907,0.009464577,0.9539766,0.44325107,0.97808963
303,hv_256_50_3628,0.21008897,0.5312296,0.0053086635,0.0112088,0.9719377,0.5249714,0.97423303
304,sonora_256_50_1693,0.24319357,0.6809244,0.0030591458,0.010766828,0.9079501,0.34528857,0.98094153
305,hv_256_50_1091,0.23207852,0.6524852,0.0037747968,0.011527193,0.93764406,0.40742373,0.97844326
306,hv_256_50_462,0.24325196,0.6823799,0.0030434493,0.010776726,0.90753794,0.34435922,0.98100555
307,hv_256_50_2986,0.22065683,0.58960795,0.0045039332,0.011308655,0.9572626,0.4650419,0.97624505
308,sonora_256_50_3119,0.22751823,0.62042946,0.0039422805,0.011054709,0.94508994,0.4253778,0.9779714
309,hv_256_50_3034,0.21803702,0.4779961,0.0045316443,0.009134363,0.96258163,0.47429794,0.97659564
310,hv_256_50_2875,0.2086789,0.47914916,0.005806987,0.010801174,0.9729092,0.53226054,0.9725345
311,hv_256_50_443,0.22146234,0.5412278,0.0042255903,0.009841641,0.9566998,0.4550179,0.97738546
312,hv_256_50_2748,0.21754323,0.48459977,0.0046172426,0.009372841,0.96295387,0.47731018,0.9762724
313,sonora_256_50_3504,0.22994046,0.6464943,0.0039421627,0.011692878,0.94228244,0.42000243,0.9778938
314,hv_256_50_592,0.22633523,0.5742872,0.0038719538,0.009926254,0.9486715,0.42972085,0.9784248
315,hv_256_50_7,0.23149846,0.6278147,0.0036153863,0.010603519,0.93874955,0.4040068,0.97917765
316,sonora_256_50_1004,0.24526645,0.6885088,0.0029574796,0.010746127,0.9020042,0.33575428,0.98134446
317,sonora_256_50_1012,0.24784853,0.69299364,0.0028449611,0.010611487,0.89409035,0.3238434,0.9817748
318,sonora_256_50_2210,0.2265989,0.54755765,0.003696446,0.009112229,0.9477079,0.421487,0.9791642
319,sonora_256_50_364,0.23091286,0.610218,0.0036111153,0.010200549,0.94102895,0.40765503,0.9792747
320,hv_256_50_2541,0.20738158,0.46705246,0.005979664,0.010776096,0.9746036,0.5411743,0.97208977
321,hv_256_50_3688,0.22510698,0.60956657,0.0041155675,0.011107505,0.949653,0.43891057,0.97744036
322,hv_256_50_3132,0.21710956,0.5712793,0.0045470656,0.010945738,0.9622531,0.4797137,0.97639084
323,sonora_256_50_993,0.2578748,0.7052332,0.0023568682,0.00969955,0.8515522,0.2715376,0.9837361
324,sonora_256_50_151,0.23006646,0.64798737,0.003906584,0.011666782,0.9415693,0.417665,0.97801363
325,hv_256_50_3501,0.2185715,0.51720446,0.0044466397,0.00970888,0.96275264,0.4763223,0.97688633
326,hv_256_50_1258,0.21560913,0.50293815,0.0049301423,0.010130259,0.966299,0.49540702,0.9752366
327,hv_256_50_408,0.218059,0.5079595,0.0045544426,0.009694491,0.96300364,0.4781754,0.97645694
328,sonora_256_50_3290,0.25037664,0.69658697,0.002733157,0.010433294,0.88547915,0.31190696,0.9822119
329,hv_256_50_3356,0.21702,0.57391125,0.004861139,0.011519676,0.96278137,0.48688918,0.975181
330,hv_256_50_333,0.22016281,0.5246431,0.0043623485,0.009736849,0.95930344,0.46420205,0.9769841
331,hv_256_50_387,0.26454657,0.728607,0.0021119388,0.009528681,0.80919516,0.23593652,0.9847306
332,sonora_256_50_3249,0.23043403,0.64875656,0.003885093,0.011643135,0.94092387,0.4159522,0.9780847
333,sonora_256_50_2371,0.23615375,0.66428256,0.003496387,0.011270727,0.92782104,0.3841006,0.9793736
334,sonora_256_50_1835,0.24323198,0.68042064,0.0030774316,0.01079189,0.9082516,0.34623393,0.98085785
335,sonora_256_50_2885,0.22904079,0.643951,0.0040097334,0.011754882,0.94408756,0.4250876,0.97767663
336,hv_256_50_1137,0.25118038,0.69869953,0.002660771,0.010307357,0.88099444,0.30520168,0.98251545
337,hv_256_50_1451,0.20771901,0.4511935,0.005905213,0.010377413,0.97496754,0.54087657,0.972422
338,sonora_256_50_2527,0.269035,0.72803116,0.0019412532,0.009019521,0.77912873,0.21476114,0.98549914
339,sonora_256_50_303,0.24866177,0.6956644,0.0027780768,0.01051405,0.890286,0.3177201,0.98206526
340,sonora_256_50_866,0.25571823,0.7029487,0.0024616015,0.009910741,0.86250985,0.28334406,0.9833083
341,hv_256_50_2501,0.21980341,0.51621675,0.00434557,0.0095381085,0.96018267,0.46595094,0.9771196
342,hv_256_50_1767,0.2277721,0.6411725,0.004091756,0.011838452,0.94626844,0.431256,0.977418
343,sonora_256_50_3279,0.26409128,0.72656596,0.0021941199,0.009717008,0.8177546,0.24401559,0.98434526
344,hv_256_50_3575,0.22095065,0.4856235,0.0041980515,0.008806832,0.95787287,0.45423222,0.9776514
345,hv_256_50_453,0.24276717,0.673213,0.0030493538,0.010565593,0.91119313,0.34973186,0.98104435
346,hv_256_50_421,0.21825159,0.52740103,0.004654043,0.010224547,0.9617485,0.47689533,0.9759805
347,sonora_256_50_2671,0.2468706,0.69114155,0.002881837,0.01064267,0.8967774,0.32784003,0.98161674
348,hv_256_50_2113,0.22338778,0.6019881,0.0042487266,0.0111627355,0.9527744,0.44890726,0.97703856
349,sonora_256_50_3349,0.26409099,0.7145677,0.0021530525,0.0093268845,0.8195492,0.24395627,0.984615
350,sonora_256_50_3309,0.22541434,0.61044294,0.0041008093,0.011103102,0.9491898,0.43762228,0.97747827
351,sonora_256_50_871,0.24515948,0.6896065,0.0029467412,0.010749634,0.9015869,0.33482936,0.9813865
352,hv_256_50_441,0.22416022,0.550918,0.0039472044,0.009586444,0.95195806,0.4373214,0.9782874
353,sonora_256_50_1906,0.23082317,0.6491118,0.0038678346,0.011617362,0.940347,0.4145565,0.9781407
354,sonora_256_50_251,0.27459553,0.7245694,0.0018007407,0.008558306,0.74353683,0.19506907,0.98606896
355,sonora_256_50_2657,0.24445315,0.6840456,0.0030099526,0.01073847,0.904556,0.34003288,0.98111844
356,sonora_256_50_1294,0.26430553,0.71576375,0.002151415,0.009375461,0.81821525,0.24318269,0.98457503
357,sonora_256_50_827,0.25783625,0.704638,0.0023791716,0.009740014,0.85292274,0.2734329,0.9836324
358,hv_256_50_722,0.23319453,0.6566097,0.003669736,0.011419739,0.9347007,0.39958036,0.97881365
359,hv_256_50_2885,0.22149925,0.51077664,0.0041893357,0.009221513,0.9587868,0.45881048,0.9776993
360,hv_256_50_2656,0.2181708,0.5765217,0.004449484,0.010906211,0.9607514,0.47360194,0.9766764
361,sonora_256_50_1981,0.26587367,0.7283947,0.0020993545,0.009480482,0.8043082,0.23305137,0.98478174
362,sonora_256_50_1905,0.23918043,0.67155516,0.003309313,0.011067651,0.9199763,0.36774397,0.9800254
363,hv_256_50_865,0.22874989,0.5733974,0.0036239577,0.009470841,0.9444614,0.4140173,0.97933483
364,sonora_256_50_830,0.22125226,0.5920624,0.004191592,0.010825778,0.95600265,0.455867,0.9774369
365,sonora_256_50_2815,0.22127618,0.59341455,0.0044376985,0.011286137,0.95617855,0.46096256,0.976445
366,sonora_256_50_3662,0.22180757,0.5962416,0.0043947706,0.011279275,0.9553446,0.45802537,0.97657007
367,sonora_256_50_2423,0.22611135,0.6148219,0.004053743,0.011122669,0.9478965,0.43376935,0.97761744
368,sonora_256_50_2021,0.2357519,0.663039,0.0035205702,0.011289079,0.9288598,0.38635176,0.97929484
369,hv_256_50_2316,0.21069391,0.4804794,0.0054929694,0.010432816,0.97082293,0.5192488,0.9735004
370,sonora_256_50_634,0.22582874,0.5681817,0.0038339258,0.009747502,0.9488213,0.42848417,0.9785896
371,hv_256_50_2827,0.21004418,0.4439239,0.005552528,0.009816592,0.9732635,0.5280964,0.9735702
372,sonora_256_50_2276,0.26019952,0.7065619,0.0022642703,0.009484822,0.8401007,0.260595,0.98412967
373,hv_256_50_842,0.20342778,0.4521247,0.006567521,0.011167311,0.9782908,0.564945,0.97044647
374,hv_256_50_383,0.2474076,0.6924842,0.0028438277,0.010590825,0.8949526,0.32461908,0.98179644
375,sonora_256_50_1810,0.24872586,0.69510686,0.0028008376,0.010554796,0.8910139,0.3192585,0.98196155
376,sonora_256_50_2211,0.22689791,0.6184537,0.004007736,0.011129746,0.94658065,0.4300342,0.9777526
377,hv_256_50_2246,0.20841055,0.474125,0.005797027,0.0106899245,0.9732589,0.53313607,0.9726156
378,sonora_256_50_3480,0.23084149,0.64983064,0.003874846,0.011650764,0.94022095,0.41446167,0.97810125
379,sonora_256_50_3670,0.21185651,0.5472952,0.0051320195,0.011304583,0.96973354,0.5144734,0.97468877
380,sonora_256_50_3590,0.22154349,0.5953984,0.004407353,0.011279956,0.95564634,0.4589502,0.9765381
381,hv_256_50_3453,0.25055858,0.6976115,0.0027093014,0.010396009,0.8841172,0.30973938,0.9823172
382,sonora_256_50_1724,0.2540256,0.7015817,0.0025428012,0.010082731,0.8699118,0.29192692,0.98297405
383,hv_256_50_3293,0.21117459,0.5431257,0.005173078,0.011272237,0.97047776,0.5177645,0.97459954
384,sonora_256_50_2635,0.23882076,0.67099625,0.0033288714,0.011095057,0.92086554,0.36948687,0.9799564
385,hv_256_50_2408,0.20139973,0.41003767,0.007372017,0.011173478,0.9811174,0.5867816,0.9682159
386,hv_256_50_1639,0.22104108,0.52059805,0.004235584,0.009459665,0.9583066,0.45871326,0.97744924
387,hv_256_50_486,0.20525943,0.4683116,0.006268815,0.01115049,0.976218,0.5520853,0.97123456
388,hv_256_50_1523,0.20812516,0.44162387,0.0058236136,0.010098405,0.97501117,0.539365,0.97274214
389,sonora_256_50_1813,0.24658927,0.6915327,0.002885727,0.010654416,0.89729255,0.32839116,0.9816134
390,hv_256_50_3120,0.22764033,0.6398811,0.0041229012,0.011861529,0.9468154,0.4332008,0.97731346
391,sonora_256_50_1891,0.22793661,0.6407687,0.004093284,0.011828749,0.9462315,0.43130225,0.977414
392,hv_256_50_291,0.21150517,0.48663238,0.0053564524,0.010363519,0.97052807,0.5165196,0.97395587
393,sonora_256_50_895,0.25902134,0.70564437,0.002324581,0.009618465,0.84683144,0.2672353,0.9838642
394,sonora_256_50_412,0.24586572,0.6899769,0.0029009238,0.010648717,0.8993773,0.33103985,0.98157793
395,hv_256_50_1823,0.2103014,0.48583198,0.00554514,0.010601279,0.9708816,0.52044004,0.97331536
396,hv_256_50_1334,0.20440349,0.460026,0.006419372,0.011157152,0.9772859,0.5586902,0.97082776
397,hv_256_50_1673,0.20366691,0.45691338,0.0064980173,0.011184563,0.9778637,0.5621391,0.9706259
398,hv_256_50_3095,0.22193691,0.5102556,0.0041546854,0.009162801,0.95838076,0.4570281,0.977826
399,sonora_256_50_2445,0.22574164,0.6131287,0.0040512565,0.011078564,0.9482564,0.4343499,0.9776438
400,hv_256_50_3084,0.21665415,0.4807298,0.00473685,0.009460405,0.96431535,0.48365104,0.97590315
401,hv_256_50_338,0.21672611,0.49190468,0.0047659157,0.009710755,0.963745,0.48288497,0.97573656
402,sonora_256_50_764,0.22549173,0.5477858,0.0038070143,0.009299893,0.9496784,0.42857158,0.9787716
403,sonora_256_50_2483,0.26548445,0.7275907,0.0021537512,0.009621294,0.81030804,0.2384818,0.9845205
404,sonora_256_50_3501,0.23095797,0.6495173,0.0038635468,0.011619246,0.9401043,0.4140183,0.97815007
405,sonora_256_50_2733,0.27083075,0.7262758,0.0019348209,0.008954755,0.7732718,0.21229629,0.98551106
406,hv_256_50_2216,0.21667247,0.510345,0.0047870525,0.010080137,0.9645097,0.48717868,0.9756507
407,hv_256_50_3683,0.22677493,0.61633545,0.003981349,0.0110283885,0.9464106,0.42895025,0.97786075
408,sonora_256_50_671,0.2630854,0.7072571,0.0021700542,0.009229214,0.8262902,0.2488663,0.9845659
409,sonora_256_50_3324,0.2217492,0.5940101,0.004406449,0.011246676,0.9556611,0.4591564,0.97654825
410,hv_256_50_1089,0.23014897,0.64739704,0.003914078,0.01166749,0.9416812,0.41813293,0.9779816
411,sonora_256_50_3100,0.22988406,0.646085,0.0039479355,0.0116930315,0.9424468,0.42047018,0.9778758
412,hv_256_50_1566,0.21957853,0.5228828,0.004443046,0.009821709,0.96015257,0.46800312,0.97671676
413,hv_256_50_3529,0.22705124,0.61852556,0.003975575,0.011068517,0.94600224,0.4280012,0.9778685
414,sonora_256_50_3694,0.26206443,0.70595145,0.0021799079,0.009230474,0.82984346,0.25103977,0.984518
415,hv_256_50_3124,0.22066316,0.5899479,0.0044980166,0.011307093,0.95716846,0.46464053,0.9762632
416,hv_256_50_3029,0.21246466,0.45881614,0.005245197,0.009712874,0.9702654,0.5122881,0.97443116
417,hv_256_50_1012,0.24415798,0.685476,0.002984734,0.010720173,0.9043596,0.3388935,0.98124367
418,sonora_256_50_2642,0.23992585,0.673385,0.0032706235,0.011034814,0.91800404,0.36403215,0.98015445
419,sonora_256_50_2573,0.23968898,0.6731759,0.0032692295,0.011026901,0.91832584,0.36434668,0.9801686
420,hv_256_50_1633,0.21803139,0.5099222,0.004551661,0.009725408,0.9628238,0.47753167,0.97646207
421,hv_256_50_2989,0.22108383,0.59147173,0.004458669,0.011278818,0.9565789,0.46243194,0.97638386
422,hv_256_50_3555,0.2202463,0.5025356,0.0043264315,0.009272476,0.9611602,0.46816602,0.9772915
423,hv_256_50_2158,0.2103378,0.47929546,0.00555414,0.010486691,0.97128594,0.52196175,0.9733201
424,sonora_256_50_2362,0.23795758,0.6688172,0.0033683663,0.011121289,0.92300487,0.3735325,0.9798284
425,sonora_256_50_1353,0.24914709,0.69616574,0.0027730905,0.010515046,0.88909596,0.31643355,0.9820685
426,sonora_256_50_390,0.2635018,0.7090416,0.0021588441,0.009232446,0.82379127,0.24683008,0.984606
427,hv_256_50_3634,0.21442656,0.5628673,0.0051750806,0.011746244,0.9666463,0.50448847,0.97424525
428,hv_256_50_824,0.22465484,0.551984,0.003908529,0.009547177,0.95121336,0.43485844,0.9784138
429,sonora_256_50_3135,0.24079461,0.6753835,0.0032173404,0.010970788,0.91547346,0.35919923,0.98034567
430,hv_256_50_1590,0.20565544,0.46633705,0.0062248553,0.011062713,0.97599244,0.55048776,0.97134554
431,hv_256_50_3610,0.23258838,0.6544538,0.0037430013,0.0115156965,0.93641126,0.4044386,0.9785396
432,sonora_256_50_1011,0.24797311,0.69362295,0.0028325068,0.010593019,0.8935008,0.3227588,0.9818377
433,sonora_256_50_3242,0.22518162,0.60974,0.00410726,0.0110985795,0.94944537,0.43825582,0.97746223
434,hv_256_50_1094,0.23326288,0.6564531,0.0036944586,0.011470441,0.9348149,0.4004647,0.9786997
435,hv_256_50_464,0.25939488,0.7059872,0.002307717,0.009584176,0.84497887,0.2653854,0.9839438
436,sonora_256_50_2132,0.26918703,0.72738427,0.001973948,0.009101687,0.78238374,0.2176685,0.98533094
437,sonora_256_50_611,0.27656683,0.72391206,0.0017170862,0.008272404,0.72530514,0.18500121,0.98650175
438,sonora_256_50_2560,0.22578514,0.61427176,0.004055062,0.011110618,0.94823754,0.43441448,0.97762907
439,sonora_256_50_740,0.26475608,0.72352135,0.0021918672,0.009645766,0.81688154,0.24387547,0.9843498
440,sonora_256_50_2175,0.23846248,0.6700084,0.0033514043,0.011122092,0.9218148,0.37144226,0.97986907
441,hv_256_50_211,0.22085164,0.5420906,0.0043076877,0.009991628,0.95756143,0.45908326,0.977091
442,hv_256_50_725,0.22755936,0.6333409,0.004049514,0.01156277,0.9462951,0.43041158,0.97758716
443,sonora_256_50_3236,0.23554623,0.6624533,0.0035357166,0.011303692,0.92939216,0.38757703,0.97924334
444,sonora_256_50_311,0.26627243,0.7280914,0.0020984756,0.009478682,0.80301124,0.23242515,0.9847681
445,sonora_256_50_841,0.21998802,0.5353232,0.0044306368,0.010056379,0.9586329,0.46372074,0.97664386
446,sonora_256_50_1797,0.23021616,0.64791685,0.0039017624,0.011652335,0.9414293,0.4173184,0.97803235
447,sonora_256_50_1740,0.24906306,0.6953136,0.0027878364,0.010531267,0.8899411,0.31782678,0.9820072
448,hv_256_50_3042,0.23550524,0.66227186,0.0035352395,0.011296565,0.9294799,0.3876991,0.9792494
449,hv_256_50_2763,0.23005715,0.64695036,0.003927721,0.011677133,0.94197184,0.4190456,0.9779434
450,hv_256_50_2207,0.22200942,0.5962302,0.004390035,0.011270297,0.9551299,0.4574644,0.9765822
451,sonora_256_50_3346,0.24385478,0.6806822,0.0030552668,0.010767061,0.90728664,0.3447874,0.9809429
452,hv_256_50_2197,0.2169879,0.57148033,0.0045616166,0.010973686,0.96248066,0.48073146,0.9763416
453,hv_256_50_2729,0.21609956,0.49598125,0.0047897133,0.009794863,0.96600103,0.49144015,0.97575563
454,hv_256_50_1424,0.22675802,0.6191955,0.003998145,0.011128665,0.9465831,0.42971858,0.9777959
455,hv_256_50_2868,0.21874148,0.5029549,0.004433222,0.009420752,0.9625181,0.4742203,0.97691685
456,hv_256_50_2540,0.20933905,0.45897576,0.00563305,0.010193609,0.97307366,0.5291748,0.97322714
457,hv_256_50_2685,0.20717134,0.44254383,0.0059475834,0.010255269,0.9757438,0.54431987,0.9723812
458,sonora_256_50_3164,0.23904347,0.6707622,0.0033261324,0.011082837,0.9205466,0.3690422,0.9799611
459,hv_256_50_1270,0.20737068,0.4785275,0.0059726136,0.010995205,0.97403866,0.53911924,0.97204125
460,sonora_256_50_1932,0.2450505,0.68898255,0.0029717048,0.010788683,0.90248054,0.33663598,0.98128164
461,hv_256_50_3419,0.21410531,0.5598996,0.005087948,0.011537074,0.96693856,0.5040075,0.97461605
462,sonora_256_50_572,0.23523869,0.66107064,0.003463244,0.011108186,0.92947143,0.38584337,0.97954893
463,sonora_256_50_477,0.26753026,0.72770184,0.0020514666,0.009328736,0.79513013,0.22675095,0.9849858
464,hv_256_50_3222,0.2115584,0.5457323,0.005121245,0.011256247,0.96987647,0.51466846,0.97473747
465,sonora_256_50_2954,0.23755307,0.66781497,0.003407812,0.011178847,0.92427766,0.3764847,0.97968024
466,sonora_256_50_1487,0.2428325,0.67989737,0.0030939307,0.010818035,0.9093188,0.3479855,0.98079866
467,sonora_256_50_3028,0.24418823,0.682185,0.0030323684,0.010737158,0.90547615,0.34171242,0.9810191
468,sonora_256_50_3690,0.23812309,0.6718189,0.003301807,0.011045913,0.9212308,0.3689222,0.98010796
469,sonora_256_50_2348,0.22358255,0.53227824,0.003972926,0.009273917,0.9536325,0.44118997,0.9782761
470,hv_256_50_3407,0.22611524,0.61402315,0.0040376326,0.0110746985,0.94781005,0.43319795,0.9776838
471,sonora_256_50_1537,0.24577053,0.6900232,0.002915018,0.010686335,0.89978355,0.33189332,0.9815091
472,sonora_256_50_1000,0.2450631,0.6876146,0.0029777563,0.010768601,0.9029481,0.33746794,0.98126155
473,hv_256_50_2273,0.2195761,0.5847904,0.0046201185,0.011388306,0.95907533,0.47212014,0.97588634
474,hv_256_50_713,0.20563895,0.47064352,0.006214524,0.011132108,0.9758316,0.54975903,0.9713766
475,sonora_256_50_2860,0.23867649,0.6706858,0.0033363488,0.0111042755,0.9212212,0.37018505,0.9799279
476,hv_256_50_1052,0.20514502,0.46828666,0.0062562563,0.011134854,0.9762492,0.55197954,0.9712848
477,hv_256_50_2751,0.21125948,0.46509987,0.005383743,0.009997497,0.97103405,0.5176318,0.97396857
478,sonora_256_50_2640,0.2410062,0.67553705,0.0032051376,0.010946817,0.9149606,0.35820112,0.980394
479,hv_256_50_651,0.22250177,0.578045,0.0039507174,0.010122081,0.95145506,0.43560004,0.97820854
480,hv_256_50_2582,0.21576388,0.49166793,0.004814345,0.009759206,0.9647484,0.48697168,0.9756235
481,hv_256_50_1902,0.20390053,0.45724517,0.0064707445,0.011161372,0.97770363,0.561045,0.97070295
482,sonora_256_50_1299,0.25899297,0.7057203,0.002320253,0.009612076,0.8465312,0.26684037,0.98388195
483,hv_256_50_3107,0.24002603,0.67361355,0.0032577098,0.011010278,0.91760296,0.3631039,0.98020875
484,hv_256_50_2612,0.2163679,0.46977675,0.004715515,0.009236874,0.96519476,0.48563707,0.9760636
485,hv_256_50_2261,0.22120956,0.51259124,0.00418431,0.009232885,0.95860255,0.4580845,0.9776699
486,sonora_256_50_1138,0.22629297,0.6147282,0.004041308,0.0111031495,0.94756645,0.43283245,0.97764814
487,hv_256_50_2584,0.21175104,0.48658767,0.0053205993,0.010326106,0.9692096,0.51056254,0.9740128
488,hv_256_50_14,0.21218768,0.48725522,0.0052914284,0.010289447,0.96982634,0.5129864,0.9741445
489,sonora_256_50_792,0.25845632,0.70546395,0.0023471464,0.009672038,0.84975225,0.27006802,0.9837781
490,hv_256_50_3570,0.20916271,0.53295016,0.0054125874,0.0113917375,0.9728166,0.53035426,0.9739214
491,sonora_256_50_1333,0.24272138,0.6808397,0.0030626946,0.010774525,0.9087087,0.346145,0.9809343
492,hv_256_50_1709,0.21694823,0.5597817,0.0045780535,0.010750467,0.9628606,0.48157358,0.97632015
493,hv_256_50_3470,0.23419274,0.6593503,0.0036228905,0.0113992635,0.9325408,0.3948223,0.97894806
494,hv_256_50_2231,0.22555496,0.5427842,0.003797763,0.0091908835,0.9498173,0.4285156,0.9788253
495,hv_256_50_3067,0.20576636,0.46510264,0.0061631217,0.010954409,0.97588545,0.5489266,0.97157514
496,sonora_256_50_3101,0.2283725,0.6414593,0.0040750713,0.011815058,0.9455792,0.4296402,0.9774599
497,sonora_256_50_776,0.2287872,0.6451128,0.003984101,0.011736434,0.9439023,0.4238743,0.9777765
498,sonora_256_50_199,0.2437885,0.683891,0.0029948459,0.01069621,0.90518856,0.34005243,0.98120594
499,hv_256_50_2262,0.2214814,0.51391995,0.0041787405,0.009255159,0.95826197,0.45726946,0.9776679
500,hv_256_50_966,0.22478451,0.5491558,0.003946205,0.009558104,0.95161456,0.4368259,0.9782696
501,sonora_256_50_1834,0.24437813,0.6842495,0.0030130723,0.010749204,0.90462065,0.34015337,0.9811032
502,hv_256_50_2219,0.21573143,0.50296116,0.004837125,0.009990374,0.9658414,0.49187502,0.97556543
503,hv_256_50_90,0.20189172,0.45313194,0.006662061,0.0112971235,0.9789034,0.5682439,0.97017497
504,sonora_256_50_1231,0.2523807,0.70047826,0.0026023893,0.010210037,0.87602925,0.29894796,0.98274326
505,sonora_256_50_1362,0.26712626,0.72971994,0.00198606,0.009196621,0.7887548,0.22072743,0.9852887
506,sonora_256_50_3035,0.23785022,0.66773725,0.0033928985,0.011146132,0.92372835,0.37535468,0.9797362
507,hv_256_50_1755,0.22451422,0.5407683,0.0038906164,0.0093017835,0.9516882,0.43493402,0.9785179
508,sonora_256_50_2904,0.23026395,0.6483468,0.003906858,0.011673717,0.9413445,0.417297,0.978007
509,hv_256_50_1144,0.22927417,0.57494265,0.0035939252,0.0094545,0.9435668,0.4115787,0.9794215
510,hv_256_50_554,0.2047968,0.4591216,0.006389344,0.01111754,0.97706896,0.55742955,0.9708849
511,hv_256_50_3653,0.21457928,0.5637628,0.005168317,0.011755719,0.96652246,0.5040255,0.97426087
512,hv_256_50_2299,0.22724566,0.5484485,0.0036763637,0.009098123,0.9469252,0.41955388,0.97921556
513,hv_256_50_2575,0.22486429,0.5322745,0.0038498316,0.0090799695,0.9516869,0.433693,0.97869575
514,sonora_256_50_2510,0.22219901,0.5967639,0.00436532,0.011241508,0.95490897,0.45649317,0.97666955
515,sonora_256_50_2873,0.25769514,0.7047035,0.002376831,0.009738707,0.853205,0.27350587,0.98364544
516,sonora_256_50_739,0.26241422,0.707144,0.0021678559,0.009225142,0.82778656,0.24935828,0.9845707
517,hv_256_50_1499,0.2255543,0.6115391,0.0040902738,0.011113537,0.9489241,0.43682402,0.97750574
518,sonora_256_50_1266,0.24386992,0.6824051,0.0030196572,0.01071674,0.90583026,0.3416649,0.9810929
519,hv_256_50_2260,0.22145578,0.5154018,0.0041553658,0.009241657,0.95799387,0.45586336,0.97775304
520,sonora_256_50_261,0.23069726,0.64782566,0.0038717496,0.011597127,0.9407239,0.41546535,0.9781231
521,hv_256_50_61,0.21287572,0.4847781,0.0051954174,0.010130818,0.9681829,0.5049017,0.97439575
522,sonora_256_50_3361,0.23756877,0.66746426,0.0034094916,0.011173494,0.9243518,0.37667,0.97967577
523,hv_256_50_179,0.27400014,0.72643155,0.0017481337,0.008427425,0.7379632,0.19042972,0.98635614
524,sonora_256_50_2950,0.23703794,0.66625345,0.0034362485,0.011198789,0.9255851,0.37916476,0.97958446
525,hv_256_50_659,0.21574502,0.48845926,0.0048950263,0.009800655,0.96645653,0.49453697,0.9754108
526,sonora_256_50_604,0.2791607,0.72290885,0.0016281464,0.00798308,0.70145684,0.1736062,0.9869244
527,sonora_256_50_3659,0.22122692,0.5928086,0.0044706776,0.011326049,0.95649624,0.4625321,0.9763306
528,sonora_256_50_416,0.23174353,0.65239435,0.0037973893,0.01156683,0.9381694,0.40883225,0.9783643
529,sonora_256_50_1125,0.25634214,0.70495355,0.002414176,0.009840815,0.8580763,0.27818343,0.98349935
530,hv_256_50_295,0.20681262,0.4766938,0.0060165343,0.011011852,0.9744983,0.54147315,0.9719409
531,sonora_256_50_3439,0.2175374,0.5759301,0.0048274575,0.011515951,0.96207786,0.48426774,0.975261
532,hv_256_50_3489,0.21201295,0.54777807,0.005073433,0.011227228,0.9694629,0.5125404,0.9748845
533,hv_256_50_3115,0.23347878,0.65740097,0.003671443,0.011447754,0.9342012,0.3987917,0.9787821
534,sonora_256_50_1489,0.24603851,0.6911666,0.0029062997,0.010692174,0.89874303,0.33048183,0.98153424
535,sonora_256_50_2716,0.22717679,0.63514817,0.0040953467,0.011694343,0.94691414,0.43261507,0.9774164
536,sonora_256_50_3053,0.22400746,0.6048567,0.004204703,0.011153707,0.9516778,0.44541815,0.9771648
537,hv_256_50_471,0.21873043,0.5077536,0.004447075,0.009530621,0.9621454,0.47346818,0.9768332
538,hv_256_50_2706,0.22606654,0.614909,0.004044824,0.011108548,0.94784796,0.43342456,0.97765243
539,hv_256_50_3576,0.22052339,0.5038422,0.004292376,0.009247287,0.9606711,0.46609956,0.97739226
540,hv_256_50_81,0.22902551,0.59964013,0.0036752946,0.010097972,0.9434187,0.413973,0.9790677
541,hv_256_50_1530,0.20369273,0.45331928,0.006503986,0.011122988,0.9780251,0.5628633,0.9706188
542,hv_256_50_2797,0.21625756,0.49965262,0.004806574,0.00989173,0.96566397,0.49085897,0.975659
543,hv_256_50_914,0.20514111,0.46608996,0.0063187853,0.011168533,0.9764981,0.55405414,0.9710783
544,sonora_256_50_3034,0.23421204,0.6586518,0.0036298526,0.011395255,0.9327141,0.3953612,0.9789234
545,sonora_256_50_746,0.26652128,0.72757614,0.002104358,0.009482591,0.80312234,0.23285083,0.9847376
546,sonora_256_50_2916,0.23001762,0.6468746,0.00393103,0.011681718,0.9420423,0.4192486,0.97793216
547,hv_256_50_136,0.21988976,0.49054742,0.0043232143,0.009069206,0.95925564,0.4609221,0.97721463
548,sonora_256_50_336,0.22736643,0.5702628,0.0037249133,0.009590669,0.9465343,0.42103878,0.97897434
549,hv_256_50_2933,0.21276423,0.48347008,0.0051931236,0.010098664,0.96834016,0.505295,0.97442764
550,hv_256_50_2566,0.22221728,0.59766567,0.004359738,0.0112523725,0.9547524,0.4559358,0.9766847
551,hv_256_50_2072,0.21425319,0.46494636,0.005000839,0.009514752,0.96792495,0.49983793,0.9751635
552,sonora_256_50_986,0.25175554,0.69985706,0.0026218623,0.010239996,0.8782109,0.3014432,0.9826779
553,hv_256_50_1731,0.20706281,0.46960214,0.005999332,0.010848223,0.97468126,0.54176694,0.97203034
554,hv_256_50_1522,0.2081913,0.45207813,0.005818848,0.010289136,0.9744959,0.537623,0.9726943
555,sonora_256_50_1471,0.25548944,0.70297337,0.0024672179,0.009924778,0.8631088,0.2839337,0.98328424
556,sonora_256_50_1534,0.23972268,0.6726242,0.0032613566,0.010993219,0.91831917,0.36415252,0.9802097
557,sonora_256_50_496,0.22813228,0.642688,0.004033144,0.011769936,0.9453085,0.42792976,0.97762614
558,sonora_256_50_2926,0.23529428,0.6623362,0.0035489225,0.011330146,0.92986226,0.38862503,0.979195
559,hv_256_50_2961,0.21478897,0.46853027,0.0049495706,0.0095148785,0.9671888,0.4965863,0.97529864
560,sonora_256_50_3030,0.24171403,0.6769457,0.0031618208,0.010888976,0.9128852,0.35433426,0.9805532
561,sonora_256_50_222,0.2346954,0.6605735,0.0035770258,0.01134139,0.93120855,0.39147925,0.9791108
562,hv_256_50_2762,0.22255999,0.5982669,0.0043277834,0.011213409,0.95423704,0.45405957,0.97678715
563,hv_256_50_2224,0.21035446,0.4856783,0.0055148257,0.01056043,0.97073436,0.51928383,0.9734072
564,hv_256_50_3697,0.21276847,0.55181694,0.005069689,0.011315376,0.96862227,0.5095024,0.97483206
565,sonora_256_50_2309,0.22800496,0.6412656,0.004078053,0.011813304,0.94596964,0.43037692,0.97746724
566,sonora_256_50_2645,0.23072541,0.65025204,0.003862514,0.011641736,0.94012135,0.41386116,0.9781437
567,sonora_256_50_407,0.26845592,0.7273216,0.0020205276,0.009229606,0.78941196,0.22285207,0.98512256
568,sonora_256_50_3623,0.2701611,0.7270421,0.001932842,0.008960351,0.7750221,0.2128413,0.98554057
569,sonora_256_50_3678,0.22671452,0.6172039,0.00400085,0.011088817,0.9465611,0.42973027,0.9777746
570,hv_256_50_309,0.22977822,0.59952897,0.0037137396,0.010156514,0.9441374,0.41614315,0.97893816
571,hv_256_50_2740,0.22522403,0.5310076,0.0038175138,0.009006607,0.95132035,0.432107,0.9788184
572,sonora_256_50_1805,0.23700996,0.66657776,0.0034333493,0.0112002045,0.9255178,0.37894437,0.9795965
573,hv_256_50_1957,0.20240827,0.4470408,0.0066961963,0.011209915,0.97911847,0.570206,0.9701091
574,sonora_256_50_2043,0.23785761,0.66840065,0.0033863906,0.011149211,0.92345387,0.3747117,0.9797564
575,hv_256_50_3644,0.21711782,0.4739123,0.004635481,0.009201923,0.9640199,0.48062932,0.9762864
576,sonora_256_50_524,0.26571903,0.7278728,0.0021299222,0.009558732,0.8076184,0.23607181,0.98463595
577,hv_256_50_3014,0.21041577,0.4774001,0.0055200453,0.010405328,0.97120845,0.52096903,0.97344255
578,hv_256_50_2947,0.2226796,0.51916915,0.004049514,0.009148582,0.9561466,0.44892576,0.9780928
579,sonora_256_50_3177,0.22999491,0.6465734,0.0039302255,0.011671098,0.9421239,0.41939646,0.9779418
580,hv_256_50_817,0.23101012,0.61223954,0.0036269184,0.010273537,0.9409736,0.4080905,0.9791996
581,sonora_256_50_756,0.26406997,0.71016747,0.0021338502,0.009181613,0.819837,0.24352239,0.98472655
582,sonora_256_50_1210,0.23191363,0.6534101,0.003774332,0.011550769,0.93756753,0.40713444,0.9784399
583,sonora_256_50_10,0.22964242,0.64581585,0.0038630937,0.011508627,0.9422579,0.41802797,0.9782184
584,hv_256_50_2908,0.2338748,0.6581394,0.0036483852,0.011420277,0.93337935,0.3968875,0.9788598
585,hv_256_50_1946,0.20712972,0.46559158,0.005977502,0.010743019,0.97478455,0.5417148,0.9721255
586,sonora_256_50_2381,0.24078579,0.67632467,0.0031973198,0.010951615,0.914914,0.35778448,0.98042643
587,sonora_256_50_3376,0.22657926,0.6155474,0.004019818,0.011079143,0.9471438,0.4314728,0.97773004
588,sonora_256_50_1664,0.2245948,0.60924333,0.0040488886,0.010978541,0.9499834,0.43813574,0.9777229
589,hv_256_50_2028,0.20343512,0.45172617,0.0065447716,0.011133667,0.9782307,0.5642383,0.970517
590,sonora_256_50_1442,0.24688026,0.69193345,0.00286791,0.0106233675,0.89631397,0.32679006,0.98168844
591,hv_256_50_2964,0.21891373,0.4759457,0.0044157174,0.00894117,0.9614674,0.46859732,0.9769967
592,sonora_256_50_1691,0.23319261,0.6571524,0.0036735558,0.011445784,0.9345523,0.39935604,0.9787839
593,sonora_256_50_2807,0.25738645,0.70518935,0.0023876682,0.009775545,0.8543131,0.2746191,0.9835999
594,hv_256_50_1925,0.22003746,0.5868607,0.0045702965,0.011355974,0.9582219,0.46881887,0.9760342
595,hv_256_50_3008,0.21355247,0.5535937,0.004929747,0.011148597,0.9674078,0.5028886,0.9752681
596,hv_256_50_3339,0.22267145,0.59880036,0.0043153493,0.011203754,0.95404404,0.45333594,0.97682947
597,hv_256_50_2730,0.21573183,0.49892014,0.004848708,0.009931593,0.9662216,0.4933289,0.9755475
598,sonora_256_50_2588,0.2459453,0.69024646,0.0029259305,0.010715734,0.8996158,0.33213183,0.9814533
599,hv_256_50_3658,0.25184712,0.69900143,0.0026438183,0.010269828,0.87910306,0.30309004,0.98258096
600,hv_256_50_480,0.21809775,0.51271313,0.004553956,0.009781908,0.9625981,0.4770426,0.9764398
601,sonora_256_50_103,0.25704828,0.70364827,0.0024028486,0.009779138,0.8564359,0.27679136,0.9835501
602,hv_256_50_3011,0.22294745,0.52018464,0.00402087,0.009123671,0.9556325,0.44694185,0.97818094
603,hv_256_50_1901,0.20378645,0.45557123,0.006489985,0.011150048,0.97784436,0.5619014,0.9706486
604,hv_256_50_2255,0.2162919,0.5668348,0.0046357517,0.010989377,0.9635784,0.48542696,0.9761254
605,sonora_256_50_2563,0.22658157,0.6155013,0.0040002097,0.011043247,0.9468173,0.430242,0.97779614
606,sonora_256_50_3075,0.26765084,0.72744894,0.0020523758,0.009334788,0.7948985,0.22669953,0.9849672
607,hv_256_50_3322,0.22545388,0.6113573,0.0040997793,0.011123435,0.9490726,0.437324,0.977475
608,sonora_256_50_1095,0.2511436,0.6993631,0.0026601066,0.010320678,0.88086826,0.30502376,0.98251593
609,hv_256_50_3278,0.22225149,0.5158629,0.004069867,0.009118155,0.95688653,0.4510764,0.97804743
610,sonora_256_50_1188,0.22715111,0.56451887,0.00371389,0.009463129,0.94679636,0.42096016,0.9790366
611,hv_256_50_2156,0.21020259,0.4823882,0.0055588926,0.010554562,0.97118515,0.5216861,0.9732861
612,sonora_256_50_1173,0.25307283,0.70037025,0.0025897955,0.010169932,0.8741294,0.29701972,0.9827885
613,sonora_256_50_3520,0.22141176,0.5949283,0.0044276696,0.011303086,0.95592076,0.46007782,0.9764696
614,hv_256_50_1401,0.20544128,0.46791187,0.006231912,0.011107375,0.976046,0.5507665,0.9713225
615,hv_256_50_1601,0.20645429,0.44609317,0.0060565174,0.010454139,0.97614413,0.54778075,0.9720219
616,sonora_256_50_1575,0.2651753,0.7281991,0.002134824,0.009580398,0.80946815,0.23715635,0.9846219
617,sonora_256_50_823,0.26179942,0.7061297,0.0022037884,0.009299143,0.83221275,0.25346822,0.98440796
618,hv_256_50_2356,0.21791646,0.5718129,0.0044802893,0.010853203,0.9612066,0.47530508,0.97659135
619,sonora_256_50_872,0.24138634,0.6771915,0.0031565106,0.01088757,0.9132568,0.35455486,0.98058426
620,sonora_256_50_1113,0.22357412,0.6047546,0.0039886488,0.01075873,0.95151556,0.4403783,0.9780498
621,sonora_256_50_1570,0.27282274,0.72468454,0.0018974176,0.008831838,0.7625597,0.20660648,0.985635
622,sonora_256_50_2793,0.24061868,0.67514366,0.003223316,0.010976647,0.9158799,0.35986578,0.980328
623,sonora_256_50_2680,0.22236119,0.5977525,0.004333528,0.011210951,0.9544837,0.45473754,0.97677636
624,sonora_256_50_1027,0.25942498,0.70533794,0.00230229,0.009551822,0.8446775,0.264989,0.98396605
625,hv_256_50_1933,0.21039903,0.46099126,0.005509331,0.0100804325,0.97208863,0.5235757,0.97359157
626,sonora_256_50_1833,0.24568133,0.6901781,0.0029385092,0.010742862,0.90035725,0.3332848,0.9814037
627,hv_256_50_3246,0.24216086,0.6782827,0.0031398362,0.010874032,0.9114969,0.3519591,0.9806264
628,hv_256_50_1031,0.2299689,0.6476119,0.003907339,0.011655247,0.9417929,0.41814822,0.9780246
629,hv_256_50_2646,0.21723005,0.57245964,0.004527374,0.010937788,0.9620088,0.47860274,0.9764547
630,hv_256_50_1120,0.20773983,0.48467535,0.0059010265,0.011035094,0.9733655,0.5354781,0.97223026
631,sonora_256_50_1807,0.24431784,0.6832419,0.0030090928,0.010713394,0.90474683,0.3401579,0.9811235
632,sonora_256_50_2548,0.2550397,0.7024023,0.0025012149,0.009998451,0.86574674,0.28721827,0.98313636
633,sonora_256_50_2964,0.24138168,0.6764315,0.0031820948,0.010921529,0.91387635,0.35617065,0.98047835
634,hv_256_50_913,0.20379417,0.45703545,0.0064750654,0.011167043,0.9777544,0.5612616,0.9706925
635,sonora_256_50_1839,0.23466465,0.6596743,0.0036003513,0.011365608,0.9316908,0.39296743,0.9790207
636,sonora_256_50_2984,0.22812366,0.64098996,0.0040783724,0.011806715,0.9459039,0.43031028,0.9774644
637,sonora_256_50_58,0.22812349,0.63985676,0.0038902506,0.011409322,0.94554746,0.42544547,0.9782404
638,sonora_256_50_1148,0.2507229,0.69775677,0.0026997868,0.010379533,0.8834266,0.30881307,0.9823521
639,sonora_256_50_669,0.27215773,0.7247495,0.0019262948,0.008948131,0.7671833,0.20969296,0.9854586
640,sonora_256_50_1794,0.2496568,0.6965915,0.0027479187,0.010464083,0.8872804,0.3138849,0.9821671
641,hv_256_50_756,0.22652146,0.556306,0.0037368345,0.009343121,0.94786453,0.42336375,0.97898954
642,sonora_256_50_2966,0.24301499,0.67938906,0.0030876012,0.010787818,0.90910095,0.34759742,0.98083293
643,sonora_256_50_476,0.2713608,0.7261564,0.0019134496,0.008892334,0.7690501,0.2096438,0.98560333
644,sonora_256_50_2270,0.267337,0.7275371,0.0020710444,0.0093838135,0.79760164,0.22878028,0.9848888
645,sonora_256_50_508,0.22309583,0.59900403,0.0041030184,0.010829144,0.95320284,0.44714433,0.97765976
646,hv_256_50_2520,0.22297859,0.5353124,0.0039811353,0.009346247,0.95384705,0.44169053,0.9782427
647,sonora_256_50_3395,0.21992809,0.5862379,0.0045866254,0.011367908,0.95846736,0.46981868,0.9759831
648,sonora_256_50_1337,0.25012034,0.6973257,0.0027139876,0.010401387,0.88523155,0.31084636,0.9823095
649,sonora_256_50_1326,0.24444513,0.6878608,0.002979592,0.010777483,0.9037781,0.33821154,0.9812651
650,hv_256_50_2736,0.2172525,0.5048752,0.0045548943,0.009632146,0.96379393,0.48014733,0.97650903
651,hv_256_50_176,0.25197595,0.6996167,0.002631828,0.010257854,0.8782958,0.30195883,0.9826279
652,sonora_256_50_1665,0.22589405,0.6142879,0.004051112,0.011106087,0.9481965,0.43434268,0.9776399
653,sonora_256_50_3646,0.22412768,0.52578676,0.0039072484,0.009053651,0.9534158,0.43897644,0.97854495
654,hv_256_50_1084,0.24516001,0.68876255,0.0029598102,0.01075601,0.90214044,0.33589977,0.98133504
655,hv_256_50_1007,0.2337425,0.6586274,0.0036331236,0.011406945,0.933253,0.39619982,0.97891766
656,sonora_256_50_122,0.2358518,0.62851965,0.0033051686,0.010023247,0.9296555,0.3803883,0.98027384
657,sonora_256_50_343,0.2459228,0.69018763,0.0029038396,0.01066251,0.8992841,0.33104482,0.981561
658,sonora_256_50_2632,0.22672907,0.6157643,0.0039895996,0.011030494,0.94652605,0.42939806,0.9778285
659,sonora_256_50_2479,0.25663614,0.70309967,0.002425934,0.009822985,0.8585763,0.27918515,0.98344976
660,hv_256_50_597,0.25923744,0.70638275,0.002303609,0.009582597,0.84487444,0.2650679,0.9839559
661,hv_256_50_458,0.26510563,0.7282541,0.002111123,0.009526178,0.80749124,0.23517683,0.9847221
662,hv_256_50_1079,0.23478146,0.6610693,0.0035667177,0.011332768,0.93089926,0.3907055,0.9791468
663,sonora_256_50_1030,0.2273545,0.56798816,0.0037371828,0.009575327,0.9467257,0.421764,0.97892034
664,hv_256_50_634,0.20770866,0.4828127,0.0059273173,0.011030744,0.9735571,0.53668225,0.97215605
665,hv_256_50_2791,0.2163007,0.48321107,0.004789752,0.009577552,0.9646654,0.4858458,0.97571975
666,sonora_256_50_2953,0.23505192,0.6612434,0.0035681634,0.011338476,0.93057203,0.39027497,0.97913146
667,hv_256_50_833,0.2061622,0.4776244,0.0060638934,0.011094247,0.9748652,0.54353386,0.9718137
668,hv_256_50_663,0.24175334,0.6777539,0.0031330944,0.010848223,0.9122405,0.3526411,0.980678
669,hv_256_50_314,0.25800285,0.7053631,0.0023602804,0.009711511,0.8514219,0.2716551,0.9837157
670,sonora_256_50_123,0.22033352,0.54676497,0.004376881,0.010186732,0.9579626,0.4615709,0.9768355
671,hv_256_50_1122,0.21876024,0.5298376,0.0045866887,0.010175266,0.960819,0.47289965,0.9761871
672,sonora_256_50_371,0.23499829,0.62182194,0.0033714734,0.010007767,0.93236697,0.3865627,0.9800483
673,sonora_256_50_1663,0.23441331,0.66048306,0.0035848694,0.011354073,0.9316237,0.39226833,0.979087
674,sonora_256_50_2542,0.23473486,0.66004044,0.0035974344,0.011370432,0.93149316,0.39255866,0.97902465
675,sonora_256_50_3214,0.2602123,0.7058734,0.0022773503,0.0094963685,0.8411146,0.2617922,0.9840714
676,hv_256_50_2927,0.21416119,0.483104,0.005019185,0.00987021,0.9668149,0.49689403,0.97497696
677,sonora_256_50_1363,0.28205645,0.72153157,0.0015291724,0.0076514445,0.67213875,0.1607394,0.98741794
678,sonora_256_50_3099,0.24013387,0.6736249,0.003255303,0.011006276,0.9174297,0.36283785,0.98021585
679,sonora_256_50_516,0.2566677,0.7046175,0.0024104766,0.009827322,0.857325,0.27760512,0.98350865
680,sonora_256_50_3182,0.23197809,0.65269905,0.0037846535,0.011547951,0.9377763,0.40784523,0.9784092
681,sonora_256_50_548,0.2736753,0.72531253,0.0018294731,0.0086249,0.7511225,0.19903769,0.9859869
682,hv_256_50_1737,0.20293172,0.4415402,0.006628975,0.0110217845,0.9790003,0.5685865,0.97034025
683,sonora_256_50_2730,0.27707052,0.72318935,0.0017308234,0.008286514,0.7261071,0.18604138,0.98644197
684,sonora_256_50_1232,0.24286664,0.6809311,0.0030593362,0.01077073,0.908479,0.34584913,0.98094773
685,hv_256_50_1656,0.2302835,0.64862865,0.0038967633,0.01166035,0.94116825,0.41666457,0.97804385
686,hv_256_50_2009,0.21908961,0.506464,0.00442969,0.009487062,0.96192515,0.47255993,0.97687656
687,sonora_256_50_470,0.2647533,0.728143,0.0021534818,0.009639044,0.8122517,0.23931901,0.98452234
688,sonora_256_50_232,0.23517472,0.6605337,0.0035618963,0.011309232,0.9305644,0.3902285,0.97916096
689,sonora_256_50_3656,0.21635835,0.5687061,0.004615019,0.010994117,0.96324956,0.48389342,0.9761899
690,sonora_256_50_672,0.26537243,0.7264876,0.0021264905,0.009541916,0.80846196,0.23656155,0.9846257
691,hv_256_50_1259,0.21474522,0.5064598,0.0050466736,0.01036394,0.96691906,0.49952063,0.97483927
692,sonora_256_50_1743,0.24933901,0.695238,0.0027818468,0.010528952,0.88919294,0.3170098,0.98201156
693,sonora_256_50_3216,0.25837234,0.7046468,0.0023596843,0.00969034,0.85058045,0.2711329,0.98371166
694,sonora_256_50_2722,0.2347567,0.66128147,0.0035787295,0.011361372,0.9310308,0.39121026,0.97909695
695,sonora_256_50_2541,0.22813992,0.64111924,0.0040781107,0.011811445,0.9458766,0.43026552,0.9774606
696,sonora_256_50_1505,0.26808876,0.72747546,0.0020253342,0.009250198,0.7909749,0.22381477,0.9851034
697,hv_256_50_923,0.20499331,0.46516314,0.0063218907,0.011151389,0.97660387,0.5544312,0.9710869
698,hv_256_50_209,0.21952116,0.5306487,0.004487705,0.0100390725,0.9597808,0.46801317,0.9765164
699,sonora_256_50_1762,0.24481519,0.6891871,0.002962657,0.010772015,0.90259373,0.3363664,0.9813285
700,sonora_256_50_3175,0.22471417,0.60767275,0.0041492395,0.011122076,0.9504778,0.44151992,0.9773392
701,hv_256_50_1067,0.23152749,0.65137297,0.0038030215,0.011551168,0.93868035,0.40992162,0.97835994
702,hv_256_50_3138,0.21714288,0.5004827,0.0046814247,0.009725251,0.96462727,0.48524484,0.9760835
703,sonora_256_50_3051,0.22427522,0.60622674,0.004185502,0.011152776,0.95111805,0.44369698,0.977216
704,sonora_256_50_66,0.2349128,0.66243386,0.0035336204,0.0113046095,0.93004626,0.38839197,0.97926635
705,hv_256_50_2023,0.2239282,0.54007745,0.0039349454,0.0093592275,0.95254344,0.43791747,0.97837526
706,sonora_256_50_3407,0.23765464,0.67080605,0.0033330652,0.011090372,0.92243445,0.37144846,0.97998697
707,sonora_256_50_2169,0.2240048,0.6048885,0.004195031,0.011139175,0.9515891,0.44498938,0.9771969
708,sonora_256_50_655,0.2640904,0.72477525,0.0021932567,0.009671499,0.8185212,0.24453521,0.984359
709,hv_256_50_3145,0.21871719,0.48551548,0.004431219,0.009132867,0.9610951,0.46808273,0.9768927
710,hv_256_50_1408,0.20794679,0.47619656,0.005908318,0.010870063,0.973739,0.53695107,0.9722519
711,sonora_256_50_2932,0.24302977,0.69070804,0.002964917,0.010811644,0.9047501,0.33813998,0.9813378
712,sonora_256_50_2893,0.24329463,0.68269265,0.0030289837,0.010742568,0.9066968,0.34275267,0.98106027
713,sonora_256_50_2711,0.23548111,0.6628503,0.0035389673,0.011321629,0.92942685,0.3876759,0.97922635
714,sonora_256_50_1692,0.23855275,0.6709467,0.0033278782,0.011092374,0.9211865,0.36982456,0.9799673
715,hv_256_50_2212,0.21418948,0.45474538,0.004995293,0.009326014,0.96858513,0.5016533,0.9752563
716,sonora_256_50_1884,0.2433843,0.68103963,0.0030627789,0.010775882,0.9076517,0.34508204,0.98091733
717,sonora_256_50_3413,0.23257603,0.6546509,0.0037464635,0.011527155,0.9363894,0.4044656,0.9785226
718,sonora_256_50_3060,0.22845699,0.6427565,0.004047184,0.011796016,0.9450903,0.42789876,0.9775574
719,sonora_256_50_1133,0.25373653,0.7015381,0.0025503398,0.010100976,0.870961,0.29300907,0.9829488
720,hv_256_50_1388,0.20496714,0.45665792,0.00631403,0.010967249,0.9769208,0.5553988,0.9711647
721,sonora_256_50_775,0.23192792,0.61024433,0.003527177,0.010048853,0.9388713,0.40139154,0.97955704
722,hv_256_50_414,0.20777944,0.47379196,0.005883252,0.010785799,0.97383016,0.53666973,0.9723646
723,hv_256_50_660,0.2218266,0.5282243,0.0041618706,0.009491567,0.9566542,0.45296338,0.977652
724,hv_256_50_491,0.21250784,0.4894281,0.0052166427,0.010228751,0.96952236,0.5106343,0.97440696
725,sonora_256_50_1078,0.24910134,0.69596374,0.002773453,0.010510642,0.88923293,0.31658274,0.9820693
726,sonora_256_50_1281,0.24359271,0.6816322,0.0030490928,0.010760142,0.9068281,0.343678,0.9809645
727,sonora_256_50_2269,0.26930404,0.72697335,0.001992781,0.009143518,0.7841502,0.21937644,0.98523974
728,sonora_256_50_738,0.25421652,0.7019165,0.002518689,0.010030475,0.86869574,0.2900815,0.983089
729,sonora_256_50_379,0.2670646,0.7276696,0.0020749746,0.009400206,0.79865867,0.22941677,0.9848739
730,hv_256_50_2004,0.21033552,0.45601985,0.0055186087,0.009999461,0.9724115,0.52474725,0.9735956
731,hv_256_50_3534,0.22074513,0.59004205,0.0045027803,0.011316516,0.9571765,0.4648308,0.9762438
732,sonora_256_50_786,0.24691567,0.6915906,0.0028634162,0.010610691,0.89625597,0.3266679,0.9817077
733,sonora_256_50_430,0.23573396,0.6622428,0.0035127047,0.011261671,0.9289262,0.38634527,0.9793245
734,sonora_256_50_2990,0.2292476,0.6450194,0.0039830133,0.011733277,0.94348633,0.42321628,0.977765
735,hv_256_50_1794,0.22418596,0.60488814,0.0042077764,0.0111724455,0.9515047,0.4452165,0.9771229
736,hv_256_50_2350,0.21093594,0.4857178,0.0054377867,0.010464079,0.97009426,0.5156181,0.97364193
737,hv_256_50_2162,0.20523538,0.46720627,0.0062806937,0.011142174,0.9763308,0.55271226,0.971203
738,sonora_256_50_1676,0.23587586,0.6636387,0.0035053517,0.011273013,0.9283904,0.38520288,0.9793505
739,sonora_256_50_3595,0.2165153,0.57194287,0.0049261814,0.011576986,0.9635299,0.49030405,0.97497493
740,sonora_256_50_3267,0.23341769,0.6573043,0.0036849913,0.0114715,0.9344381,0.3995772,0.9787305
741,sonora_256_50_683,0.27663907,0.7233585,0.0017486946,0.008346633,0.7302824,0.18825057,0.9863511
742,sonora_256_50_3241,0.22542393,0.6101616,0.0040949285,0.011086868,0.9491358,0.43736473,0.97750026
743,hv_256_50_1635,0.21950379,0.5175169,0.0043737357,0.009611072,0.9603616,0.4670117,0.97700536
744,sonora_256_50_849,0.2519585,0.70171124,0.0025857794,0.010190506,0.8759684,0.29799953,0.9828293
745,sonora_256_50_3415,0.24283728,0.67941487,0.0030911332,0.010805189,0.9096113,0.34840932,0.9808224
746,sonora_256_50_3679,0.22723861,0.6223786,0.003964727,0.0111414865,0.9456352,0.42696488,0.97790205
747,hv_256_50_2879,0.21503918,0.56096524,0.004737113,0.011012231,0.96532357,0.49264482,0.9758632
748,sonora_256_50_2191,0.24324875,0.679797,0.0030760309,0.01077695,0.9086458,0.34680662,0.98087835
749,sonora_256_50_2123,0.24793796,0.69354606,0.0028341236,0.01059273,0.89357066,0.3228957,0.9818302
750,sonora_256_50_2031,0.22325623,0.60154384,0.0042693326,0.0111893155,0.9530345,0.44998538,0.9769628
751,hv_256_50_2522,0.20517658,0.46393606,0.0062844916,0.011078318,0.9765045,0.55343497,0.9712086
752,sonora_256_50_479,0.2631176,0.7080517,0.0021502983,0.009186877,0.8245164,0.24682638,0.98465884
753,sonora_256_50_3420,0.2541671,0.70127124,0.002536286,0.010058278,0.86959887,0.29148957,0.9830068
754,hv_256_50_2235,0.20294529,0.42430654,0.006705543,0.01075875,0.9796367,0.5718303,0.9702059
755,sonora_256_50_2958,0.24601902,0.6919586,0.0029012852,0.010701696,0.8983727,0.32983562,0.981547
756,hv_256_50_2997,0.2076469,0.47797137,0.005899156,0.010890533,0.9737057,0.5365121,0.972282
757,hv_256_50_912,0.20280288,0.45016834,0.0066227857,0.011193247,0.97871196,0.56741065,0.9703016
758,hv_256_50_1176,0.20380129,0.45106223,0.006481769,0.011049122,0.977978,0.56222695,0.9707097
759,sonora_256_50_953,0.23428327,0.6210648,0.0034266647,0.010095813,0.9341017,0.3909535,0.9798543
760,hv_256_50_1798,0.21081671,0.48710003,0.0054658907,0.010526195,0.9702982,0.51713884,0.9735494
761,hv_256_50_2899,0.22685844,0.61888945,0.0040015588,0.011124982,0.9465491,0.4297595,0.9777819
762,hv_256_50_2640,0.22340773,0.60260695,0.0042477828,0.011177561,0.95264804,0.44857025,0.977033
763,sonora_256_50_1338,0.25281367,0.7010233,0.0025883398,0.010183241,0.87453264,0.2972053,0.9827985
764,sonora_256_50_706,0.23096728,0.6088772,0.003568438,0.010087596,0.94045496,0.4051215,0.9794357
765,sonora_256_50_459,0.25920564,0.70604247,0.0023132458,0.009596772,0.8457611,0.26609254,0.98392004
766,hv_256_50_2476,0.20418398,0.4396416,0.0064272503,0.0107548535,0.9781814,0.5619102,0.97094977
767,sonora_256_50_1339,0.2571825,0.70476145,0.002388728,0.009766286,0.85506546,0.27518353,0.9836066
768,hv_256_50_2838,0.23448458,0.6597456,0.0036062922,0.011376528,0.9319553,0.3934769,0.9790041
769,hv_256_50_3304,0.2129844,0.5519659,0.0049653375,0.011160961,0.9681382,0.5059984,0.9751913
770,hv_256_50_1220,0.24255984,0.68086743,0.0030704527,0.010793677,0.90907955,0.3467817,0.980903
771,hv_256_50_676,0.22587597,0.5520808,0.0037862847,0.009346208,0.9490084,0.42683157,0.97882676
772,sonora_256_50_979,0.20903996,0.48799756,0.005692907,0.010830223,0.9725761,0.52967405,0.97288686
773,hv_256_50_2680,0.21784315,0.4727527,0.00453838,0.009052205,0.9631401,0.47595015,0.97661906
774,hv_256_50_3400,0.21875285,0.57981074,0.0043939175,0.010884715,0.9598336,0.46992585,0.97684526
775,hv_256_50_2846,0.23264755,0.6537919,0.0037481904,0.011515116,0.936506,0.40483597,0.97851336
776,sonora_256_50_1667,0.23259816,0.65484583,0.0037206498,0.011479063,0.93612355,0.40330452,0.9786306
777,sonora_256_50_1669,0.24547228,0.68980694,0.0029435751,0.01074603,0.900966,0.33409324,0.9813913
778,hv_256_50_1543,0.20682946,0.4592817,0.006012865,0.010659639,0.97528946,0.54405534,0.9720643
779,sonora_256_50_3270,0.2374723,0.67038786,0.003352661,0.011132674,0.9229542,0.37271246,0.97989297
780,hv_256_50_1829,0.20522827,0.4684829,0.006277043,0.011160178,0.9762397,0.5522942,0.9711981
781,hv_256_50_1164,0.22923021,0.6446306,0.0039909207,0.011737463,0.9436346,0.42373803,0.9777385
782,sonora_256_50_80,0.22996497,0.6473947,0.0039143665,0.011668139,0.9418617,0.41846925,0.97799015
783,hv_256_50_1966,0.20667726,0.4699592,0.006073249,0.010944392,0.97505844,0.54452455,0.9717999
784,hv_256_50_178,0.2699958,0.7290813,0.0018681785,0.008830528,0.7667237,0.2061442,0.9858212
785,hv_256_50_3175,0.24009983,0.67376614,0.003251734,0.011001096,0.9173707,0.3626226,0.98023134
786,hv_256_50_2030,0.21498187,0.48685336,0.004864062,0.009738845,0.9658088,0.4910814,0.97550666
787,hv_256_50_1840,0.22665988,0.54579914,0.0036799107,0.009052535,0.9476762,0.42089212,0.97923535
788,sonora_256_50_2449,0.23610237,0.6644184,0.0034833797,0.011250452,0.9277027,0.38351196,0.9794272
789,hv_256_50_3524,0.24006371,0.6734893,0.0032526832,0.010997217,0.91751754,0.36286095,0.9802301
790,sonora_256_50_3367,0.22886388,0.6434414,0.0040255357,0.011771102,0.94444025,0.4261506,0.977625
791,sonora_256_50_2198,0.2637251,0.7100076,0.0021622723,0.009264905,0.8231624,0.24664095,0.9845749
792,hv_256_50_1292,0.23560779,0.6625351,0.003527472,0.011289952,0.92919797,0.3870663,0.97927356
793,sonora_256_50_3010,0.26726532,0.7273186,0.0020786508,0.00940018,0.7986212,0.22961994,0.98485756
794,sonora_256_50_2543,0.23417722,0.6589726,0.0036271457,0.0114020845,0.93264556,0.3951468,0.97892797
795,sonora_256_50_282,0.23087235,0.6045628,0.0036070924,0.010067085,0.9415235,0.40830714,0.9793062
796,sonora_256_50_3029,0.24264316,0.6785123,0.0031151534,0.010829767,0.9103474,0.34992945,0.9807196
797,sonora_256_50_1190,0.23789695,0.6739544,0.0032904826,0.011087751,0.92077667,0.36763132,0.98011017
798,sonora_256_50_3095,0.24011539,0.67347246,0.0032601154,0.011012651,0.91756874,0.36318126,0.9801967
799,sonora_256_50_2288,0.22735366,0.63542604,0.004101193,0.011707654,0.94700915,0.43307737,0.9774072
800,hv_256_50_1891,0.20870663,0.47209162,0.005735566,0.010572808,0.9730076,0.5310247,0.97282255
801,sonora_256_50_394,0.27678776,0.7225635,0.0017581057,0.008359679,0.73172855,0.1893713,0.98630434
802,hv_256_50_1859,0.2311489,0.65010726,0.003859834,0.011635215,0.9397296,0.4132828,0.9781416
803,sonora_256_50_2074,0.23074828,0.6499512,0.0038568687,0.011618403,0.9401481,0.41381297,0.97817856
804,hv_256_50_1509,0.21720251,0.5724732,0.0045277826,0.010943297,0.96193564,0.47828722,0.9764429
805,sonora_256_50_681,0.27481017,0.7242252,0.0018090655,0.008544116,0.7449323,0.19601756,0.986073
806,hv_256_50_3560,0.22177643,0.51055044,0.0041354075,0.009122321,0.9582009,0.4559841,0.9778612
807,hv_256_50_228,0.2025399,0.45073277,0.0066281743,0.011208996,0.9788046,0.56780756,0.97031116
808,sonora_256_50_2655,0.24477495,0.68875486,0.0029762886,0.010792653,0.90305287,0.337331,0.9812682
809,hv_256_50_1214,0.21916346,0.5262654,0.00453084,0.010018455,0.96059775,0.471103,0.97639436
810,sonora_256_50_773,0.2278078,0.5720679,0.003637407,0.009476377,0.94511676,0.41547507,0.9792986
811,sonora_256_50_1102,0.23326376,0.6550507,0.0036997595,0.0114501715,0.93518746,0.40143642,0.9786885
812,hv_256_50_3366,0.21237704,0.46932757,0.005250534,0.009911447,0.9696437,0.5103702,0.97433215
813,sonora_256_50_1057,0.26403037,0.7246652,0.002185519,0.009646846,0.81821597,0.2440374,0.9843983
814,hv_256_50_185,0.2280911,0.58453923,0.0037378576,0.009898485,0.9456506,0.42000535,0.9788769
815,sonora_256_50_705,0.229181,0.6023488,0.0036981849,0.01018788,0.94412965,0.41541648,0.97900635
816,hv_256_50_1033,0.22653472,0.5544267,0.003747754,0.009327793,0.9480791,0.4241487,0.97894865
817,hv_256_50_2991,0.22285633,0.6003694,0.0042968616,0.01121057,0.95361143,0.4518785,0.9768777
818,sonora_256_50_1683,0.23437318,0.66030824,0.0035997422,0.0113806315,0.9318584,0.3930605,0.97902644
819,hv_256_50_1319,0.20406999,0.45798224,0.0064329286,0.011131436,0.97751266,0.55967885,0.9708152
820,sonora_256_50_1166,0.24382219,0.68117887,0.0030384995,0.0107259955,0.90660876,0.3432291,0.98101866
821,sonora_256_50_1927,0.25165167,0.6988126,0.002653549,0.010290215,0.8797962,0.304021,0.98253834
822,sonora_256_50_299,0.24089932,0.6750331,0.003198767,0.010920133,0.915192,0.3583367,0.9804331
823,hv_256_50_155,0.2082137,0.48242447,0.005876242,0.010963541,0.9731786,0.5344782,0.9722962
824,sonora_256_50_1295,0.27086174,0.7272515,0.0019011246,0.0089072995,0.768269,0.20860092,0.9856193
825,hv_256_50_3213,0.21909171,0.48409337,0.004399779,0.009062477,0.96073127,0.4663928,0.9770017
826,hv_256_50_1156,0.23972759,0.6727494,0.0032526755,0.010982276,0.9181148,0.36361387,0.98023856
827,sonora_256_50_2159,0.23025487,0.64825124,0.0038979722,0.011653407,0.94128865,0.41693962,0.9780437
828,sonora_256_50_2491,0.23122202,0.65023047,0.0038436612,0.011601047,0.9395308,0.41248134,0.97821337
829,sonora_256_50_899,0.22672197,0.6203086,0.003986944,0.011133866,0.94627714,0.4286725,0.977827
830,hv_256_50_436,0.22189347,0.5313878,0.0041484865,0.009530386,0.9563361,0.4519208,0.9776865
831,hv_256_50_2938,0.21636653,0.57044125,0.0048796944,0.0114665255,0.96365064,0.4898708,0.97517085
832,hv_256_50_3357,0.21676151,0.5735589,0.004886692,0.011552202,0.9630717,0.48816797,0.97509754
833,hv_256_50_2365,0.20816289,0.45643783,0.0058242683,0.010376154,0.97431153,0.5370958,0.97265416
834,sonora_256_50_981,0.2104131,0.47886938,0.0055336505,0.01045193,0.97118676,0.52116156,0.973389
835,hv_256_50_1746,0.20199978,0.44432682,0.0067544035,0.0112188505,0.97945136,0.5724565,0.9699607
836,hv_256_50_3720,0.20923877,0.5335638,0.0054043457,0.011392613,0.9727338,0.5299173,0.97394377
837,hv_256_50_1588,0.20741792,0.459723,0.0059405197,0.010586394,0.97480553,0.54108423,0.97226465
838,hv_256_50_2784,0.219464,0.513116,0.004361889,0.009505231,0.96076906,0.46782142,0.97708845
839,sonora_256_50_472,0.23960026,0.6726933,0.00323285,0.010936399,0.9179492,0.36278924,0.9803171
840,hv_256_50_162,0.20465016,0.46404427,0.0063706543,0.011184452,0.9769007,0.5563786,0.9709448
841,hv_256_50_1367,0.2210436,0.59291774,0.0044277916,0.011257434,0.9563495,0.46112707,0.9764999
842,sonora_256_50_136,0.23132835,0.6507542,0.0038173092,0.011564683,0.9391117,0.41103935,0.97830826
843,hv_256_50_3721,0.21062358,0.5406673,0.00522873,0.011295181,0.9712324,0.5215698,0.97445655
844,hv_256_50_1948,0.20302248,0.44107908,0.0066026673,0.01098301,0.9788946,0.5676108,0.9704176
845,sonora_256_50_3635,0.23784629,0.6683337,0.0033862554,0.011146973,0.92351496,0.37480205,0.97976065
846,hv_256_50_2333,0.22573075,0.53973,0.0037559115,0.009067171,0.9495444,0.4266708,0.97899
847,hv_256_50_392,0.24021672,0.6495251,0.003076,0.01003548,0.9176044,0.35696205,0.981042
848,hv_256_50_1686,0.2238409,0.5446185,0.0039772154,0.0095156375,0.9528559,0.43998578,0.9782103
849,hv_256_50_577,0.21964131,0.58513224,0.0043226006,0.010882893,0.95861745,0.46534196,0.97705454
850,hv_256_50_260,0.22247395,0.5557249,0.0041453894,0.010003313,0.9547203,0.44894263,0.9775924
851,sonora_256_50_3703,0.23939504,0.6720859,0.0032931704,0.011047283,0.9193364,0.36642453,0.9800843
852,hv_256_50_1968,0.20482296,0.4538414,0.0063292007,0.010924796,0.97718096,0.55666393,0.9711509
853,hv_256_50_915,0.2208409,0.5410368,0.004283794,0.009930215,0.9573406,0.45772386,0.97718346
854,hv_256_50_2045,0.21608175,0.56569,0.0046506934,0.010984461,0.96375585,0.48606956,0.9760888
855,sonora_256_50_2398,0.23673756,0.6662497,0.0034443391,0.011217576,0.9260575,0.38000178,0.9795578
856,hv_256_50_2538,0.2153642,0.48147565,0.0048845136,0.009674067,0.96576226,0.49096596,0.97542393
857,hv_256_50_535,0.23442353,0.6605688,0.0035830815,0.011354277,0.9315784,0.39218923,0.97909355
858,hv_256_50_1370,0.22497383,0.53427964,0.0037939872,0.009030988,0.9509441,0.4304493,0.9788872
859,hv_256_50_2016,0.2022739,0.44265828,0.0067435135,0.011173209,0.97936195,0.57188636,0.96999335
860,sonora_256_50_3424,0.24504122,0.688513,0.0029772467,0.010788496,0.90273905,0.3371369,0.9812602
861,hv_256_50_112,0.28574318,0.7182275,0.0014822107,0.007450143,0.64880323,0.15277882,0.9876182
862,hv_256_50_802,0.25514236,0.70331275,0.0024747623,0.009954185,0.86418897,0.28498855,0.9832569
863,sonora_256_50_1417,0.24105123,0.6767269,0.003184481,0.01093397,0.91424376,0.35659158,0.980473
864,hv_256_50_1795,0.2169223,0.505152,0.00470518,0.009851001,0.96443385,0.48514685,0.9759724
865,hv_256_50_3448,0.2090335,0.5323592,0.005426284,0.011396115,0.9730041,0.53133273,0.9738895
866,sonora_256_50_881,0.27365014,0.72449106,0.0018531495,0.008696166,0.754481,0.20151766,0.9858456
867,sonora_256_50_869,0.25335488,0.7015525,0.0025658049,0.010140453,0.8723671,0.29464087,0.98288536
868,hv_256_50_2291,0.21787356,0.50632375,0.0045674704,0.009679994,0.96336836,0.47956353,0.9764366
869,hv_256_50_3370,0.21553275,0.56693906,0.0050227772,0.011607851,0.96504784,0.49672332,0.97471523
870,hv_256_50_3566,0.21994728,0.4863611,0.004304668,0.008969315,0.9593503,0.4605792,0.9773008
871,sonora_256_50_1590,0.22179829,0.5946907,0.004257782,0.011001673,0.95537204,0.45561388,0.97713256
872,sonora_256_50_3218,0.25061813,0.6964985,0.002719014,0.010397549,0.8846572,0.31071568,0.9822728
873,sonora_256_50_393,0.28351063,0.71838987,0.0015544046,0.0076589673,0.6738309,0.16279279,0.98727685
874,hv_256_50_3523,0.24654429,0.69057405,0.002899716,0.010667196,0.8979573,0.3296423,0.9815522
875,sonora_256_50_602,0.26345587,0.72191155,0.0021135823,0.009377251,0.8153663,0.23957115,0.98479396
876,hv_256_50_417,0.20835319,0.48775107,0.005800585,0.010956078,0.9732473,0.5339984,0.97256845
877,hv_256_50_1276,0.23965015,0.6721525,0.0032749444,0.011009229,0.91871595,0.36509955,0.98015654
878,hv_256_50_460,0.27121085,0.7268718,0.0018850412,0.0088346815,0.76587445,0.20698482,0.98572785
879,sonora_256_50_2376,0.2284764,0.6427855,0.0040530036,0.011809848,0.94508934,0.42804646,0.9775279
880,hv_256_50_319,0.2875591,0.71770364,0.0014052672,0.0072040595,0.624078,0.14323893,0.98801905
881,hv_256_50_3198,0.22838253,0.5652229,0.0035850857,0.009271333,0.9442681,0.41218218,0.97950226
882,sonora_256_50_361,0.23562112,0.66218024,0.003515218,0.011261289,0.9291209,0.38669673,0.97932523
883,sonora_256_50_2734,0.26215485,0.707057,0.0021960533,0.009296244,0.83063567,0.25222942,0.9844409
884,sonora_256_50_382,0.26470336,0.7281066,0.0021654107,0.009668207,0.81320596,0.24033575,0.9844743
885,sonora_256_50_3110,0.23157592,0.651789,0.0038176952,0.011590154,0.9386648,0.41025236,0.97829425
886,hv_256_50_1333,0.20485541,0.4587288,0.0063336557,0.011031103,0.97697383,0.55602396,0.97109884
887,sonora_256_50_2350,0.22615324,0.54241204,0.0037426618,0.0090952255,0.94889003,0.42509547,0.97901833
888,hv_256_50_1790,0.23045538,0.649283,0.003879373,0.01164156,0.94076073,0.41545093,0.9781065
889,hv_256_50_1030,0.23149182,0.6103969,0.0035203025,0.010025797,0.9392743,0.40164632,0.97961605
890,hv_256_50_2769,0.2344703,0.6597332,0.0036112007,0.01138712,0.9320145,0.39370468,0.97898245
891,sonora_256_50_307,0.23550482,0.662993,0.0035108344,0.011271806,0.9290391,0.38634694,0.9793419
892,sonora_256_50_1730,0.2395274,0.6724692,0.0032774564,0.011023641,0.91889185,0.36536863,0.98015
893,sonora_256_50_3410,0.2310696,0.6496396,0.003868836,0.011638253,0.93996495,0.41394627,0.9781154
894,sonora_256_50_1272,0.25322622,0.7011896,0.0025768185,0.010159583,0.87314993,0.2957113,0.98283905
895,sonora_256_50_1340,0.25794,0.7056118,0.0023516326,0.009688821,0.85087526,0.27085558,0.9837595
896,sonora_256_50_366,0.23633806,0.6652614,0.0034584352,0.011216302,0.92694515,0.38168845,0.9795249
897,hv_256_50_3056,0.2204058,0.58917373,0.004523937,0.01133217,0.9575792,0.46621746,0.97618085
898,sonora_256_50_2458,0.26183674,0.7095737,0.0021651285,0.009274123,0.82836604,0.24948625,0.984593
899,hv_256_50_2055,0.21721971,0.49386004,0.0046607847,0.009588206,0.9639686,0.48214823,0.9761377
900,sonora_256_50_405,0.22627993,0.5718116,0.0038156756,0.009775195,0.9481982,0.4268493,0.97865343
901,sonora_256_50_612,0.2774526,0.7232914,0.001698246,0.008190237,0.7198195,0.18245196,0.9866057
902,sonora_256_50_547,0.27387935,0.7251036,0.0018268916,0.008613308,0.7501545,0.19859675,0.98599666
903,hv_256_50_1993,0.22004157,0.50872135,0.0043286937,0.009375493,0.96062756,0.46683112,0.9772116
904,hv_256_50_1436,0.22303148,0.60064465,0.0042791935,0.0111899385,0.953346,0.45093226,0.9769358
905,hv_256_50_66,0.20770445,0.47236067,0.0058884164,0.010767792,0.9739435,0.53711367,0.9723513
906,hv_256_50_2364,0.20858647,0.4552652,0.005761718,0.010277368,0.9740068,0.5348675,0.9728545
907,sonora_256_50_3006,0.27352512,0.72628295,0.0017793324,0.008491363,0.7446974,0.19426072,0.9862541
908,sonora_256_50_1633,0.2396186,0.67220145,0.0032791328,0.011020902,0.9188136,0.36536223,0.9801373
909,sonora_256_50_1707,0.27737936,0.7230384,0.0017151502,0.008252075,0.7223486,0.18404602,0.9864948
910,hv_256_50_2553,0.22011493,0.5885421,0.0045820368,0.011409655,0.9583662,0.4696115,0.9759898
911,sonora_256_50_3411,0.231113,0.6500618,0.0038644609,0.011640178,0.9398061,0.41352168,0.97812784
912,sonora_256_50_3541,0.22343595,0.60344326,0.0042387983,0.011179265,0.9524917,0.44793397,0.9770617
913,hv_256_50_1505,0.22102603,0.59213924,0.004403287,0.011196641,0.9564853,0.46109393,0.97660387
914,hv_256_50_2140,0.22250706,0.49196434,0.0040343073,0.0086803995,0.95494246,0.44319403,0.9781628
915,sonora_256_50_586,0.26222757,0.7067403,0.002183729,0.009260564,0.8294955,0.25103977,0.9844959
916,hv_256_50_3100,0.21148986,0.441868,0.005344533,0.009529571,0.97199845,0.5196044,0.9742361
917,sonora_256_50_674,0.26740262,0.73179644,0.0018824277,0.008920329,0.77619725,0.2100879,0.9858056
918,hv_256_50_1955,0.20661044,0.4775194,0.006034901,0.011049466,0.97462386,0.5422137,0.97188985
919,hv_256_50_3425,0.21378647,0.55562365,0.004883663,0.011118636,0.96712846,0.5012297,0.9754233
920,hv_256_50_3447,0.20876399,0.5315551,0.005451138,0.011411704,0.9733507,0.5331609,0.97382843
921,sonora_256_50_221,0.23169817,0.65339637,0.0037641209,0.011529199,0.93772465,0.40707186,0.97849154
922,sonora_256_50_2533,0.24477415,0.68770105,0.0029702913,0.010751796,0.9031674,0.33732802,0.9813007
923,sonora_256_50_3462,0.21700035,0.57439476,0.004842626,0.011506532,0.9625796,0.48585582,0.97523016
924,sonora_256_50_3146,0.26414734,0.7261832,0.0021957064,0.009708802,0.8179416,0.24422762,0.98434246
925,sonora_256_50_409,0.2558594,0.70346683,0.0024595873,0.009920627,0.8619892,0.2829005,0.9833112
926,sonora_256_50_148,0.2292672,0.5809309,0.003577818,0.00953787,0.9430092,0.4100094,0.97947675
927,sonora_256_50_1405,0.25081155,0.6989966,0.002683815,0.010371239,0.8823583,0.30718693,0.9824148
928,sonora_256_50_759,0.25987047,0.7056727,0.0022893124,0.00952409,0.8427367,0.26327178,0.9840206
929,sonora_256_50_2519,0.24304566,0.6800393,0.0030885334,0.010811704,0.90888965,0.3473569,0.9808139
930,hv_256_50_71,0.22230898,0.5450979,0.004133821,0.009774941,0.9551782,0.4492274,0.9776744
931,hv_256_50_213,0.21510537,0.48816353,0.004929003,0.009843924,0.96657705,0.49512535,0.975299
932,sonora_256_50_3713,0.21777521,0.57626563,0.004777777,0.01144334,0.96168387,0.4822181,0.9754347
933,sonora_256_50_2579,0.22208719,0.59664255,0.0043773586,0.011260327,0.95500815,0.45692763,0.97662354
934,hv_256_50_1390,0.20520802,0.46756265,0.006272417,0.011144607,0.9762865,0.55236816,0.9712196
935,sonora_256_50_1187,0.22281489,0.5461327,0.0041039325,0.009748051,0.9545679,0.44721627,0.9777648
936,hv_256_50_2180,0.21566767,0.5633474,0.00471073,0.01103216,0.9644582,0.48946363,0.97589296
937,sonora_256_50_3416,0.26466364,0.7272562,0.0021722016,0.009668258,0.8144012,0.24137856,0.98444206
938,hv_256_50_836,0.21048254,0.4840806,0.0055401907,0.010555578,0.9717548,0.52425563,0.97337544
939,hv_256_50_3286,0.2193072,0.5018233,0.0043743546,0.009312,0.96198475,0.47142458,0.9771187
940,hv_256_50_892,0.22925617,0.5854767,0.0036126922,0.009692165,0.9433391,0.41182944,0.9793371
941,hv_256_50_3268,0.2247968,0.60876745,0.004136067,0.011127353,0.9501672,0.44049552,0.97737485
942,hv_256_50_1406,0.21810097,0.48546702,0.0045371843,0.009277961,0.962163,0.47349676,0.97653824
943,hv_256_50_2358,0.22431837,0.53565186,0.0039108,0.009241967,0.95226026,0.43661115,0.9784641
944,hv_256_50_253,0.23586743,0.66167086,0.0034722148,0.0111502465,0.9285164,0.38466975,0.9794725
945,hv_256_50_698,0.22495128,0.5595356,0.003899945,0.009684227,0.95055383,0.4335663,0.9784042
946,hv_256_50_671,0.24566509,0.6894593,0.0029249445,0.010706432,0.9002499,0.33289844,0.98145914
947,hv_256_50_2063,0.20740311,0.46970725,0.0059673786,0.010810822,0.97444963,0.5404034,0.9721218
948,sonora_256_50_1369,0.25358793,0.7013165,0.0025610037,0.010127457,0.8716253,0.29392624,0.9828956
949,sonora_256_50_146,0.22085151,0.59114116,0.004231744,0.010871667,0.95664614,0.45833984,0.97730017
950,hv_256_50_2472,0.21376806,0.4828715,0.005105669,0.009978231,0.96744746,0.5008057,0.97468793
951,sonora_256_50_186,0.26226455,0.71683484,0.002113882,0.00929425,0.8203856,0.24229193,0.9848061
952,hv_256_50_2524,0.20203714,0.43660435,0.006915467,0.011238322,0.9797253,0.5754832,0.969478
953,hv_256_50_1648,0.22821082,0.64261836,0.004051805,0.011800942,0.9453433,0.428424,0.9775474
954,hv_256_50_198,0.21725029,0.50592417,0.004660212,0.00980972,0.9640221,0.4831203,0.9761026
955,hv_256_50_819,0.2278033,0.5804307,0.0036968184,0.009738868,0.94554245,0.41830784,0.9790563
956,sonora_256_50_2193,0.24243787,0.678225,0.0031176615,0.01082708,0.9108523,0.35060474,0.9807226
957,hv_256_50_10,0.22651275,0.565139,0.0037706746,0.009577417,0.9477804,0.4244958,0.9788209
958,hv_256_50_3671,0.21975175,0.58611333,0.004588407,0.011365239,0.9586044,0.47012785,0.9759881
959,sonora_256_50_235,0.27379563,0.72520596,0.0018204966,0.00860039,0.74962705,0.19808507,0.9860254
960,sonora_256_50_2586,0.23793787,0.6689558,0.003368757,0.011125764,0.92302537,0.37356955,0.9798289
961,sonora_256_50_1129,0.25241157,0.7012928,0.0025916586,0.010198161,0.8754455,0.2980007,0.9827937
962,hv_256_50_1548,0.20572892,0.47005278,0.0062209447,0.0111293,0.97584856,0.5499602,0.9713557
963,hv_256_50_2084,0.21673633,0.49875766,0.0046864245,0.009703848,0.9651411,0.48700994,0.9760928
964,hv_256_50_2809,0.2252572,0.53152835,0.003827648,0.00903951,0.95137733,0.43253157,0.97879034
965,hv_256_50_1069,0.24425988,0.6853611,0.0029860116,0.010719582,0.90425664,0.33881083,0.981232
966,hv_256_50_1629,0.22536741,0.5443072,0.0038046425,0.009229868,0.94999385,0.42907265,0.97880006
967,sonora_256_50_1799,0.23921397,0.67172205,0.0032995276,0.011050764,0.9197474,0.36713812,0.98006666
968,hv_256_50_602,0.24499711,0.6884838,0.0029541308,0.010745513,0.9021667,0.33570668,0.98134685
969,sonora_256_50_649,0.23395465,0.61997527,0.0034045177,0.010028435,0.9340936,0.3899755,0.9799486
970,hv_256_50_708,0.21797982,0.53055245,0.0046567167,0.010298634,0.96173364,0.47687116,0.97594404
971,sonora_256_50_2956,0.24180037,0.6772751,0.0031573244,0.010888227,0.9125962,0.3538454,0.98056716
972,hv_256_50_415,0.20874952,0.48417786,0.0058104377,0.010916008,0.9726208,0.5313575,0.9724817
973,sonora_256_50_164,0.2556173,0.70204216,0.002476167,0.009931963,0.8637154,0.28488857,0.983245
974,hv_256_50_779,0.20602438,0.4734824,0.006113092,0.011068501,0.97522587,0.5456672,0.97166115
975,hv_256_50_648,0.23162779,0.6511851,0.0038043172,0.011548935,0.9386168,0.40987596,0.978353
976,sonora_256_50_2149,0.23331492,0.65689784,0.0036841896,0.011459733,0.93458575,0.39978337,0.97874
977,sonora_256_50_3072,0.27395374,0.724904,0.0018292657,0.008615853,0.750219,0.1987503,0.9859861
978,sonora_256_50_896,0.25757676,0.7044982,0.002381622,0.009740758,0.8536786,0.2740002,0.98362964
979,hv_256_50_839,0.206794,0.4811339,0.005994534,0.011091951,0.9741843,0.53989893,0.9719561
980,hv_256_50_3164,0.22225149,0.51930815,0.004031786,0.00912734,0.95622796,0.4482801,0.97815245
981,hv_256_50_18,0.20461042,0.4633,0.006362968,0.011157595,0.9769249,0.55628055,0.9709834
982,sonora_256_50_1783,0.2591425,0.7106201,0.00224983,0.009508086,0.8394475,0.25906718,0.9842355
983,sonora_256_50_2287,0.22547391,0.61089075,0.0040909615,0.011096224,0.9489951,0.43695474,0.9775105
984,hv_256_50_2170,0.20535986,0.4642747,0.00625717,0.011051811,0.9763283,0.5522668,0.9712881
985,hv_256_50_3603,0.22072245,0.5900248,0.0045053675,0.011319985,0.9572464,0.46508613,0.97623706
986,hv_256_50_1348,0.23201418,0.6536198,0.0037750944,0.011554499,0.93745804,0.40696448,0.9784349
987,hv_256_50_1275,0.24605164,0.6900079,0.0029132974,0.010681652,0.89925736,0.3313629,0.9815089
988,sonora_256_50_3295,0.22743587,0.6223001,0.0039567165,0.011123765,0.94526356,0.4260068,0.9779182
989,hv_256_50_3569,0.22113802,0.4894806,0.004174633,0.008838946,0.9573133,0.45235214,0.97771204
990,sonora_256_50_1841,0.24874224,0.6951743,0.0027944047,0.010540458,0.8907871,0.31878918,0.9819909
991,hv_256_50_902,0.20645125,0.48132306,0.0059948377,0.01107862,0.97435474,0.5403869,0.97201455
992,hv_256_50_2251,0.2249137,0.6079329,0.0041435966,0.011123634,0.9502429,0.44096094,0.97734433
993,sonora_256_50_3574,0.22353594,0.60239774,0.0042441334,0.011164962,0.9525669,0.4483372,0.9770447
994,hv_256_50_1173,0.22123648,0.52378213,0.004211264,0.009483272,0.95773476,0.4566916,0.9775121
995,hv_256_50_1807,0.20220555,0.43855655,0.0067825913,0.01113354,0.97958505,0.5733276,0.96989477
996,hv_256_50_3643,0.2160462,0.46481895,0.0047496744,0.009192946,0.96580696,0.48807195,0.9759763
997,sonora_256_50_2619,0.26159135,0.7069436,0.002217491,0.009353985,0.8335147,0.25475436,0.9843404
998,hv_256_50_180,0.29064804,0.715877,0.00132463,0.006924994,0.59107494,0.13220969,0.9884272
999,hv_256_50_2641,0.22332229,0.60262436,0.0042504393,0.011181932,0.95272636,0.44876957,0.97702676
1000,hv_256_50_380,0.2203232,0.53622115,0.0044500604,0.010094046,0.9586916,0.46465653,0.97659427
1001,sonora_256_50_2242,0.23445468,0.65980166,0.0036187186,0.011406987,0.93206125,0.39399865,0.97894627
1002,hv_256_50_3527,0.22775514,0.6401174,0.004111618,0.011845158,0.9466195,0.43253842,0.9773547
1003,sonora_256_50_3604,0.22117776,0.59242773,0.004460261,0.011300778,0.9564585,0.46216592,0.97637254
1004,hv_256_50_2771,0.23159203,0.6518783,0.0038117878,0.011580773,0.938573,0.4099176,0.97831696
1005,hv_256_50_2579,0.21913026,0.5834084,0.004334003,0.010865116,0.9588953,0.4659277,0.9770297
1006,hv_256_50_2807,0.22430205,0.5345514,0.003918524,0.009245068,0.9529815,0.43873492,0.97849554
1007,hv_256_50_3401,0.22704776,0.6199507,0.003969309,0.011091814,0.94590074,0.42758313,0.9778893
1008,hv_256_50_402,0.21835715,0.51259696,0.0045399787,0.009762528,0.9623014,0.47585458,0.9764654
1009,sonora_256_50_3650,0.21825263,0.57850444,0.0047458257,0.011446226,0.96098137,0.47962454,0.9755112
1010,hv_256_50_869,0.23685259,0.6638812,0.003467145,0.011223343,0.9266338,0.3818345,0.97945213
1011,sonora_256_50_2469,0.22696057,0.619655,0.0039787632,0.011104359,0.9460248,0.4280613,0.9778505
1012,hv_256_50_2058,0.22075647,0.5900517,0.00448974,0.011295143,0.9570575,0.46420634,0.9762915
1013,hv_256_50_490,0.22675578,0.551088,0.003723201,0.009223695,0.94782686,0.42283958,0.9790469
1014,hv_256_50_2325,0.21380177,0.5570439,0.0048676,0.01112813,0.9668482,0.49984437,0.9754607
1015,hv_256_50_621,0.20675504,0.46698892,0.006040592,0.010843966,0.9750471,0.5437568,0.9719267
1016,sonora_256_50_1371,0.25111324,0.6990424,0.0026623912,0.010317328,0.8811241,0.30535036,0.9825106
1017,sonora_256_50_1933,0.23376228,0.65765506,0.0036535559,0.011418624,0.9336587,0.3974819,0.9788462
1018,sonora_256_50_67,0.23785755,0.66791296,0.0033709125,0.011104981,0.9233746,0.3741895,0.97982603
1019,sonora_256_50_1896,0.22451708,0.6074207,0.004158174,0.011132586,0.9506786,0.44212344,0.97730947
1020,sonora_256_50_2113,0.23785944,0.6681835,0.003382484,0.0111361975,0.9234162,0.3745865,0.9797777
1021,hv_256_50_1196,0.21143861,0.49210426,0.0054064128,0.010546543,0.96944314,0.5132758,0.9736971
1022,hv_256_50_1060,0.20305747,0.4525584,0.0065822247,0.0111928675,0.9784445,0.56571716,0.97040904
1023,hv_256_50_1579,0.22774589,0.64024764,0.004102763,0.011836991,0.94653255,0.43214235,0.97738314
1024,hv_256_50_168,0.21819441,0.49110284,0.0045561073,0.009405842,0.96170515,0.4725767,0.97642833
1025,sonora_256_50_42,0.26802033,0.7299897,0.0019171323,0.008991512,0.77852136,0.21308051,0.98562545
1026,sonora_256_50_1324,0.22268325,0.54026616,0.004095446,0.009620927,0.95486724,0.44743016,0.97782314
1027,hv_256_50_426,0.22482492,0.5676194,0.0039473507,0.009919522,0.95076025,0.43561253,0.9782073
1028,sonora_256_50_1413,0.22895157,0.64457583,0.0039973077,0.011749421,0.9439454,0.4244051,0.97772
1029,hv_256_50_3214,0.218596,0.48565343,0.0044446117,0.009153711,0.96125007,0.46879125,0.97684836
1030,sonora_256_50_1759,0.22674012,0.617273,0.0039984244,0.011083564,0.94657004,0.42969698,0.9777893
1031,hv_256_50_552,0.20645528,0.46907187,0.0061042067,0.010964452,0.9752483,0.54569644,0.97170806
1032,hv_256_50_1646,0.22192249,0.59577435,0.004379481,0.011242461,0.95519286,0.45737332,0.97662973
1033,sonora_256_50_339,0.25043187,0.6972562,0.0027015912,0.010372683,0.8842773,0.30961916,0.98235863
1034,hv_256_50_2281,0.20959404,0.46579,0.0056055347,0.010287719,0.9725228,0.5267665,0.9732695
1035,sonora_256_50_857,0.25598598,0.7037617,0.0024491549,0.009899858,0.86097103,0.28169748,0.9833513
1036,sonora_256_50_2866,0.24348925,0.68248695,0.00302829,0.010752216,0.9065142,0.3426724,0.98104995
1037,hv_256_50_2907,0.23408625,0.6586869,0.003638069,0.01141455,0.9329335,0.39590502,0.9788906
1038,hv_256_50_1760,0.20518906,0.4682685,0.006268337,0.011148134,0.9762489,0.55219394,0.97123307
1039,hv_256_50_2832,0.22998843,0.6467997,0.0039288984,0.011673876,0.94208074,0.41926572,0.97794455
1040,sonora_256_50_3621,0.23926063,0.6719236,0.0032818317,0.011025257,0.9193364,0.36615735,0.9801365
1041,hv_256_50_776,0.22834967,0.5728026,0.0037018058,0.009612125,0.94542855,0.418544,0.9790173
1042,sonora_256_50_2243,0.23645799,0.6651544,0.0034691424,0.011237915,0.92692786,0.38200855,0.97947156
1043,sonora_256_50_3237,0.23583168,0.6628832,0.0035244967,0.011292508,0.9288349,0.38645712,0.9792768
1044,sonora_256_50_1653,0.2545975,0.70190465,0.0025147637,0.010019893,0.8674828,0.28902814,0.9830888
1045,sonora_256_50_328,0.26364464,0.7093953,0.002131727,0.009167044,0.82109326,0.24409784,0.9847366
1046,sonora_256_50_1084,0.24623948,0.69084716,0.0028948612,0.010658719,0.898311,0.32972923,0.98158604
1047,hv_256_50_3408,0.22461018,0.60738283,0.0041532726,0.011123098,0.9506262,0.44193515,0.9773287
1048,sonora_256_50_1254,0.22352369,0.5308664,0.003975488,0.009250997,0.9538588,0.44175017,0.97827417
1049,hv_256_50_3073,0.21744372,0.48093376,0.0045774216,0.009251582,0.9630222,0.47646043,0.9764351
1050,sonora_256_50_1702,0.23940468,0.67178684,0.0032868064,0.01102637,0.91932267,0.3662544,0.9801153
1051,sonora_256_50_3085,0.24339433,0.6801772,0.0030684979,0.010765527,0.9079515,0.34566674,0.98089856
1052,hv_256_50_1003,0.2300638,0.6466046,0.003934396,0.011681878,0.94206285,0.41941097,0.97791684
1053,sonora_256_50_843,0.21842276,0.53114676,0.0046014073,0.010225696,0.96115667,0.4742254,0.97613144
1054,sonora_256_50_2677,0.21673998,0.5678224,0.00459222,0.010942549,0.9628671,0.48229626,0.97625536
1055,hv_256_50_1202,0.20243704,0.44224685,0.006806581,0.011235638,0.97930455,0.5723617,0.9697815
1056,hv_256_50_1059,0.20841676,0.48502856,0.0057958183,0.0109039685,0.97268844,0.53115416,0.9725495
1057,sonora_256_50_2278,0.22662723,0.5462897,0.0036828525,0.009066871,0.9475897,0.42075655,0.9792169
1058,hv_256_50_2369,0.2274012,0.54923826,0.0036502643,0.009067763,0.9465572,0.41809922,0.97931266
1059,sonora_256_50_2329,0.23970509,0.6731579,0.0032711893,0.011028727,0.9183513,0.36445302,0.9801624
1060,hv_256_50_1142,0.2196545,0.5869614,0.004299884,0.010886487,0.9581659,0.4633982,0.97712016
1061,sonora_256_50_1566,0.26089877,0.70615613,0.0022382191,0.009395386,0.8367692,0.25750795,0.9842478
1062,hv_256_50_1546,0.20288514,0.44466665,0.0066581178,0.011116282,0.9789435,0.5688831,0.9702331
1063,hv_256_50_1378,0.228215,0.64158106,0.0040648873,0.011798061,0.94566154,0.42948383,0.97750753
1064,hv_256_50_805,0.2550714,0.7035112,0.0024776172,0.009969013,0.8643699,0.28515968,0.98323625
1065,sonora_256_50_2312,0.2372076,0.66676164,0.0034248142,0.011187137,0.92510825,0.3781472,0.9796243
1066,hv_256_50_327,0.25234094,0.7001375,0.0025997595,0.01018917,0.8762376,0.29905632,0.98276836
1067,sonora_256_50_2421,0.22932057,0.64501643,0.003985011,0.011736451,0.94345516,0.423245,0.97775525
1068,sonora_256_50_749,0.263706,0.7079904,0.0021456461,0.009173925,0.8226255,0.24567235,0.9846714
1069,sonora_256_50_3711,0.22310007,0.60064757,0.0042905114,0.01120444,0.9533252,0.4510699,0.976896
1070,hv_256_50_54,0.2342346,0.62101954,0.0033704576,0.009982021,0.9332323,0.38754147,0.9800836
1071,hv_256_50_2286,0.22623555,0.5456394,0.003705105,0.0090927975,0.9481187,0.42237976,0.97914493
1072,hv_256_50_1704,0.22362944,0.5394352,0.0039594504,0.0093868505,0.9530129,0.43953803,0.978292
1073,hv_256_50_740,0.2595727,0.70859617,0.0022725242,0.009551665,0.8416111,0.2616087,0.98409545
1074,hv_256_50_80,0.22658056,0.578197,0.0038137585,0.009905927,0.94767666,0.42606908,0.9786251
1075,hv_256_50_1747,0.20425628,0.43413895,0.006371611,0.010586165,0.9782785,0.561278,0.97116727
1076,sonora_256_50_2592,0.2505332,0.69984454,0.002650769,0.010306666,0.881587,0.30514395,0.982576
1077,sonora_256_50_1473,0.25345334,0.7019504,0.002558739,0.010133138,0.8716266,0.29373512,0.98290825
1078,hv_256_50_3421,0.21367733,0.5567272,0.0049875365,0.011305398,0.96733266,0.5036409,0.9750388
1079,hv_256_50_2139,0.21853665,0.5803277,0.0047123516,0.0114340065,0.96051997,0.47769603,0.9756138
1080,sonora_256_50_97,0.26650655,0.72791606,0.0020908278,0.009452237,0.8018607,0.23159981,0.98480093
1081,sonora_256_50_2808,0.25346068,0.70045483,0.0025814997,0.010160423,0.8730129,0.29589802,0.9828069
1082,hv_256_50_2370,0.21608286,0.50708604,0.00485815,0.0101058725,0.96541744,0.49123856,0.9754566
1083,hv_256_50_910,0.20388275,0.45140877,0.006470166,0.011046215,0.97791505,0.5617787,0.97072834
1084,hv_256_50_2123,0.22128205,0.5143157,0.0041440628,0.009201693,0.9581595,0.45586118,0.9778115
1085,hv_256_50_1815,0.20207724,0.44488928,0.00675347,0.011231315,0.9794048,0.5723053,0.9699524
1086,sonora_256_50_171,0.24130705,0.6760296,0.0031687615,0.010880476,0.91389227,0.35580578,0.9805453
1087,sonora_256_50_1828,0.2268157,0.6164445,0.00398483,0.011037764,0.94642174,0.42909226,0.9778457
1088,sonora_256_50_2845,0.22854269,0.64232373,0.0040592817,0.011807199,0.94517857,0.42844644,0.97750956
1089,sonora_256_50_3477,0.23172036,0.6529905,0.0037817804,0.01155236,0.93793005,0.40789846,0.97842044
1090,sonora_256_50_1153,0.2464311,0.6908576,0.0028862855,0.0106387595,0.8978143,0.32896808,0.9816222
1091,hv_256_50_506,0.22625327,0.5454564,0.0037342263,0.00913549,0.94854623,0.4242747,0.979041
1092,sonora_256_50_618,0.26595855,0.727609,0.0021307697,0.009558871,0.8070467,0.2358885,0.98461735
1093,sonora_256_50_2910,0.22744131,0.6371921,0.00412437,0.011793037,0.9472708,0.43423858,0.9773311
1094,hv_256_50_528,0.26329997,0.7101888,0.0021574867,0.00926312,0.823593,0.24657217,0.98460394
1095,hv_256_50_254,0.22815156,0.5875823,0.0037060482,0.009900112,0.9451418,0.41791436,0.9789985
1096,hv_256_50_2187,0.21613479,0.56720823,0.0046429653,0.011007646,0.9636612,0.48570994,0.976108
1097,sonora_256_50_582,0.2398485,0.6730653,0.0032567126,0.010994661,0.9179362,0.36351928,0.98022205
1098,hv_256_50_1195,0.210843,0.49028054,0.0054746717,0.010584287,0.9711322,0.5211424,0.97355574
1099,sonora_256_50_141,0.25063184,0.69794375,0.0026876288,0.010353025,0.8831772,0.30810368,0.9824139
1100,sonora_256_50_1290,0.25166628,0.6993253,0.0026456849,0.010282579,0.87939095,0.3033509,0.98257416
1101,hv_256_50_502,0.20716678,0.48056918,0.0060012317,0.011077132,0.97411036,0.53985524,0.9719444
1102,hv_256_50_3348,0.22346155,0.5218291,0.003998635,0.009137942,0.9550826,0.44517043,0.9782783
1103,sonora_256_50_184,0.2697958,0.7277812,0.0019097258,0.008951878,0.7722886,0.21059322,0.98559266
1104,hv_256_50_1160,0.2290399,0.6049867,0.0037328284,0.010315084,0.9446685,0.4183648,0.97889096
1105,sonora_256_50_2231,0.23808151,0.6688166,0.0033677262,0.011121804,0.9228767,0.3733954,0.97983027
1106,sonora_256_50_2189,0.25759625,0.7052417,0.0023523017,0.009679212,0.85210735,0.27170753,0.98378366
1107,sonora_256_50_2303,0.2354796,0.6625796,0.0035370875,0.01131274,0.92943877,0.38764793,0.9792336
1108,sonora_256_50_435,0.24615933,0.6898507,0.00290309,0.010658377,0.89893204,0.33079383,0.9815554
1109,sonora_256_50_2010,0.23194571,0.65315145,0.0037805298,0.011552093,0.9376803,0.40751714,0.97842103
1110,hv_256_50_983,0.20463765,0.4645326,0.0063311383,0.01114846,0.9767892,0.5552076,0.971085
1111,sonora_256_50_1202,0.25660077,0.70407623,0.002422794,0.00983976,0.85827357,0.2787857,0.983459
1112,sonora_256_50_1091,0.23039158,0.62264967,0.0036574285,0.010561222,0.94084954,0.4086591,0.9790699
1113,sonora_256_50_1134,0.24738748,0.6940054,0.0028323815,0.010596373,0.89414555,0.32322493,0.9818378
1114,sonora_256_50_1671,0.24899608,0.6951953,0.002785544,0.010520445,0.89004034,0.31782565,0.98202366
1115,sonora_256_50_1764,0.24875006,0.69507176,0.002797714,0.010545523,0.89080083,0.31892827,0.98197365
1116,sonora_256_50_3687,0.22748834,0.6383644,0.0041316464,0.011836722,0.9472036,0.4342629,0.97729766
1117,hv_256_50_154,0.20887715,0.48642877,0.005769853,0.010908551,0.9723222,0.5295813,0.97260106
1118,sonora_256_50_94,0.25392714,0.69981545,0.0025607515,0.010098973,0.87148666,0.2940505,0.9828933
1119,sonora_256_50_1066,0.23816122,0.6696112,0.0033499121,0.011103803,0.9222965,0.3719833,0.9798932
1120,sonora_256_50_1816,0.24225017,0.6786278,0.003127415,0.010856177,0.9110878,0.35107434,0.9806774
1121,hv_256_50_2745,0.21934621,0.4877379,0.00438417,0.009107713,0.96021885,0.46478772,0.9770249
1122,hv_256_50_3657,0.22075993,0.48445076,0.0042241756,0.008822936,0.9583002,0.45594156,0.9775713
1123,hv_256_50_1903,0.21106122,0.48905388,0.0054655406,0.010547323,0.97105163,0.5206763,0.97358567
1124,hv_256_50_359,0.21691167,0.5226482,0.0047663744,0.010297171,0.9632055,0.48297882,0.97564054
1125,sonora_256_50_1343,0.23726904,0.6666089,0.0034250324,0.011186953,0.92508256,0.37815556,0.9796205
1126,hv_256_50_2528,0.21922313,0.54662454,0.0043576006,0.0101428665,0.9602569,0.46853033,0.97705704
1127,sonora_256_50_108,0.27316916,0.7255886,0.001825652,0.00866075,0.7514481,0.19900578,0.98595667
1128,hv_256_50_25,0.22193117,0.53662914,0.004194206,0.009707619,0.9563037,0.4532036,0.9774934
1129,sonora_256_50_1001,0.24454917,0.6850474,0.0029907266,0.0107240835,0.9040866,0.33895648,0.98120946
1130,sonora_256_50_833,0.22423346,0.5421083,0.0038810256,0.009312959,0.95162815,0.43434498,0.9785507
1131,sonora_256_50_1934,0.2347588,0.6609687,0.003591254,0.011379413,0.9312077,0.39186117,0.9790445
1132,hv_256_50_3330,0.22643937,0.5420886,0.0037044943,0.009028322,0.94824815,0.4226469,0.9791526
1133,sonora_256_50_574,0.22652677,0.6165971,0.004024167,0.011112514,0.94738656,0.4321529,0.977718
1134,sonora_256_50_2443,0.22152829,0.59385484,0.0044022566,0.011235515,0.95591974,0.45972422,0.97657484
1135,sonora_256_50_566,0.22805765,0.58026147,0.0036666791,0.0096849045,0.9450857,0.41650206,0.9791717
1136,sonora_256_50_2482,0.26506978,0.7276698,0.0021642714,0.009654033,0.81231844,0.23991586,0.9844738
1137,sonora_256_50_1922,0.26366973,0.71102196,0.002150144,0.009249966,0.8221055,0.2454257,0.98463523
1138,sonora_256_50_1802,0.23009883,0.5993542,0.0036855692,0.010104981,0.943527,0.4140852,0.97905385
1139,sonora_256_50_75,0.22244263,0.59374875,0.0040872563,0.01068764,0.95388526,0.4479929,0.9777549
1140,hv_256_50_3547,0.22039038,0.588267,0.004536185,0.011332538,0.9576628,0.46668065,0.97613734
1141,sonora_256_50_1284,0.25043637,0.6977096,0.002716711,0.010417154,0.88456446,0.31038997,0.98228455
1142,sonora_256_50_1218,0.24605657,0.6913195,0.0029056198,0.010695593,0.89864475,0.33035082,0.9815345
1143,sonora_256_50_2428,0.23425697,0.6599693,0.0036082752,0.01138704,0.93214464,0.39373273,0.9789979
1144,hv_256_50_3577,0.22171769,0.5087883,0.0041747596,0.009169124,0.9587685,0.45843345,0.97775763
1145,sonora_256_50_1490,0.24697934,0.69190174,0.002871269,0.010633506,0.89614123,0.32677022,0.98166096
1146,sonora_256_50_3602,0.21333267,0.5532462,0.004931572,0.011137589,0.9677541,0.5041619,0.97529083
1147,hv_256_50_609,0.22478718,0.54928887,0.0039003561,0.009479447,0.95117754,0.43447658,0.97845066
1148,sonora_256_50_228,0.23803394,0.6686217,0.0033667758,0.01111743,0.922896,0.37339517,0.9798293
1149,hv_256_50_1497,0.2288942,0.5680899,0.003595114,0.009322758,0.9441917,0.41253915,0.97945297
1150,hv_256_50_3543,0.22967204,0.6460737,0.003955757,0.011708808,0.9427172,0.42111132,0.9778501
1151,sonora_256_50_1483,0.23548076,0.66263473,0.0035348362,0.0113097755,0.92937976,0.3875046,0.97924197
1152,hv_256_50_1381,0.2057378,0.46918303,0.006227578,0.011118715,0.9758754,0.5501851,0.97133183
1153,hv_256_50_111,0.30068135,0.70709383,0.0011892074,0.0063891714,0.5084437,0.11055818,0.98907006
1154,sonora_256_50_290,0.23291138,0.65698797,0.0036678603,0.011428042,0.93485767,0.39967006,0.97882426
1155,hv_256_50_2983,0.23374523,0.6580664,0.003655556,0.011433554,0.93361187,0.3974343,0.9788341
1156,hv_256_50_3517,0.20896706,0.532046,0.005429945,0.011394154,0.9730725,0.531655,0.9738833
1157,hv_256_50_3361,0.22117284,0.5059074,0.00424171,0.009212603,0.9598053,0.462708,0.9775544
1158,sonora_256_50_771,0.21714412,0.51824385,0.0046702046,0.010062566,0.9629857,0.48004985,0.9760079
1159,sonora_256_50_1627,0.2431448,0.6804791,0.0030729554,0.010784755,0.9083487,0.34618136,0.9808816
1160,sonora_256_50_560,0.22481953,0.5503852,0.0038654269,0.009448559,0.95064807,0.43227267,0.97855854
1161,sonora_256_50_2797,0.2465924,0.6909699,0.0028855638,0.010639738,0.89744645,0.32859534,0.98161685
1162,sonora_256_50_2099,0.22650987,0.61692184,0.004024666,0.011122962,0.9471075,0.4314365,0.97770154
1163,hv_256_50_705,0.20688628,0.47979987,0.006028263,0.0110931955,0.9743591,0.54124373,0.9718769
1164,sonora_256_50_1945,0.24653217,0.691397,0.0028963194,0.010675588,0.8976272,0.32909098,0.9815642
1165,sonora_256_50_237,0.23811436,0.66860867,0.0033618032,0.011104704,0.9227743,0.37310264,0.9798508
1166,sonora_256_50_3201,0.23401238,0.66133136,0.0035857295,0.011374823,0.9319079,0.39253515,0.9790917
1167,sonora_256_50_86,0.22124748,0.5349979,0.004214555,0.009707963,0.95703596,0.45526633,0.97745
1168,sonora_256_50_3025,0.24523292,0.6892705,0.002968432,0.010787289,0.9019979,0.3360223,0.9812887
1169,sonora_256_50_3118,0.22828177,0.6413197,0.004068182,0.011796444,0.9456518,0.42959073,0.9774965
1170,sonora_256_50_568,0.22848997,0.64334255,0.0039984277,0.011713256,0.94466126,0.42583123,0.97774214
1171,sonora_256_50_1680,0.23777883,0.66788274,0.0033983656,0.011161924,0.9238193,0.37561736,0.9797106
1172,hv_256_50_2796,0.2164387,0.5672603,0.004615562,0.010972061,0.9633114,0.48422158,0.97618073
1173,sonora_256_50_1966,0.22742787,0.6343137,0.0040843734,0.011648761,0.9467314,0.43212548,0.9774639
1174,hv_256_50_1321,0.20511946,0.46762246,0.006288647,0.011165778,0.9763509,0.5528973,0.971169
1175,sonora_256_50_742,0.26888934,0.72768694,0.0019649682,0.00909507,0.78191245,0.21724968,0.98536485
1176,hv_256_50_2632,0.22477913,0.6090731,0.004136281,0.011131793,0.9502504,0.44069257,0.9773811
1177,hv_256_50_43,0.25909153,0.70490056,0.0023129464,0.009582094,0.846447,0.26666954,0.98393375
1178,sonora_256_50_3256,0.22593717,0.61330503,0.0040446473,0.01107155,0.94799227,0.43368375,0.9776587
1179,sonora_256_50_1650,0.25005808,0.69701976,0.002732492,0.0104388585,0.8859972,0.3122311,0.9822265
1180,hv_256_50_3499,0.21804687,0.4769539,0.0045170877,0.009098815,0.9625867,0.47396746,0.9766555
1181,hv_256_50_894,0.23036745,0.6025942,0.0036414913,0.01008862,0.9425687,0.4111491,0.9791966
1182,sonora_256_50_163,0.25404233,0.70095384,0.00254232,0.010069195,0.87020254,0.29222304,0.9829806
1183,hv_256_50_386,0.26408765,0.72016174,0.0021522287,0.009479707,0.81700224,0.24235977,0.9845458
1184,hv_256_50_574,0.21796738,0.5162805,0.0046707056,0.010026246,0.9627444,0.4798344,0.9759902
1185,sonora_256_50_131,0.2544108,0.70214754,0.0025081066,0.010014464,0.8675419,0.28879324,0.9831229
1186,hv_256_50_138,0.21918784,0.48017943,0.0044036903,0.008999074,0.9609262,0.46694723,0.9770031
1187,sonora_256_50_1549,0.23892811,0.6702595,0.0033207736,0.011059413,0.9207861,0.36922222,0.97999316
1188,sonora_256_50_3040,0.22742787,0.63453764,0.004098368,0.011682435,0.9469654,0.4329951,0.97741485
1189,hv_256_50_3393,0.22246295,0.5985112,0.0043399334,0.011238953,0.9543583,0.45457613,0.97674245
1190,hv_256_50_398,0.22975338,0.60180175,0.0036903329,0.010161847,0.94373995,0.41463464,0.9790262
1191,hv_256_50_3707,0.215774,0.4684967,0.004797582,0.009322722,0.96593314,0.48942846,0.9757918
1192,hv_256_50_1722,0.23650593,0.6652069,0.003474867,0.011251333,0.92696166,0.38223976,0.9794469
1193,hv_256_50_2650,0.22467068,0.53205496,0.0038604285,0.009093322,0.95196664,0.43460336,0.97866553
1194,sonora_256_50_28,0.26607993,0.7279154,0.0021125567,0.009514848,0.8049167,0.23399118,0.9847036
1195,hv_256_50_1553,0.22756328,0.62287617,0.0039664186,0.011157657,0.9454721,0.42681333,0.9778877
1196,hv_256_50_3260,0.21412025,0.5555956,0.0048645143,0.011095005,0.9665718,0.49886474,0.97545856
1197,sonora_256_50_1971,0.24677646,0.6922332,0.0028802138,0.010659604,0.89659375,0.32746157,0.981625
1198,hv_256_50_603,0.23844591,0.6690037,0.0033489587,0.011096539,0.922042,0.37181622,0.97988474
1199,sonora_256_50_460,0.26436284,0.72234035,0.0021767635,0.009570132,0.81771237,0.24363391,0.98443973
1200,sonora_256_50_1127,0.25190827,0.69914544,0.002627246,0.01023915,0.8784081,0.30190092,0.98265254
1201,sonora_256_50_2812,0.22795299,0.6409179,0.0040887124,0.011822069,0.94615996,0.43102944,0.97743237
1202,sonora_256_50_3001,0.24246477,0.68783367,0.0029855783,0.010775032,0.90615094,0.34022212,0.98125535
1203,sonora_256_50_3138,0.24319464,0.6828114,0.0030392045,0.0107669085,0.9074037,0.34403798,0.9810409
1204,sonora_256_50_2346,0.2574057,0.70538193,0.002365461,0.00972979,0.85306615,0.27292526,0.983707
1205,sonora_256_50_2887,0.23546404,0.66202337,0.003543251,0.011309903,0.9296505,0.3882062,0.97921443
1206,hv_256_50_1797,0.20703769,0.47491178,0.0060125627,0.010972832,0.9744766,0.5413789,0.97194505
1207,sonora_256_50_781,0.23130845,0.65008104,0.0037179324,0.011327875,0.9387838,0.40811586,0.97872466
1208,sonora_256_50_2862,0.24154371,0.677447,0.0031608036,0.010900081,0.91303366,0.3544062,0.9805608
1209,sonora_256_50_2667,0.25398198,0.70055413,0.0025451498,0.010063844,0.8705315,0.29260555,0.9829758
1210,hv_256_50_809,0.26380983,0.7193947,0.0021550767,0.009444404,0.8186611,0.24329482,0.98457587
1211,hv_256_50_1262,0.216111,0.51431394,0.004858907,0.010260919,0.9647473,0.48918152,0.97539234
1212,hv_256_50_1726,0.21811825,0.5085033,0.004507233,0.0096302545,0.9627618,0.47645733,0.9766417
1213,hv_256_50_1328,0.21482427,0.5034691,0.0050149285,0.010260416,0.96698886,0.49903834,0.9749629
1214,hv_256_50_261,0.21962816,0.53016514,0.004461769,0.009991945,0.95952344,0.466667,0.97659975
1215,sonora_256_50_3148,0.25475016,0.7019408,0.0025169465,0.01002967,0.8672962,0.28902656,0.9830735
1216,hv_256_50_3245,0.24356028,0.6811353,0.0030641307,0.010781175,0.9073401,0.34478799,0.98090184
1217,hv_256_50_3165,0.21400559,0.47899732,0.005004582,0.009777798,0.9670651,0.497066,0.97504926
1218,sonora_256_50_1513,0.2392863,0.6710483,0.003306986,0.011058833,0.91986203,0.36763084,0.9800237
1219,sonora_256_50_848,0.24799457,0.69597363,0.0027736311,0.010510562,0.89127785,0.31830937,0.98210436
1220,hv_256_50_889,0.23241514,0.65547657,0.0037065186,0.011469176,0.93605345,0.40271398,0.9786886
1221,sonora_256_50_2158,0.23670593,0.6669384,0.0034295649,0.011201747,0.9257539,0.37899712,0.97961503
1222,sonora_256_50_3384,0.22418812,0.60674477,0.004173095,0.011145581,0.95106035,0.4432089,0.97726053
1223,hv_256_50_1909,0.21821553,0.5759481,0.0044466313,0.010885922,0.96077335,0.47365102,0.9766976
1224,sonora_256_50_3589,0.2212659,0.5945777,0.0044345,0.011306572,0.9560724,0.4605447,0.9764499
1225,sonora_256_50_2738,0.25713563,0.7048021,0.0023942215,0.009781802,0.8553894,0.27563104,0.9835818
1226,hv_256_50_2960,0.21654941,0.4766875,0.004755805,0.009412856,0.9647248,0.48523697,0.97585607
1227,hv_256_50_3128,0.2212525,0.59204966,0.0044724736,0.011320162,0.9565737,0.46289176,0.976318
1228,hv_256_50_2945,0.20923835,0.47550848,0.0056891968,0.010581845,0.9724486,0.5283006,0.9729329
1229,hv_256_50_1922,0.21769388,0.57431287,0.0045000007,0.010937709,0.9613678,0.4761991,0.9765237
1230,hv_256_50_475,0.2108235,0.4801851,0.0054913317,0.010426227,0.97072786,0.5188127,0.97350186
1231,hv_256_50_2813,0.22021927,0.48988828,0.0042786575,0.008993717,0.95877486,0.45862114,0.9773721
1232,hv_256_50_3550,0.21987425,0.5865749,0.0045726574,0.011352933,0.95831406,0.46899533,0.9760315
1233,hv_256_50_1688,0.22908552,0.64311355,0.0040072245,0.011729246,0.944212,0.42537484,0.9776954
1234,sonora_256_50_975,0.21563148,0.51680124,0.004863633,0.010317202,0.9648752,0.4895243,0.9753829
1235,sonora_256_50_2863,0.24093351,0.6760723,0.0031961256,0.010943122,0.9147937,0.3576657,0.98043114
1236,hv_256_50_3508,0.2216208,0.50854105,0.0041810526,0.0091724,0.9588982,0.45891127,0.97774374
1237,sonora_256_50_1180,0.2326841,0.655652,0.0036956386,0.011454565,0.93562555,0.40180212,0.9787228
1238,hv_256_50_2416,0.21852642,0.51089203,0.0044831675,0.009645091,0.96220034,0.47448584,0.97669035
1239,sonora_256_50_2773,0.23362552,0.65767145,0.003661229,0.011434653,0.93388623,0.39801285,0.9788173
1240,hv_256_50_3487,0.22067535,0.50336754,0.004287823,0.009230017,0.9605985,0.46584913,0.9774099
1241,sonora_256_50_2803,0.26129425,0.7067139,0.0022312636,0.00938682,0.83527553,0.25637084,0.9842786
1242,sonora_256_50_202,0.24621789,0.69072884,0.0028905373,0.010647833,0.8982463,0.32951933,0.98160374
1243,sonora_256_50_518,0.26224473,0.7071055,0.0021793374,0.009251739,0.8290949,0.25059578,0.9845218
1244,sonora_256_50_2546,0.24732041,0.692077,0.0028604022,0.010611436,0.89539427,0.32568398,0.9817124
1245,sonora_256_50_2796,0.24434134,0.6851585,0.0030048373,0.010756781,0.90449464,0.33975103,0.98114496
1246,sonora_256_50_2664,0.2715315,0.7259861,0.001912724,0.008890368,0.76843494,0.20938784,0.985598
1247,sonora_256_50_248,0.26417404,0.7171528,0.0021605757,0.009408308,0.8190285,0.24391899,0.98455596
1248,hv_256_50_3615,0.22204481,0.5965454,0.0043682097,0.011241142,0.9549896,0.45664316,0.9766648
1249,sonora_256_50_1705,0.26630852,0.72764146,0.002115022,0.009510965,0.8045972,0.23399611,0.9846964
1250,sonora_256_50_1021,0.25375426,0.70241,0.0025048794,0.010011548,0.86879206,0.28954837,0.98316157
1251,hv_256_50_553,0.2066869,0.46854988,0.0061127036,0.010980162,0.9751443,0.5455539,0.97163594
1252,hv_256_50_1728,0.21080391,0.4876796,0.005461268,0.010530263,0.97022295,0.51678103,0.97355926
1253,sonora_256_50_546,0.2713288,0.7262922,0.001912714,0.008892317,0.7690486,0.20958641,0.98560566
1254,sonora_256_50_1445,0.23876421,0.67071617,0.0033187352,0.011073998,0.920775,0.36905044,0.9799905
1255,sonora_256_50_3518,0.2219222,0.5965762,0.004379306,0.011260142,0.95518374,0.45736215,0.97662705
1256,sonora_256_50_2258,0.24881953,0.69505894,0.002775622,0.010486063,0.89023036,0.31763938,0.98208815
1257,hv_256_50_1025,0.23733284,0.66567904,0.0034274906,0.011171524,0.92522293,0.3785518,0.9796128
1258,sonora_256_50_2628,0.22582647,0.61387116,0.0040482194,0.0110901,0.9481218,0.43400973,0.9776512
1259,hv_256_50_1323,0.20564374,0.4714271,0.006200099,0.01113644,0.97575086,0.54920393,0.9714144
1260,hv_256_50_3046,0.23382978,0.6580661,0.0036479307,0.011417477,0.93344873,0.39697564,0.97886425
1261,hv_256_50_3308,0.21654816,0.5095888,0.004603216,0.009816615,0.96305525,0.47899434,0.9763342
1262,sonora_256_50_1684,0.2344043,0.66026527,0.0035984274,0.011376244,0.9318142,0.39295182,0.97903043
1263,sonora_256_50_1837,0.23699152,0.66616255,0.0034472684,0.01121901,0.9257952,0.37978584,0.97953975
1264,sonora_256_50_137,0.2584398,0.7054809,0.0023360704,0.009647949,0.8488863,0.26901346,0.9838244
1265,hv_256_50_2802,0.21460482,0.5603285,0.0047749006,0.0110579785,0.96577024,0.4946777,0.9757413
1266,hv_256_50_1822,0.20890935,0.47262612,0.005717256,0.010560061,0.97283995,0.5301356,0.97287345
1267,sonora_256_50_2217,0.2273203,0.6198355,0.00396163,0.011076965,0.9455481,0.42677328,0.9779056
1268,sonora_256_50_2682,0.22749089,0.6393309,0.004128281,0.011858796,0.94705236,0.43378747,0.9772982
1269,sonora_256_50_3387,0.22672443,0.61687434,0.0039758957,0.011034892,0.94628805,0.4284679,0.97786945
1270,hv_256_50_1086,0.2507563,0.6986777,0.0026725712,0.010334042,0.88229716,0.3067995,0.9824777
1271,sonora_256_50_1031,0.22382666,0.5488656,0.0039983504,0.009632197,0.952778,0.44050246,0.9781108
1272,sonora_256_50_816,0.26180413,0.7068928,0.0022020505,0.009312418,0.831908,0.25320065,0.9844147
1273,hv_256_50_1234,0.22387299,0.60448915,0.004216791,0.0111685265,0.9518716,0.44612756,0.9771179
1274,hv_256_50_2645,0.22421199,0.5332259,0.0039017345,0.009179032,0.95247865,0.43671104,0.978516
1275,hv_256_50_3110,0.24033278,0.6743643,0.0032442408,0.011001113,0.91678023,0.36164704,0.9802506
1276,sonora_256_50_1193,0.24894394,0.6961846,0.0027578296,0.010480963,0.8890546,0.31584167,0.98214704
1277,sonora_256_50_3674,0.22301371,0.60037243,0.004299892,0.011213869,0.95349187,0.45169526,0.9768628
1278,hv_256_50_3028,0.21188653,0.46396148,0.0053160973,0.009894892,0.9705258,0.51461065,0.974176
1279,sonora_256_50_2972,0.22942838,0.6453885,0.0039726077,0.011722151,0.9431855,0.42240208,0.977798
1280,sonora_256_50_1544,0.2482097,0.6940782,0.0028289466,0.010599088,0.89291674,0.32208356,0.9818463
1281,sonora_256_50_124,0.22092298,0.5420515,0.0042673345,0.009923536,0.95726347,0.4573038,0.9772456
1282,sonora_256_50_2272,0.26095802,0.70605505,0.0022590065,0.009456993,0.8380706,0.2592715,0.98414063
1283,sonora_256_50_1381,0.22355823,0.53025854,0.0039743553,0.009239775,0.953855,0.44170654,0.978276
1284,sonora_256_50_2789,0.22967727,0.64679146,0.0039446237,0.0117061315,0.94246674,0.42028752,0.97788656
1285,sonora_256_50_1790,0.25026324,0.6975274,0.0027278387,0.010440499,0.8853248,0.31146693,0.982238
1286,hv_256_50_569,0.2145586,0.48845074,0.005002256,0.009944862,0.96730506,0.4990213,0.975064
1287,sonora_256_50_3168,0.24016671,0.673709,0.0032543347,0.011006728,0.9173563,0.3627159,0.9802182
1288,hv_256_50_3626,0.20985807,0.53709304,0.005323886,0.011354689,0.9720587,0.5261258,0.9741762
1289,sonora_256_50_996,0.24857868,0.69521123,0.0028052267,0.01056992,0.89132184,0.31966886,0.9819406
1290,sonora_256_50_2029,0.22927171,0.6456354,0.0039711627,0.011724223,0.94327205,0.4224542,0.9778085
1291,sonora_256_50_1457,0.22567977,0.6152237,0.0040611825,0.011150915,0.9483855,0.43488246,0.97760266
1292,hv_256_50_2506,0.21582623,0.4977275,0.0048668194,0.009933014,0.9663224,0.49410674,0.9754852
1293,hv_256_50_1065,0.20741862,0.4822884,0.0060002785,0.011108522,0.97409374,0.54017615,0.9719335
1294,hv_256_50_2473,0.21615867,0.4984097,0.0048083034,0.0098684905,0.96587545,0.49153793,0.97566956
1295,hv_256_50_3572,0.21725775,0.4759772,0.004615698,0.009214653,0.9636635,0.4791276,0.97633255
1296,sonora_256_50_1041,0.22762619,0.566329,0.0036840495,0.009455524,0.9460104,0.41864827,0.97912323
1297,hv_256_50_1306,0.24048579,0.6741935,0.0032217153,0.010947695,0.9163293,0.36043814,0.98035115
1298,hv_256_50_1416,0.23236755,0.6544068,0.0037466004,0.011520675,0.9366572,0.4048703,0.97853106
1299,sonora_256_50_1977,0.23758894,0.6676942,0.0034025253,0.01116661,0.9241745,0.37620202,0.9797
1300,hv_256_50_920,0.20551915,0.46303916,0.0062321513,0.01099759,0.9762271,0.55139494,0.9713671
1301,sonora_256_50_3725,0.21549247,0.5638216,0.0047093555,0.011036353,0.9645395,0.48958018,0.9759093
1302,sonora_256_50_1301,0.24957651,0.6968512,0.0027443354,0.010470687,0.8872454,0.31372347,0.98217636
1303,hv_256_50_611,0.21508281,0.50262994,0.0049480605,0.010143981,0.96666557,0.49670392,0.975195
1304,hv_256_50_3351,0.2132552,0.5556821,0.0051160734,0.011478758,0.96798974,0.50804305,0.9745948
1305,sonora_256_50_27,0.27081755,0.72667724,0.0019230896,0.008934069,0.77179164,0.21109866,0.98555714
1306,hv_256_50_712,0.2063967,0.46816236,0.0060957936,0.010936812,0.9752703,0.5455404,0.97174317
1307,hv_256_50_1288,0.23822886,0.66933775,0.0033586668,0.01112909,0.9223367,0.3724152,0.97984123
1308,hv_256_50_2998,0.20395851,0.45665655,0.006442472,0.011113892,0.9776588,0.5604016,0.97080237
1309,hv_256_50_1385,0.20502336,0.44812846,0.006248799,0.010721979,0.9770899,0.55465144,0.97142947
1310,sonora_256_50_930,0.24857633,0.6940467,0.0028081376,0.010544722,0.8918322,0.32036734,0.98194236
1311,hv_256_50_2410,0.20362334,0.44546425,0.0065547535,0.011015841,0.97846234,0.56538165,0.9705227
1312,sonora_256_50_250,0.27292234,0.7236958,0.0019208577,0.008898523,0.7650111,0.20877351,0.9854989
1313,sonora_256_50_1282,0.24333291,0.6815369,0.0030545378,0.010768774,0.9073923,0.3444395,0.9809505
1314,sonora_256_50_1121,0.22897534,0.61668354,0.0037274044,0.010551574,0.9433545,0.414586,0.9788301
1315,sonora_256_50_1428,0.25794047,0.70503443,0.002369449,0.009722874,0.8521208,0.2724869,0.9836768
1316,sonora_256_50_205,0.23171286,0.64759624,0.0037038662,0.011273496,0.93906116,0.40887222,0.9787781
1317,hv_256_50_3466,0.21431589,0.5557997,0.004831984,0.011046976,0.966304,0.49731565,0.97556984
1318,hv_256_50_1038,0.20463786,0.46101153,0.0063758898,0.011128004,0.97705555,0.5570717,0.9709528
1319,sonora_256_50_921,0.2639265,0.7201183,0.0021670577,0.009490491,0.8190047,0.24394923,0.98451656
1320,sonora_256_50_3252,0.22903673,0.6438218,0.0040073534,0.011750274,0.94407517,0.4250107,0.97768426
1321,sonora_256_50_2714,0.23230034,0.65289307,0.0037710683,0.011533541,0.93726844,0.40670556,0.97844374
1322,hv_256_50_2710,0.22344057,0.6027372,0.0042502596,0.01118797,0.9525985,0.44852495,0.9770154
1323,hv_256_50_716,0.21136576,0.4888072,0.0054368535,0.010504102,0.9707317,0.51900244,0.9736694
1324,sonora_256_50_1986,0.25328752,0.70021284,0.0025708254,0.010119725,0.8731576,0.29556796,0.98287636
1325,sonora_256_50_2824,0.24499044,0.68932486,0.0029526325,0.010758116,0.9020093,0.33542114,0.9813596
1326,hv_256_50_2051,0.22013618,0.5083971,0.004280901,0.009296309,0.96029013,0.46462554,0.97738373
1327,sonora_256_50_3651,0.21846342,0.57900137,0.004737205,0.01144476,0.96075904,0.4788928,0.97553104
1328,hv_256_50_3551,0.22038366,0.5877382,0.004529098,0.011308454,0.95763284,0.4664236,0.9761671
1329,sonora_256_50_241,0.2618977,0.7086413,0.002196882,0.009333557,0.8308941,0.25229558,0.9844364
1330,hv_256_50_3621,0.21502155,0.5594076,0.004776319,0.011043704,0.96542233,0.49363407,0.97571427
1331,sonora_256_50_2627,0.22303504,0.6007011,0.0042898557,0.011205392,0.95339066,0.45123118,0.97689795
1332,hv_256_50_3452,0.2480268,0.6941487,0.0028297715,0.010594819,0.8931548,0.3222881,0.98184884
1333,sonora_256_50_545,0.27115005,0.72638035,0.0019168247,0.008906294,0.7700851,0.21017414,0.9855886
1334,sonora_256_50_1811,0.25176173,0.69950604,0.0026489003,0.010296379,0.8792234,0.30333248,0.9825524
1335,sonora_256_50_2622,0.25161514,0.69845676,0.0026588899,0.010296777,0.88019085,0.30459484,0.9825148
1336,hv_256_50_1503,0.22899517,0.5691225,0.0035789402,0.009332976,0.9436148,0.4110709,0.9795106
1337,sonora_256_50_498,0.23701876,0.6661887,0.00341929,0.011164563,0.925414,0.3784438,0.979657
1338,sonora_256_50_57,0.22946487,0.64541733,0.003952498,0.011685413,0.9430314,0.4216545,0.97787946
1339,hv_256_50_1174,0.20358689,0.45890972,0.006462966,0.011178938,0.9777169,0.560832,0.97074616
1340,sonora_256_50_3630,0.2410489,0.6755974,0.0031943044,0.010923595,0.9147177,0.3575645,0.9804426
1341,hv_256_50_997,0.23409638,0.6585337,0.003616807,0.011368203,0.93276817,0.39509156,0.9789827
1342,hv_256_50_3187,0.22243069,0.59708023,0.0043568183,0.011234752,0.95466596,0.4558017,0.9766915
1343,sonora_256_50_3210,0.26486704,0.72765523,0.0021740485,0.009679194,0.8136637,0.24101678,0.98443407
1344,sonora_256_50_3391,0.22375993,0.6037154,0.0042287433,0.011174601,0.9520803,0.44685516,0.97707593
1345,hv_256_50_2088,0.21788576,0.49269608,0.004552953,0.009417264,0.963125,0.47752658,0.9765112
1346,sonora_256_50_2409,0.2574994,0.70377,0.0023936124,0.009756188,0.8548035,0.27532184,0.9835818
1347,sonora_256_50_652,0.24446861,0.6850485,0.002980072,0.010697679,0.90400344,0.3384847,0.981262
1348,hv_256_50_2171,0.21366452,0.49989972,0.0050346395,0.01020104,0.9682666,0.50388664,0.9750014
1349,hv_256_50_1644,0.21918301,0.583338,0.0046517993,0.01140851,0.9595247,0.47385067,0.97578657
1350,sonora_256_50_1062,0.25722295,0.70451677,0.0023948422,0.009792639,0.8550445,0.27540588,0.9835526
1351,hv_256_50_3512,0.21620984,0.5717733,0.0049777357,0.011649491,0.9642147,0.49351767,0.97481865
1352,sonora_256_50_588,0.27022648,0.726757,0.0019557646,0.009029132,0.77713764,0.21475665,0.9854092
1353,sonora_256_50_1572,0.26364285,0.70902103,0.0021432461,0.009187623,0.82231176,0.24531339,0.9846827
1354,sonora_256_50_2914,0.22705169,0.61743283,0.003968178,0.011030697,0.9459806,0.42779812,0.9778984
1355,hv_256_50_3423,0.21795943,0.57873285,0.004776557,0.011497181,0.9614899,0.48171538,0.9754208
1356,sonora_256_50_3285,0.25096828,0.69771856,0.002695266,0.010365041,0.8829026,0.30823457,0.9823712
1357,sonora_256_50_2065,0.25863165,0.7073859,0.0022980026,0.009591902,0.8457019,0.26523748,0.98399794
1358,sonora_256_50_3078,0.26433042,0.7271198,0.0021936356,0.009724682,0.8168497,0.2435108,0.9843471
1359,hv_256_50_2503,0.21976489,0.5132792,0.004344673,0.00948186,0.96048325,0.46673352,0.9771408
1360,sonora_256_50_2683,0.22772317,0.6396391,0.0041122544,0.011836043,0.94671416,0.4327658,0.9773532
1361,hv_256_50_545,0.214385,0.47280598,0.005028328,0.009699647,0.9674337,0.4988632,0.97500765
1362,hv_256_50_2402,0.21978076,0.5117529,0.004314753,0.009410633,0.96038043,0.46560723,0.9772479
1363,hv_256_50_1996,0.22129159,0.59215456,0.0044361525,0.011254887,0.9561872,0.4609346,0.97645855
1364,sonora_256_50_2673,0.23055239,0.6485918,0.0038856908,0.011638632,0.9408464,0.41587895,0.9780813
1365,hv_256_50_1445,0.24043633,0.6735907,0.0032401558,0.010974551,0.91677904,0.3616261,0.9802705
1366,hv_256_50_161,0.20260745,0.44916508,0.0066453484,0.011200938,0.9788502,0.56834704,0.97024363
1367,sonora_256_50_3307,0.23450533,0.65966874,0.0036180597,0.011398951,0.9320572,0.39398852,0.9789531
1368,hv_256_50_1255,0.20578054,0.45917854,0.006179845,0.0108564645,0.9761681,0.5502501,0.9715604
1369,sonora_256_50_3113,0.23226517,0.653715,0.003764938,0.0115353465,0.93710834,0.40617165,0.9784716
1370,sonora_256_50_597,0.25117373,0.69761395,0.002683335,0.010337715,0.88217527,0.30721533,0.9824194
1371,sonora_256_50_3359,0.24035804,0.6734739,0.003241251,0.010972045,0.91697544,0.3619024,0.9802735
1372,sonora_256_50_3371,0.21940665,0.5838012,0.0046359627,0.01139214,0.9592696,0.47289005,0.97583574
1373,hv_256_50_1425,0.22923212,0.64490354,0.0039843624,0.01173629,0.94351536,0.42334002,0.9777574
1374,hv_256_50_150,0.22966264,0.605744,0.0037108583,0.010304575,0.9431079,0.4146698,0.9788903
1375,hv_256_50_1951,0.22750969,0.55133593,0.003645159,0.0090980185,0.9463316,0.41757083,0.9793267
1376,hv_256_50_1620,0.22226447,0.5434848,0.004180044,0.009821547,0.955622,0.45152673,0.9775038
1377,hv_256_50_3619,0.2202074,0.5875216,0.00453538,0.011312575,0.9578049,0.46693715,0.97615415
1378,sonora_256_50_1391,0.22014028,0.5335372,0.004426436,0.010002568,0.95878386,0.4641237,0.9766957
1379,hv_256_50_973,0.21098348,0.4886489,0.005458759,0.01054699,0.97003156,0.51603264,0.9735589
1380,hv_256_50_1875,0.20242026,0.4393676,0.0067949533,0.011166194,0.9794135,0.57270217,0.9698266
1381,hv_256_50_3455,0.24002658,0.67330295,0.0032537591,0.010993997,0.91762704,0.36304045,0.9802286
1382,sonora_256_50_3601,0.21192238,0.5466733,0.005096812,0.011238525,0.96959305,0.5133615,0.97480947
1383,hv_256_50_1212,0.22152556,0.59214795,0.0043704333,0.011146126,0.9561354,0.4598959,0.97670764
1384,hv_256_50_2259,0.22430567,0.5284194,0.0038868464,0.009074508,0.95284986,0.43718463,0.97859967
1385,hv_256_50_49,0.21996933,0.521681,0.004364039,0.00968105,0.9596794,0.4652164,0.97699684
1386,sonora_256_50_938,0.24976437,0.696548,0.0027402015,0.010444717,0.88694626,0.3133496,0.98220396
1387,sonora_256_50_83,0.23261243,0.6557605,0.0037130604,0.011488654,0.9358244,0.4024896,0.97865
1388,sonora_256_50_1285,0.25133952,0.6987151,0.0026705472,0.010330167,0.8810221,0.30566174,0.9824675
1389,hv_256_50_3310,0.21758205,0.47468787,0.004569312,0.009126042,0.9633504,0.47727302,0.97650695
1390,hv_256_50_2348,0.21555215,0.4797786,0.0048155766,0.009545112,0.9655424,0.48886675,0.9756942
1391,sonora_256_50_2147,0.23265575,0.65478003,0.003736242,0.011508219,0.93622345,0.40392524,0.9785654
1392,hv_256_50_1521,0.20544691,0.45614624,0.006228195,0.010853653,0.9765543,0.5524867,0.9714305
1393,hv_256_50_548,0.2191489,0.51985115,0.0045452747,0.009931584,0.9609484,0.47222683,0.97633874
1394,hv_256_50_546,0.20939358,0.4816494,0.0057143676,0.010739822,0.97210085,0.52768004,0.97279376
1395,hv_256_50_2150,0.21729912,0.49278465,0.004640813,0.0095514795,0.9625933,0.47663206,0.97615355
1396,sonora_256_50_174,0.2728315,0.7257027,0.0018534448,0.008708383,0.7569348,0.20224823,0.9858743
1397,sonora_256_50_3422,0.24471542,0.68774825,0.0029923508,0.010802636,0.9037332,0.33869523,0.98120546
1398,hv_256_50_2853,0.21864611,0.5095735,0.0044457447,0.009562199,0.96205026,0.47315058,0.9768345
1399,sonora_256_50_3637,0.23565115,0.6631399,0.0035307202,0.01131114,0.9290472,0.38688245,0.97925377
1400,hv_256_50_946,0.2522736,0.69893855,0.0026255234,0.010225324,0.877684,0.301306,0.9826553
1401,hv_256_50_2873,0.22401978,0.52765936,0.0039139795,0.009097847,0.95335114,0.43904078,0.9785035
1402,hv_256_50_2638,0.22546382,0.6116515,0.0040818695,0.011097429,0.948934,0.43657452,0.9775482
1403,hv_256_50_534,0.2389792,0.67067605,0.0032997602,0.011032998,0.9202897,0.36791503,0.980068
1404,sonora_256_50_1019,0.2696717,0.7272986,0.0019474003,0.0090092085,0.77815956,0.21472345,0.9854731
1405,sonora_256_50_294,0.22853051,0.5910371,0.0036866758,0.009945509,0.944431,0.416102,0.9790475
1406,hv_256_50_1851,0.21985947,0.58766437,0.0045725727,0.011375799,0.95833266,0.46907473,0.97603095
1407,sonora_256_50_2212,0.2231705,0.6018598,0.0042652357,0.011189707,0.9530564,0.44991472,0.9769785
1408,sonora_256_50_1618,0.23313625,0.65524894,0.0037048918,0.011458934,0.93533236,0.40167415,0.97867477
1409,hv_256_50_1362,0.23449029,0.65970147,0.0035965845,0.011360332,0.93181556,0.39298433,0.97903776
1410,sonora_256_50_3596,0.2141197,0.55914116,0.0049655708,0.011328512,0.9667587,0.50137776,0.9750724
1411,hv_256_50_2245,0.20745239,0.47713837,0.005948759,0.0109379,0.97400916,0.5385565,0.9721316
1412,sonora_256_50_1291,0.2601436,0.7062004,0.0022670664,0.009475785,0.8404889,0.26091036,0.9841201
1413,sonora_256_50_53,0.22426416,0.56009316,0.0039730486,0.0098096365,0.95169306,0.43788022,0.97815484
1414,hv_256_50_3117,0.22791035,0.6394857,0.0041099233,0.011827367,0.94659144,0.43254575,0.97736025
1415,sonora_256_50_2770,0.22750142,0.6216455,0.0039573503,0.011116314,0.9451759,0.42592007,0.9779024
1416,hv_256_50_750,0.2263109,0.5523767,0.0037585641,0.009309608,0.9483604,0.42489722,0.9789153
1417,hv_256_50_470,0.21678777,0.50154114,0.004700103,0.009773954,0.9648708,0.48636863,0.9760208
1418,hv_256_50_1325,0.20419265,0.46220323,0.0064027016,0.011186446,0.9772161,0.5580044,0.97087246
1419,hv_256_50_900,0.20592403,0.47200853,0.0061672935,0.0111067,0.9754937,0.5476986,0.97149605
1420,hv_256_50_3693,0.21043919,0.53973114,0.005262225,0.0113256695,0.9713373,0.52236664,0.9743412
1421,sonora_256_50_8,0.22441472,0.6052959,0.0040657446,0.010917733,0.9509304,0.4410102,0.9776959
1422,hv_256_50_1466,0.2050611,0.4668989,0.0063084676,0.011170192,0.97646433,0.55368257,0.97111714
1423,hv_256_50_3174,0.22037362,0.50105554,0.004320721,0.00923837,0.96122545,0.46829563,0.9773262
1424,sonora_256_50_2536,0.23035207,0.64809453,0.003902302,0.011659498,0.94125694,0.41704598,0.97802186
1425,sonora_256_50_932,0.26334313,0.7067554,0.0021551175,0.009173562,0.824703,0.24725218,0.9846341
1426,sonora_256_50_662,0.26545697,0.7278093,0.0021477072,0.009610519,0.80970997,0.2378745,0.98454964
1427,hv_256_50_1962,0.2174885,0.5073451,0.0046524727,0.009821204,0.9636704,0.48183042,0.97611976
1428,hv_256_50_325,0.23113132,0.62055707,0.0036098168,0.010424427,0.93980265,0.40552816,0.9792363
1429,hv_256_50_2810,0.21655579,0.54789436,0.004614219,0.010556573,0.96381474,0.48456,0.9762526
1430,sonora_256_50_987,0.2550794,0.7035992,0.0024644413,0.009931757,0.86396664,0.2843955,0.9833156
1431,hv_256_50_2381,0.21298014,0.4895963,0.0051201424,0.010113603,0.9687613,0.505955,0.97471434
1432,sonora_256_50_1812,0.24882868,0.6956261,0.0027878948,0.010535277,0.8902984,0.31808496,0.98201674
1433,hv_256_50_1002,0.23390709,0.65838003,0.0036563964,0.011445262,0.9333407,0.3970357,0.9788179
1434,sonora_256_50_1919,0.26200965,0.70878136,0.0022070515,0.0093659405,0.83128136,0.2529846,0.9843828
1435,sonora_256_50_3338,0.23726429,0.6681681,0.003391369,0.011151808,0.92427105,0.37583476,0.9797586
1436,hv_256_50_1945,0.20788848,0.46435693,0.005876657,0.010597253,0.97420394,0.53780425,0.9724305
1437,sonora_256_50_1065,0.24844405,0.69519097,0.0028025524,0.010560929,0.8914322,0.31962112,0.98195684
1438,hv_256_50_2283,0.20592381,0.47321737,0.0061513097,0.01110792,0.97541106,0.54710066,0.97155106
1439,hv_256_50_3166,0.21053304,0.45825845,0.0054672593,0.009971691,0.97201,0.522372,0.97375315
1440,hv_256_50_2341,0.21610023,0.4844031,0.004815037,0.009626918,0.9648295,0.48703068,0.975628
1441,sonora_256_50_486,0.22838661,0.643223,0.0040242113,0.011763411,0.944937,0.4269647,0.9776503
1442,hv_256_50_2914,0.23816879,0.6691525,0.0033667933,0.011129352,0.92264885,0.37303725,0.9798251
1443,hv_256_50_1170,0.22737879,0.63654417,0.0040762015,0.011689814,0.94665486,0.43167093,0.97749615
1444,hv_256_50_2976,0.23397677,0.65843636,0.003642024,0.011415976,0.93314254,0.39633444,0.97887975
1445,hv_256_50_2574,0.22658803,0.5453494,0.0037071053,0.00908995,0.9479978,0.4223756,0.97912973
1446,hv_256_50_457,0.2673105,0.7270526,0.0020788892,0.009404776,0.7985301,0.22964045,0.9848396
1447,hv_256_50_1949,0.2033189,0.45379493,0.0065496787,0.011180887,0.978221,0.5643028,0.9704939
1448,hv_256_50_429,0.21899159,0.5378554,0.0045478903,0.010277645,0.9600824,0.47035435,0.9762748
1449,hv_256_50_2715,0.21677037,0.5668739,0.00457705,0.010897918,0.9627247,0.48142505,0.9763091
1450,hv_256_50_1017,0.25537392,0.7017301,0.0024964723,0.0099782795,0.8651569,0.28676644,0.9831518
1451,hv_256_50_304,0.2092133,0.48026103,0.0056921137,0.010678412,0.97222406,0.52765006,0.97289443
1452,hv_256_50_729,0.2215237,0.52888906,0.0041927085,0.009552088,0.9570308,0.45462522,0.9775454
1453,hv_256_50_917,0.20636734,0.47515938,0.006102197,0.011091904,0.97502524,0.5449256,0.9716841
1454,hv_256_50_1678,0.20370433,0.45058173,0.006561877,0.01114383,0.97822315,0.56461126,0.97043216
1455,hv_256_50_697,0.212611,0.5012081,0.0051577683,0.010405579,0.96881974,0.50797164,0.97456825
1456,hv_256_50_906,0.20732634,0.4839363,0.005906893,0.011028554,0.9735807,0.5361904,0.97223175
1457,sonora_256_50_1375,0.24297011,0.67997384,0.0030814765,0.010800664,0.90891606,0.34716058,0.98084277
1458,sonora_256_50_268,0.24029246,0.673602,0.003230026,0.010950345,0.9168978,0.36144444,0.980327
1459,sonora_256_50_1046,0.22226049,0.5449484,0.0041098865,0.009737529,0.95501107,0.4481392,0.97775936
1460,hv_256_50_2186,0.21821466,0.57741237,0.00452208,0.011047882,0.96067905,0.47464854,0.97638535
1461,hv_256_50_2065,0.21657929,0.56757855,0.0045978664,0.010942276,0.96317315,0.48346305,0.9762574
1462,hv_256_50_141,0.22263727,0.5976849,0.0041550677,0.010891159,0.9539067,0.44985425,0.97748
1463,sonora_256_50_2521,0.24455391,0.6871996,0.0029974566,0.010800552,0.9041767,0.33930674,0.98118764
1464,hv_256_50_1494,0.22512954,0.60948646,0.004124977,0.011132743,0.9496754,0.43927103,0.9773859
1465,sonora_256_50_2219,0.22907722,0.64426434,0.0040015625,0.011749057,0.9439314,0.42455915,0.9777043
1466,hv_256_50_331,0.21559393,0.50260484,0.0048869243,0.010056987,0.9661423,0.49390996,0.97538996
1467,sonora_256_50_3619,0.23153,0.6514343,0.003822188,0.011601167,0.9387357,0.4105261,0.97826356
1468,hv_256_50_1782,0.21989004,0.5877173,0.0045736255,0.011380272,0.95831233,0.46904987,0.97602195
1469,hv_256_50_3302,0.21701758,0.57431585,0.0048793936,0.01155943,0.96276456,0.48716393,0.97510386
1470,hv_256_50_3041,0.2390999,0.6709415,0.0033186087,0.011072912,0.92037034,0.36859807,0.97999185
1471,hv_256_50_2535,0.21821357,0.48874646,0.004553692,0.009359267,0.96187323,0.47303757,0.9764522
1472,sonora_256_50_1928,0.24968366,0.69660234,0.002749615,0.010469259,0.88728875,0.31400004,0.98216003
1473,hv_256_50_171,0.23263448,0.6130683,0.0034907267,0.010039243,0.9373893,0.3978749,0.97967213
1474,hv_256_50_1409,0.20716716,0.47734016,0.0060365773,0.01105179,0.9744101,0.54171896,0.97185117
1475,hv_256_50_2268,0.21602973,0.48112032,0.004806353,0.009556077,0.9648234,0.48652118,0.9756665
1476,hv_256_50_183,0.25944594,0.7073114,0.0022860288,0.009553185,0.8433025,0.26336786,0.9840491
1477,sonora_256_50_1174,0.2222176,0.56476015,0.004095755,0.010096685,0.95518833,0.4500696,0.9778245
1478,hv_256_50_2095,0.2034954,0.45283943,0.0065345922,0.011145375,0.9781634,0.56385344,0.97053874
1479,hv_256_50_2845,0.2344734,0.6597988,0.0035987436,0.011363868,0.93185884,0.39310554,0.9790334
1480,sonora_256_50_3093,0.24076566,0.67510056,0.003220843,0.010970529,0.9156891,0.35959864,0.9803366
1481,sonora_256_50_224,0.22699858,0.5668282,0.0037016599,0.00948686,0.94661427,0.42014024,0.9790812
1482,hv_256_50_1415,0.23596631,0.6635614,0.003499976,0.011261953,0.92823356,0.38483793,0.9793687
1483,hv_256_50_2327,0.22323607,0.5217522,0.0039837267,0.009098827,0.9549829,0.44448286,0.97829574
1484,hv_256_50_1418,0.22936246,0.64475137,0.0039936434,0.011752462,0.94348425,0.42357123,0.9777118
1485,sonora_256_50_2298,0.23912162,0.6711647,0.0033103721,0.011062756,0.9202021,0.3681268,0.98002577
1486,hv_256_50_1397,0.21276271,0.50081545,0.0051166047,0.010330327,0.9689627,0.50768703,0.9747458
1487,sonora_256_50_497,0.23501699,0.6250383,0.0033437028,0.010022219,0.93155026,0.3843472,0.9801539
1488,sonora_256_50_1239,0.25312567,0.70053256,0.0025916127,0.0101844715,0.874082,0.29708448,0.98277134
1489,hv_256_50_1075,0.23241699,0.6544525,0.0037403605,0.0115152085,0.93653035,0.404523,0.9785493
1490,hv_256_50_2801,0.21505581,0.56194514,0.0047334814,0.011029278,0.96518445,0.4920889,0.9758632
1491,sonora_256_50_3576,0.2151287,0.5616819,0.0047493656,0.011051477,0.9651083,0.49211973,0.97579354
1492,sonora_256_50_2223,0.23552468,0.66255575,0.0035268085,0.011288287,0.92929596,0.38716,0.9792804
1493,sonora_256_50_3433,0.23214827,0.6530687,0.003780214,0.011551418,0.93748814,0.4072596,0.97841483
1494,hv_256_50_222,0.20806855,0.48310417,0.0058463677,0.010937389,0.97310513,0.5335301,0.9724036
1495,hv_256_50_3518,0.21284318,0.5552869,0.0053061037,0.011760145,0.96867853,0.51348174,0.9739183
1496,sonora_256_50_3310,0.22263412,0.598576,0.0043302043,0.011223798,0.95416117,0.45393887,0.9767741
1497,hv_256_50_1727,0.21935649,0.51226145,0.004381619,0.009521042,0.9610334,0.46905982,0.97702575
1498,sonora_256_50_115,0.26366988,0.72646886,0.002169859,0.009651492,0.81713253,0.24254738,0.98446125
1499,hv_256_50_1893,0.21722041,0.5116957,0.004730685,0.010021269,0.9638143,0.4839461,0.97583085
1500,sonora_256_50_1244,0.2240146,0.5304083,0.003909214,0.009140706,0.9530088,0.43808174,0.9785064
1501,sonora_256_50_1067,0.23334633,0.65634036,0.0036902244,0.011459346,0.9347197,0.4002282,0.97871566
1502,hv_256_50_342,0.21646483,0.46500695,0.0047069737,0.009139898,0.96536934,0.48592383,0.97611564
1503,hv_256_50_2377,0.22209585,0.59641653,0.0043570315,0.011219517,0.95484835,0.4560351,0.9767039
1504,sonora_256_50_2801,0.26614735,0.72820157,0.0020927596,0.009457244,0.802939,0.23216376,0.98481303
1505,hv_256_50_2174,0.21281247,0.48923206,0.0052083153,0.010228419,0.9680407,0.5048512,0.9743401
1506,hv_256_50_1241,0.22414213,0.53298676,0.0039242175,0.009211946,0.95278394,0.43808675,0.9784345
1507,sonora_256_50_3282,0.26042643,0.70607126,0.002264738,0.009466311,0.83968604,0.26037043,0.9841256
1508,sonora_256_50_1160,0.23990668,0.6710865,0.0032603883,0.0109621715,0.91838896,0.36450148,0.9802131
1509,hv_256_50_1087,0.23927706,0.6722852,0.0032690912,0.0110008735,0.91911167,0.36532024,0.9801895
1510,hv_256_50_2850,0.2225602,0.5987533,0.00431712,0.011204466,0.95413697,0.45354262,0.97682875
1511,hv_256_50_1127,0.21489115,0.4917479,0.004949409,0.0099242665,0.9671053,0.49784994,0.9752377
1512,hv_256_50_3094,0.21827593,0.5809243,0.0047570686,0.011515306,0.9611511,0.4804929,0.9754689
1513,sonora_256_50_2799,0.27629614,0.7238664,0.001743041,0.008336208,0.7304758,0.18796238,0.98639095
1514,sonora_256_50_1141,0.23235522,0.65405375,0.0037555264,0.011531579,0.93682456,0.40543962,0.978496
1515,hv_256_50_3540,0.2368322,0.66660756,0.0034510545,0.011237385,0.92599785,0.38013107,0.97952783
1516,sonora_256_50_1356,0.24596982,0.69018817,0.002919434,0.0107005155,0.8994876,0.33180317,0.9814834
1517,hv_256_50_2336,0.22232518,0.51849645,0.004049479,0.009137674,0.95641917,0.44938055,0.97810054
1518,hv_256_50_412,0.21648312,0.486205,0.0047681504,0.009603478,0.9642361,0.4841594,0.9757676
1519,hv_256_50_3692,0.21067211,0.5401341,0.0052426974,0.011308692,0.97104204,0.52089584,0.97439045
1520,hv_256_50_3354,0.21418157,0.55768216,0.004838526,0.011101657,0.9663747,0.49778014,0.9755372
1521,hv_256_50_3006,0.22062176,0.5115249,0.00423702,0.009289321,0.9594474,0.46148077,0.9775137
1522,sonora_256_50_170,0.23374502,0.6568175,0.0036650107,0.011421149,0.9339883,0.39844412,0.9788061
1523,hv_256_50_2452,0.20391183,0.45868272,0.0064388933,0.011157909,0.9775735,0.55994034,0.97079414
1524,sonora_256_50_688,0.26471004,0.72746,0.0021824972,0.009700925,0.8148046,0.2419743,0.9843919
1525,sonora_256_50_960,0.24991745,0.6957961,0.0027425024,0.010435293,0.88700175,0.31360123,0.9821936
1526,sonora_256_50_495,0.22406024,0.55630237,0.0039548026,0.009707046,0.9518494,0.43753445,0.97824335
1527,hv_256_50_629,0.22149394,0.5452403,0.0042262045,0.009922576,0.95646924,0.45458955,0.9773666
1528,hv_256_50_3505,0.21979818,0.48345235,0.0043245195,0.0089478735,0.9597429,0.4620004,0.97724324
1529,sonora_256_50_2838,0.2285263,0.6431988,0.004042629,0.01179715,0.9449087,0.427405,0.97756976
1530,hv_256_50_3413,0.22280496,0.5999244,0.004306749,0.01121489,0.9537421,0.4523784,0.976848
1531,sonora_256_50_1571,0.26412508,0.71200526,0.0021447865,0.009252155,0.82005626,0.24408734,0.98465747
1532,hv_256_50_1371,0.22076772,0.5908503,0.0044915024,0.011320358,0.95703906,0.46423358,0.97627425
1533,hv_256_50_2893,0.21773627,0.47404355,0.0045531434,0.009093914,0.9632084,0.476515,0.97656256
1534,sonora_256_50_1890,0.23201099,0.6538614,0.0037761524,0.011562917,0.9374388,0.40696198,0.97842956
1535,sonora_256_50_3438,0.21995032,0.5866866,0.004578341,0.011364222,0.9583963,0.46945322,0.9760114
