,patch_id,af1,Qal,Qaf,Qat,Qc,Qca,Qr
0,256_50_1781,0.23659937,0.9138685,0.020605924,0.10800035,0.9164321,0.5423045,0.8918901
1,256_50_14066,0.35095543,0.8748167,0.011633504,0.06800005,0.47091064,0.24866562,0.9093346
2,256_50_14962,0.33736527,0.80497783,0.013917185,0.05374031,0.74199146,0.39103675,0.91367376
3,256_50_11340,0.42346534,0.60709214,0.0013901613,0.007522779,0.06341045,0.036640245,0.9833174
4,256_50_6211,0.21921538,0.5377977,0.0045224256,0.010246711,0.9602583,0.47101778,0.9763791
5,256_50_5018,0.2963023,0.79182094,0.0029639262,0.01741056,0.65222776,0.20074618,0.9746722
6,256_50_15972,0.21661785,0.521229,0.0047733486,0.010272664,0.9633521,0.48323974,0.97564006
7,256_50_10700,0.37597007,0.84951884,0.0097560035,0.056429997,0.34747294,0.19735879,0.9167611
8,256_50_16698,0.5377327,0.459616,0.00399032,0.013807463,0.047117766,0.055660855,0.95858705
9,256_50_2598,0.3310447,0.88806933,0.013500562,0.07774485,0.57297254,0.29624885,0.9019097
10,256_50_23226,0.29418838,0.7039086,0.0013058572,0.0066682864,0.58661914,0.13138588,0.9885479
11,256_50_2982,0.24330479,0.6778164,0.0030121142,0.010620712,0.90757394,0.3438672,0.98113614
12,256_50_6810,0.3402739,0.82830423,0.01489166,0.061923727,0.7014674,0.37353185,0.9055078
13,256_50_12204,0.53964853,0.42943284,0.003786524,0.012459189,0.05100797,0.056801584,0.9608375
14,256_50_6959,0.3103795,0.88364285,0.021889234,0.097853735,0.78354806,0.4477945,0.87456065
15,256_50_987,0.30962202,0.6873663,0.0019717042,0.009281407,0.62889975,0.17535175,0.98345065
16,256_50_16276,0.28866407,0.7129053,0.0014178912,0.0071607945,0.6280508,0.14527144,0.98795134
17,256_50_16273,0.29814684,0.7086105,0.0012370122,0.006548546,0.5359821,0.11774043,0.9888278
18,256_50_11296,0.1651591,0.807882,0.039867513,0.10155301,0.985201,0.729561,0.8390629
19,256_50_5799,0.20233528,0.54650515,0.008449837,0.016204607,0.9773775,0.58891356,0.9619215
20,256_50_10381,0.5373078,0.46030423,0.0040037087,0.013852329,0.047798123,0.056170557,0.9585021
21,256_50_12127,0.22490221,0.59338933,0.0038512836,0.010271419,0.94798034,0.42698893,0.9784894
22,256_50_23063,0.27810708,0.7221142,0.001676047,0.008107362,0.7152633,0.1801549,0.9866834
23,256_50_22164,0.27315077,0.72638535,0.0018086471,0.008603964,0.74938834,0.19727735,0.98606575
24,256_50_11571,0.34119308,0.84688854,0.014872952,0.067084126,0.6571147,0.34855664,0.90215987
25,256_50_2151,0.16801742,0.6339092,0.02734876,0.049205367,0.9894874,0.73446363,0.8915041
26,256_50_16810,0.47912255,0.4941655,0.00452636,0.014085707,0.18497656,0.11780474,0.95969397
27,256_50_13832,0.26084214,0.70591444,0.0021702049,0.009253405,0.8326176,0.25219592,0.9845636
28,256_50_3790,0.3426139,0.72434366,0.001596971,0.00973222,0.26283994,0.08232737,0.9828712
29,256_50_14578,0.31820214,0.8179072,0.013094112,0.05129324,0.7813761,0.4050203,0.9215101
30,256_50_14417,0.29935864,0.8208089,0.020571405,0.07071576,0.87020254,0.5171463,0.8914198
31,256_50_13695,0.22451931,0.76095986,0.008548234,0.02839878,0.9470078,0.5118711,0.95663935
32,256_50_14302,0.33797896,0.8581314,0.016150048,0.074236006,0.66870314,0.35996842,0.89560616
33,256_50_19207,0.3011871,0.78695965,0.0024481565,0.014071895,0.53710276,0.15551285,0.97846895
34,256_50_3127,0.15523545,0.61654556,0.03111021,0.052512467,0.99282116,0.7627846,0.8824737
35,256_50_5422,0.17886089,0.78128517,0.025536906,0.059947677,0.981489,0.6964527,0.90283173
36,256_50_14635,0.42250395,0.61437947,0.0014089422,0.007729018,0.067483574,0.037696976,0.98322874
37,256_50_16695,0.23788966,0.8451679,0.009350968,0.042290814,0.9216535,0.47870815,0.94857466
38,256_50_13060,0.52660364,0.48839772,0.00418715,0.014939175,0.054367762,0.060836185,0.9565037
39,256_50_3225,0.34895793,0.698996,0.0015242079,0.009466431,0.26873723,0.0813607,0.9832987
40,256_50_16469,0.45955732,0.579512,0.00529247,0.018397031,0.21391827,0.13329116,0.9538052
41,256_50_4149,0.2960307,0.88037246,0.024785934,0.10159067,0.8503785,0.51043624,0.86950153
42,256_50_16411,0.27178338,0.72147447,0.0019258345,0.008874668,0.7723553,0.2121743,0.9854756
43,256_50_7179,0.16894095,0.6526597,0.021578718,0.04206791,0.9882544,0.7126695,0.9117862
44,256_50_15396,0.38520998,0.7013849,0.008773334,0.03110814,0.5457549,0.2716224,0.9368473
45,256_50_6732,0.48923784,0.46897858,0.0023682364,0.00852329,0.07715269,0.05544889,0.9754955
46,256_50_16493,0.36899844,0.8023298,0.011170966,0.04876934,0.54329425,0.2821603,0.9196608
47,256_50_6095,0.18527265,0.53555703,0.015500242,0.02619905,0.9855145,0.67505,0.9346053
48,256_50_1020,0.18268384,0.64183867,0.01920568,0.037025996,0.9853602,0.6960598,0.9221624
49,256_50_6817,0.19451077,0.8600086,0.022992067,0.079250135,0.9714779,0.6553053,0.8997869
50,256_50_13395,0.26260275,0.8656898,0.009741752,0.04788919,0.86690646,0.41554275,0.9411008
51,256_50_5979,0.17149937,0.67524433,0.028580798,0.054033432,0.9875546,0.7295512,0.89085066
52,256_50_3936,0.2927367,0.7058964,0.0013798553,0.006936615,0.60804147,0.13950524,0.98812336
53,256_50_1652,0.24201101,0.84147334,0.009368578,0.040956553,0.91627175,0.47489434,0.94764197
54,256_50_1194,0.28449178,0.71182007,0.0015178439,0.0074485103,0.6723003,0.16118787,0.98747814
55,256_50_21727,0.27812344,0.7244409,0.0016198655,0.007977644,0.70370567,0.17356785,0.98699236
56,256_50_11794,0.5390622,0.42066172,0.003792526,0.0121848835,0.053696807,0.058402397,0.96107304
57,256_50_16700,0.41959324,0.69364667,0.007418205,0.02914448,0.33016828,0.186614,0.93888575
58,256_50_4923,0.21572144,0.51439905,0.0048858924,0.010310787,0.9646198,0.48894134,0.97527677
59,256_50_12804,0.46008837,0.688716,0.005408618,0.026302783,0.10673907,0.0903561,0.9433775
60,256_50_10657,0.45260873,0.58871853,0.0056754705,0.019466735,0.24682197,0.14767867,0.95175266
61,256_50_6192,0.2492864,0.7445395,0.004621123,0.017950693,0.90718555,0.3951253,0.97145915
62,256_50_6112,0.19059469,0.7221846,0.022502871,0.05139025,0.9796943,0.6806012,0.90435433
63,256_50_19518,0.24371375,0.7622222,0.009081598,0.03440102,0.9231409,0.4707102,0.9443168
64,256_50_6986,0.38899162,0.6000828,0.00080561906,0.0046169553,0.08567587,0.031828772,0.99033785
65,256_50_10980,0.37858912,0.8485886,0.0096575795,0.056078788,0.33092576,0.19171387,0.9169478
66,256_50_10505,0.5154064,0.43823195,0.003835319,0.012041588,0.091222666,0.07661904,0.9624703
67,256_50_6746,0.51004356,0.43628624,0.00399444,0.012171374,0.1077219,0.08492325,0.9618796
68,256_50_3814,0.25329202,0.72718,0.004991071,0.018616157,0.91328543,0.4123655,0.97026694
69,256_50_10949,0.53952193,0.44367146,0.0039067306,0.01311753,0.048507478,0.056165043,0.95967454
70,256_50_17254,0.50145787,0.47932088,0.0041472004,0.013468186,0.11455233,0.08884744,0.96065253
71,256_50_3043,0.32780606,0.89479595,0.014885281,0.08541532,0.60277605,0.31524038,0.89479613
72,256_50_19921,0.403455,0.62313837,0.0012617643,0.0072197267,0.087008245,0.041378014,0.98483366
73,256_50_20998,0.28649464,0.716062,0.0014096805,0.007186824,0.63396823,0.14591904,0.9880212
74,256_50_21058,0.27673513,0.7233417,0.0017359266,0.008306071,0.7281875,0.18696801,0.98642075
75,256_50_21038,0.33006838,0.66987664,0.0009094727,0.005105708,0.2969468,0.067299426,0.9905426
76,256_50_18210,0.2729896,0.72553754,0.0018496062,0.008691921,0.7562174,0.20185706,0.98589313
77,256_50_2879,0.28200212,0.8710884,0.026181363,0.09844741,0.89444196,0.55825084,0.8705761
78,256_50_9661,0.5339644,0.40833014,0.0024494356,0.008409466,0.03109313,0.03574951,0.9736468
79,256_50_9378,0.2727994,0.8217466,0.0032712095,0.018935084,0.7119019,0.22836167,0.97466046
80,256_50_16893,0.1920375,0.6321172,0.017213851,0.036271904,0.9779388,0.6457322,0.91993415
81,256_50_3082,0.38369343,0.60654885,0.00082529365,0.0046770717,0.0990007,0.03506506,0.99028766
82,256_50_21110,0.24585904,0.71092886,0.007354608,0.024441725,0.9329014,0.47486377,0.9575571
83,256_50_1017,0.18134366,0.61015254,0.01830338,0.033087656,0.98639673,0.69671637,0.92794436
84,256_50_4276,0.15942404,0.67369014,0.033142865,0.06125906,0.99116606,0.7571123,0.8735018
85,256_50_19273,0.30785292,0.76706505,0.0029507086,0.015672129,0.57351935,0.18543956,0.9754955
86,256_50_15316,0.49851775,0.55758184,0.004691262,0.017814891,0.087080754,0.07986574,0.95328796
87,256_50_5772,0.243556,0.8063312,0.0060315584,0.02644829,0.9121696,0.42176017,0.9639359
88,256_50_21889,0.22390746,0.677573,0.007452759,0.02147733,0.95505816,0.5194121,0.96125233
89,256_50_9427,0.44593984,0.68361473,0.0064176377,0.027409136,0.1879674,0.13002193,0.94098234
90,256_50_18944,0.3957125,0.5949359,0.00079336466,0.004560837,0.07096779,0.028418293,0.99039114
91,256_50_2531,0.4737668,0.48990247,0.0043628523,0.013432796,0.19803028,0.120127596,0.9612357
92,256_50_13547,0.22942933,0.63203865,0.0038303763,0.011158815,0.94245213,0.41680056,0.9782946
93,256_50_6097,0.1719402,0.6150297,0.022112949,0.03801784,0.98907554,0.7230259,0.9160738
94,256_50_10576,0.16597953,0.5112603,0.020113943,0.029627262,0.9920494,0.73429877,0.9254309
95,256_50_2866,0.17211005,0.68643975,0.02573285,0.04903095,0.9872931,0.7203852,0.90228987
96,256_50_6861,0.33633974,0.74449646,0.0015946021,0.010215783,0.2818518,0.0836755,0.98270196
97,256_50_7085,0.21112226,0.6218601,0.012036654,0.02640439,0.9736397,0.6191591,0.9449083
98,256_50_15244,0.3644233,0.8199442,0.012232434,0.05498443,0.5496318,0.29027343,0.9130608
99,256_50_3085,0.3146202,0.7311312,0.0022021793,0.011496806,0.5347668,0.15448494,0.9807916
100,256_50_22895,0.29614416,0.708068,0.0012267184,0.006497002,0.5473563,0.11927778,0.9889318
101,256_50_8763,0.38943872,0.8336353,0.008639949,0.049771573,0.29315948,0.17309055,0.9228689
102,256_50_20204,0.35053018,0.6487802,0.0008142515,0.004751848,0.18258466,0.047805924,0.99086964
103,256_50_19588,0.17047751,0.57132125,0.02317701,0.038164314,0.9884532,0.71354413,0.9067241
104,256_50_19421,0.24106392,0.84049684,0.01070106,0.047627565,0.9187,0.48265925,0.9387754
105,256_50_463,0.39500636,0.81664294,0.008125816,0.044980556,0.28436914,0.16806129,0.92691565
106,256_50_2686,0.29470763,0.7611197,0.0033973742,0.016113356,0.71023196,0.2415742,0.97458345
107,256_50_5016,0.24173571,0.655754,0.005964763,0.017554985,0.9401757,0.46832246,0.9673712
108,256_50_13022,0.3797799,0.617432,0.0009880404,0.0055374857,0.12755387,0.04505023,0.98866665
109,256_50_8879,0.1538865,0.7982103,0.048252635,0.11069341,0.9889299,0.7626053,0.8199819
110,256_50_19297,0.50056183,0.45076662,0.0034080385,0.010933429,0.10261624,0.07723796,0.966785
111,256_50_3545,0.1654042,0.6817245,0.034518432,0.0657339,0.98830587,0.7367942,0.8639923
112,256_50_9960,0.40308294,0.68024343,0.008137515,0.028753236,0.46919024,0.2398634,0.9391936
113,256_50_9539,0.48038206,0.4790177,0.0041461946,0.0128182685,0.17324063,0.10967414,0.96239996
114,256_50_5376,0.19930163,0.5161014,0.011073335,0.019076513,0.98053414,0.6262747,0.9525233
115,256_50_19688,0.348677,0.643066,0.0021331403,0.009785457,0.48644027,0.14921007,0.980699
116,256_50_21659,0.27899137,0.7226392,0.0016320213,0.007981815,0.70327264,0.17426126,0.98692524
117,256_50_2966,0.23263188,0.6298997,0.003763838,0.011004616,0.9391213,0.4104646,0.97847635
118,256_50_6561,0.33069482,0.6689399,0.0009037029,0.005079678,0.29256552,0.066480905,0.99057686
119,256_50_5229,0.44719863,0.6026431,0.004810042,0.017806733,0.22244908,0.12992802,0.9570704
120,256_50_9105,0.5066915,0.43569565,0.0036331532,0.011249318,0.10439899,0.08007778,0.96494997
121,256_50_18423,0.28282225,0.7195019,0.0015728747,0.007740741,0.6791239,0.164904,0.987187
122,256_50_20055,0.32049534,0.6820545,0.0010467756,0.0056875623,0.37889382,0.08473026,0.98969287
123,256_50_3406,0.23475233,0.82491076,0.012921356,0.050600063,0.93920964,0.5379359,0.9310845
124,256_50_19367,0.44157746,0.63367075,0.0017284243,0.009495732,0.046940964,0.034837842,0.97974855
125,256_50_7674,0.24810633,0.7532624,0.005931173,0.022501035,0.92174166,0.4407614,0.9653725
126,256_50_16390,0.33294097,0.73609877,0.003020731,0.015968245,0.5224298,0.17555703,0.9730724
127,256_50_4955,0.20210083,0.7201199,0.013537401,0.034141272,0.974109,0.62723005,0.93997633
128,256_50_20438,0.28678983,0.7170121,0.0014624783,0.007353107,0.64159095,0.15017869,0.9877437
129,256_50_4602,0.37446374,0.62132233,0.000791561,0.004582948,0.111213565,0.036048125,0.99074054
130,256_50_21387,0.30444375,0.7001246,0.0011212511,0.006056265,0.47841594,0.10267966,0.98947924
131,256_50_8799,0.25520256,0.8568484,0.006457121,0.034189466,0.8435998,0.35305226,0.9585665
132,256_50_10772,0.3316927,0.76169467,0.0022271972,0.014052993,0.35769588,0.114539735,0.97729766
133,256_50_1006,0.20896497,0.6495882,0.010377153,0.023958314,0.9697187,0.5857919,0.95209897
134,256_50_3311,0.14713843,0.66211075,0.04200413,0.07442498,0.9937337,0.78404844,0.8463086
135,256_50_23245,0.2781876,0.7221392,0.0016562412,0.008056635,0.7111838,0.17797463,0.9867893
136,256_50_2745,0.18592349,0.7812416,0.018593041,0.049311697,0.98001224,0.6732472,0.9234632
137,256_50_10378,0.48649794,0.5507295,0.0048805675,0.017331399,0.12830657,0.099410236,0.9542302
138,256_50_14760,0.36380738,0.8683192,0.010776848,0.06444943,0.3936322,0.21728964,0.91108435
139,256_50_12556,0.21278894,0.8659371,0.014501098,0.058200568,0.9569011,0.5783772,0.9319898
140,256_50_12049,0.517945,0.41297412,0.0037694366,0.011240723,0.09475194,0.077515505,0.96367943
141,256_50_20839,0.29514354,0.7765902,0.0026570053,0.014652382,0.59334415,0.17813803,0.9778612
142,256_50_1903,0.15929173,0.73905903,0.03744246,0.07509575,0.9896881,0.7563358,0.86444235
143,256_50_23123,0.22264335,0.5669415,0.004183833,0.010293605,0.9526251,0.444458,0.9772792
144,256_50_4232,0.1958508,0.5632443,0.010287325,0.01967455,0.9799676,0.6199096,0.9565522
145,256_50_19280,0.3736202,0.68967366,0.0015126956,0.00973352,0.16247633,0.061810263,0.98201615
146,256_50_4384,0.22850311,0.59258664,0.0069093616,0.016029516,0.95302576,0.503587,0.9652753
147,256_50_2749,0.15595864,0.7256208,0.03695789,0.069615856,0.9912431,0.76585746,0.871247
148,256_50_16067,0.25634897,0.70331407,0.0024362842,0.009859353,0.8596875,0.28035617,0.9834041
149,256_50_274,0.27621928,0.75658166,0.003952179,0.017192535,0.81729054,0.3075387,0.9733011
150,256_50_15127,0.22935857,0.8811328,0.011308388,0.055841338,0.9220672,0.49004117,0.9382612
151,256_50_14821,0.3390022,0.8467626,0.0066517754,0.03911643,0.4749474,0.20485568,0.94442725
152,256_50_492,0.23126335,0.7324513,0.0031263018,0.01235687,0.91430646,0.35020566,0.9811792
153,256_50_13182,0.5200625,0.45796898,0.0039600334,0.013007891,0.07763324,0.07162537,0.9608214
154,256_50_1815,0.41515043,0.5629527,0.0008383072,0.004648632,0.051160228,0.025145665,0.98979706
155,256_50_18873,0.36005712,0.63529634,0.0007927348,0.004599287,0.1506329,0.042533435,0.99095446
156,256_50_2004,0.23032749,0.614637,0.0038803492,0.010867294,0.9435978,0.4215058,0.9781366
157,256_50_16789,0.546676,0.41081494,0.0037640512,0.012085363,0.045563884,0.053547524,0.96087945
158,256_50_6062,0.18566963,0.5159883,0.014061108,0.023640167,0.9856624,0.6671338,0.9408827
159,256_50_16129,0.1803223,0.5619576,0.01589461,0.026783299,0.98724234,0.68655896,0.93709767
160,256_50_5954,0.21824336,0.51067525,0.008147569,0.015587569,0.97036,0.562925,0.9617557
161,256_50_14586,0.3802219,0.8251193,0.009869828,0.05083359,0.3926468,0.21598534,0.91976124
162,256_50_7675,0.22242102,0.7610282,0.009950741,0.03154661,0.9577694,0.55309874,0.9512733
163,256_50_22819,0.26949388,0.7255218,0.0020029482,0.009173011,0.78487206,0.22048849,0.98515075
164,256_50_3534,0.2855069,0.72740847,0.0022922112,0.010884078,0.7264648,0.2141977,0.9823517
165,256_50_12383,0.41636205,0.79912037,0.006996378,0.039983068,0.18297186,0.12687533,0.93186337
166,256_50_150,0.2419092,0.79713404,0.0068400744,0.028334167,0.9232127,0.45421043,0.96135294
167,256_50_15413,0.46799004,0.5357767,0.004839979,0.015786251,0.20960683,0.1287226,0.9579906
168,256_50_3319,0.31933397,0.89628834,0.014975806,0.08533626,0.6306414,0.32757875,0.89646715
169,256_50_9901,0.17108586,0.65492845,0.02711509,0.051329717,0.98803747,0.72931033,0.8929351
170,256_50_18745,0.40743864,0.64739877,0.0014886375,0.009009625,0.08397493,0.04378805,0.981557
171,256_50_21713,0.27309695,0.7279615,0.0017349354,0.008396207,0.73895794,0.18994987,0.98647493
172,256_50_21235,0.32013544,0.67963755,0.000986667,0.0054077306,0.36975768,0.080707476,0.99016845
173,256_50_340,0.17911713,0.80128944,0.031428326,0.08088384,0.9815408,0.710514,0.87204057
174,256_50_14826,0.3284486,0.83118606,0.016850237,0.06654491,0.7664972,0.42123073,0.8998631
175,256_50_2013,0.3682235,0.73903453,0.0103378715,0.03766621,0.6200234,0.311405,0.92911184
176,256_50_20422,0.3880937,0.6940439,0.0020170624,0.012292076,0.1564464,0.07009554,0.9768132
177,256_50_1409,0.29751354,0.7234246,0.0017058152,0.009135502,0.6190078,0.15786241,0.9851952
178,256_50_5955,0.20745957,0.6863891,0.005986958,0.016802331,0.96260095,0.50469905,0.9698795
179,256_50_2093,0.3497108,0.64928985,0.0008493058,0.0048662554,0.19621511,0.051177707,0.99062306
180,256_50_21795,0.27248856,0.72570235,0.0018566138,0.008722884,0.7585807,0.20306982,0.9858627
181,256_50_14825,0.45545912,0.5505701,0.005186912,0.016719412,0.25908583,0.14783159,0.9564689
182,256_50_13273,0.26307723,0.6571077,0.004880417,0.015567264,0.9122535,0.41245586,0.970543
183,256_50_17292,0.46502772,0.55192554,0.0028153157,0.0109636085,0.101424426,0.068656094,0.9722314
184,256_50_21754,0.34541818,0.6707947,0.0009196027,0.0054236883,0.18059239,0.051092457,0.9897739
185,256_50_6773,0.27128294,0.78262544,0.0039068195,0.018354023,0.81858045,0.30269626,0.973153
186,256_50_9528,0.5096255,0.4365036,0.0040453174,0.012277056,0.11051933,0.08647973,0.96152484
187,256_50_1010,0.20515084,0.58663595,0.010500069,0.021251671,0.9757958,0.6054772,0.95285386
188,256_50_12015,0.40193844,0.69977593,0.008249167,0.03067296,0.44424173,0.23141743,0.93684983
189,256_50_10564,0.34174415,0.8773364,0.0135399485,0.07453174,0.5604029,0.29344243,0.9007672
190,256_50_22757,0.27390823,0.7270808,0.0017143363,0.008322465,0.733458,0.18728562,0.98656195
191,256_50_14024,0.5271012,0.44617435,0.0039171246,0.012820924,0.06789865,0.06666933,0.9605827
192,256_50_17081,0.5128019,0.47369823,0.0041618054,0.013682377,0.08998347,0.078905225,0.95968395
193,256_50_11925,0.54880667,0.4293089,0.0038517283,0.012885673,0.03971059,0.05042273,0.9596396
194,256_50_7822,0.3929554,0.6654593,0.0015042007,0.009070376,0.11439473,0.051274214,0.9819787
195,256_50_14928,0.16780005,0.56823045,0.020488804,0.03312487,0.9906356,0.7263358,0.9227518
196,256_50_14616,0.45545706,0.7141019,0.0054250904,0.027932081,0.10694043,0.09009104,0.9425968
197,256_50_16125,0.17087531,0.7548016,0.026347179,0.0598665,0.9863999,0.7246183,0.8969918
198,256_50_4058,0.39991197,0.6277322,0.0012448593,0.0073082,0.08994732,0.042057496,0.9850493
199,256_50_7749,0.5497975,0.4602746,0.0040883264,0.014665653,0.03225553,0.04604521,0.9558348
200,256_50_22953,0.28126714,0.7205739,0.0015255422,0.007618517,0.6783575,0.162259,0.98744696
201,256_50_7231,0.19543445,0.66120356,0.015308179,0.033033583,0.9793256,0.6557995,0.93404984
202,256_50_2137,0.53041613,0.43333122,0.0038973445,0.01250672,0.064566284,0.06491684,0.9606711
203,256_50_15944,0.5213857,0.4545391,0.0039119315,0.012853174,0.07505163,0.070036456,0.96100295
204,256_50_12330,0.5046901,0.43879604,0.0038377559,0.011763005,0.11528731,0.086308375,0.96345544
205,256_50_13263,0.23594141,0.64988375,0.0033150434,0.01043746,0.9266044,0.37869552,0.98042977
206,256_50_6798,0.23108418,0.65202236,0.0038289481,0.0116187595,0.939156,0.41118726,0.9782562
207,256_50_16777,0.5309183,0.43089327,0.0038722132,0.012394882,0.06488092,0.06487264,0.96094614
208,256_50_4767,0.3313388,0.72634816,0.0020001384,0.011029625,0.40534487,0.12107807,0.9806982
209,256_50_13685,0.2242943,0.5567117,0.0039901324,0.009777526,0.9519986,0.43896356,0.9780887
210,256_50_22042,0.22693597,0.62058634,0.0039818804,0.011132491,0.9461046,0.42829067,0.9778422
211,256_50_1474,0.16610545,0.7481347,0.030073,0.06333883,0.9875174,0.7321438,0.88950926
212,256_50_19254,0.22024086,0.59811515,0.008826652,0.020063542,0.96305436,0.5482689,0.95613575
213,256_50_10836,0.37920657,0.84898543,0.009647489,0.056242015,0.3250868,0.18975265,0.91678864
214,256_50_1869,0.1745347,0.5574046,0.019835718,0.03222052,0.9889732,0.71107066,0.9220613
215,256_50_75,0.16297798,0.78783303,0.035911925,0.08441157,0.98722816,0.73723286,0.8617657
216,256_50_6906,0.18886362,0.72060883,0.016930081,0.0403352,0.97943854,0.6611328,0.9279219
217,256_50_19519,0.18700169,0.5643081,0.014743728,0.026516993,0.9847787,0.6725317,0.9382035
218,256_50_11101,0.34125748,0.77515185,0.0024127122,0.014862259,0.32577562,0.109442584,0.9760367
219,256_50_893,0.36941803,0.8538512,0.010298765,0.058710597,0.39724943,0.21749553,0.9147308
220,256_50_7921,0.35427862,0.86564934,0.012584938,0.06845065,0.5019541,0.26728922,0.90477073
221,256_50_17938,0.26742595,0.7280643,0.0020387967,0.009300734,0.79421407,0.22576492,0.98504806
222,256_50_5313,0.38248193,0.69725955,0.0020002192,0.012107896,0.16963507,0.073161505,0.9770394
223,256_50_8757,0.21716876,0.78402007,0.011790998,0.037132844,0.9598739,0.576239,0.94586605
224,256_50_20930,0.28259695,0.7193153,0.001544202,0.0076575982,0.6751345,0.16256045,0.9873301
225,256_50_14878,0.3308982,0.84549695,0.016559085,0.070268564,0.72954994,0.3958043,0.897999
226,256_50_4878,0.26797992,0.8453342,0.007657482,0.03777143,0.8465958,0.3819798,0.95234036
227,256_50_11147,0.17409275,0.67853004,0.01920064,0.038585708,0.9872322,0.7050228,0.9268221
228,256_50_22361,0.22329669,0.5344839,0.0039883195,0.009346467,0.9537308,0.44173902,0.9782016
229,256_50_17136,0.18360552,0.8187035,0.023297422,0.0669524,0.97965,0.689756,0.9037676
230,256_50_13253,0.17571492,0.554822,0.018795531,0.03026982,0.98885673,0.70850015,0.9276349
231,256_50_10264,0.5253902,0.50992954,0.004357085,0.016182097,0.051452186,0.059698984,0.95437634
232,256_50_23197,0.22447324,0.5840013,0.003928583,0.0102035,0.9500656,0.4337053,0.97826594
233,256_50_7220,0.17346653,0.729453,0.028226014,0.060437173,0.9850181,0.7180075,0.8873245
234,256_50_11791,0.5526305,0.4113642,0.0037745438,0.012328986,0.03870221,0.04929881,0.9602384
235,256_50_15073,0.20196238,0.48443195,0.012625775,0.020476798,0.9814757,0.6434061,0.9461953
236,256_50_20274,0.35743365,0.63982666,0.00080749136,0.0047197687,0.15829356,0.044111658,0.9907845
237,256_50_5325,0.34236002,0.6559406,0.00087645126,0.00493409,0.23611952,0.057798132,0.9905951
238,256_50_9294,0.3588764,0.8701658,0.011236616,0.065469064,0.43035156,0.23424776,0.91012603
239,256_50_1756,0.34855503,0.8786488,0.012071623,0.0711328,0.48133704,0.2538023,0.9054606
240,256_50_10583,0.15556912,0.6293265,0.028604679,0.048299577,0.9920699,0.7574745,0.8942456
241,256_50_17105,0.33152232,0.6692058,0.0008889993,0.005027448,0.28232402,0.06445686,0.9906889
242,256_50_1630,0.21235651,0.873606,0.02378812,0.086850695,0.964223,0.6507917,0.89777976
243,256_50_18381,0.37399018,0.70508075,0.0016097495,0.009964505,0.15010688,0.06060176,0.9820889
244,256_50_1908,0.26310787,0.7129204,0.0021289254,0.009222985,0.82032436,0.24328096,0.98476267
245,256_50_9781,0.39119235,0.6000778,0.0007895703,0.0045456868,0.07727924,0.029661546,0.99050015
246,256_50_14958,0.26411822,0.7145113,0.0021734568,0.009398581,0.82124555,0.24590994,0.9844887
247,256_50_17634,0.5048995,0.44464225,0.0040416,0.012344557,0.11786613,0.08928822,0.961777
248,256_50_12797,0.35579944,0.8705924,0.011728787,0.06766699,0.45848507,0.24563804,0.9072343
249,256_50_7192,0.47934783,0.51961994,0.0034483727,0.012240111,0.12153302,0.08382435,0.9668787
250,256_50_10234,0.49769774,0.46097037,0.004000172,0.012515662,0.12599425,0.091905534,0.96227056
251,256_50_6763,0.4733152,0.5268594,0.0047815805,0.015517672,0.194364,0.123278245,0.95802534
252,256_50_17399,0.51975805,0.47066724,0.004098173,0.013715081,0.07555926,0.07170563,0.9594741
253,256_50_23153,0.29061595,0.70978796,0.0013933716,0.007054807,0.61574703,0.14161025,0.9880449
254,256_50_8172,0.41771793,0.7167942,0.0076465034,0.031844426,0.31043306,0.18065332,0.9359219
255,256_50_3356,0.41407272,0.57013327,0.00093444425,0.004943776,0.055918418,0.028639957,0.98903507
256,256_50_15507,0.22356918,0.60176116,0.0040206406,0.0107467845,0.95207673,0.44264472,0.97794276
257,256_50_12781,0.5659226,0.4313208,0.0039683627,0.014014211,0.022859437,0.038141213,0.9562919
258,256_50_20215,0.1734104,0.6727043,0.022324033,0.044011258,0.9872273,0.71468145,0.91236186
259,256_50_3270,0.23422135,0.63533044,0.0037474616,0.011233031,0.9359814,0.4048899,0.97824806
260,256_50_19362,0.39302817,0.63123506,0.0012847688,0.0072420007,0.11426077,0.047644246,0.98495275
261,256_50_12269,0.1739392,0.59998614,0.024173016,0.0414015,0.98824036,0.7209468,0.90350807
262,256_50_20960,0.3437986,0.6544374,0.0008532981,0.004846161,0.22307968,0.055090774,0.99075425
263,256_50_13854,0.31757677,0.7431569,0.0021039234,0.012253851,0.48161554,0.13851361,0.9798605
264,256_50_8260,0.38594693,0.5944503,0.0007154748,0.0039986465,0.071675934,0.027199207,0.99166054
265,256_50_7373,0.16882046,0.6844844,0.029850328,0.057572253,0.98839605,0.735308,0.88556767
266,256_50_23174,0.28426388,0.71878725,0.0015135477,0.0075777215,0.6606703,0.15728344,0.9874435
267,256_50_15949,0.42431825,0.65411705,0.0068900003,0.024940027,0.34838825,0.18964173,0.9445188
268,256_50_16744,0.19811535,0.5846309,0.011737657,0.02333498,0.97960633,0.63015085,0.9479527
269,256_50_9330,0.3470087,0.8760866,0.012593952,0.07157723,0.5134084,0.2701014,0.903963
270,256_50_12586,0.37405592,0.6187574,0.0007736942,0.0044821417,0.11125813,0.035573617,0.99092674
271,256_50_12829,0.36469445,0.8124729,0.012060908,0.05294267,0.5633504,0.29548138,0.9148308
272,256_50_17562,0.50704634,0.43632898,0.0035606509,0.011100946,0.10016192,0.0777483,0.965439
273,256_50_5310,0.3407824,0.7178525,0.0017650509,0.010297788,0.33673155,0.10178796,0.98216635
274,256_50_19755,0.27636543,0.738818,0.0033611914,0.015375545,0.82594913,0.2938501,0.9753458
275,256_50_19477,0.35074452,0.64674926,0.0008393971,0.004814904,0.19177502,0.050220277,0.99069315
276,256_50_16382,0.22262211,0.5992439,0.006274774,0.015244668,0.9564376,0.49783698,0.9675363
277,256_50_13701,0.34691492,0.6536043,0.000812213,0.0047302907,0.19448048,0.049390163,0.9909938
278,256_50_5495,0.22163382,0.551658,0.0043228073,0.0102367345,0.9568301,0.45871714,0.9769347
279,256_50_10792,0.50975204,0.4287541,0.0033207766,0.010414548,0.08956084,0.07117664,0.96734065
280,256_50_14819,0.30046606,0.69755644,0.001207364,0.006272247,0.5344519,0.11683059,0.9890472
281,256_50_55,0.1663286,0.65296304,0.02515898,0.04549279,0.9892211,0.7288328,0.90558696
282,256_50_19277,0.32191113,0.7417983,0.0019121541,0.01118054,0.4217555,0.121364646,0.98169357
283,256_50_21250,0.23410036,0.73886544,0.007167615,0.024782114,0.94350153,0.49139115,0.95905536
284,256_50_22056,0.26019424,0.7079162,0.0022388827,0.009421356,0.8373941,0.25777367,0.9842913
285,256_50_3315,0.32191247,0.89544314,0.014865018,0.08497351,0.62191045,0.3231789,0.8962731
286,256_50_15012,0.52165675,0.4732076,0.0040980023,0.013877958,0.07087691,0.069372736,0.9591408
287,256_50_12971,0.366434,0.8055859,0.011664659,0.05054057,0.5606025,0.29230687,0.9173451
288,256_50_16099,0.506083,0.4583488,0.0041227955,0.012967248,0.11172686,0.087646544,0.9607346
289,256_50_12341,0.53859407,0.41100127,0.003730561,0.011770508,0.05639914,0.059371594,0.9618626
290,256_50_4110,0.2216103,0.5561386,0.004227352,0.010133477,0.9560357,0.4540673,0.9773437
291,256_50_7369,0.16784747,0.66206926,0.02789936,0.05111839,0.9886369,0.73334265,0.8946896
292,256_50_11842,0.19802341,0.8190389,0.01627343,0.051198624,0.97033733,0.62756026,0.9286588
293,256_50_17201,0.52739286,0.42321265,0.003775582,0.011862469,0.071878746,0.06751075,0.9622234
294,256_50_12636,0.5499265,0.41483912,0.0037855767,0.012364443,0.041057073,0.050886314,0.9602949
295,256_50_8252,0.36287528,0.7177605,0.0017790588,0.011079995,0.20274967,0.074018195,0.9797798
296,256_50_204,0.1821862,0.74431163,0.022655338,0.05256199,0.9823393,0.6941555,0.9107395
297,256_50_14337,0.42019305,0.78842896,0.0067592426,0.037804313,0.1784001,0.12407028,0.9334967
298,256_50_21728,0.27639845,0.72554237,0.0016700602,0.008152608,0.71803075,0.18023916,0.9867513
299,256_50_22830,0.29139236,0.7124278,0.001289289,0.006743034,0.5848511,0.12962462,0.9886622
300,256_50_10282,0.3353843,0.8329631,0.015643392,0.0646084,0.72354376,0.38910416,0.9028504
301,256_50_16336,0.1659081,0.55824935,0.02063758,0.03517085,0.9899512,0.71368635,0.9151425
302,256_50_1724,0.19371079,0.584311,0.013261727,0.025509449,0.980207,0.6382975,0.942446
303,256_50_5199,0.21954027,0.54213446,0.004462847,0.010229427,0.95945257,0.46741962,0.9765785
304,256_50_15649,0.23660193,0.6661246,0.0034536861,0.011229286,0.9263615,0.38069266,0.97952706
305,256_50_18496,0.28529686,0.7180484,0.0015045217,0.007505781,0.6559299,0.15564676,0.98752326
306,256_50_11164,0.22816777,0.6587364,0.0034277905,0.010775373,0.93729705,0.39320105,0.9802439
307,256_50_15684,0.5028759,0.46230727,0.004088802,0.012898932,0.11713269,0.089389876,0.96118426
308,256_50_15895,0.21818428,0.65963316,0.008015697,0.021548577,0.95632166,0.52248704,0.95721805
309,256_50_17289,0.46309146,0.52272904,0.0050668083,0.015679045,0.24565405,0.1431291,0.9571748
310,256_50_13445,0.32003003,0.776575,0.0022749763,0.013735588,0.38862136,0.11932703,0.97822225
311,256_50_15216,0.22032818,0.55677605,0.0043233903,0.010315989,0.9574218,0.45945525,0.97698134
312,256_50_11353,0.517055,0.435154,0.0039005522,0.012153839,0.091246314,0.07722057,0.96192616
313,256_50_13760,0.5695024,0.42473,0.0039240834,0.013799737,0.021161197,0.036489412,0.95679235
314,256_50_10970,0.571436,0.44126582,0.004082992,0.015040807,0.017549263,0.03341495,0.9538669
315,256_50_5410,0.17772488,0.61984915,0.02103498,0.038152866,0.98594344,0.69904447,0.9179253
316,256_50_13144,0.35811043,0.6387255,0.00079516176,0.0046274425,0.15591349,0.043338496,0.9909446
317,256_50_10988,0.35232234,0.8761989,0.011811216,0.06893085,0.46376905,0.2485041,0.9077412
318,256_50_10401,0.479935,0.63831043,0.0052574724,0.023125554,0.09069948,0.08345868,0.94595873
319,256_50_7997,0.48870623,0.45975295,0.003684389,0.011431436,0.14005134,0.09346477,0.9655984
320,256_50_17690,0.3855348,0.64724076,0.0011957691,0.007498648,0.1205548,0.047609378,0.98555773
321,256_50_12318,0.33248442,0.7131882,0.0015596754,0.009161481,0.37017885,0.10060218,0.9839454
322,256_50_6255,0.15472187,0.6670362,0.033675294,0.06150014,0.99161714,0.76336396,0.871723
323,256_50_3350,0.34502918,0.655499,0.00086340006,0.004941241,0.21606107,0.054459583,0.99058425
324,256_50_17436,0.23007363,0.61761934,0.0038166614,0.010776665,0.9428574,0.41768765,0.97841907
325,256_50_8099,0.27473047,0.75223,0.0036574858,0.016286228,0.82864267,0.30663526,0.97498
326,256_50_8274,0.5257721,0.42001566,0.0029549005,0.009832228,0.053153623,0.051734727,0.96919584
327,256_50_19937,0.2094395,0.53008044,0.009206151,0.018074514,0.97350365,0.5819628,0.95668846
328,256_50_8409,0.37949252,0.65113735,0.0012161921,0.007246126,0.14078067,0.052131463,0.98587346
329,256_50_1388,0.356968,0.6389309,0.0008037021,0.0046367813,0.1636778,0.044831615,0.9909191
330,256_50_4385,0.20617692,0.606363,0.010015812,0.02185313,0.9733304,0.5942917,0.95396423
331,256_50_16357,0.3594304,0.7876064,0.011986637,0.047685023,0.6349934,0.32741997,0.91928136
332,256_50_2107,0.39128542,0.642636,0.0011962269,0.007301295,0.095943935,0.042008113,0.9856624
333,256_50_23341,0.27790365,0.7152994,0.0017033062,0.008048447,0.72995526,0.18686634,0.98661244
334,256_50_10954,0.5365615,0.48784524,0.004236839,0.015507637,0.041575823,0.053064246,0.95496005
335,256_50_3684,0.19179669,0.63344324,0.01901504,0.037276134,0.9809528,0.67069894,0.91951835
336,256_50_6845,0.3576552,0.6382909,0.0008133929,0.0046670735,0.16418564,0.045258354,0.9908371
337,256_50_11577,0.37180626,0.83353686,0.011284254,0.056201596,0.4523898,0.24543388,0.91351706
338,256_50_20064,0.36268517,0.63250506,0.0008129617,0.004657404,0.14878395,0.04294874,0.9907596
339,256_50_7317,0.40278962,0.6792778,0.008125416,0.028646043,0.47099805,0.24059176,0.9393749
340,256_50_1992,0.22641073,0.59647185,0.0038624958,0.010394233,0.946722,0.4254711,0.97831583
341,256_50_21710,0.26395154,0.72590995,0.0021900886,0.009687973,0.8182124,0.24412256,0.98437494
342,256_50_3241,0.31091297,0.676417,0.0017791544,0.009079587,0.62470806,0.1656624,0.9837569
343,256_50_2895,0.3321668,0.89311,0.014703861,0.08483856,0.5664526,0.30027336,0.89368886
344,256_50_23532,0.21957283,0.49321926,0.004361172,0.00917188,0.95968056,0.4630419,0.97707397
345,256_50_22599,0.28347263,0.7145706,0.0015571476,0.0076514445,0.67811584,0.16448876,0.9872184
346,256_50_18493,0.27133945,0.7259486,0.0019254744,0.008923575,0.77068067,0.21088587,0.98554206
347,256_50_1251,0.27690038,0.71803665,0.0017273419,0.00818292,0.7335907,0.18890318,0.98647296
348,256_50_20129,0.31874916,0.68306893,0.0010066183,0.005523594,0.3788123,0.08276361,0.9900275
349,256_50_11215,0.5398769,0.41476765,0.003720471,0.011915185,0.052890744,0.057421353,0.96162117
350,256_50_4462,0.35915136,0.6376936,0.0007973185,0.0046166796,0.15381627,0.043094065,0.99094826
351,256_50_536,0.21130562,0.6795131,0.00879401,0.023598405,0.96226317,0.5432548,0.95536095
352,256_50_10278,0.32893023,0.88021606,0.016694963,0.08382772,0.6652303,0.35674945,0.8901462
353,256_50_15927,0.24071974,0.6739124,0.003216388,0.010938803,0.9159484,0.35994947,0.9803587
354,256_50_7337,0.43416095,0.5926053,0.004447856,0.015714444,0.26427814,0.13815662,0.9623312
355,256_50_19743,0.27985677,0.7218405,0.0016243568,0.007938696,0.6991054,0.17278408,0.98696065
356,256_50_17464,0.5127148,0.45880535,0.004075801,0.013066591,0.09474476,0.080224045,0.9605225
357,256_50_5193,0.36277613,0.67402804,0.0014447268,0.008307265,0.21980292,0.07325172,0.9843248
358,256_50_12308,0.37189803,0.62142885,0.0007906718,0.00454884,0.120092295,0.03760626,0.9908109
359,256_50_14768,0.23027404,0.79238683,0.010972686,0.03781832,0.94778466,0.53908485,0.94545966
360,256_50_20568,0.22647698,0.55805403,0.003752671,0.009408672,0.9479696,0.4240988,0.9789218
361,256_50_11287,0.16916113,0.72494596,0.027027845,0.055633992,0.9872937,0.7240424,0.8985054
362,256_50_1289,0.19514328,0.6106967,0.014075791,0.027579015,0.98007226,0.6486519,0.9398993
363,256_50_22012,0.24590449,0.6764462,0.002867291,0.010251707,0.9005651,0.33099636,0.9816906
364,256_50_20627,0.34346464,0.6935115,0.0013645737,0.007807227,0.28554416,0.081103414,0.985642
365,256_50_8018,0.48437178,0.60544646,0.0052561057,0.021184333,0.1024181,0.08990379,0.9478999
366,256_50_19331,0.21461406,0.6926268,0.011780918,0.03091693,0.9651091,0.58547693,0.9428616
367,256_50_19012,0.34968093,0.665348,0.0007659005,0.004937868,0.14695323,0.040330008,0.9912145
368,256_50_15026,0.41623142,0.73003304,0.0076960474,0.033320915,0.2976,0.17566623,0.9345487
369,256_50_2206,0.25747046,0.83444417,0.006064362,0.029716088,0.8613609,0.37071124,0.9617948
370,256_50_21432,0.28198108,0.7215806,0.0015136811,0.007604613,0.66962683,0.15926711,0.9875079
371,256_50_13029,0.36791053,0.71128935,0.0016744797,0.010829665,0.1745944,0.06669307,0.9805181
372,256_50_4477,0.40763792,0.56190705,0.0007761421,0.0041796607,0.050009366,0.024185035,0.99078333
373,256_50_16354,0.43094468,0.6861337,0.0069527314,0.027994398,0.26759395,0.16228281,0.9403005
374,256_50_7331,0.26096478,0.81110716,0.007304012,0.03152342,0.8798669,0.4049506,0.9557437
375,256_50_13285,0.34782124,0.6484651,0.0007338183,0.0044787154,0.16476598,0.042588454,0.99175686
376,256_50_13711,0.22644725,0.72631115,0.008389993,0.027207024,0.9505461,0.51436466,0.95335025
377,256_50_14557,0.3246075,0.839402,0.017425168,0.06986077,0.7733004,0.427338,0.8972582
378,256_50_21943,0.22406715,0.5711684,0.0040510986,0.010168837,0.9521006,0.44144067,0.97782576
379,256_50_14313,0.5255202,0.48683697,0.0041373908,0.014656801,0.05875428,0.063017584,0.95769584
380,256_50_3619,0.21737151,0.6092641,0.0037998254,0.01046117,0.9538547,0.4373073,0.97957224
381,256_50_15017,0.333276,0.8493345,0.016253404,0.070953,0.707297,0.38143432,0.89783335
382,256_50_10530,0.49068865,0.5562064,0.004838011,0.017687934,0.11135553,0.09193811,0.9535532
383,256_50_825,0.27419946,0.7194012,0.0018136504,0.008464811,0.7545394,0.20019306,0.986068
384,256_50_10635,0.52873766,0.4185146,0.0025125388,0.008700927,0.0364527,0.039386082,0.9730853
385,256_50_21184,0.23890625,0.76851505,0.0073519135,0.027635742,0.93723965,0.4827073,0.95815986
386,256_50_8007,0.49597982,0.5308156,0.0044986806,0.01602069,0.10519327,0.08718304,0.9564393
387,256_50_31,0.2982045,0.76561356,0.0024042318,0.013944207,0.6161514,0.17795402,0.9790613
388,256_50_12303,0.35673264,0.6387571,0.0007973171,0.0046014665,0.16359563,0.04458095,0.9909899
389,256_50_4192,0.39450657,0.59321624,0.00081935455,0.004640524,0.078400955,0.030764204,0.9901696
390,256_50_14384,0.19031978,0.6391519,0.017087713,0.03446275,0.9792373,0.65159976,0.92797273
391,256_50_12300,0.21490978,0.9017826,0.019097907,0.08407134,0.9469217,0.58287334,0.9117246
392,256_50_8544,0.33502838,0.7195937,0.001455844,0.009004199,0.29698876,0.085417226,0.98490703
393,256_50_20229,0.28088272,0.72088206,0.0016183618,0.007900565,0.69438016,0.1712079,0.98697865
394,256_50_8609,0.3539555,0.87433463,0.0119146295,0.06950646,0.44981933,0.2434408,0.90589035
395,256_50_21318,0.31257322,0.68625224,0.0010935753,0.0058356905,0.43863195,0.09589886,0.9895567
396,256_50_20200,0.34275553,0.65389496,0.0008398975,0.0047779037,0.22551107,0.054940723,0.9908868
397,256_50_7951,0.23657781,0.6577177,0.0034159315,0.011025704,0.9262905,0.37962458,0.9795776
398,256_50_9370,0.3957906,0.6359632,0.0012341564,0.007242289,0.0909097,0.041645337,0.9854704
399,256_50_9533,0.51244533,0.43598098,0.0038855632,0.0119883865,0.10095944,0.08106913,0.96250504
400,256_50_11200,0.50369847,0.43903148,0.003741494,0.011474825,0.11370375,0.084678486,0.96429014
401,256_50_19891,0.39641136,0.5789809,0.0007494297,0.004375609,0.058929477,0.025445187,0.99103874
402,256_50_2901,0.20694172,0.899562,0.023332616,0.09585282,0.9609936,0.6287659,0.8989799
403,256_50_431,0.20613307,0.60335076,0.008969329,0.019433182,0.97218496,0.5769697,0.9588436
404,256_50_17662,0.22630742,0.5837362,0.003865726,0.0101146875,0.948192,0.4288508,0.97841483
405,256_50_10947,0.55780244,0.40920216,0.0037786218,0.012437243,0.033666916,0.045943297,0.9598709
406,256_50_8082,0.27952075,0.85595113,0.025235036,0.09130517,0.89691824,0.5578002,0.87359893
407,256_50_3926,0.36832637,0.6644402,0.0015605823,0.008551022,0.24173057,0.08016354,0.9835259
408,256_50_2266,0.5027972,0.45385474,0.0040247063,0.012529848,0.11724951,0.08891243,0.96170276
409,256_50_5783,0.19991872,0.48233178,0.010490274,0.017240249,0.9813223,0.6221596,0.9550037
410,256_50_22747,0.2700869,0.7278692,0.0018255692,0.008695352,0.76210564,0.20281644,0.9860312
411,256_50_19874,0.24348298,0.68063205,0.003060455,0.010763969,0.90776175,0.3452779,0.9809342
412,256_50_21005,0.223364,0.75271195,0.010083383,0.0320146,0.9562326,0.54821694,0.94835645
413,256_50_4856,0.26216063,0.70417756,0.0022089058,0.0092785,0.83233017,0.25409067,0.9844015
414,256_50_15278,0.4840321,0.47912386,0.0043547316,0.013399554,0.17111509,0.11137313,0.9607168
415,256_50_10649,0.3201669,0.7219353,0.0021563761,0.012664784,0.5331495,0.1505616,0.9789261
416,256_50_6430,0.41688937,0.6233131,0.0013584533,0.0080889,0.06320644,0.03621245,0.9828892
417,256_50_19008,0.26734784,0.77967995,0.0030915565,0.015707616,0.8184646,0.2741448,0.9769404
418,256_50_15469,0.25716177,0.7093434,0.002150818,0.009314626,0.83747905,0.25370005,0.98496664
419,256_50_9682,0.47759247,0.52863085,0.004755367,0.015684962,0.17566922,0.116568476,0.95764357
420,256_50_811,0.28580695,0.717604,0.0014820738,0.007427694,0.64981985,0.15311852,0.9876337
421,256_50_8446,0.3718006,0.85687304,0.010238334,0.059765004,0.3603654,0.20454048,0.9139009
422,256_50_4054,0.33738226,0.66138613,0.00091940514,0.005131323,0.26620138,0.06383889,0.99032557
423,256_50_4497,0.23072694,0.6193654,0.0037385537,0.01064934,0.9419658,0.4134738,0.978744
424,256_50_22744,0.29203022,0.7060804,0.0013228996,0.0067445356,0.6005844,0.13494208,0.9884849
425,256_50_2364,0.2188743,0.8427263,0.011550133,0.04718779,0.95491064,0.5563677,0.94005185
426,256_50_20659,0.24307518,0.6826552,0.008138631,0.024183689,0.9383013,0.49438703,0.9552667
427,256_50_4115,0.19730976,0.67642057,0.015304142,0.03416441,0.9771499,0.6432451,0.9331882
428,256_50_11329,0.29540238,0.7738989,0.0026569206,0.014673794,0.62792027,0.19092984,0.9779052
429,256_50_20414,0.3308663,0.6821978,0.0012364162,0.0070602614,0.40392327,0.09936932,0.9878732
430,256_50_11269,0.3831439,0.84190327,0.009046099,0.05252973,0.31714168,0.18303396,0.9205822
431,256_50_1453,0.17951046,0.6960831,0.020334585,0.043428946,0.98573864,0.70442945,0.9186419
432,256_50_1284,0.19251429,0.5365556,0.01255489,0.021831505,0.9829419,0.6487442,0.94805044
433,256_50_20062,0.34467664,0.65443975,0.0008551828,0.00487083,0.21836248,0.0544723,0.9907059
434,256_50_19766,0.20707117,0.82092685,0.010608603,0.038712278,0.9604719,0.55786496,0.9493076
435,256_50_1335,0.18227959,0.76754075,0.016978981,0.045158602,0.9797433,0.65868235,0.9273236
436,256_50_7082,0.1813807,0.57241917,0.017261809,0.030836927,0.9864239,0.68963057,0.9283226
437,256_50_12235,0.33420205,0.87893486,0.01585701,0.08170793,0.63050216,0.33660996,0.89246094
438,256_50_20817,0.33881375,0.65937495,0.00086416135,0.004892488,0.24680553,0.058772746,0.9907588
439,256_50_5190,0.37771767,0.6138229,0.0008309828,0.004701718,0.114514716,0.037956484,0.99031115
440,256_50_19339,0.3261845,0.7584734,0.0021532879,0.013696684,0.36965814,0.1156692,0.97809625
441,256_50_13776,0.43030515,0.7650201,0.00677599,0.0355363,0.17270175,0.123378456,0.9342601
442,256_50_21861,0.2723568,0.725673,0.00188426,0.008796487,0.76238227,0.20575511,0.98573095
443,256_50_23230,0.30038983,0.70013076,0.0011942948,0.0062874495,0.5249465,0.11436399,0.98910505
444,256_50_21698,0.23998737,0.6733416,0.0032450026,0.010982228,0.91751283,0.36263266,0.98026353
445,256_50_2773,0.32457292,0.89721876,0.01530887,0.08780761,0.6176345,0.32372516,0.89318895
446,256_50_8679,0.3535158,0.72508,0.001474687,0.010049446,0.19425638,0.06500571,0.9823992
447,256_50_19244,0.228956,0.582872,0.0036109795,0.009648522,0.9434905,0.41196895,0.97933483
448,256_50_18580,0.5044775,0.44716325,0.0039161476,0.012153947,0.11352921,0.08644407,0.9626592
449,256_50_947,0.19205874,0.77037406,0.017503759,0.046518195,0.9742478,0.6409574,0.92488426
450,256_50_11461,0.36391446,0.6314689,0.00080295047,0.0046027554,0.14383212,0.04176831,0.99085206
451,256_50_19930,0.3607557,0.63555473,0.00083700265,0.004747869,0.16049558,0.045524336,0.99059826
452,256_50_18156,0.22017343,0.5458555,0.0043896493,0.010192872,0.9584806,0.46353522,0.9768117
453,256_50_10995,0.18452907,0.5871216,0.015790623,0.028118525,0.9851887,0.6779481,0.9370942
454,256_50_13634,0.35097146,0.869035,0.012455259,0.06887748,0.5088797,0.2688363,0.90529466
455,256_50_17748,0.5054828,0.47599617,0.0041377367,0.013471031,0.10648016,0.08557363,0.9604519
456,256_50_15224,0.17694068,0.5375199,0.017894546,0.02895664,0.98832893,0.69898415,0.92733467
457,256_50_7618,0.21251416,0.58496004,0.009158119,0.019043034,0.9701007,0.5729583,0.9575479
458,256_50_12912,0.58775514,0.37340185,0.0038354013,0.0125594,0.016424295,0.031761043,0.9578885
459,256_50_7366,0.1950466,0.52977794,0.012801663,0.021953216,0.9834089,0.655303,0.94774234
460,256_50_1526,0.3406394,0.6565794,0.00085220684,0.004834904,0.23704481,0.056990094,0.9908213
461,256_50_11969,0.35133988,0.87738335,0.011992861,0.069864646,0.47144896,0.2520591,0.9070532
462,256_50_19649,0.4191055,0.57372016,0.0010628352,0.0058948197,0.060966372,0.031375494,0.9869643
463,256_50_8470,0.35220027,0.8695076,0.012173925,0.06823456,0.49718118,0.26260266,0.9062879
464,256_50_16300,0.52315897,0.43146873,0.003850686,0.012133891,0.07855351,0.071212046,0.9617678
465,256_50_12129,0.17733562,0.5489208,0.020340657,0.033473182,0.9881903,0.7087546,0.91751075
466,256_50_18427,0.28623408,0.7172504,0.0014899791,0.00745065,0.6493161,0.1533838,0.98758477
467,256_50_15636,0.21839564,0.53702456,0.0045821867,0.0103183985,0.960543,0.47211105,0.97615016
468,256_50_11879,0.3288367,0.8215489,0.0035131872,0.022473302,0.36402017,0.13607651,0.96705115
469,256_50_1336,0.2579681,0.73779947,0.0018049404,0.008803974,0.8013841,0.21663938,0.98673576
470,256_50_10787,0.5478086,0.3973381,0.0028496222,0.009610991,0.02962575,0.0375363,0.96923244
471,256_50_18978,0.31299892,0.68650293,0.001044475,0.0056380234,0.42430344,0.09129917,0.9898928
472,256_50_13397,0.16982664,0.5359794,0.018393377,0.027870845,0.9906177,0.7189248,0.9325304
473,256_50_3439,0.19568317,0.56423074,0.015018959,0.027388172,0.98187953,0.6590946,0.9361407
474,256_50_21069,0.27504492,0.7247012,0.0017733857,0.008444225,0.7390001,0.1921852,0.9862546
475,256_50_6078,0.2195596,0.51985574,0.0044221473,0.009728559,0.9604058,0.46840316,0.9768123
476,256_50_15991,0.19743721,0.5200365,0.0117747905,0.020004965,0.9801856,0.62665886,0.9502533
477,256_50_2138,0.5225977,0.44568503,0.003968606,0.0127611635,0.0767721,0.07134833,0.9606469
478,256_50_22384,0.24511984,0.6879707,0.0029348386,0.010674188,0.90184355,0.33481652,0.9814626
479,256_50_9010,0.36496416,0.86241555,0.0103469975,0.06099163,0.39594775,0.21543266,0.91389036
480,256_50_11708,0.16163972,0.72616297,0.033383653,0.06690295,0.98878855,0.74502736,0.87399906
481,256_50_5609,0.34016728,0.6589811,0.0008654773,0.004911902,0.2396445,0.05781587,0.99071455
482,256_50_22501,0.22443461,0.5295863,0.003908874,0.009140667,0.9529543,0.43807286,0.97853994
483,256_50_11640,0.3942093,0.6523433,0.0014025772,0.008299341,0.12128615,0.050905194,0.9834172
484,256_50_7999,0.5154237,0.43539515,0.003882184,0.012062749,0.094500475,0.0783979,0.9622244
485,256_50_6733,0.5124036,0.43076834,0.0035138985,0.011035969,0.0894481,0.07302693,0.96559405
486,256_50_4432,0.17864431,0.6807518,0.01977305,0.039898444,0.9860195,0.70252067,0.9224002
487,256_50_1375,0.28725544,0.7175739,0.0014189382,0.007247773,0.62875587,0.14501517,0.9879397
488,256_50_13629,0.41245124,0.7221704,0.007927918,0.032813687,0.33892673,0.19218174,0.93479145
489,256_50_4540,0.17482047,0.5921938,0.01912668,0.032262634,0.9886474,0.71171695,0.9267753
490,256_50_9276,0.5010438,0.5573829,0.004764628,0.018139811,0.08290624,0.07839759,0.95229256
491,256_50_21670,0.21679261,0.5239318,0.004753871,0.010302839,0.9631113,0.48232567,0.97567993
492,256_50_6836,0.31260875,0.8218957,0.0180238,0.06553869,0.83558065,0.47601452,0.9004928
493,256_50_3869,0.29156107,0.8893217,0.026118495,0.10938398,0.8553678,0.5176889,0.8641964
494,256_50_12726,0.37613225,0.6162887,0.0007776057,0.0044852346,0.10776942,0.035095055,0.9908756
495,256_50_16240,0.49870345,0.4550306,0.004094872,0.012587277,0.13032325,0.09448996,0.9616602
496,256_50_1468,0.18746185,0.78576285,0.023683598,0.059687465,0.98057866,0.69520926,0.9060436
497,256_50_16692,0.19688089,0.80740434,0.019984713,0.05711614,0.972635,0.6535721,0.9162769
498,256_50_5324,0.34014508,0.65904075,0.00087456935,0.0049383272,0.24341261,0.05868661,0.9906502
499,256_50_14571,0.30141178,0.8434321,0.021547522,0.07880068,0.8620661,0.5128203,0.8865516
500,256_50_2012,0.3687466,0.7415084,0.01059154,0.03876346,0.61981755,0.31346112,0.92735845
501,256_50_6128,0.15532131,0.66529936,0.031466447,0.05652471,0.9920993,0.7599746,0.88403815
502,256_50_17102,0.20892611,0.72901744,0.0116175655,0.03234786,0.9655925,0.5809344,0.94458646
503,256_50_23516,0.30300814,0.6993381,0.0012144628,0.0063630496,0.51273,0.11315682,0.9889206
504,256_50_7336,0.294168,0.82199025,0.004965736,0.027223606,0.70130366,0.26118046,0.96223646
505,256_50_16566,0.33532098,0.8282563,0.015614159,0.063262925,0.73137033,0.39397866,0.9039056
506,256_50_7249,0.15554716,0.575241,0.032242652,0.05212216,0.99298555,0.76180285,0.87644905
507,256_50_1817,0.3797905,0.61767536,0.00083375734,0.004687966,0.09360477,0.03409105,0.99012077
508,256_50_10909,0.27136645,0.7983232,0.004488536,0.022576291,0.82212305,0.31478024,0.9684917
509,256_50_17039,0.23817818,0.70623195,0.008244367,0.024901297,0.94395465,0.50389206,0.9560909
510,256_50_8125,0.40116185,0.6193385,0.0012823859,0.007371008,0.10044619,0.045126922,0.9847652
511,256_50_12360,0.51409876,0.45190737,0.0040528537,0.012865432,0.093265235,0.07943236,0.9606053
512,256_50_11832,0.3529339,0.8288768,0.013690669,0.06017251,0.61929566,0.3275473,0.9075612
513,256_50_16269,0.24424177,0.68383765,0.0030041672,0.010721902,0.9048726,0.34018743,0.98115206
514,256_50_12296,0.5140101,0.44535416,0.0039010285,0.012356829,0.09245202,0.077740386,0.96185094
515,256_50_15900,0.2213661,0.5493073,0.0043612225,0.010241161,0.95746833,0.46120086,0.97683036
516,256_50_10077,0.5148412,0.42404744,0.0038629894,0.011698323,0.09911894,0.080217086,0.96278334
517,256_50_9474,0.32745522,0.88249797,0.017130308,0.08621968,0.67295194,0.36241767,0.88817644
518,256_50_4981,0.2360474,0.6556586,0.0033763077,0.010874632,0.9265132,0.3780013,0.9797497
519,256_50_2973,0.1552332,0.7061438,0.031827465,0.0650236,0.99009377,0.74353087,0.8725111
520,256_50_1486,0.18799251,0.6502561,0.016402688,0.033881962,0.9824436,0.6698785,0.93018126
521,256_50_16283,0.48709217,0.56101763,0.0048994827,0.017895399,0.11980412,0.09586117,0.9534162
522,256_50_8623,0.3725629,0.85592496,0.010001774,0.058182858,0.36291775,0.20491412,0.91589457
523,256_50_2967,0.24878664,0.6807227,0.0028046186,0.010244336,0.8934932,0.32279116,0.98189527
524,256_50_4891,0.40092683,0.63255227,0.001384732,0.008017939,0.10686833,0.048117843,0.98323685
525,256_50_4289,0.3315602,0.88118684,0.015975717,0.08245548,0.64015627,0.34070748,0.8920971
526,256_50_2200,0.28808537,0.7570718,0.004670978,0.020055799,0.8054522,0.3178267,0.9677137
527,256_50_488,0.1618077,0.63296604,0.02744442,0.048417147,0.9904351,0.7377584,0.8947541
528,256_50_6549,0.18576539,0.79138464,0.026396012,0.06682953,0.98058814,0.6994372,0.89433485
529,256_50_15062,0.32733068,0.7775422,0.002389659,0.014721168,0.39351043,0.12297607,0.97702706
530,256_50_12750,0.39968485,0.6376518,0.0015567065,0.008846389,0.13731019,0.057414956,0.98166776
531,256_50_8219,0.17402115,0.7081785,0.026199555,0.052553374,0.9868348,0.72305745,0.9004976
532,256_50_13359,0.31372637,0.86478794,0.020540044,0.085536145,0.79838127,0.45576954,0.8837078
533,256_50_9407,0.40446278,0.71221155,0.008303829,0.03221197,0.4099896,0.21978514,0.93518317
534,256_50_9173,0.3503163,0.8757425,0.012005778,0.069845326,0.48131433,0.25388953,0.9061436
535,256_50_4217,0.22272073,0.56211805,0.004172126,0.010179613,0.9545337,0.44963527,0.9774584
536,256_50_644,0.23115297,0.69788927,0.009964642,0.029087845,0.95378494,0.54878205,0.9482998
537,256_50_15380,0.22965051,0.63871664,0.0037520595,0.011130407,0.9409795,0.41169792,0.9786453
538,256_50_19172,0.17214051,0.68742156,0.020418577,0.04173802,0.9870596,0.7067681,0.9194426
539,256_50_12570,0.30208063,0.77895266,0.003070438,0.01650476,0.6301499,0.20030898,0.97490364
540,256_50_3549,0.22619797,0.52288574,0.0073560807,0.015071091,0.9625298,0.5336306,0.9630925
541,256_50_9679,0.5232588,0.44120464,0.0038822447,0.012493982,0.0749686,0.06980485,0.96125644
542,256_50_17821,0.4312311,0.6191342,0.00625567,0.021459382,0.33754942,0.18128052,0.9495753
543,256_50_6216,0.21976766,0.5428365,0.004460464,0.010252792,0.9591839,0.46685648,0.97655004
544,256_50_19227,0.51610917,0.42001355,0.0033543156,0.010474423,0.08157833,0.06818585,0.9667721
545,256_50_1009,0.18595017,0.594536,0.01468462,0.02680886,0.98439425,0.66865975,0.9401005
546,256_50_12518,0.34329206,0.87690276,0.013523228,0.07456176,0.5513851,0.29035076,0.90047926
547,256_50_13106,0.21516584,0.87007266,0.022616465,0.08424408,0.96161664,0.6423998,0.9022614
548,256_50_11121,0.3479019,0.8754482,0.012606976,0.071661144,0.5100175,0.26917863,0.90369827
549,256_50_6297,0.36433,0.6311761,0.0008092283,0.0046623317,0.14233314,0.041731443,0.99072534
550,256_50_14880,0.52253157,0.54543066,0.0046395403,0.018619988,0.045271583,0.05690586,0.949854
551,256_50_18380,0.3581016,0.7464624,0.002079448,0.013082064,0.22696999,0.084277466,0.9777478
552,256_50_598,0.1591344,0.68096113,0.030406876,0.058011707,0.99019593,0.7484043,0.88191825
553,256_50_2309,0.17435108,0.7318983,0.026259288,0.05663841,0.9863687,0.72211856,0.8989012
554,256_50_15343,0.49310085,0.46755958,0.0042702225,0.013171342,0.14492802,0.10149711,0.96053714
555,256_50_7885,0.3920314,0.80998176,0.009040493,0.046199456,0.33902347,0.19361961,0.92390925
556,256_50_22605,0.28335273,0.7207165,0.001483216,0.007507784,0.6580352,0.15481198,0.9876252
557,256_50_11038,0.32881087,0.81945926,0.015957039,0.061472036,0.7746831,0.42209888,0.90524024
558,256_50_14651,0.25237903,0.7136962,0.006404765,0.021896036,0.92576677,0.46038753,0.96318895
559,256_50_9299,0.35128167,0.7484011,0.0122771375,0.042435776,0.7167579,0.37114626,0.9221989
560,256_50_15162,0.35545376,0.85558796,0.012790946,0.06557338,0.5284255,0.2804259,0.90603906
561,256_50_2955,0.37076753,0.6849767,0.0015759186,0.009238467,0.18881908,0.06907625,0.98246175
562,256_50_12953,0.42487475,0.7821519,0.006505768,0.036445122,0.16168214,0.11645824,0.93488705
563,256_50_23261,0.22573212,0.58586884,0.003966972,0.01037262,0.9489878,0.43309444,0.97795725
564,256_50_6526,0.26995102,0.83961636,0.0071237353,0.034711555,0.8405151,0.37210986,0.95447034
565,256_50_19920,0.38522062,0.6634532,0.0014326758,0.008242554,0.12830187,0.0529118,0.9835051
566,256_50_1607,0.17911172,0.7441732,0.024264257,0.054571323,0.9835038,0.7020702,0.905184
567,256_50_19312,0.15151052,0.5609892,0.028340088,0.042633068,0.99446434,0.77621603,0.8995569
568,256_50_583,0.50394,0.56736904,0.004886725,0.019251497,0.07201162,0.07355856,0.9498868
569,256_50_18785,0.3513344,0.7524025,0.0029926295,0.01641775,0.34409693,0.12756667,0.9722011
570,256_50_21175,0.31429702,0.68563855,0.0010377434,0.005624459,0.41346273,0.08930743,0.9899108
571,256_50_17583,0.23515645,0.6926745,0.010260594,0.02873643,0.94830495,0.53752613,0.9479094
572,256_50_8455,0.34305614,0.7653132,0.0138967065,0.04813785,0.74884635,0.39898878,0.91484267
573,256_50_17749,0.5099044,0.4740429,0.0041326685,0.013527153,0.095438674,0.08104888,0.9601907
574,256_50_13181,0.52944106,0.42953065,0.003823154,0.012219351,0.06712605,0.06562463,0.9614936
575,256_50_17140,0.39625412,0.6333426,0.0013485971,0.007964104,0.11513324,0.049711883,0.98382336
576,256_50_21326,0.2157914,0.50495535,0.0048371046,0.010032662,0.96562517,0.49119297,0.9755504
577,256_50_21745,0.25237632,0.6992054,0.0026202942,0.010222878,0.8771866,0.3007037,0.98267007
578,256_50_21503,0.27808857,0.7225637,0.0017011143,0.008186396,0.7179749,0.18209337,0.9865789
579,256_50_1945,0.32063994,0.6836471,0.0009833258,0.0054671946,0.35605744,0.07845887,0.9901426
580,256_50_18728,0.25814602,0.86494255,0.004949794,0.029194416,0.78661877,0.2914058,0.965715
581,256_50_17585,0.25771827,0.7337984,0.004476252,0.017833924,0.89465696,0.3760768,0.9719714
582,256_50_14588,0.3175161,0.82210356,0.017835312,0.065460846,0.81991816,0.463268,0.8996465
583,256_50_11526,0.49380586,0.54745173,0.004781363,0.017290412,0.10725697,0.08994724,0.95397985
584,256_50_139,0.263564,0.7387622,0.0018174128,0.008707087,0.76810384,0.2035334,0.98632693
585,256_50_2641,0.35002908,0.6444462,0.00091858336,0.0050775716,0.2181418,0.05732017,0.99007565
586,256_50_5420,0.19584484,0.75820434,0.016407564,0.042259082,0.9733167,0.63321584,0.9301009
587,256_50_21704,0.24264532,0.68113005,0.0030653398,0.010785839,0.9088131,0.34632665,0.98092765
588,256_50_20275,0.3438706,0.6551417,0.00084360514,0.004824989,0.2181094,0.053930424,0.9908193
589,256_50_3770,0.4127095,0.56579494,0.00084170944,0.0046613184,0.054785736,0.02619641,0.9897921
590,256_50_13567,0.34610102,0.6536395,0.0008551409,0.004888409,0.21142524,0.05348373,0.9906503
591,256_50_21594,0.3070432,0.69139886,0.0013280388,0.006728133,0.5226724,0.121108785,0.988035
592,256_50_13017,0.34202272,0.6582788,0.0008581475,0.004942976,0.22503302,0.0555649,0.99066305
593,256_50_12739,0.40659717,0.58888507,0.0009770152,0.0053135483,0.068732426,0.032055505,0.98834467
594,256_50_11713,0.39743412,0.783877,0.009213443,0.0425262,0.36973974,0.20775336,0.92592305
595,256_50_2074,0.3407515,0.7706895,0.013467572,0.047635105,0.7469084,0.39389735,0.9167842
596,256_50_22571,0.22543508,0.5355604,0.003820647,0.009104762,0.9508008,0.43112546,0.978795
597,256_50_14733,0.5578513,0.42326975,0.0038777606,0.013104579,0.031491958,0.044880353,0.9586443
598,256_50_1236,0.30137378,0.70540375,0.0011662669,0.0062748245,0.50191873,0.10851283,0.989223
599,256_50_16545,0.2675045,0.72324026,0.002057928,0.009265347,0.79889596,0.22935636,0.98493344
600,256_50_23340,0.2931758,0.7130143,0.0013183792,0.006862656,0.57930565,0.12975112,0.98842454
601,256_50_9432,0.2808493,0.8384565,0.024319319,0.0832946,0.90095896,0.56076455,0.87827057
602,256_50_10089,0.51720226,0.42062595,0.0038372653,0.011615365,0.09475553,0.07817949,0.96287763
603,256_50_21494,0.2513429,0.6988333,0.0026413489,0.010261273,0.8800099,0.3037079,0.98260903
604,256_50_22591,0.23450758,0.65959334,0.0035896348,0.011344106,0.9317878,0.39278877,0.9790674
605,256_50_11397,0.40416133,0.81162626,0.0076112566,0.0431962,0.2334543,0.14767668,0.9286597
606,256_50_13960,0.15134287,0.58237696,0.028807996,0.046849452,0.99365,0.7672584,0.8915682
607,256_50_5516,0.21052036,0.5827827,0.0046672616,0.011272551,0.96304595,0.47833025,0.9759271
608,256_50_1774,0.17114894,0.7549151,0.026440058,0.060699522,0.9848986,0.71014243,0.8938884
609,256_50_14827,0.3425476,0.82890034,0.014755452,0.061942354,0.6876677,0.36580002,0.9054412
610,256_50_6739,0.5074287,0.43082964,0.003701651,0.0112837115,0.107614994,0.08200733,0.96449894
611,256_50_10407,0.55788183,0.46789035,0.0041612303,0.015632529,0.023201814,0.03887809,0.95348376
612,256_50_15772,0.30301163,0.7007423,0.0011786625,0.0062602838,0.50191844,0.1094744,0.9891338
613,256_50_15422,0.23618132,0.870985,0.0075129806,0.039028876,0.89028794,0.40806305,0.95577544
614,256_50_4166,0.21675628,0.9039381,0.028299233,0.11750192,0.9585444,0.64971167,0.8773923
615,256_50_15799,0.47479814,0.57865065,0.005077948,0.018629525,0.15040691,0.10890662,0.9529291
616,256_50_1574,0.15781347,0.57499593,0.028576512,0.047093816,0.9924724,0.7532311,0.88757133
617,256_50_11347,0.51763606,0.42195317,0.0038552003,0.011696905,0.09371344,0.07788338,0.96263087
618,256_50_7203,0.3834342,0.80527,0.010412897,0.048545007,0.43325323,0.23632465,0.9197685
619,256_50_4735,0.20408419,0.718008,0.011540763,0.03020365,0.970751,0.6022156,0.94766605
620,256_50_3027,0.16801023,0.76436174,0.033981886,0.07971353,0.9872103,0.7369623,0.86550754
621,256_50_6457,0.36925012,0.67637444,0.0013594293,0.008032135,0.17226557,0.061188746,0.98483735
622,256_50_4019,0.16942959,0.7626759,0.027973061,0.06410261,0.98601276,0.7206213,0.8919713
623,256_50_1077,0.21813533,0.8827798,0.015619768,0.066566505,0.94854003,0.57192516,0.92677015
624,256_50_4845,0.1751268,0.6170754,0.019901598,0.036034428,0.9873964,0.7050882,0.9212923
625,256_50_1809,0.32288066,0.678185,0.0009599728,0.005327718,0.34519175,0.07599714,0.99029166
626,256_50_14940,0.22544466,0.5471184,0.0038722388,0.009412224,0.95029956,0.4319176,0.97849756
627,256_50_3368,0.32453465,0.73349345,0.001515419,0.009571982,0.35456207,0.09730452,0.98479533
628,256_50_9547,0.41611034,0.70221806,0.007596719,0.030219596,0.3402498,0.19118692,0.93776155
629,256_50_16895,0.22055537,0.6879496,0.012034567,0.03087753,0.9612414,0.58024263,0.94180834
630,256_50_5962,0.17751971,0.5408492,0.016563784,0.026811229,0.9882953,0.6963961,0.93538755
631,256_50_12567,0.16180812,0.6274974,0.025425423,0.044303767,0.99123514,0.7449606,0.9054053
632,256_50_2490,0.4384811,0.60862947,0.0060048653,0.020604523,0.30374655,0.1684679,0.95069593
633,256_50_9934,0.38726732,0.678558,0.001471736,0.00911008,0.10980057,0.04906119,0.9825607
634,256_50_15232,0.23255298,0.6538582,0.003735901,0.011490918,0.9365112,0.40448806,0.9785688
635,256_50_2056,0.22982322,0.87215286,0.009711012,0.045836493,0.9208767,0.47550866,0.9469991
636,256_50_5976,0.18681152,0.51436466,0.014980894,0.024542224,0.98563474,0.6729302,0.93769306
637,256_50_9318,0.2867587,0.85785097,0.02436675,0.089714564,0.88794166,0.5469416,0.8760803
638,256_50_2723,0.16392362,0.5765983,0.023868868,0.040172115,0.99071056,0.7310702,0.9047332
639,256_50_842,0.2776711,0.6997423,0.0029483556,0.011738901,0.8148964,0.27770695,0.9795934
640,256_50_18738,0.4082452,0.6280999,0.0013696587,0.0077318717,0.08671932,0.042579755,0.98355305
641,256_50_22481,0.26450127,0.7268442,0.0021512941,0.009612062,0.8131151,0.23983195,0.98453325
642,256_50_12054,0.5186371,0.4307361,0.0038607472,0.01197862,0.08885412,0.07580838,0.9622322
643,256_50_11978,0.2556554,0.7781682,0.006003698,0.024818087,0.89723766,0.41065937,0.96325654
644,256_50_11507,0.546437,0.41746116,0.0038128835,0.012382601,0.0450617,0.053543516,0.9603294
645,256_50_13201,0.52540964,0.51046973,0.004362123,0.016227601,0.051345915,0.05965253,0.95426244
646,256_50_14062,0.3715941,0.8465359,0.010862739,0.058674987,0.41758385,0.22900665,0.9129475
647,256_50_7530,0.23609188,0.6589863,0.0033588011,0.010844739,0.92781824,0.38051444,0.9799958
648,256_50_8281,0.4999175,0.45568904,0.0040170695,0.012447825,0.12391602,0.09126848,0.9620812
649,256_50_14593,0.5578648,0.41588935,0.0038073885,0.012708688,0.03257202,0.045288786,0.9595126
650,256_50_3139,0.22968888,0.63523984,0.0038231632,0.011184194,0.94212365,0.41595352,0.97837573
651,256_50_12453,0.38219678,0.62547684,0.00087397365,0.005148071,0.09542639,0.034985058,0.9895356
652,256_50_15333,0.3474879,0.74434227,0.0029451472,0.017089017,0.4005051,0.14246711,0.9709632
653,256_50_11344,0.51162636,0.4452901,0.0039226185,0.012338285,0.09887808,0.08059508,0.96194625
654,256_50_2289,0.18368745,0.57309014,0.021567238,0.03795402,0.9859708,0.70375293,0.9089686
655,256_50_22826,0.2794981,0.7226861,0.0016118261,0.0079280455,0.6976433,0.17169218,0.9870079
656,256_50_11327,0.35481155,0.64245963,0.0007974321,0.0046350495,0.16691895,0.045006163,0.9909894
657,256_50_8520,0.22515526,0.7097523,0.008875456,0.025895556,0.95290816,0.5307398,0.95549166
658,256_50_14273,0.35066956,0.7345516,0.001922781,0.012275466,0.25417316,0.08762476,0.9789974
659,256_50_3688,0.16986449,0.55970997,0.020147922,0.031959187,0.9903928,0.72755146,0.9250192
660,256_50_5109,0.2454628,0.7076529,0.0029816506,0.011356761,0.8930732,0.3283015,0.9810049
661,256_50_9071,0.17156747,0.610736,0.02262392,0.039466817,0.98779917,0.7075177,0.912022
662,256_50_20467,0.24196404,0.65463334,0.003019399,0.010044229,0.9134424,0.35034496,0.98121727
663,256_50_2287,0.15102135,0.5873004,0.030017713,0.04894498,0.99391335,0.77011317,0.8869766
664,256_50_12576,0.49856183,0.47705773,0.004127342,0.013280215,0.1230992,0.0919736,0.9610317
665,256_50_863,0.21965028,0.6829508,0.0105640525,0.027442291,0.96420395,0.5774151,0.9483723
666,256_50_5595,0.3736952,0.6155129,0.0008558227,0.0047826315,0.130844,0.041715473,0.99018353
667,256_50_15057,0.5197587,0.46082887,0.004037955,0.0132561745,0.07876938,0.072791904,0.96016014
668,256_50_21886,0.24487408,0.6889679,0.0029702587,0.010783077,0.902729,0.3367877,0.9812959
669,256_50_561,0.3553835,0.66245097,0.0013712405,0.0075349286,0.27460182,0.08153734,0.98559767
670,256_50_21307,0.32820717,0.67473084,0.0009186805,0.0052047833,0.30128196,0.06811608,0.9904552
671,256_50_753,0.35965157,0.8649974,0.011341314,0.06490701,0.44578588,0.23984908,0.9093875
672,256_50_10575,0.22033608,0.8556479,0.0127525525,0.052139852,0.94723487,0.5453925,0.9371991
673,256_50_5876,0.3445509,0.654578,0.0008388894,0.0048050303,0.21428324,0.05322504,0.9908462
674,256_50_9325,0.19608806,0.85367167,0.022096787,0.07319855,0.9718756,0.6554334,0.9056402
675,256_50_5611,0.31739548,0.7399609,0.002131941,0.011541181,0.50007194,0.1440116,0.9810146
676,256_50_14154,0.3491854,0.7532698,0.012614517,0.043711748,0.7237537,0.37692457,0.9205771
677,256_50_19847,0.37416774,0.6196463,0.0007872547,0.0045849127,0.11071887,0.03594349,0.9907328
678,256_50_11097,0.49952182,0.54546064,0.0046723196,0.017224832,0.091481864,0.08209024,0.9539849
679,256_50_6347,0.249694,0.6941467,0.0026904996,0.010266839,0.886062,0.31067985,0.9824187
680,256_50_6878,0.4955942,0.44133946,0.0036413963,0.0110695865,0.12976284,0.0895067,0.9659483
681,256_50_12267,0.1639012,0.53980494,0.023951443,0.038437977,0.99097216,0.7311534,0.90318197
682,256_50_21490,0.263848,0.72677577,0.0021670072,0.009638499,0.8165075,0.24216047,0.98449266
683,256_50_1132,0.25396547,0.7178152,0.0054686726,0.019258913,0.9170799,0.4302161,0.96853894
684,256_50_15299,0.393899,0.8261311,0.008408794,0.047877442,0.2812905,0.16865249,0.92419964
685,256_50_15969,0.22075121,0.5472422,0.0043849503,0.010237908,0.9580596,0.4629073,0.97676384
686,256_50_7571,0.28321612,0.7669848,0.004260283,0.020876357,0.8134716,0.3044696,0.9672365
687,256_50_20445,0.30475828,0.7643458,0.0030128104,0.015908893,0.6321043,0.20239806,0.9744485
688,256_50_10070,0.47641584,0.5040044,0.001386802,0.0067872056,0.02694748,0.023857955,0.98322994
689,256_50_21947,0.22198798,0.5195933,0.004115595,0.009257813,0.9570029,0.45255756,0.97786546
690,256_50_603,0.3733622,0.8319164,0.010975048,0.054992393,0.4408419,0.23931633,0.914952
691,256_50_13673,0.19185838,0.51998633,0.0137301115,0.02251654,0.98380005,0.65872693,0.944125
692,256_50_13401,0.22398552,0.5710956,0.004142518,0.010357584,0.95254904,0.44492882,0.97740686
693,256_50_15169,0.42130712,0.688779,0.0073129586,0.028545883,0.32494158,0.18430449,0.9396361
694,256_50_8357,0.20585822,0.53470856,0.010397377,0.019527823,0.97732884,0.6094907,0.9528
695,256_50_2380,0.4116869,0.60159326,0.0014460972,0.007973637,0.121110536,0.052366365,0.9824289
696,256_50_11932,0.53893083,0.4220927,0.003798497,0.012240423,0.05373939,0.058461215,0.9609827
697,256_50_7574,0.54573375,0.39949626,0.002588766,0.00892027,0.025509072,0.03315095,0.971796
698,256_50_23470,0.22359909,0.5789576,0.004073843,0.010365794,0.9520991,0.4418085,0.977711
699,256_50_14453,0.52675605,0.48466608,0.004120343,0.014587341,0.057434075,0.06221086,0.95780724
700,256_50_2432,0.40256304,0.68214554,0.008238108,0.02914059,0.47158808,0.2416277,0.9386141
701,256_50_9773,0.26170257,0.7093414,0.0021735479,0.0092891455,0.82937276,0.25025025,0.9845493
702,256_50_4704,0.17833127,0.57196444,0.019802045,0.03414521,0.987163,0.7007495,0.9198118
703,256_50_21258,0.22264259,0.5290349,0.004053468,0.009340527,0.95521027,0.44677082,0.97801787
704,256_50_3384,0.2211222,0.5513465,0.0043171714,0.010194508,0.95722425,0.45918307,0.9770209
705,256_50_18258,0.41461268,0.6093355,0.0012244094,0.007078898,0.06803448,0.03528386,0.9847483
706,256_50_2068,0.32372242,0.8891871,0.017167423,0.0893574,0.67093605,0.35970357,0.88691753
707,256_50_22524,0.24815606,0.69543225,0.002800124,0.010591235,0.8915902,0.3197745,0.981937
708,256_50_22083,0.21455833,0.5063667,0.0050229556,0.010329912,0.9664307,0.49700078,0.9749118
709,256_50_10534,0.40280014,0.7959632,0.008687637,0.043452617,0.29977837,0.17899203,0.92579466
710,256_50_8714,0.4256226,0.70509326,0.0072864587,0.030282782,0.2768826,0.16709618,0.9375993
711,256_50_19984,0.28176838,0.804989,0.0037055872,0.021000247,0.75023335,0.25334483,0.9694458
712,256_50_8964,0.37738657,0.6735159,0.0016054424,0.009729638,0.1519669,0.06217368,0.9817442
713,256_50_491,0.2307338,0.7383757,0.0032394165,0.0128334835,0.91549873,0.35564908,0.980717
714,256_50_10678,0.50376076,0.58973503,0.0047456273,0.020181946,0.0584291,0.064795114,0.9489674
715,256_50_15108,0.33798507,0.82655805,0.015473793,0.06271967,0.72145087,0.38812456,0.9040447
716,256_50_12239,0.3742178,0.7526162,0.01056482,0.040551383,0.57066244,0.29269648,0.92522365
717,256_50_19241,0.19357945,0.7672138,0.0155910505,0.043527972,0.97386134,0.6311949,0.92866516
718,256_50_10360,0.5103706,0.4334559,0.003939733,0.011970394,0.10686623,0.08401543,0.96236724
719,256_50_1575,0.16216153,0.6219,0.026963491,0.047939003,0.990668,0.7359298,0.8922293
720,256_50_6629,0.15995608,0.6090201,0.02452037,0.04240502,0.99168915,0.7419118,0.90573245
721,256_50_14237,0.22702642,0.7647154,0.010453103,0.03378096,0.9554317,0.5528074,0.9479638
722,256_50_1852,0.22761631,0.6163601,0.0038775597,0.0108156875,0.94562304,0.42384577,0.97829866
723,256_50_16337,0.24398732,0.6833542,0.00301373,0.010731375,0.9054473,0.34110072,0.9811149
724,256_50_10973,0.5004876,0.61360955,0.0044271504,0.02082837,0.048526675,0.056845,0.94920343
725,256_50_4909,0.34845266,0.6494305,0.0008271899,0.004749764,0.1974477,0.050506156,0.99087346
726,256_50_6638,0.22701688,0.6227659,0.0038515506,0.010971491,0.94504267,0.42195433,0.97831637
727,256_50_12788,0.38563964,0.838788,0.008877013,0.051448695,0.30690777,0.17879683,0.9214938
728,256_50_5913,0.30639288,0.7440393,0.0025888877,0.0130620105,0.6185897,0.18844754,0.97843975
729,256_50_16634,0.34194347,0.81157964,0.014579687,0.057338532,0.71927774,0.38330033,0.90896994
730,256_50_1286,0.2276044,0.61176676,0.0039192163,0.010838254,0.9461587,0.42640746,0.97807753
731,256_50_476,0.19137321,0.837427,0.02541736,0.07722613,0.9734972,0.6711228,0.8944876
732,256_50_11542,0.3812883,0.8466886,0.009308012,0.05411955,0.32049295,0.18715231,0.9193753
733,256_50_11740,0.3467098,0.7554558,0.012126559,0.04253922,0.72407407,0.3727128,0.9231533
734,256_50_5078,0.22410925,0.57815284,0.004076107,0.010358992,0.9518462,0.44157308,0.9776775
735,256_50_4072,0.34658325,0.63683426,0.00078049913,0.004315036,0.18175796,0.048012584,0.99158585
736,256_50_19346,0.3201238,0.7697757,0.0022445226,0.014011246,0.4083096,0.12420406,0.97820103
737,256_50_9829,0.49548906,0.54922074,0.004767096,0.01742197,0.10111586,0.08711584,0.9537413
738,256_50_5524,0.17603199,0.55902445,0.016929733,0.027989913,0.989032,0.706842,0.9355555
739,256_50_20600,0.32869238,0.6718344,0.0009185943,0.005151208,0.30533648,0.0687848,0.9904943
740,256_50_4119,0.14557266,0.6731232,0.041996084,0.07521903,0.9938997,0.78738475,0.84777033
741,256_50_23427,0.2893371,0.7086135,0.0013974127,0.00701933,0.6280205,0.14457363,0.98808926
742,256_50_20459,0.25194255,0.8228499,0.005930507,0.02934289,0.8808072,0.38049492,0.9605179
743,256_50_6207,0.22887507,0.6264158,0.0037943458,0.010907419,0.94301003,0.4165944,0.9785372
744,256_50_5708,0.2626146,0.8043473,0.00606562,0.026740018,0.8675668,0.38048524,0.96186453
745,256_50_14011,0.48597956,0.47566622,0.0038836,0.012314043,0.14634547,0.09798943,0.96401477
746,256_50_3088,0.41469425,0.62755704,0.0014309365,0.008359059,0.07485358,0.040388357,0.98233116
747,256_50_18271,0.19232363,0.6813917,0.01706531,0.036817554,0.979178,0.65712535,0.9288993
748,256_50_7757,0.21291445,0.6348045,0.010443456,0.023682453,0.96848035,0.5832107,0.95100546
749,256_50_5244,0.19099188,0.520357,0.014666314,0.023667209,0.98472023,0.66916597,0.9409713
750,256_50_9314,0.34016484,0.88098526,0.012393382,0.07187331,0.52459776,0.27206308,0.90672255
751,256_50_16104,0.26413015,0.7572733,0.00392119,0.016938098,0.8523707,0.32560748,0.9738253
752,256_50_6949,0.41341937,0.7552184,0.008031493,0.036622323,0.29227293,0.17504801,0.9315503
753,256_50_10066,0.39703548,0.6591532,0.0013836799,0.008775566,0.0966163,0.045053396,0.9825463
754,256_50_13817,0.15958118,0.5772577,0.026394853,0.04292257,0.9921582,0.75019133,0.89915144
755,256_50_9616,0.15383653,0.8523675,0.07874295,0.20604217,0.9867401,0.76312846,0.70898795
756,256_50_12401,0.22555542,0.5936212,0.0038816675,0.010375988,0.9476213,0.42745912,0.9782633
757,256_50_11511,0.55594385,0.40937725,0.0037810472,0.012395425,0.035565276,0.047243338,0.9599336
758,256_50_6768,0.24380091,0.7698197,0.008292606,0.029294668,0.9255933,0.4771012,0.9560127
759,256_50_23155,0.28093883,0.721692,0.0015673783,0.007769537,0.68474877,0.16598386,0.9872251
760,256_50_11129,0.35153413,0.8766745,0.012011571,0.06980409,0.46997008,0.25204408,0.9064544
761,256_50_16689,0.22007704,0.6369329,0.009703623,0.023568287,0.9626503,0.5607844,0.9521623
762,256_50_10508,0.5069369,0.4336376,0.0035443536,0.010987036,0.10139477,0.078066684,0.96564907
763,256_50_12413,0.4474411,0.7408197,0.0057858145,0.030855699,0.11735371,0.095978476,0.93972766
764,256_50_3510,0.37605926,0.7067284,0.001915756,0.01144197,0.16974062,0.069917865,0.9786902
765,256_50_2483,0.23773621,0.6382638,0.0065668216,0.01752057,0.94085664,0.4738485,0.96528316
766,256_50_3067,0.31895983,0.68210334,0.0009965309,0.005473551,0.37598497,0.081934445,0.9901018
767,256_50_13528,0.43254927,0.7382696,0.0069448743,0.033037785,0.19484438,0.13382591,0.935495
768,256_50_16120,0.29765674,0.7332098,0.0031059033,0.014166119,0.72267264,0.24020615,0.97648084
769,256_50_11061,0.50445896,0.43891627,0.0036356468,0.0112593835,0.10827676,0.08156302,0.965014
770,256_50_15768,0.21944638,0.5396904,0.0044837142,0.010226309,0.95987105,0.46929255,0.9765048
771,256_50_12179,0.3070233,0.7416991,0.0018977888,0.010605986,0.52897686,0.14209484,0.9827101
772,256_50_13766,0.5008273,0.6036795,0.004590875,0.020577861,0.05532762,0.061873104,0.94911
773,256_50_2661,0.34119794,0.74440026,0.0019024062,0.011627343,0.28881067,0.09343256,0.9800322
774,256_50_5763,0.2675772,0.7162726,0.002927937,0.012721726,0.84019345,0.29190478,0.9797079
775,256_50_19944,0.25369558,0.70013064,0.002566658,0.010113976,0.872136,0.2947264,0.98287773
776,256_50_5305,0.38854364,0.5972504,0.0007859474,0.0043586865,0.07043506,0.028822869,0.99090236
777,256_50_7309,0.50687635,0.4357791,0.0039770757,0.012023331,0.116023816,0.08792214,0.96235985
778,256_50_19379,0.25841758,0.81284094,0.0072585503,0.03281779,0.87671775,0.3957859,0.9541593
779,256_50_9602,0.36043873,0.87123215,0.011100626,0.06623886,0.41106972,0.22491379,0.9095485
780,256_50_7348,0.3693592,0.8588873,0.010424559,0.060745418,0.37417164,0.21007314,0.91308564
781,256_50_6149,0.3832719,0.59753376,0.0006780192,0.0039037901,0.065800264,0.02554568,0.99214125
782,256_50_14405,0.31842306,0.7722791,0.016184807,0.052158687,0.83839357,0.47094437,0.90971917
783,256_50_16478,0.26448646,0.72668296,0.0021854423,0.009703889,0.81588864,0.24273439,0.98436695
784,256_50_18444,0.4942891,0.46204862,0.004162681,0.012803682,0.14070408,0.098954365,0.9614389
785,256_50_21987,0.25559026,0.709159,0.002314341,0.009664711,0.85312045,0.27018356,0.98401237
786,256_50_21433,0.2866709,0.7170696,0.0014788349,0.007436759,0.64380264,0.15150036,0.98760414
787,256_50_15055,0.50727314,0.44500965,0.003473695,0.011170222,0.09400701,0.07444977,0.9656871
788,256_50_16528,0.30312824,0.7804258,0.0027526228,0.016088814,0.58371145,0.17735967,0.9756285
789,256_50_1129,0.23609087,0.64962614,0.0034381482,0.010808625,0.9287846,0.38385728,0.97962785
790,256_50_3475,0.31355345,0.882881,0.020614598,0.09425941,0.76543325,0.43017232,0.8788589
791,256_50_4798,0.22201744,0.5628632,0.004173063,0.010193475,0.9549594,0.45041072,0.97748774
792,256_50_2589,0.15858713,0.6524459,0.03545729,0.061130878,0.99206465,0.7677917,0.8713133
793,256_50_14959,0.26323542,0.71347505,0.0021954984,0.009435368,0.8256736,0.24923728,0.9844034
794,256_50_21592,0.28412202,0.7193564,0.0014989945,0.0075350753,0.658165,0.15583014,0.98753744
795,256_50_6372,0.16764225,0.5652313,0.018141527,0.029619703,0.9908584,0.7208104,0.9317983
796,256_50_1682,0.3012189,0.7036559,0.0011965197,0.0063422835,0.5138226,0.112230755,0.9890582
797,256_50_9476,0.14798747,0.6745738,0.037709273,0.06983543,0.9931819,0.7793613,0.8604425
798,256_50_7946,0.16599518,0.57128483,0.02146574,0.035936642,0.9894611,0.715241,0.9135425
799,256_50_10543,0.50358486,0.5068133,0.0043064933,0.01485879,0.0977704,0.082947835,0.9584054
800,256_50_2857,0.23347092,0.6534998,0.0035010136,0.011012148,0.93190336,0.38942495,0.9794408
801,256_50_21588,0.2914369,0.7130489,0.0013600334,0.0069785207,0.59949654,0.13600951,0.9882384
802,256_50_2476,0.1684778,0.82308936,0.041349158,0.10450571,0.985658,0.74478817,0.84595114
803,256_50_13850,0.32206166,0.68105537,0.0009816404,0.0054748226,0.3492377,0.07745255,0.99007726
804,256_50_7086,0.3658853,0.79118854,0.006850539,0.034931622,0.4370707,0.20305091,0.9422628
805,256_50_21851,0.26625252,0.72822416,0.002078083,0.009432648,0.80100584,0.23053385,0.98485965
806,256_50_4544,0.22429706,0.84545124,0.012978404,0.05047424,0.9532326,0.56956863,0.93746966
807,256_50_9228,0.37060013,0.64348114,0.0011731727,0.006761558,0.1894389,0.061441198,0.98670745
808,256_50_20517,0.23543851,0.7922114,0.008117925,0.03068634,0.93709946,0.4928894,0.95645654
809,256_50_7737,0.44917792,0.65847373,0.0061891465,0.025011936,0.19826408,0.1330542,0.9439822
810,256_50_13043,0.53371364,0.43832675,0.0038482922,0.012653108,0.058034368,0.061097283,0.9606904
811,256_50_4938,0.22609116,0.5951005,0.003864753,0.010333623,0.9468239,0.42545906,0.97835815
812,256_50_1706,0.19148241,0.6348468,0.014638956,0.030493306,0.9790614,0.64099514,0.9358728
813,256_50_5625,0.19038665,0.67696166,0.014238794,0.03229655,0.97965664,0.6484302,0.9382544
814,256_50_9954,0.5243861,0.42432946,0.0037960745,0.011834191,0.07797925,0.07047586,0.96237123
815,256_50_8211,0.33337143,0.8766112,0.0159847,0.08066939,0.6433039,0.34337252,0.8927584
816,256_50_2669,0.49184972,0.46501118,0.0041785995,0.0128500415,0.1474554,0.10143503,0.9613981
817,256_50_10660,0.48515683,0.51326984,0.004514742,0.014842516,0.15325572,0.10660382,0.95893234
818,256_50_15727,0.21315661,0.59121096,0.009753019,0.020418609,0.97051626,0.5846538,0.95554507
819,256_50_4044,0.32791096,0.6727139,0.00093792606,0.0052204644,0.31531245,0.07100283,0.99037313
820,256_50_17034,0.20963788,0.77202815,0.016507138,0.047525983,0.96526825,0.6141536,0.9243585
821,256_50_13792,0.32968733,0.7275814,0.0018238385,0.010326598,0.37502772,0.11086152,0.9820888
822,256_50_15271,0.35043284,0.749165,0.002560605,0.015048367,0.32574818,0.11391023,0.9744299
823,256_50_15276,0.49465442,0.46596792,0.004158729,0.012947241,0.13757576,0.09773924,0.96124476
824,256_50_10440,0.19864221,0.46679917,0.0127198035,0.019871721,0.9831601,0.64767677,0.9461844
825,256_50_5777,0.23299162,0.6460765,0.0035866974,0.011002146,0.93471104,0.39682516,0.9791374
826,256_50_9692,0.5199303,0.4551526,0.0039817803,0.012990786,0.078753985,0.07236819,0.9606346
827,256_50_12193,0.52020764,0.42908806,0.0038295065,0.011918362,0.08523316,0.07400444,0.9623624
828,256_50_20509,0.21925524,0.83328146,0.010934645,0.04176097,0.9511145,0.5464938,0.9466652
829,256_50_13087,0.34478733,0.86550665,0.014848624,0.0738681,0.5955102,0.3180224,0.89768946
830,256_50_7327,0.51894474,0.48800847,0.0041840775,0.01450949,0.07101959,0.06982116,0.9581976
831,256_50_23275,0.27869064,0.72205114,0.0016745522,0.008097514,0.7120818,0.17907876,0.9867048
832,256_50_9345,0.19547197,0.5722093,0.0149203185,0.027404835,0.9809198,0.650523,0.93493783
833,256_50_1322,0.35538816,0.8669338,0.011681339,0.06598816,0.47389066,0.25134403,0.90839744
834,256_50_9845,0.4973839,0.59169555,0.0049960106,0.020515006,0.07412908,0.07482317,0.9483637
835,256_50_4008,0.17964399,0.7748019,0.027304426,0.065989725,0.98364407,0.71255755,0.89171374
836,256_50_3751,0.19509122,0.8405336,0.025680363,0.07854726,0.9693159,0.6545329,0.89024115
837,256_50_13402,0.22264987,0.5672988,0.0041642347,0.010299387,0.9539312,0.44805846,0.97741985
838,256_50_19897,0.28866872,0.75144666,0.0009588398,0.006256227,0.4271886,0.084210865,0.990611
839,256_50_21053,0.23659158,0.6291241,0.0032651331,0.009960033,0.92803127,0.37681204,0.98041075
840,256_50_16322,0.47548494,0.54773426,0.001901273,0.009291142,0.04323078,0.03541523,0.9766036
841,256_50_11788,0.53831553,0.41524407,0.0037324347,0.011893327,0.05534684,0.058838382,0.96166307
842,256_50_21295,0.29249325,0.71168894,0.0013672241,0.006984792,0.5968147,0.13594863,0.9881742
843,256_50_19965,0.22472207,0.7349495,0.010337789,0.032444708,0.9529304,0.5383877,0.94437647
844,256_50_7545,0.46353456,0.49448198,0.001269789,0.0060613994,0.036809076,0.027304312,0.98452723
845,256_50_10883,0.242495,0.6854308,0.0029373446,0.01050103,0.90368843,0.3347491,0.9814262
846,256_50_245,0.24055225,0.88505995,0.010664382,0.054562993,0.89810437,0.45372066,0.940128
847,256_50_1184,0.34832323,0.8774641,0.0123361815,0.07140827,0.49449155,0.26059937,0.9046666
848,256_50_6258,0.17440456,0.57603884,0.019279458,0.03217557,0.98856676,0.7080928,0.92518747
849,256_50_9884,0.20600912,0.7460758,0.013362658,0.03703243,0.9672124,0.6002354,0.93873537
850,256_50_2787,0.35666347,0.6347541,0.00086133013,0.0048149982,0.17989142,0.049906146,0.9905222
851,256_50_17786,0.22930625,0.6188406,0.003766335,0.010680806,0.9442322,0.41859284,0.97873
852,256_50_12402,0.22873756,0.62178594,0.0038411114,0.01090709,0.94376343,0.41947433,0.97833484
853,256_50_8215,0.15550777,0.6268874,0.027883857,0.047592282,0.99259925,0.7593476,0.89840716
854,256_50_17966,0.5095959,0.4427981,0.0038495883,0.012025636,0.10289706,0.08150324,0.96286577
855,256_50_14251,0.2312916,0.6511431,0.0038104865,0.011557964,0.9390427,0.41070724,0.97834367
856,256_50_4531,0.15601522,0.5711247,0.027722824,0.0449156,0.9930194,0.75786936,0.89418465
857,256_50_20833,0.35858727,0.6376057,0.00081685756,0.004687732,0.161532,0.04497486,0.9907843
858,256_50_11683,0.37048513,0.8555985,0.010215021,0.05916238,0.3745184,0.20874201,0.9145154
859,256_50_19150,0.38686606,0.6083454,0.00133289,0.00730966,0.1946572,0.067275815,0.98477143
860,256_50_9623,0.19332638,0.6305203,0.0157216,0.031585168,0.9811621,0.6634676,0.9338425
861,256_50_4151,0.27720246,0.84912854,0.025544573,0.08913647,0.9035685,0.56712437,0.873616
862,256_50_13713,0.25832984,0.81367576,0.0039099087,0.019857623,0.8313773,0.30383033,0.9737293
863,256_50_6219,0.22160572,0.5348313,0.004192659,0.009668034,0.9566141,0.45372143,0.97752255
864,256_50_9672,0.52118427,0.42311126,0.0038153531,0.011743301,0.08594105,0.074145705,0.96258104
865,256_50_10843,0.37140223,0.81240994,0.011424062,0.05175869,0.5109782,0.27070883,0.91638416
866,256_50_21899,0.25938058,0.7060805,0.0022721651,0.009481579,0.8427644,0.26242012,0.98414755
867,256_50_14609,0.36816874,0.860633,0.010552684,0.061705798,0.37807673,0.21211764,0.91244143
868,256_50_14380,0.19112922,0.5413326,0.0140977455,0.02407152,0.9838411,0.66481733,0.9424592
869,256_50_23018,0.28785184,0.71607566,0.0014368362,0.007288601,0.6306012,0.14651957,0.9878293
870,256_50_4298,0.16890344,0.70611423,0.026900029,0.05281278,0.98784524,0.7280361,0.90026623
871,256_50_13264,0.22314501,0.55667263,0.004095895,0.009957973,0.95127505,0.4382665,0.97759694
872,256_50_7268,0.39489526,0.595525,0.0007822423,0.0045166933,0.07033465,0.028063126,0.99052495
873,256_50_20453,0.36488968,0.6320815,0.0008028514,0.0046574436,0.13750562,0.04072392,0.99076045
874,256_50_9095,0.43251333,0.627751,0.0017165134,0.009851741,0.06697862,0.040984526,0.9781935
875,256_50_282,0.17094061,0.6061113,0.020543547,0.037453376,0.9884006,0.7104891,0.91499156
876,256_50_7730,0.47506022,0.49760097,0.0040264037,0.012894046,0.1745483,0.10875682,0.9636356
877,256_50_12661,0.48070863,0.6520917,0.004861836,0.023311865,0.071031906,0.07104637,0.94651634
878,256_50_7722,0.50737226,0.44215187,0.0039951135,0.01226313,0.11128079,0.086318426,0.96194845
879,256_50_8732,0.3862874,0.8404457,0.009105214,0.05289297,0.29464862,0.17677642,0.91968805
880,256_50_15694,0.28846163,0.7472797,0.0037125545,0.016656073,0.7838562,0.28232384,0.9735153
881,256_50_1859,0.21731155,0.5371113,0.0090116905,0.017345827,0.97057456,0.5755423,0.9583694
882,256_50_13244,0.46219245,0.64484596,0.0058737965,0.024024997,0.15270595,0.114096,0.94470096
883,256_50_20538,0.2360831,0.64521766,0.0033702767,0.01053913,0.92839277,0.3808406,0.97994447
884,256_50_8709,0.5180056,0.44700754,0.003961719,0.012645569,0.08507436,0.075104326,0.9610516
885,256_50_3909,0.40527233,0.58118665,0.00083245727,0.0046849432,0.06253534,0.027565768,0.9899042
886,256_50_1445,0.1956577,0.5821773,0.012250722,0.023465067,0.98092604,0.6396707,0.947338
887,256_50_20447,0.22829896,0.79305834,0.011042235,0.03950418,0.9468483,0.53755206,0.94192046
888,256_50_22759,0.30188426,0.70087683,0.0012014518,0.0063474453,0.5141576,0.11272955,0.9889964
889,256_50_917,0.23057368,0.5975068,0.0074633597,0.01789861,0.95376575,0.5125893,0.9612572
890,256_50_3608,0.20769133,0.8914755,0.022831071,0.08878882,0.9620515,0.63994277,0.9061111
891,256_50_541,0.3251297,0.6770778,0.0009782391,0.00539752,0.3387284,0.075872146,0.9901164
892,256_50_12917,0.55851954,0.39661425,0.0037404082,0.01201992,0.034876082,0.04656774,0.9603814
893,256_50_4334,0.3272957,0.67513704,0.00093433034,0.0052492465,0.31196102,0.07035268,0.9903735
894,256_50_16001,0.1747983,0.6393211,0.020469965,0.03848847,0.986948,0.7041363,0.9178042
895,256_50_3749,0.253807,0.82347506,0.00591203,0.027860984,0.87006545,0.3746544,0.96381354
896,256_50_14697,0.30934396,0.8380598,0.019616434,0.073248014,0.838342,0.48454592,0.8929475
897,256_50_17774,0.5028181,0.46064338,0.0041010487,0.012872204,0.11794305,0.08979671,0.96119803
898,256_50_14569,0.40401217,0.7259019,0.0027112062,0.015252338,0.13140748,0.072049454,0.97120947
899,256_50_9571,0.32641748,0.8089797,0.016521133,0.06015195,0.79687375,0.44141915,0.9043697
900,256_50_737,0.15246323,0.7275185,0.042909697,0.089399934,0.9906046,0.7539376,0.833563
901,256_50_22430,0.2210896,0.5268547,0.004202679,0.009532556,0.95746976,0.45569983,0.9775213
902,256_50_12316,0.40663186,0.63469756,0.0013724692,0.008219183,0.081589706,0.04130885,0.9831746
903,256_50_7212,0.29802194,0.8081456,0.018795073,0.06261685,0.8738881,0.51225734,0.9005181
904,256_50_19411,0.3180746,0.7225345,0.002721486,0.014385419,0.59721845,0.18871608,0.9758655
905,256_50_19215,0.2625863,0.7845267,0.00685693,0.030119823,0.8876307,0.4171384,0.9570292
906,256_50_17593,0.28465125,0.7111569,0.0015271584,0.0074475054,0.6749753,0.1624317,0.98744816
907,256_50_6818,0.16462985,0.68905735,0.02742923,0.051381372,0.9888892,0.7297466,0.89796233
908,256_50_49,0.26627746,0.7812061,0.0062522795,0.02624934,0.8749618,0.3942885,0.96042234
909,256_50_4414,0.16623567,0.6663016,0.029279863,0.05590347,0.9886585,0.7314552,0.8830123
910,256_50_11967,0.34465253,0.8760219,0.011767685,0.06829761,0.4967997,0.2588494,0.9096398
911,256_50_8306,0.37146208,0.8555475,0.010206761,0.05930438,0.3664616,0.20617104,0.9142666
912,256_50_18231,0.48848554,0.5443369,0.0019474418,0.009373886,0.026900226,0.028369464,0.97691435
913,256_50_20219,0.22500448,0.5450885,0.0038594985,0.009333651,0.9507933,0.43234858,0.9786016
914,256_50_5426,0.29794386,0.8919692,0.02437917,0.107478485,0.825921,0.4858095,0.8675908
915,256_50_4732,0.4199842,0.64872396,0.0069879843,0.024544125,0.38278934,0.20210396,0.9450325
916,256_50_4835,0.31357026,0.7944103,0.01841699,0.061550137,0.84626377,0.48864883,0.89923805
917,256_50_6063,0.17989448,0.6299691,0.010619826,0.021675764,0.98409724,0.63597786,0.9578903
918,256_50_13885,0.50843596,0.51455945,0.004432915,0.015737627,0.08197478,0.07657981,0.9560139
919,256_50_20836,0.29530132,0.71446097,0.0026038392,0.012223121,0.7280363,0.22595768,0.9798269
920,256_50_20067,0.31956735,0.68144155,0.0009869998,0.0054368377,0.3700943,0.080677,0.9901596
921,256_50_21685,0.329016,0.7082156,0.0010113539,0.00614631,0.23073357,0.06100504,0.98925346
922,256_50_13297,0.393539,0.59681267,0.00079473417,0.004572868,0.07482798,0.029301867,0.9903937
923,256_50_8202,0.34552667,0.87408173,0.013580962,0.07387216,0.54593366,0.2885498,0.9003826
924,256_50_7634,0.15063278,0.6650428,0.038667776,0.069422334,0.9929818,0.77620703,0.85775965
925,256_50_4818,0.23066716,0.8464182,0.009054575,0.03937069,0.93103296,0.48432836,0.95193875
926,256_50_9739,0.31259313,0.8784264,0.020336676,0.09083231,0.7773089,0.43714172,0.8817635
927,256_50_18884,0.52304435,0.4203267,0.0029422375,0.009712756,0.056058683,0.053051654,0.9694858
928,256_50_10216,0.5306229,0.41276067,0.002579558,0.008762559,0.037552103,0.04053433,0.972474
929,256_50_1480,0.19827256,0.55629474,0.012799633,0.023411352,0.97995114,0.6352725,0.9449756
930,256_50_5447,0.40448195,0.59181166,0.00089659967,0.005075472,0.06282104,0.028918963,0.9892106
931,256_50_10512,0.51299775,0.42781702,0.0039428775,0.011894527,0.10384423,0.082838364,0.9622891
932,256_50_17582,0.20894724,0.60225934,0.011123419,0.024360271,0.9724711,0.59887606,0.94579697
933,256_50_19057,0.27158123,0.78398967,0.0038132495,0.018338848,0.80006355,0.28755313,0.9723786
934,256_50_3623,0.30595478,0.6936543,0.0011334885,0.0059989537,0.4846633,0.10473867,0.98942333
935,256_50_21790,0.27258837,0.72549397,0.0018696623,0.008749544,0.759823,0.20416386,0.9858065
936,256_50_17016,0.27014363,0.74712676,0.004102179,0.017404713,0.850589,0.3315955,0.973092
937,256_50_17856,0.22881109,0.6430234,0.0040085833,0.0117301745,0.9444765,0.42585835,0.97769314
938,256_50_4423,0.23777638,0.6676043,0.003397973,0.011155764,0.92389196,0.37573117,0.97971344
939,256_50_4075,0.3133771,0.6873871,0.0010560508,0.005702578,0.4227982,0.09149032,0.98979914
940,256_50_16603,0.4726648,0.59417003,0.0053354437,0.019963594,0.15131386,0.11120161,0.95059776
941,256_50_18755,0.4845553,0.48883477,0.0039272495,0.01267956,0.14696728,0.098484345,0.9635119
942,256_50_8830,0.38224927,0.6940428,0.0018098932,0.010797002,0.14674604,0.06360247,0.97918165
943,256_50_17349,0.33258757,0.7334912,0.0019012106,0.010717578,0.37708727,0.111563206,0.9814082
944,256_50_8476,0.16921248,0.7088691,0.023055747,0.045749363,0.9875042,0.7172079,0.9155929
945,256_50_5529,0.20615157,0.5063077,0.01140896,0.0197253,0.9787214,0.62486607,0.95000815
946,256_50_10560,0.35679996,0.87112874,0.01145205,0.06647534,0.4444947,0.2400602,0.90891844
947,256_50_10975,0.3914226,0.83125854,0.008618204,0.0495456,0.27966988,0.16882469,0.92276484
948,256_50_10361,0.5106055,0.4317991,0.0039779507,0.012009109,0.10880691,0.08512023,0.96209675
949,256_50_22304,0.22640787,0.7576874,0.003391222,0.013976545,0.91945326,0.36231875,0.9799881
950,256_50_9881,0.2251661,0.90034354,0.015436078,0.07231056,0.9341634,0.5385018,0.92360204
951,256_50_11881,0.3414977,0.65842956,0.0008458783,0.0048580305,0.22541834,0.055017103,0.99080044
952,256_50_15537,0.27071074,0.82333606,0.004026027,0.021733295,0.7586756,0.26522914,0.97151214
953,256_50_12338,0.53453845,0.42759192,0.0038310785,0.012334195,0.059467923,0.06177433,0.9610147
954,256_50_9557,0.47166866,0.63825566,0.005614131,0.023511166,0.121130295,0.09949978,0.9451686
955,256_50_11313,0.41176984,0.6760138,0.0075857653,0.027644156,0.4058507,0.21366468,0.94072706
956,256_50_3263,0.18053035,0.48667192,0.017835194,0.02676829,0.9880212,0.69585806,0.9270291
957,256_50_12057,0.48662588,0.46954772,0.0042037726,0.012849442,0.16095471,0.1063379,0.96167725
958,256_50_8339,0.17546816,0.6117737,0.0206124,0.035798747,0.98802185,0.7120615,0.9210912
959,256_50_10286,0.3355697,0.87948996,0.015255476,0.08011311,0.6121749,0.32460842,0.89415586
960,256_50_21766,0.23345776,0.6574415,0.0036607557,0.011433733,0.93406284,0.39830586,0.97882026
961,256_50_7668,0.1682083,0.6423168,0.024511548,0.04467087,0.9897182,0.7355448,0.90801924
962,256_50_3246,0.21944779,0.5421643,0.004451772,0.010216916,0.95961237,0.46777776,0.9766268
963,256_50_16657,0.2959471,0.75797236,0.0024419194,0.012860787,0.6254861,0.18502626,0.9799153
964,256_50_12232,0.36492386,0.8626587,0.010456054,0.061539587,0.39845002,0.21704426,0.91323024
965,256_50_13860,0.3992462,0.67631286,0.0016747611,0.010127232,0.099167734,0.04994394,0.9800781
966,256_50_21120,0.22341175,0.5339673,0.0039838385,0.009323806,0.9537678,0.44182384,0.9782339
967,256_50_6910,0.4520559,0.5319932,0.004825449,0.015087947,0.2731889,0.14842927,0.95970184
968,256_50_9368,0.42849812,0.5841068,0.0013352088,0.0075818286,0.06737974,0.037967037,0.9829967
969,256_50_13651,0.21729659,0.832434,0.015772432,0.055909157,0.9587563,0.60072666,0.9276074
970,256_50_787,0.18333592,0.7445993,0.021935305,0.053622007,0.97900957,0.66961354,0.90462863
971,256_50_6473,0.23933761,0.70254475,0.0025305275,0.010016682,0.8978425,0.31324625,0.9837907
972,256_50_22729,0.23014791,0.59779245,0.0036893808,0.0100764455,0.9437048,0.41464117,0.97903216
973,256_50_17523,0.299038,0.7021869,0.0012206068,0.006385682,0.538071,0.11784874,0.988962
974,256_50_19235,0.50673413,0.43837386,0.003933628,0.01199654,0.11308428,0.08640087,0.96258616
975,256_50_14863,0.34737796,0.8562291,0.01445158,0.06944471,0.60059047,0.31951866,0.90111536
976,256_50_15561,0.3175443,0.7568121,0.0026534393,0.014499212,0.5100296,0.15846007,0.9768163
977,256_50_16513,0.5389124,0.431505,0.0038183408,0.012553188,0.051974397,0.05757386,0.96061534
978,256_50_12962,0.44463438,0.5723034,0.0057753567,0.018541029,0.30750582,0.16892609,0.9532734
979,256_50_1162,0.17029263,0.6268926,0.027334495,0.048656505,0.98896784,0.73240435,0.89158267
980,256_50_489,0.17525308,0.6158837,0.021563532,0.039189298,0.98656195,0.6991692,0.9127594
981,256_50_3159,0.18848832,0.67479557,0.017678706,0.037514076,0.98228973,0.6779025,0.9265704
982,256_50_18065,0.23415007,0.6584296,0.0036232276,0.011384285,0.9327708,0.3953252,0.97894716
983,256_50_20635,0.22095086,0.5168072,0.0042508896,0.009414109,0.95878035,0.46025985,0.97740835
984,256_50_9175,0.29341638,0.8838109,0.025096962,0.10404951,0.85559523,0.51575863,0.86821526
985,256_50_15183,0.28993148,0.84525806,0.02256462,0.081304826,0.88208556,0.53410655,0.88339394
986,256_50_6673,0.35122073,0.86455715,0.013105158,0.06922284,0.532767,0.28246805,0.9033465
987,256_50_4047,0.35142606,0.6462476,0.0008222237,0.0047178273,0.1860207,0.04868841,0.9908716
988,256_50_12275,0.40799987,0.79482317,0.00786167,0.041363508,0.25489914,0.1578712,0.9289883
989,256_50_1802,0.34241435,0.65711915,0.00086082885,0.0049153334,0.22651505,0.055872448,0.9906747
990,256_50_16413,0.1814379,0.75025904,0.02433027,0.056631673,0.9809357,0.6948972,0.900943
991,256_50_22348,0.27022514,0.7267217,0.0019269695,0.008954535,0.7743779,0.21235631,0.985535
992,256_50_4070,0.3625126,0.60917526,0.0016135015,0.00794585,0.3958497,0.11395269,0.9832907
993,256_50_19796,0.2695513,0.8113151,0.0043233046,0.022428097,0.8015514,0.29797864,0.9695451
994,256_50_18170,0.46676463,0.4849542,0.0026093556,0.008842263,0.1306377,0.07718162,0.97525376
995,256_50_20217,0.20857044,0.5480291,0.0044129407,0.010247465,0.9648963,0.47592843,0.9776938
996,256_50_14801,0.22193849,0.5672815,0.0041996543,0.01033273,0.9548279,0.450568,0.97732943
997,256_50_2554,0.1982943,0.50699395,0.01255489,0.021178026,0.9822825,0.64659977,0.9460739
998,256_50_20999,0.27691853,0.7220094,0.0017255298,0.00826284,0.72711843,0.18637429,0.98644596
999,256_50_23407,0.27099642,0.7261731,0.0019353837,0.008961343,0.7727761,0.21216395,0.9854908
1000,256_50_21062,0.22337662,0.6499066,0.00792656,0.020726742,0.9559613,0.52226955,0.95918477
1001,256_50_22980,0.21853182,0.5494857,0.0044295616,0.010321415,0.9595787,0.46661684,0.97669625
1002,256_50_20000,0.36623666,0.6062538,0.001292703,0.006441224,0.28650546,0.083577715,0.98646414
1003,256_50_21793,0.2800555,0.7211033,0.0016381713,0.008000015,0.6997231,0.17372255,0.9868389
1004,256_50_18220,0.29255134,0.7113392,0.0013318317,0.006854455,0.59096164,0.13313155,0.9883944
1005,256_50_3265,0.18226273,0.58035684,0.017830793,0.031322382,0.98587835,0.6876832,0.9273065
1006,256_50_15418,0.49536815,0.47097018,0.0042017805,0.01320284,0.13463771,0.097137704,0.96085167
1007,256_50_11718,0.40578577,0.79926604,0.007955737,0.042239256,0.25923124,0.15970537,0.9282592
1008,256_50_11134,0.2542391,0.82410187,0.0049464814,0.024756268,0.862942,0.3482032,0.9680503
1009,256_50_216,0.29565,0.70868367,0.0012838538,0.0066701663,0.5645197,0.12561755,0.98862934
1010,256_50_23201,0.31185335,0.688101,0.0010517536,0.005691474,0.42989403,0.09232771,0.98984855
1011,256_50_20595,0.35406128,0.6422676,0.0008039254,0.0046427096,0.17288992,0.046175383,0.9909711
1012,256_50_21244,0.31084713,0.68877625,0.001069295,0.0057491227,0.44100034,0.09485785,0.9897592
1013,256_50_8844,0.5179671,0.42295125,0.003880169,0.0117976,0.09296983,0.07782631,0.9623676
1014,256_50_4016,0.1563596,0.69000566,0.0373707,0.06792305,0.991927,0.768811,0.8656955
1015,256_50_5647,0.21855116,0.5980728,0.008839004,0.01938178,0.96578616,0.5616459,0.95785844
1016,256_50_7866,0.5411325,0.4320621,0.0038026422,0.012603379,0.04827282,0.05535771,0.9606654
1017,256_50_20156,0.24253567,0.6790138,0.0031055785,0.010818969,0.9102932,0.34952283,0.98076904
1018,256_50_11086,0.54155725,0.4314943,0.0038527092,0.012696627,0.04869237,0.055942368,0.96021587
1019,256_50_9372,0.39866006,0.62744176,0.0011832054,0.007051692,0.090186976,0.04087474,0.9854268
1020,256_50_6170,0.32432142,0.7530281,0.0017901693,0.011312292,0.3606529,0.10403033,0.98179907
1021,256_50_12686,0.19424267,0.5421361,0.017711442,0.029679839,0.9835015,0.679483,0.9255698
1022,256_50_7277,0.37931886,0.67688304,0.0013278105,0.008401235,0.118723266,0.048681017,0.9842961
1023,256_50_17671,0.48192367,0.49719563,0.0044859475,0.014157649,0.17150809,0.11282495,0.9597168
1024,256_50_12572,0.36415806,0.7070788,0.0018143766,0.010790129,0.21584058,0.079356305,0.98025835
1025,256_50_17953,0.5000541,0.4729247,0.0041440963,0.013246279,0.12124941,0.09148147,0.9609051
1026,256_50_6018,0.3323692,0.6666925,0.0008998588,0.0050546713,0.28450423,0.06529293,0.99058074
1027,256_50_10435,0.26044446,0.90175146,0.010997113,0.062342387,0.8359898,0.39325252,0.93246704
1028,256_50_14735,0.547683,0.44553658,0.0039320537,0.013600875,0.037767313,0.049454737,0.95849115
1029,256_50_1733,0.17773362,0.65724665,0.019462198,0.038762793,0.98635733,0.70135146,0.9228949
1030,256_50_1625,0.26605475,0.72802633,0.0020971058,0.009479739,0.80351275,0.23261343,0.98477256
1031,256_50_15435,0.38012707,0.8519984,0.009497423,0.05682075,0.31645373,0.18504706,0.9171586
1032,256_50_8148,0.5455894,0.45409098,0.0039798575,0.01393533,0.038333107,0.05000828,0.9578853
1033,256_50_7684,0.3840566,0.6646279,0.0014723914,0.008697058,0.14010915,0.057101693,0.9828096
1034,256_50_16985,0.5346343,0.4237706,0.0038319177,0.012218285,0.060369264,0.062264573,0.96116394
1035,256_50_22078,0.30899838,0.69451857,0.0011514819,0.006118801,0.46610442,0.10247706,0.98919827
1036,256_50_7952,0.25188494,0.6881711,0.0027504247,0.010353445,0.8847508,0.3132273,0.9820514
1037,256_50_6450,0.41234013,0.6525924,0.0016071905,0.009634672,0.07746813,0.043369062,0.9803166
1038,256_50_10931,0.5011853,0.4438751,0.0034197436,0.010785804,0.105452575,0.07826366,0.96678716
1039,256_50_8402,0.39449403,0.5821012,0.00096095196,0.0053077424,0.09996632,0.03943525,0.98859346
1040,256_50_18649,0.51802695,0.50547695,0.002445639,0.010312295,0.022248155,0.029159794,0.9721967
1041,256_50_1656,0.15668397,0.68056893,0.031174054,0.057099003,0.99134773,0.7553434,0.8861651
1042,256_50_17989,0.5087098,0.47558662,0.0042128745,0.013726451,0.09986894,0.083623044,0.95963806
1043,256_50_5072,0.21729389,0.53065705,0.0046925135,0.010348575,0.96229637,0.47895974,0.97584313
1044,256_50_13153,0.3513971,0.647875,0.00083862647,0.004844,0.18632184,0.049307086,0.9906533
1045,256_50_20135,0.3551359,0.64316154,0.0008048843,0.004666172,0.16721897,0.045314483,0.99092615
1046,256_50_16362,0.4364594,0.63994116,0.0064272163,0.023477232,0.28764433,0.16640942,0.9462921
1047,256_50_16089,0.5197922,0.43054172,0.0038726085,0.012040834,0.08660533,0.07498433,0.96203816
1048,256_50_19911,0.2756645,0.8075604,0.0041450704,0.0216469,0.7818449,0.28061637,0.97036695
1049,256_50_17871,0.21702075,0.52283955,0.004759311,0.010289355,0.9629131,0.48184648,0.9756521
1050,256_50_23237,0.30908155,0.69406646,0.0010932544,0.005914424,0.44897103,0.096971534,0.9895837
1051,256_50_4993,0.1893741,0.64958316,0.015773142,0.03238713,0.9826681,0.6719856,0.9350298
1052,256_50_16681,0.24334098,0.60366285,0.0062217168,0.015727371,0.94017845,0.47113153,0.9666313
1053,256_50_14343,0.3806261,0.84687847,0.009520475,0.05537898,0.31982598,0.18735385,0.9175899
1054,256_50_1751,0.18259619,0.73343843,0.024686407,0.05515839,0.9826828,0.7012636,0.9008789
1055,256_50_18905,0.27313218,0.7244799,0.0018744717,0.008760315,0.75880915,0.20416853,0.9857466
1056,256_50_19615,0.33741072,0.6636739,0.000874819,0.0050007915,0.24875341,0.05936994,0.9906386
1057,256_50_7021,0.49805626,0.45474073,0.0041129924,0.012601955,0.13339898,0.09577014,0.9615794
1058,256_50_12720,0.3105191,0.7622032,0.0025665786,0.014058273,0.5539564,0.16772115,0.9772094
1059,256_50_10571,0.35527137,0.8730841,0.011706275,0.068383336,0.44238085,0.23973161,0.90707177
1060,256_50_7308,0.50826705,0.43337378,0.003920395,0.011872567,0.111777596,0.08575368,0.96271616
1061,256_50_12353,0.54822236,0.41613013,0.003798104,0.012373333,0.043059606,0.05221704,0.96030635
1062,256_50_9224,0.33349213,0.66796815,0.0009089858,0.005129286,0.276892,0.064592615,0.99045753
1063,256_50_23327,0.22142895,0.508847,0.004211854,0.009221979,0.95917434,0.46037647,0.9776349
1064,256_50_1483,0.2636075,0.7112487,0.0021331294,0.0092123505,0.82061934,0.24385704,0.98472613
1065,256_50_11524,0.3396204,0.7606591,0.0028639105,0.016059551,0.41108617,0.13866052,0.97361696
1066,256_50_9949,0.51132447,0.4293698,0.0039407453,0.011891388,0.106920995,0.08406064,0.96240735
1067,256_50_15345,0.26061824,0.74392897,0.0036877794,0.015586209,0.8700715,0.3366915,0.9762298
1068,256_50_18017,0.23127061,0.6171862,0.0036906695,0.01052204,0.9410499,0.41055655,0.9789063
1069,256_50_22434,0.22372141,0.60356367,0.0042226757,0.011154612,0.95216435,0.4469314,0.97711474
1070,256_50_21484,0.26501667,0.7277637,0.0021301373,0.009561955,0.8096562,0.23715374,0.9846427
1071,256_50_14000,0.51024616,0.45707983,0.0029342738,0.01018675,0.06421125,0.056742337,0.9698842
1072,256_50_19045,0.18119644,0.71848047,0.021814525,0.04850081,0.98306286,0.6927307,0.9107181
1073,256_50_2475,0.18619265,0.8758945,0.03651813,0.11540136,0.97836703,0.7206285,0.8618853
1074,256_50_20671,0.28735578,0.71665496,0.0013971858,0.0071423566,0.626099,0.14346142,0.9880866
1075,256_50_402,0.2671256,0.7268147,0.0020782412,0.009390394,0.79947835,0.23013453,0.98484147
1076,256_50_19917,0.3514606,0.64553535,0.0008107821,0.00466907,0.18344538,0.047908176,0.99096686
1077,256_50_22686,0.27022666,0.7262835,0.0018492893,0.008711273,0.7669981,0.20568356,0.9859265
1078,256_50_10687,0.5463476,0.48235002,0.0042150253,0.015742252,0.031199157,0.04559306,0.9539406
1079,256_50_13387,0.45926926,0.7164502,0.0054389834,0.02823825,0.099694036,0.087030195,0.9422344
1080,256_50_12143,0.19397072,0.5342442,0.011604923,0.020170335,0.98263264,0.63933134,0.95187575
1081,256_50_2349,0.35735157,0.73966795,0.011249667,0.039241444,0.6856469,0.3481049,0.92649794
1082,256_50_11921,0.5294911,0.4177609,0.0037839168,0.011790821,0.07076195,0.06703311,0.962171
1083,256_50_11069,0.5205405,0.4161461,0.0038433487,0.01159229,0.08986835,0.07615753,0.9626516
1084,256_50_17853,0.21035029,0.6677617,0.009614445,0.023971701,0.9678582,0.57289004,0.95444614
1085,256_50_18477,0.5068111,0.44302157,0.004065982,0.012431076,0.114590645,0.08829912,0.96145475
1086,256_50_24,0.28904706,0.7655082,0.0025170709,0.013403294,0.68570864,0.2013009,0.9796347
1087,256_50_20832,0.33620262,0.6631858,0.0009074251,0.005077411,0.2691208,0.06358166,0.9904593
1088,256_50_13151,0.33314303,0.6654857,0.0008791261,0.0049663293,0.27535978,0.06318515,0.9907335
1089,256_50_5287,0.18033035,0.8599994,0.03771129,0.11290108,0.9807077,0.7283199,0.85460347
1090,256_50_14355,0.5043284,0.44652838,0.0038610704,0.011995928,0.11190863,0.08530124,0.96307516
1091,256_50_22849,0.22091027,0.5346034,0.0043252157,0.00987446,0.95777684,0.4596139,0.9770378
1092,256_50_7330,0.4948661,0.53160995,0.0045468407,0.016099151,0.108907826,0.089196384,0.9561852
1093,256_50_21702,0.24243046,0.67558557,0.0031509749,0.010849872,0.91198194,0.35333264,0.98057634
1094,256_50_5277,0.17625982,0.6420787,0.02365451,0.042330768,0.9867732,0.71257216,0.91079366
1095,256_50_21598,0.26062742,0.635267,0.0045619654,0.014103571,0.9201095,0.41722077,0.9729326
1096,256_50_5928,0.22871688,0.5735797,0.007238278,0.016306715,0.95803106,0.52262497,0.96369106
1097,256_50_22867,0.22025426,0.5872326,0.0042815595,0.0108641535,0.9576913,0.4620284,0.9771657
1098,256_50_23376,0.31470212,0.6708786,0.0008014285,0.004418135,0.31127793,0.065899596,0.9919059
1099,256_50_6677,0.16289763,0.69818795,0.027818799,0.053247117,0.98979634,0.7399695,0.899154
1100,256_50_1729,0.1960784,0.7252783,0.01839157,0.044901315,0.97752404,0.6620689,0.9193692
1101,256_50_17698,0.5114764,0.42789224,0.0036281403,0.011178553,0.097189575,0.07718456,0.9647454
1102,256_50_14067,0.35827458,0.86921924,0.011406305,0.0663676,0.42974448,0.2338106,0.90846974
1103,256_50_3642,0.38108453,0.66046435,0.0013693582,0.008341551,0.14749801,0.056504264,0.98361796
1104,256_50_4962,0.35452023,0.7549843,0.011879769,0.042410653,0.691096,0.35458407,0.9230634
1105,256_50_18323,0.40556157,0.6226651,0.0012210808,0.0072761225,0.07745612,0.038043365,0.98493606
1106,256_50_16302,0.5206329,0.45276755,0.0039671115,0.012910066,0.07859934,0.07216798,0.9606853
1107,256_50_4488,0.2751649,0.7967769,0.00390255,0.020218013,0.7874568,0.27847835,0.97122
1108,256_50_22974,0.31360644,0.6915006,0.0010354586,0.005693431,0.40570202,0.087730125,0.98991627
1109,256_50_4865,0.27460262,0.8686483,0.027467284,0.101333894,0.9015247,0.5695514,0.8652129
1110,256_50_14667,0.21832779,0.58380216,0.004736113,0.0116271395,0.958394,0.4707703,0.97535294
1111,256_50_2717,0.2273753,0.6757227,0.004633132,0.014093954,0.94423604,0.44044834,0.9746047
1112,256_50_18287,0.30379093,0.7017869,0.0011528993,0.0061690477,0.49032515,0.10629218,0.98931164
1113,256_50_23402,0.2308017,0.6366555,0.003760257,0.011151183,0.93994683,0.41085905,0.9785114
1114,256_50_4529,0.20577732,0.53619164,0.006366182,0.012876931,0.9716718,0.5363411,0.96955365
1115,256_50_21185,0.24761483,0.7847146,0.0074827094,0.029462172,0.92264354,0.46644768,0.9575909
1116,256_50_21859,0.26630816,0.72767514,0.0021119176,0.00950788,0.80421615,0.23366874,0.98470414
1117,256_50_9205,0.17959556,0.64603364,0.020395488,0.038801067,0.9860758,0.70124507,0.9182434
1118,256_50_14947,0.22478081,0.5895762,0.003935039,0.010362448,0.94924426,0.43220147,0.97814274
1119,256_50_11273,0.24953523,0.8483277,0.0072124954,0.03556422,0.88756365,0.40489042,0.9559551
1120,256_50_11117,0.43292615,0.76176083,0.0063325725,0.03384613,0.15711054,0.11471124,0.9367876
1121,256_50_23223,0.28443435,0.71425045,0.0015387206,0.0075794356,0.6714278,0.16171794,0.9873081
1122,256_50_19934,0.35918447,0.6935971,0.0013709337,0.008775753,0.20318118,0.0665595,0.98438257
1123,256_50_3778,0.3537232,0.67511946,0.0014323177,0.0082506,0.27356797,0.082669385,0.9846423
1124,256_50_19717,0.4018766,0.6083066,0.0010880403,0.0064914334,0.07902653,0.035942085,0.98639584
1125,256_50_15338,0.5056933,0.45695052,0.0039711553,0.012596337,0.10861817,0.084949784,0.961742
1126,256_50_21408,0.26210707,0.70901793,0.0021659054,0.009257038,0.8278399,0.24919099,0.9845931
1127,256_50_7198,0.48243353,0.5688614,0.005021088,0.018346492,0.13122475,0.10129667,0.9528081
1128,256_50_8169,0.4309301,0.7631601,0.0067674494,0.035261143,0.17286254,0.12350433,0.93440807
1129,256_50_2111,0.4623852,0.56302595,0.0017718441,0.00895638,0.045015816,0.03494106,0.97825396
1130,256_50_18569,0.331633,0.66547215,0.0008953618,0.0050023864,0.2909322,0.06604606,0.99064916
1131,256_50_21345,0.27716008,0.7230958,0.0017274265,0.008305569,0.72439635,0.18533549,0.9864097
1132,256_50_22273,0.25356475,0.7019966,0.0025274195,0.0100606,0.8701738,0.29144582,0.98305386
1133,256_50_14260,0.31348664,0.7046587,0.0034303619,0.015332508,0.7271329,0.2564768,0.973354
1134,256_50_594,0.14952968,0.6244059,0.03295838,0.05627123,0.9936707,0.77179974,0.8768964
1135,256_50_16135,0.2551677,0.70300466,0.0024634849,0.009911139,0.863766,0.2842254,0.98332304
1136,256_50_23450,0.24974914,0.732826,0.005019447,0.019389171,0.9151763,0.41434777,0.97025955
1137,256_50_293,0.18509777,0.51802516,0.0140930135,0.023483424,0.98603743,0.6710748,0.9409902
1138,256_50_12475,0.50235933,0.46896008,0.0041746073,0.0132635925,0.117820166,0.090475075,0.9605544
1139,256_50_9774,0.2640339,0.7144323,0.0021525791,0.00933359,0.82004344,0.24437529,0.9846085
1140,256_50_13126,0.22467881,0.5748383,0.0040830155,0.010312295,0.95166886,0.44178763,0.9776462
1141,256_50_14516,0.1793484,0.5784091,0.018150864,0.030525327,0.98760813,0.702948,0.9291071
1142,256_50_3190,0.36050424,0.81881034,0.012373385,0.05466758,0.5782131,0.30263782,0.91349804
1143,256_50_23183,0.29296052,0.70652544,0.0013414781,0.006828513,0.59727263,0.13520537,0.988337
1144,256_50_4744,0.36759463,0.626166,0.0008281178,0.0047044833,0.13923758,0.041983653,0.99054444
1145,256_50_18184,0.45775452,0.557471,0.0014297407,0.0075866343,0.033727217,0.026790572,0.981937
1146,256_50_6087,0.22096622,0.59093606,0.004229139,0.010863041,0.9564999,0.45785117,0.97731006
1147,256_50_20361,0.22260472,0.59962946,0.0043068943,0.011209651,0.95396054,0.45289168,0.97685474
1148,256_50_6699,0.180786,0.64000285,0.019182278,0.036759775,0.9857407,0.69707495,0.9246684
1149,256_50_20471,0.23972338,0.65185165,0.0031637843,0.010280972,0.9195231,0.36252016,0.980666
1150,256_50_19773,0.35235772,0.7702107,0.002524621,0.016574973,0.25681135,0.09748932,0.97287726
1151,256_50_2005,0.22855115,0.6194901,0.0038645032,0.010901104,0.9444861,0.42158157,0.9782664
1152,256_50_1420,0.44644448,0.55351335,0.0055827387,0.017386464,0.31501734,0.16962276,0.9549728
1153,256_50_3795,0.33560053,0.6638286,0.00092229445,0.0051374245,0.27600425,0.065177344,0.990352
1154,256_50_9024,0.40715903,0.7391981,0.0082210265,0.035117425,0.34618458,0.19560021,0.9323618
1155,256_50_3582,0.15083496,0.64776033,0.03687609,0.06442443,0.9931251,0.77307427,0.8638598
1156,256_50_6460,0.39735433,0.6500571,0.0013905513,0.0086637605,0.11008082,0.04841929,0.9825764
1157,256_50_23459,0.3126243,0.7088245,0.0024856557,0.0121505475,0.64427125,0.19474073,0.97895205
1158,256_50_5815,0.19754165,0.5640467,0.011482195,0.021541817,0.9804348,0.6309227,0.9504739
1159,256_50_17658,0.24444984,0.6700925,0.0028978814,0.010153106,0.9053434,0.33737466,0.98165935
1160,256_50_1850,0.1926968,0.5277427,0.012397643,0.021559412,0.98263115,0.64553314,0.94727445
1161,256_50_5853,0.36717007,0.68237877,0.0013374608,0.008235295,0.16618818,0.05944408,0.98455065
1162,256_50_3693,0.21129902,0.6096901,0.005607797,0.013673655,0.9636204,0.49975586,0.9720029
1163,256_50_21925,0.26636568,0.7247561,0.0020315952,0.009288162,0.7975604,0.22715999,0.985002
1164,256_50_6828,0.16483516,0.60780203,0.024989834,0.0433433,0.9902028,0.73165613,0.90230775
1165,256_50_8320,0.3236823,0.835631,0.005103717,0.030047758,0.5275061,0.20078737,0.95742244
1166,256_50_11938,0.49382505,0.47270337,0.004180344,0.013139537,0.13771056,0.09801632,0.96109396
1167,256_50_22126,0.25322157,0.6997854,0.0025831512,0.010153442,0.8736983,0.29655093,0.98280615
1168,256_50_15631,0.21893065,0.5379742,0.0045637023,0.010309215,0.9602852,0.47145605,0.97621423
1169,256_50_17601,0.49226356,0.47054574,0.004273876,0.013231828,0.14656207,0.102164775,0.96065944
1170,256_50_1975,0.5285766,0.44664425,0.0039303545,0.0128903445,0.06538213,0.06551231,0.96043164
1171,256_50_7626,0.1953394,0.75875294,0.020904424,0.05172411,0.9788169,0.68259215,0.9137324
1172,256_50_22449,0.29733473,0.7034937,0.001354795,0.0069017424,0.5734721,0.13131402,0.98810726
1173,256_50_13697,0.21560895,0.84224427,0.012166491,0.048375554,0.952679,0.55484253,0.94042164
1174,256_50_14672,0.22770691,0.6245963,0.0039730566,0.011209439,0.9454272,0.42693663,0.97786534
1175,256_50_4551,0.21177155,0.70457286,0.012026032,0.03083451,0.9690572,0.6032235,0.94427514
1176,256_50_1985,0.5068739,0.468348,0.00409298,0.013202945,0.104918346,0.08459893,0.9606641
1177,256_50_17401,0.47601503,0.5478004,0.0047678538,0.016442044,0.1659513,0.11276344,0.95697933
1178,256_50_965,0.3464673,0.65192276,0.0008661221,0.0049143005,0.21471485,0.05446951,0.99057686
1179,256_50_5200,0.22086751,0.55592847,0.0044243075,0.010479554,0.95781434,0.46347508,0.9765819
1180,256_50_2668,0.49376157,0.460053,0.004070265,0.01253408,0.14090174,0.09801564,0.9621571
1181,256_50_18014,0.21806243,0.5349578,0.004612522,0.010307168,0.96121323,0.47444,0.97610384
1182,256_50_2407,0.32427806,0.76261955,0.002325676,0.013926109,0.44908598,0.13587666,0.977809
1183,256_50_17240,0.3123114,0.686119,0.0010571067,0.005682376,0.4322809,0.093065396,0.98981476
1184,256_50_6308,0.29139328,0.78002244,0.0034110877,0.017721219,0.6984569,0.23186919,0.9725549
1185,256_50_22843,0.21735623,0.50913197,0.0046499954,0.009852628,0.96359843,0.48148328,0.9761169
1186,256_50_5142,0.19940966,0.8881931,0.029462645,0.104745194,0.9725126,0.68624544,0.8861524
1187,256_50_20520,0.23031044,0.70303756,0.009393793,0.028261736,0.94989467,0.5257125,0.9489048
1188,256_50_11271,0.3484473,0.8278661,0.0138278315,0.059741247,0.64773184,0.3409073,0.908211
1189,256_50_11768,0.512034,0.43596965,0.0039443127,0.01211639,0.10229753,0.08223573,0.96207255
1190,256_50_977,0.2240788,0.57258093,0.0040130923,0.010124011,0.95170146,0.4394582,0.9779863
1191,256_50_600,0.18113504,0.673276,0.023372047,0.046574,0.98427933,0.703204,0.9069424
1192,256_50_776,0.2166135,0.6168629,0.009459919,0.022184052,0.96514314,0.56160504,0.95311725
1193,256_50_7055,0.4131556,0.6731709,0.0021634127,0.011758529,0.11640121,0.061989985,0.9756507
1194,256_50_4341,0.31264064,0.72360885,0.0010259477,0.006154494,0.34274846,0.07607494,0.9897294
1195,256_50_20711,0.2630592,0.70828956,0.0021502248,0.009195614,0.8245966,0.24682426,0.9846539
1196,256_50_5030,0.35242158,0.6939468,0.0014550352,0.00870998,0.25283125,0.07851942,0.9841764
1197,256_50_10667,0.5380188,0.46528962,0.0040245154,0.0141237015,0.04543663,0.054777786,0.9579843
1198,256_50_11757,0.39887008,0.61462665,0.0012433876,0.007316414,0.11268318,0.047602117,0.9845392
1199,256_50_7633,0.1616557,0.65839714,0.02611228,0.048739113,0.9904971,0.740365,0.90083677
1200,256_50_2216,0.25355968,0.90600044,0.012719319,0.06885174,0.8614563,0.4286823,0.9270561
1201,256_50_20871,0.3324351,0.6691889,0.0008953119,0.005086297,0.27679527,0.06395415,0.9905723
1202,256_50_14126,0.2025536,0.86754173,0.03130773,0.10454446,0.9700809,0.6865067,0.8718801
1203,256_50_1834,0.48245004,0.5050641,0.0046117934,0.014691253,0.17134978,0.11412431,0.95867777
1204,256_50_19124,0.17988338,0.6429751,0.02516229,0.047820672,0.982764,0.68434435,0.89302516
1205,256_50_12461,0.55039436,0.39511162,0.0025968985,0.008949493,0.02247856,0.031057147,0.9716107
1206,256_50_3592,0.32341635,0.8942321,0.014647307,0.08375808,0.6143426,0.31890395,0.8971287
1207,256_50_7395,0.18144956,0.8171148,0.032875724,0.0852882,0.9815207,0.7181054,0.87206286
1208,256_50_17899,0.2551622,0.7689432,0.0044772592,0.019187216,0.88143,0.36105517,0.97084856
1209,256_50_17025,0.27198344,0.72162133,0.0018939972,0.008767739,0.7698051,0.2098565,0.9856553
1210,256_50_18486,0.23131153,0.6507126,0.0038276734,0.011581455,0.93920654,0.4114714,0.9782722
1211,256_50_15911,0.2194045,0.6092054,0.007565202,0.01775832,0.96217763,0.5352201,0.9630966
1212,256_50_20074,0.24974804,0.7769014,0.0065355944,0.026152948,0.91192776,0.44169417,0.96290326
1213,256_50_16242,0.33590776,0.7425196,0.002010877,0.012302118,0.35438174,0.11020953,0.9794806
1214,256_50_2532,0.47789523,0.48736215,0.004380117,0.013477338,0.1849899,0.11621006,0.96093565
1215,256_50_23454,0.32860854,0.67326796,0.000916853,0.0051839137,0.30019245,0.06802706,0.99047476
1216,256_50_13990,0.3143606,0.67771274,0.0019668103,0.009452684,0.6332274,0.17570981,0.98286474
1217,256_50_15928,0.24045071,0.67329824,0.0032234357,0.010934867,0.91659474,0.36095107,0.9803406
1218,256_50_17849,0.52100384,0.46790123,0.00409844,0.013658293,0.07410596,0.07105055,0.9594069
1219,256_50_17705,0.52603984,0.4311523,0.0038178074,0.012148772,0.072052084,0.06790626,0.96168905
1220,256_50_8510,0.16000521,0.6531348,0.031895373,0.05698433,0.9910096,0.7557609,0.8781346
1221,256_50_34,0.25413296,0.6907549,0.0025015872,0.009743141,0.87161416,0.2921775,0.98318416
1222,256_50_15272,0.48736662,0.48216775,0.0035283924,0.011627233,0.12510332,0.086651035,0.96643174
1223,256_50_18288,0.29564762,0.70989907,0.0012897821,0.0067113386,0.5630709,0.12540829,0.9885861
1224,256_50_5294,0.37346858,0.69233423,0.0073397234,0.025857773,0.5745037,0.26601398,0.9480769
1225,256_50_3876,0.17169134,0.71242344,0.028001498,0.05736891,0.98661184,0.72212625,0.89189684
1226,256_50_22502,0.2188844,0.55264074,0.004398546,0.010326403,0.96051127,0.4704567,0.97689945
1227,256_50_4222,0.22556177,0.5827738,0.0039074617,0.0101542855,0.9492551,0.4320273,0.9783119
1228,256_50_22109,0.23290828,0.65811247,0.0036628838,0.011449431,0.93456376,0.39893612,0.9788301
1229,256_50_9977,0.40173203,0.79803973,0.008695105,0.043769754,0.30183062,0.17956357,0.92568475
1230,256_50_22768,0.30240858,0.6984167,0.0011699765,0.0061739585,0.5097661,0.11048025,0.9892378
1231,256_50_17619,0.47519004,0.5681668,0.002351672,0.010846699,0.05114236,0.04411551,0.97294015
1232,256_50_8395,0.49571288,0.442306,0.003614881,0.011041413,0.12803477,0.08854871,0.9659503
1233,256_50_5297,0.29402122,0.75578064,0.0024271924,0.012992839,0.6701799,0.19671331,0.9802325
1234,256_50_5124,0.18584564,0.5370405,0.016958572,0.02823678,0.9855601,0.6792671,0.9291294
1235,256_50_13302,0.49359027,0.45278576,0.0025683541,0.008695895,0.07952346,0.059448853,0.97444713
1236,256_50_13983,0.21387492,0.85773826,0.018743023,0.070615016,0.96051866,0.6183978,0.9119895
1237,256_50_20825,0.34403735,0.6535623,0.0008498341,0.0048200777,0.22249,0.05489508,0.9907884
1238,256_50_14702,0.30454662,0.8452441,0.021523878,0.07981825,0.85186934,0.50382936,0.885489
1239,256_50_11574,0.397575,0.79871863,0.009046783,0.044497747,0.33277947,0.19245753,0.9247143
1240,256_50_7156,0.51471335,0.42002296,0.003782815,0.011382655,0.09911019,0.07940598,0.96358085
1241,256_50_16140,0.26594695,0.7272992,0.0021191472,0.00952383,0.80613315,0.23501867,0.98467153
1242,256_50_15249,0.32337388,0.83431214,0.017576488,0.06872894,0.7869962,0.43764356,0.89778984
1243,256_50_1801,0.34536397,0.642812,0.0007496936,0.004292394,0.17872778,0.046014976,0.9918029
1244,256_50_1469,0.18602414,0.78149474,0.02334565,0.058412723,0.9803981,0.68922967,0.90743226
1245,256_50_11408,0.35052136,0.8772829,0.012056539,0.07021006,0.47763142,0.2543195,0.9067142
1246,256_50_8084,0.16236399,0.716487,0.031062843,0.061316878,0.9894238,0.7446929,0.8857886
1247,256_50_12053,0.5203171,0.42711496,0.0038530312,0.011912687,0.086933404,0.07490557,0.9622455
1248,256_50_11907,0.5157736,0.42678058,0.003833831,0.011715889,0.0941643,0.077904604,0.96280104
1249,256_50_6125,0.261765,0.85772675,0.030055271,0.099923134,0.92720765,0.6099597,0.862113
1250,256_50_2539,0.49522686,0.4638761,0.0029530227,0.010006389,0.09054035,0.06783819,0.9705437
1251,256_50_14522,0.23058407,0.6345837,0.003733059,0.011025399,0.94007313,0.41014868,0.9787037
1252,256_50_15471,0.19956619,0.62916255,0.012695951,0.027309848,0.97763944,0.62998587,0.9431237
1253,256_50_5392,0.1980428,0.5722054,0.012072271,0.022522088,0.97971344,0.631295,0.9482042
1254,256_50_7870,0.4979929,0.5066103,0.0043424065,0.014744704,0.11320502,0.08977615,0.95878035
1255,256_50_3152,0.17532746,0.6603746,0.021771388,0.042250752,0.9866545,0.7083475,0.9132281
1256,256_50_9642,0.36112726,0.6367045,0.0007959438,0.004627007,0.14566933,0.041714497,0.9908915
1257,256_50_3554,0.22460537,0.5777168,0.0039873268,0.010203467,0.9508789,0.43729806,0.9780131
1258,256_50_20335,0.2995985,0.69850683,0.001225909,0.006340754,0.5431486,0.11929043,0.98894954
1259,256_50_604,0.394069,0.81829846,0.00824227,0.045624413,0.2893603,0.17044137,0.9261854
1260,256_50_11696,0.18534139,0.49008927,0.015178582,0.02355568,0.9872962,0.6835065,0.9390723
1261,256_50_6909,0.4820033,0.49418533,0.004553416,0.014244304,0.17682491,0.1153798,0.9591978
1262,256_50_23086,0.28453398,0.71839625,0.0014904097,0.007485528,0.65671587,0.15523243,0.98757964
1263,256_50_5845,0.32454056,0.8938164,0.014514264,0.08315017,0.6095232,0.31595978,0.89758784
1264,256_50_5827,0.16812402,0.58376,0.024150716,0.041172847,0.98947746,0.72263116,0.90267545
1265,256_50_18311,0.4998333,0.4777343,0.0027178945,0.009804677,0.065909706,0.055301584,0.9722074
1266,256_50_7157,0.5102051,0.42584178,0.0035968546,0.010992623,0.09969552,0.07789095,0.9652263
1267,256_50_16414,0.16538532,0.7611497,0.02785768,0.061442457,0.986334,0.7197162,0.89343786
1268,256_50_12648,0.39457065,0.8330008,0.00837711,0.04939257,0.25932112,0.1601489,0.9236358
1269,256_50_5639,0.21952908,0.62276757,0.009413607,0.02203306,0.9646842,0.5669873,0.95431376
1270,256_50_4648,0.21874422,0.5370881,0.0045410953,0.01025002,0.96065056,0.47215268,0.97634196
1271,256_50_7255,0.23210199,0.89165395,0.013256031,0.065003335,0.9188718,0.5022215,0.92995346
1272,256_50_21334,0.26774028,0.7272411,0.0020481523,0.009322137,0.7943432,0.22635542,0.98497653
1273,256_50_5831,0.16651012,0.60016346,0.025407394,0.04467087,0.98955905,0.7277446,0.89473456
1274,256_50_3295,0.2834016,0.8483556,0.021316638,0.07697696,0.8900854,0.5353988,0.89154446
1275,256_50_19669,0.25747335,0.70354575,0.0023679086,0.009690774,0.8539612,0.27383763,0.98369455
1276,256_50_17351,0.3812133,0.68666744,0.0018925034,0.0110142045,0.17382254,0.07239495,0.9786314
1277,256_50_8901,0.36011246,0.8665404,0.01129967,0.06521166,0.4357665,0.2354953,0.9092027
1278,256_50_11500,0.35783094,0.71488476,0.0016528101,0.010662862,0.21971099,0.07492472,0.9812821
1279,256_50_3054,0.3301376,0.88820493,0.015054963,0.08299921,0.61499286,0.32287455,0.89417493
1280,256_50_23526,0.3637523,0.65891844,0.0013016019,0.0074115153,0.22704554,0.069986165,0.9852985
1281,256_50_7434,0.44230473,0.61148965,0.0017465675,0.009229915,0.061576087,0.040237796,0.97930133
1282,256_50_1665,0.30478966,0.69467306,0.0011448071,0.006052589,0.49332252,0.10666917,0.9893582
1283,256_50_6155,0.4115767,0.6338934,0.0015017134,0.009097215,0.088603996,0.045091234,0.98089576
1284,256_50_16683,0.264452,0.7128486,0.0021529489,0.009297263,0.8193778,0.2441412,0.9846059
1285,256_50_13439,0.38733324,0.6579685,0.0012139746,0.007485298,0.09700595,0.042267844,0.9853101
1286,256_50_20545,0.3371322,0.66220003,0.0008620971,0.0049049472,0.25120527,0.059223354,0.9907952
1287,256_50_6601,0.5055128,0.4398943,0.003940519,0.012030016,0.11601095,0.08756813,0.9625902
1288,256_50_2170,0.16463372,0.6588119,0.02365473,0.043587636,0.98810697,0.7142435,0.9102468
1289,256_50_22909,0.22144161,0.5558829,0.0042540515,0.01017981,0.9563016,0.45536083,0.97723114
1290,256_50_16555,0.17660365,0.7548623,0.027036889,0.062821776,0.98389316,0.7071578,0.8901958
1291,256_50_12016,0.40505266,0.6961746,0.008032769,0.03000148,0.42613676,0.22353928,0.93779236
1292,256_50_19898,0.35026067,0.6495742,0.00078750646,0.0046540964,0.17455553,0.045620944,0.99110705
1293,256_50_12166,0.36386907,0.63111144,0.0007786286,0.0045245597,0.13736223,0.03993479,0.9910334
1294,256_50_11862,0.15933865,0.631995,0.022650111,0.038498636,0.99132514,0.74095935,0.91883266
1295,256_50_23311,0.29995131,0.7029568,0.0012441481,0.0064988616,0.5349641,0.11842078,0.98877513
1296,256_50_22726,0.2358278,0.6328964,0.003336544,0.010185404,0.92955077,0.38126576,0.9801282
1297,256_50_20076,0.16278318,0.49997926,0.020081257,0.030147906,0.99219793,0.73134667,0.92177075
1298,256_50_10735,0.16560625,0.8135119,0.042458754,0.10487929,0.98506284,0.73861367,0.83469844
1299,256_50_9952,0.50637877,0.43815356,0.0039968183,0.012102814,0.116366476,0.08825582,0.962167
1300,256_50_16673,0.43079937,0.6298619,0.006423347,0.022512274,0.33028612,0.18039303,0.9478105
1301,256_50_6676,0.33031797,0.86723924,0.017445108,0.08036784,0.69909626,0.38046223,0.8903635
1302,256_50_20523,0.30886644,0.70712507,0.002064285,0.010685477,0.62715864,0.17519169,0.98183435
1303,256_50_1785,0.2359202,0.90778494,0.01766681,0.08985705,0.9106047,0.5192957,0.9065889
1304,256_50_20518,0.24101907,0.80899024,0.007252684,0.029722987,0.922291,0.457102,0.95971406
1305,256_50_20434,0.2577294,0.70431143,0.0023824798,0.009741346,0.8534693,0.2739562,0.983621
1306,256_50_13400,0.22888711,0.56354016,0.0040833084,0.010192343,0.9490256,0.4383577,0.97739446
1307,256_50_4143,0.2416012,0.7026183,0.0028282674,0.010927516,0.90082455,0.32840827,0.9823255
1308,256_50_16785,0.53327054,0.42812082,0.003835851,0.012303619,0.06110312,0.06267157,0.9610822
1309,256_50_5826,0.153502,0.63251436,0.02958194,0.05346874,0.9922591,0.75547487,0.88364637
1310,256_50_23346,0.25834593,0.7050984,0.0023435727,0.0096685225,0.8497155,0.2699308,0.98379034
1311,256_50_2960,0.29616526,0.8046698,0.0035517514,0.019650834,0.61871773,0.20620002,0.9710488
1312,256_50_13578,0.40478152,0.60884273,0.0012540706,0.007241291,0.10348064,0.0458705,0.9845888
1313,256_50_6558,0.18942745,0.75983,0.01966303,0.049770754,0.97711426,0.6602414,0.9173202
1314,256_50_15305,0.31767285,0.87174183,0.020059709,0.08789601,0.7680127,0.4322718,0.882792
1315,256_50_17060,0.5346994,0.41486302,0.0037234647,0.011741452,0.061287347,0.061885733,0.9621578
1316,256_50_7829,0.2966683,0.79603887,0.0027848524,0.016780982,0.602879,0.18237232,0.97531897
1317,256_50_7931,0.286995,0.8707024,0.025377419,0.097122945,0.8853776,0.5471704,0.8717935
1318,256_50_18553,0.22452876,0.5849569,0.003912093,0.010201502,0.95093656,0.43641317,0.9783628
1319,256_50_21382,0.30234894,0.70613426,0.0011601648,0.0062679863,0.49174753,0.10637053,0.9892489
1320,256_50_14296,0.32091963,0.84051436,0.01850606,0.07262202,0.7927793,0.44582587,0.8935817
1321,256_50_10392,0.5157876,0.48658666,0.0042119003,0.014377551,0.07851823,0.0737534,0.95844615
1322,256_50_19304,0.50949806,0.43707275,0.003366907,0.010746101,0.08734753,0.07079783,0.9666482
1323,256_50_22846,0.21205017,0.5470689,0.0050646765,0.011199249,0.9694164,0.5121801,0.9749204
1324,256_50_19129,0.298254,0.75889134,0.002866867,0.014475648,0.6451896,0.20514362,0.97761554
1325,256_50_6426,0.36552188,0.629809,0.00080305256,0.0046151043,0.13852817,0.04095587,0.9908042
1326,256_50_1636,0.15485838,0.76220787,0.039213005,0.08411098,0.98944175,0.753529,0.8524147
1327,256_50_11289,0.17309357,0.72249985,0.032072645,0.06475034,0.9869645,0.7367814,0.878582
1328,256_50_18740,0.4351548,0.56836593,0.0011582838,0.0066112643,0.046877425,0.02877148,0.9851537
1329,256_50_15402,0.23197296,0.8823344,0.013370336,0.06470362,0.9286312,0.5198225,0.9277804
1330,256_50_18329,0.34813613,0.70932007,0.0015113299,0.008915293,0.25585762,0.079952754,0.9839011
1331,256_50_11359,0.37307024,0.6962784,0.00156258,0.009603755,0.15145673,0.05979206,0.9823146
1332,256_50_1835,0.48367223,0.5047573,0.004552752,0.014602051,0.16500704,0.11134723,0.9589658
1333,256_50_1198,0.25665653,0.7032956,0.002435925,0.009855866,0.8590336,0.27993864,0.9834009
1334,256_50_20231,0.28067908,0.7216003,0.0015978775,0.007852062,0.691122,0.16920936,0.987089
1335,256_50_21232,0.3301812,0.67146647,0.0009063848,0.005129668,0.29118145,0.066290684,0.990529
1336,256_50_3525,0.21767245,0.5271245,0.0047270474,0.010334237,0.9624114,0.48028892,0.97571677
1337,256_50_23472,0.22549815,0.58601207,0.0039564986,0.010331088,0.9492491,0.43330052,0.9780505
1338,256_50_17195,0.39093953,0.7132713,0.00883674,0.032779325,0.5015996,0.25569746,0.93465924
1339,256_50_10556,0.37788603,0.8391162,0.010280564,0.05541665,0.3878602,0.21577348,0.9158888
1340,256_50_1370,0.22468658,0.871877,0.018726412,0.07454581,0.95295364,0.60381424,0.9132018
1341,256_50_12001,0.22889178,0.83268446,0.012276235,0.047561325,0.9434841,0.5428873,0.93868035
1342,256_50_8695,0.5075427,0.44173068,0.0039747194,0.012233858,0.11070134,0.08592882,0.9620569
1343,256_50_3872,0.31196675,0.8932362,0.020735212,0.100144535,0.74781775,0.41734093,0.8758156
1344,256_50_203,0.16939636,0.7055405,0.027441602,0.053601544,0.98689204,0.721213,0.8953546
1345,256_50_17427,0.5128864,0.46885544,0.0040887534,0.013389724,0.091114,0.07872473,0.96022385
1346,256_50_11204,0.5036183,0.44417667,0.004047712,0.012313318,0.12175192,0.09080639,0.9618779
1347,256_50_23465,0.216391,0.5288605,0.004738505,0.010376252,0.9631458,0.48202756,0.9757117
1348,256_50_8999,0.44715542,0.66650397,0.0062972712,0.025756346,0.19962144,0.13405508,0.94297206
1349,256_50_1863,0.2252584,0.6374453,0.0035210117,0.010641099,0.9428378,0.40797845,0.9802546
1350,256_50_2305,0.19754665,0.79693955,0.02226581,0.06211572,0.9762306,0.6783066,0.9055113
1351,256_50_19376,0.5048827,0.43782875,0.002629253,0.008799232,0.066466846,0.05483544,0.9731982
1352,256_50_3572,0.19199048,0.62542784,0.0144808665,0.0283701,0.98155415,0.6557798,0.9399691
1353,256_50_18193,0.43634525,0.6039403,0.0014665793,0.008631169,0.047483742,0.03251014,0.98108965
1354,256_50_11533,0.4732886,0.69859904,0.0050468263,0.026454575,0.071157485,0.07136057,0.944046
1355,256_50_5835,0.15706435,0.59261346,0.025038945,0.041084964,0.99238306,0.7474711,0.90557486
1356,256_50_9405,0.3921811,0.7211443,0.008897665,0.033965636,0.48353806,0.24941789,0.9332744
1357,256_50_21612,0.34453645,0.63855684,0.0007438673,0.0042221043,0.17660545,0.045583855,0.9918429
1358,256_50_11585,0.2154887,0.5210345,0.009619946,0.018273832,0.9722873,0.5847002,0.95516884
1359,256_50_15863,0.2453707,0.6879863,0.0029428727,0.010695614,0.9016595,0.33498108,0.98141325
1360,256_50_874,0.15839016,0.6794182,0.035374906,0.06519938,0.9908687,0.7549585,0.86457336
1361,256_50_20120,0.40637672,0.57951283,0.0008078388,0.004619538,0.055949416,0.025554685,0.99014
1362,256_50_14783,0.3210557,0.7912967,0.0029020566,0.017391449,0.45717266,0.15030695,0.97358173
1363,256_50_23101,0.31701535,0.6865576,0.0010471441,0.0057274927,0.39272362,0.08673762,0.98975146
1364,256_50_5251,0.18919015,0.6382848,0.015297229,0.031158596,0.98121876,0.6573995,0.9357854
1365,256_50_9231,0.3695132,0.6779334,0.0013613546,0.008361019,0.15836655,0.057915412,0.98437923
1366,256_50_6263,0.17522654,0.8157686,0.028503211,0.07342437,0.98240376,0.7104248,0.891311
1367,256_50_1002,0.2472059,0.8363913,0.00727441,0.035336748,0.90031195,0.4210711,0.9555494
1368,256_50_2120,0.4611875,0.5326803,0.0049868645,0.015750233,0.24284881,0.14105368,0.9577952
1369,256_50_7436,0.5141134,0.4216247,0.0034770805,0.010748235,0.08862355,0.07233226,0.9659515
1370,256_50_11183,0.4029568,0.6287992,0.0013077217,0.0075997566,0.092355184,0.04379824,0.98398584
1371,256_50_10663,0.5093741,0.44419917,0.003928445,0.012233257,0.10511947,0.08318093,0.96222246
1372,256_50_11658,0.5200767,0.44227692,0.0039237347,0.012488806,0.081927106,0.07338421,0.96130943
1373,256_50_12418,0.17515802,0.54484373,0.0169696,0.02744684,0.9888743,0.7006652,0.9345
1374,256_50_5808,0.22746739,0.6097779,0.003906901,0.01074348,0.9463388,0.42618042,0.97817105
1375,256_50_4860,0.15787627,0.68076944,0.03598998,0.06467692,0.9912203,0.7634111,0.87062865
1376,256_50_14981,0.2230885,0.8737246,0.010467199,0.048793867,0.93974,0.51436174,0.94632703
1377,256_50_6126,0.17256054,0.78272307,0.026383432,0.06414132,0.98495907,0.7137895,0.8976595
1378,256_50_15390,0.31959772,0.82826805,0.017371409,0.06593078,0.8050712,0.44892696,0.90036917
1379,256_50_23143,0.25369433,0.70179147,0.002524291,0.010047246,0.8698362,0.29112086,0.9830693
1380,256_50_14622,0.35804835,0.8690072,0.011091882,0.064829335,0.43764436,0.23454107,0.9113715
1381,256_50_18965,0.17524795,0.48871407,0.018525662,0.027493237,0.9899893,0.7127311,0.92743367
1382,256_50_18662,0.24763699,0.83050674,0.009148306,0.039495017,0.90910155,0.46317735,0.9484224
1383,256_50_6177,0.42052683,0.6266206,0.001578057,0.009366587,0.06865834,0.040286854,0.97979593
1384,256_50_13009,0.3511193,0.6484404,0.0008183682,0.0047410307,0.18297724,0.048010655,0.99086434
1385,256_50_9807,0.5298466,0.4167518,0.003720169,0.011625381,0.0690728,0.06566136,0.9626499
1386,256_50_16156,0.5284557,0.42450142,0.0038068532,0.012004042,0.07015085,0.06692796,0.96179837
1387,256_50_3664,0.21835485,0.5345831,0.0046312697,0.010341779,0.9611192,0.4748726,0.976004
1388,256_50_680,0.3413051,0.6577535,0.0008641507,0.004910468,0.23459268,0.057062827,0.9906893
1389,256_50_5332,0.40276092,0.6185591,0.0012768217,0.007117057,0.09135897,0.043146554,0.98499763
1390,256_50_688,0.30350837,0.6963426,0.001186563,0.0062133376,0.5097893,0.11151142,0.98911196
1391,256_50_17251,0.51827013,0.46564978,0.0040620277,0.013408648,0.07956989,0.073424995,0.9600661
1392,256_50_15370,0.22783679,0.6397987,0.0041049398,0.011834521,0.94651973,0.432252,0.97736347
1393,256_50_18029,0.47405994,0.51327187,0.004708902,0.014895054,0.19541197,0.12316628,0.9588185
1394,256_50_2362,0.39185435,0.6769547,0.0017123383,0.010320381,0.11799602,0.0563105,0.9798219
1395,256_50_1479,0.16872612,0.6026214,0.022666633,0.03936836,0.9891446,0.7184564,0.9098149
1396,256_50_13231,0.34876135,0.85747594,0.014214098,0.069440424,0.5860673,0.31171343,0.90135854
1397,256_50_2835,0.30979392,0.6953638,0.006216386,0.024564201,0.80210966,0.3416251,0.95356536
1398,256_50_17631,0.4928913,0.45239663,0.0039835447,0.012071254,0.14517835,0.09851441,0.96320367
1399,256_50_13740,0.2951202,0.8557579,0.022901747,0.0860438,0.87136424,0.5263061,0.8808884
1400,256_50_4104,0.2650952,0.781338,0.0059994,0.025576252,0.8805395,0.3941003,0.96276575
1401,256_50_11367,0.5596392,0.40452176,0.003754429,0.01232977,0.032422237,0.044893473,0.95993763
1402,256_50_15744,0.48727393,0.48444864,0.0044084326,0.013772107,0.15928368,0.10795486,0.95995706
1403,256_50_6462,0.5047491,0.43978277,0.00314504,0.010109265,0.08813099,0.06885207,0.9687992
1404,256_50_16771,0.37922847,0.78562135,0.010563385,0.045079466,0.50540537,0.26565263,0.922556
1405,256_50_11844,0.21555214,0.61726856,0.009642715,0.021211658,0.96662295,0.5702283,0.95496476
1406,256_50_8478,0.18917437,0.4880446,0.016677829,0.026588894,0.9851892,0.6714137,0.9279909
1407,256_50_11762,0.5011881,0.45783687,0.004058499,0.012711375,0.12305019,0.091341905,0.96165204
1408,256_50_719,0.17078148,0.7610915,0.045822617,0.107025005,0.9830867,0.7233472,0.8007307
1409,256_50_21908,0.22312829,0.59790117,0.0041244207,0.01084832,0.9533925,0.44819185,0.97757304
1410,256_50_8153,0.55524135,0.4149387,0.0038159417,0.012586781,0.03563841,0.047502633,0.9597295
1411,256_50_22873,0.27005392,0.7274165,0.001925006,0.008959395,0.7739921,0.21197541,0.9855575
1412,256_50_2766,0.28083682,0.8420612,0.023107976,0.081499174,0.89670473,0.5508974,0.88283074
1413,256_50_7142,0.41201666,0.61429304,0.0012478724,0.0069317617,0.07430187,0.038130734,0.9853182
1414,256_50_13031,0.5112555,0.42833975,0.0034083088,0.010704014,0.08938596,0.07198253,0.9665181
1415,256_50_16116,0.35437718,0.65405446,0.0013694336,0.007424791,0.2984926,0.086053304,0.9856678
1416,256_50_5472,0.40345126,0.6288754,0.0013242515,0.00775346,0.08666111,0.04193944,0.9838064
1417,256_50_11672,0.5059064,0.6044454,0.0042904094,0.020254498,0.042451136,0.05253813,0.9499508
1418,256_50_18584,0.51538616,0.42689756,0.0034554699,0.010868114,0.083272055,0.06985134,0.96573323
1419,256_50_1599,0.17075288,0.72418857,0.031348202,0.06363135,0.98718446,0.734536,0.8810927
1420,256_50_18372,0.49249783,0.46586126,0.004043562,0.012609456,0.14015473,0.09747904,0.96238196
1421,256_50_21639,0.2665468,0.7281518,0.0020758207,0.009455241,0.79916114,0.22960514,0.98481804
1422,256_50_16183,0.35158515,0.6460288,0.0012263638,0.0064487993,0.2812416,0.07960213,0.98728764
1423,256_50_15672,0.24474365,0.80891776,0.008283718,0.034568507,0.9200869,0.46285102,0.95119673
1424,256_50_5811,0.23339458,0.63562155,0.0035878445,0.010764913,0.9354386,0.39829057,0.9791626
1425,256_50_5315,0.33479753,0.7165847,0.0013240952,0.008127614,0.261884,0.07384628,0.9861654
1426,256_50_1182,0.3575539,0.8697925,0.011154434,0.065496214,0.43703052,0.2337863,0.9099423
1427,256_50_3178,0.2697937,0.8683059,0.029237593,0.10472738,0.91198194,0.587375,0.8606693
1428,256_50_10301,0.18868324,0.52622366,0.0138465725,0.022393355,0.9852893,0.66757864,0.9454617
1429,256_50_6729,0.40226704,0.61857617,0.0011364222,0.0066692093,0.082112506,0.03780042,0.9862322
1430,256_50_19361,0.36527446,0.68590283,0.0013363372,0.007886733,0.16130531,0.058207262,0.98521
1431,256_50_12526,0.3750787,0.8508988,0.009718622,0.05640188,0.35613313,0.19966564,0.91710156
1432,256_50_9062,0.18385708,0.78308225,0.029194891,0.07271616,0.9818972,0.71212834,0.8808248
1433,256_50_9882,0.22815675,0.8968303,0.018235683,0.0821397,0.9434852,0.57836545,0.9124366
1434,256_50_19591,0.22133423,0.5565021,0.0042347754,0.0101644555,0.95621973,0.45469534,0.97730416
1435,256_50_8606,0.3527714,0.8742544,0.011725412,0.06837866,0.46645412,0.24812207,0.90838534
1436,256_50_17911,0.5183909,0.4262116,0.003795907,0.0117084645,0.08987185,0.075670026,0.9629236
1437,256_50_17826,0.52124715,0.42302668,0.0038359023,0.0118032,0.086463295,0.07456907,0.96245605
1438,256_50_5180,0.35188666,0.64476323,0.00081722665,0.0046905186,0.18406838,0.048289664,0.9909043
1439,256_50_4159,0.17733932,0.74156046,0.022867514,0.051722474,0.98336005,0.6942077,0.9085485
1440,256_50_5423,0.15654145,0.7487046,0.04126907,0.08458917,0.9903439,0.76232225,0.8472264
1441,256_50_3491,0.36118093,0.6342781,0.0007992446,0.0046244916,0.14877388,0.042478833,0.99087816
1442,256_50_12902,0.53274286,0.434774,0.0038891826,0.012611357,0.061396047,0.06318144,0.96054167
1443,256_50_14584,0.3214304,0.84071463,0.018016053,0.07137897,0.7870677,0.43914264,0.8955519
1444,256_50_13112,0.17383723,0.62723917,0.021329328,0.037923176,0.98812217,0.71502894,0.9179759
1445,256_50_15074,0.22027251,0.558857,0.0043215705,0.010356636,0.9572709,0.45913106,0.97698325
1446,256_50_2159,0.2437945,0.6708512,0.0030083563,0.010387815,0.90769476,0.3436931,0.98120236
1447,256_50_10852,0.2952489,0.84830827,0.020266445,0.07566608,0.8695609,0.51231354,0.89349824
1448,256_50_19747,0.19921942,0.7304349,0.015668098,0.04059681,0.971419,0.621319,0.92801595
1449,256_50_689,0.3107448,0.691208,0.0010826049,0.0058351345,0.4410054,0.09540178,0.98965514
1450,256_50_8699,0.29852188,0.76576555,0.0033879133,0.017959354,0.6671,0.21907544,0.9721539
1451,256_50_7777,0.2052138,0.748626,0.01631258,0.04419185,0.97173023,0.6385593,0.9266003
1452,256_50_18614,0.50628525,0.43958092,0.00400901,0.012191261,0.11626906,0.088358745,0.9620085
1453,256_50_10962,0.21519268,0.7002749,0.007960232,0.022645209,0.95649296,0.5198876,0.9594998
1454,256_50_4472,0.35627884,0.6832792,0.0013618032,0.007979301,0.23586787,0.072955936,0.98521113
1455,256_50_16653,0.5162224,0.44190806,0.0038590976,0.012227007,0.0880535,0.07549165,0.9620397
1456,256_50_18495,0.27794778,0.7227932,0.0017025863,0.008195131,0.71867555,0.18236387,0.98657167
1457,256_50_21128,0.28143826,0.72212774,0.0015352827,0.0076752934,0.6761007,0.16201963,0.9873953
1458,256_50_11279,0.179799,0.5584774,0.018571995,0.030537987,0.98741317,0.70052165,0.92722684
1459,256_50_14472,0.35160133,0.8682707,0.012570885,0.06907293,0.5121319,0.27086154,0.9049073
1460,256_50_8861,0.5412976,0.44325256,0.003934454,0.01324066,0.04663384,0.05522767,0.95927846
1461,256_50_15053,0.22521669,0.75878775,0.008687189,0.028511392,0.95385194,0.53561985,0.9562142
1462,256_50_2764,0.19870281,0.88262856,0.032175366,0.10996259,0.9734225,0.698591,0.8723893
1463,256_50_3232,0.49340707,0.5248402,0.0019008341,0.008942108,0.027549075,0.027992234,0.9767662
1464,256_50_4152,0.283539,0.8295258,0.020172967,0.07017591,0.89462274,0.5361084,0.8960622
1465,256_50_5572,0.26953343,0.8975918,0.008502004,0.052496053,0.7539931,0.31868267,0.9423369
1466,256_50_1940,0.33574346,0.65837765,0.0007216477,0.004475776,0.20826416,0.048130628,0.99201477
1467,256_50_23221,0.2876336,0.7130856,0.0014347907,0.0072094873,0.6379299,0.14837913,0.9878792
1468,256_50_4791,0.21925119,0.5369954,0.0045842007,0.010312388,0.9603496,0.4722157,0.976147
1469,256_50_11929,0.54362345,0.41026914,0.0036780024,0.011806809,0.048240103,0.054489624,0.9617066
1470,256_50_17972,0.32107285,0.7474717,0.0018736165,0.01173133,0.43701628,0.121326104,0.98102415
1471,256_50_3065,0.30136958,0.69720787,0.0011921177,0.006222684,0.52469456,0.11433551,0.989127
1472,256_50_4224,0.21710624,0.51759756,0.0048384154,0.010310675,0.96354586,0.48557258,0.9753798
1473,256_50_11727,0.25583225,0.70128024,0.0023385421,0.009552755,0.85709566,0.2741361,0.9838808
1474,256_50_20823,0.36749703,0.62696403,0.0007851181,0.004538899,0.12947369,0.038920622,0.99092895
1475,256_50_12765,0.5267473,0.459704,0.0040430687,0.013478043,0.0657142,0.06650634,0.9594855
1476,256_50_10638,0.51704526,0.42312708,0.0036097858,0.011191895,0.08709872,0.07289708,0.9644435
1477,256_50_15442,0.34114987,0.85924995,0.015639002,0.07357444,0.64237374,0.34444082,0.89670527
1478,256_50_5245,0.1943221,0.5124949,0.013589709,0.022062887,0.9836088,0.65749377,0.94449246
1479,256_50_12909,0.5800797,0.37105665,0.0037406657,0.012019434,0.020765897,0.035552893,0.95923656
1480,256_50_2610,0.19690253,0.83527803,0.02916356,0.08403922,0.97652656,0.70037943,0.8859167
1481,256_50_8754,0.3537626,0.8776146,0.011779674,0.070309564,0.4459782,0.24022233,0.9063286
1482,256_50_5927,0.23342323,0.6335409,0.0036975439,0.010933656,0.9374594,0.4055629,0.9787552
1483,256_50_6591,0.3839365,0.6246603,0.0013602057,0.0071947724,0.1853742,0.06494032,0.98491204
1484,256_50_21577,0.28442222,0.72029716,0.0014683708,0.00744352,0.6502296,0.15223497,0.9877065
1485,256_50_16913,0.5039544,0.4793899,0.0041327863,0.013523996,0.10834804,0.08627591,0.9605663
1486,256_50_21558,0.26345772,0.7113234,0.0021378542,0.009223129,0.8214867,0.24453206,0.98470956
1487,256_50_12082,0.4741371,0.5133271,0.0048441677,0.015214333,0.2006088,0.12638043,0.9577842
1488,256_50_10766,0.40805152,0.6250454,0.0013996197,0.008001651,0.087545305,0.043973662,0.9829176
1489,256_50_8528,0.38773808,0.6215387,0.0011983515,0.0065795034,0.13933112,0.05199415,0.9861063
1490,256_50_20400,0.22120214,0.55445886,0.004274497,0.010184289,0.95674103,0.4569299,0.97717154
1491,256_50_4255,0.18025553,0.6482337,0.021602167,0.040350996,0.9844616,0.6948701,0.91465396
1492,256_50_12208,0.5346484,0.4117567,0.0037403263,0.0116819935,0.062991984,0.06287139,0.96217
1493,256_50_1257,0.30728847,0.6936371,0.0011244729,0.0059823003,0.47254685,0.102332085,0.9894517
1494,256_50_20115,0.37634552,0.6652317,0.0011674722,0.0074541066,0.11674299,0.04548306,0.98614174
1495,256_50_10030,0.35130152,0.8747811,0.011753255,0.06857414,0.47238046,0.25040746,0.9082711
1496,256_50_1832,0.49778646,0.45618832,0.0041456036,0.012705195,0.13411845,0.0963792,0.96133167
1497,256_50_11242,0.2968727,0.7833096,0.0026203976,0.0145427175,0.59268326,0.1760146,0.97813547
1498,256_50_17423,0.5067794,0.4399935,0.0040111407,0.012225475,0.1150715,0.08790999,0.9619146
1499,256_50_2142,0.22073321,0.5849428,0.0039921226,0.010259602,0.9532473,0.44011945,0.9782128
1500,256_50_14330,0.35581145,0.8595758,0.012545346,0.066289924,0.5095404,0.27102867,0.90591776
1501,256_50_13443,0.47560734,0.51623416,0.004534379,0.014672222,0.18219623,0.11676468,0.95969933
1502,256_50_7188,0.44331196,0.58509386,0.0058098235,0.019150147,0.3010141,0.16675653,0.95276207
1503,256_50_9496,0.27888408,0.71606386,0.0016956781,0.008058811,0.72199416,0.18387926,0.98660696
1504,256_50_22096,0.2893691,0.7121898,0.0013964995,0.007100556,0.6195927,0.14235133,0.98804885
1505,256_50_14720,0.31783372,0.8098835,0.017680427,0.06252771,0.82484764,0.46703053,0.900838
1506,256_50_9362,0.33235687,0.66773576,0.00087758485,0.0049899253,0.2749409,0.063024074,0.99074507
1507,256_50_17069,0.2201758,0.797989,0.013662361,0.04709037,0.95897186,0.5844577,0.9305595
1508,256_50_9793,0.40644136,0.63027996,0.0013717741,0.008119696,0.097826086,0.04533642,0.98284274
1509,256_50_21226,0.29750073,0.7007132,0.0012628363,0.0064939037,0.56117487,0.12438407,0.98874855
1510,256_50_1861,0.2074581,0.5068816,0.010235372,0.018007569,0.9777789,0.60978967,0.9550029
1511,256_50_18541,0.44619572,0.6072463,0.0019795669,0.010593359,0.05863333,0.042191546,0.97550404
1512,256_50_16844,0.5147297,0.46692187,0.004030808,0.013260941,0.08635189,0.07614247,0.9605607
1513,256_50_1966,0.31649274,0.73643893,0.0015166851,0.009214561,0.40421197,0.10420271,0.98495793
1514,256_50_7965,0.4230419,0.5821802,0.001303191,0.006849621,0.07552631,0.03953335,0.9840268
1515,256_50_10617,0.2421474,0.7353456,0.006336462,0.022098867,0.929811,0.45837164,0.9646021
1516,256_50_4651,0.22048987,0.5471932,0.004386368,0.010213344,0.9583062,0.46328986,0.9768126
1517,256_50_11657,0.52200115,0.4520165,0.0039646025,0.012929933,0.07601943,0.0709512,0.960572
1518,256_50_5816,0.19709903,0.53375745,0.011644342,0.02142794,0.9795503,0.62203676,0.9473254
1519,256_50_3080,0.3385159,0.66060793,0.00090040383,0.0050536,0.25700903,0.06162766,0.9904606
1520,256_50_22815,0.30290437,0.69994307,0.0012002552,0.006322262,0.50970405,0.111908495,0.98900515
1521,256_50_10911,0.260031,0.71113545,0.0083406,0.028013345,0.91288966,0.45990357,0.9498327
1522,256_50_18786,0.506805,0.44836098,0.0034107508,0.011105454,0.090642534,0.07262042,0.9662452
1523,256_50_3342,0.3008087,0.69745684,0.0012101694,0.006278194,0.5329823,0.11669105,0.9890304
1524,256_50_2573,0.19019862,0.81253225,0.016916888,0.04989978,0.97300726,0.6344218,0.9285543
1525,256_50_16925,0.53987145,0.41768855,0.0037905807,0.012119884,0.053376976,0.058222122,0.9611234
1526,256_50_18082,0.2854142,0.7175541,0.0014972849,0.0074781175,0.6547945,0.1551265,0.98754686
1527,256_50_20128,0.32328704,0.67859125,0.0010057972,0.0054968707,0.35613263,0.07964345,0.9899631
1528,256_50_15505,0.23090391,0.6185361,0.0038761161,0.0109350635,0.94293773,0.4201859,0.9781431
1529,256_50_8582,0.43420398,0.6975247,0.006756586,0.028799273,0.23093903,0.1472561,0.9398274
1530,256_50_11922,0.5388761,0.41412726,0.003700788,0.011811406,0.054755274,0.058262665,0.9619233
1531,256_50_16803,0.45107618,0.54078,0.005345707,0.016609004,0.29615343,0.16152494,0.9562433
1532,256_50_3990,0.18855257,0.7196608,0.010504023,0.027069887,0.97723824,0.60821146,0.95525295
1533,256_50_17052,0.50039124,0.4800238,0.004238829,0.013680525,0.1204035,0.091998205,0.96000737
1534,256_50_3622,0.3079374,0.6920072,0.0011097568,0.0059113465,0.46740073,0.1008134,0.98953515
1535,256_50_11177,0.32533002,0.7980937,0.016027914,0.056878503,0.8034638,0.44348288,0.907409
