model,encoder,input,class,gt_support (id),pred_support (id),gt_num_images (id),pred_num_images (id),tp (id),fp (id),fn (id),tn (id),macro_iou (id),macro_dice (id),macro_precision (id),macro_recall (id),mean_hd (id),mean_hd95 (id),micro_iou (id),micro_dice (id),micro_precision (id),micro_recall (id),gt_support (cd),pred_support (cd),gt_num_images (cd),pred_num_images (cd),tp (cd),fp (cd),fn (cd),tn (cd),macro_iou (cd),macro_dice (cd),macro_precision (cd),macro_recall (cd),mean_hd (cd),mean_hd95 (cd),micro_iou (cd),micro_dice (cd),micro_precision (cd),micro_recall (cd)
deeplabv3p,resnet50,dem,Qaf,10183.0,0.0,10.0,0.0,0.0,0.0,10183.0,100653113.0,0.0,0.0,0.0,0.0,,,0.0,0.0,0.0,0.0,10275.0,0.0,6.0,0.0,0.0,0.0,10275.0,100653021.0,0.0,0.0,0.0,0.0,,,0.0,0.0,0.0,0.0
deeplabv3p,resnet50,dem,Qal,8361713.0,7536136.0,947.0,928.0,5980234.0,1555902.0,2381479.0,90745681.0,0.3174776538499536,0.3891717345117653,0.4671749936064108,0.4024994610194347,102.19460634240563,89.87150127611392,0.6029911425277146,0.7523324696315835,0.7935411462850458,0.7151924492026933,9921617.0,4373211.0,842.0,1073.0,2659544.0,1713667.0,7262073.0,89028012.0,0.1370918427232154,0.1884259524038521,0.314983038839018,0.1802915498867069,141.4423287178931,126.8297869504312,0.2285757700456645,0.3720987758649492,0.6081444503821105,0.2680554994211125
deeplabv3p,resnet50,dem,Qat,388848.0,268789.0,61.0,60.0,94148.0,174641.0,294700.0,100099807.0,0.0511903342581829,0.0741928935773214,0.1212470593805215,0.0634238647240005,138.63079850570014,128.97928577920666,0.1670804576486852,0.2863220895417989,0.35026731004617,0.2421203143644817,1101870.0,0.0,77.0,0.0,0.0,0.0,1101870.0,99561426.0,0.0,0.0,0.0,0.0,,,0.0,0.0,0.0,0.0
deeplabv3p,resnet50,dem,Qc,16237424.0,17202215.0,748.0,807.0,14663487.0,2538728.0,1573937.0,81887144.0,0.5432772442864942,0.619912752725791,0.6446741936471592,0.6510990717346022,81.52811980486257,65.50407201537759,0.7809633731128721,0.8770122787509758,0.8524185402868177,0.9030673215160238,9341265.0,19795993.0,453.0,870.0,8819989.0,10976004.0,521276.0,80346027.0,0.2136972821984976,0.2759446521420929,0.2290292633595178,0.435820972556758,130.69371669495587,111.43668486719174,0.434112921377376,0.6054096785634393,0.4455441563350724,0.9441964230754614
deeplabv3p,resnet50,dem,Qca,7202703.0,5861922.0,431.0,419.0,3971679.0,1890243.0,3231024.0,91570350.0,0.2806852529675818,0.356599551764102,0.434807799594377,0.3756295788325693,111.00057840778167,96.16855757782258,0.4367868235443166,0.6080050518097534,0.6775386980584184,0.5514150729247062,3590038.0,2846190.0,248.0,435.0,417650.0,2428540.0,3172388.0,94644718.0,0.0286920288819098,0.0453136274153422,0.1261808649454975,0.0397967261913332,172.52118079269988,158.15052248556404,0.0693934680251713,0.1297809835201611,0.1467400278969429,0.1163358159440095
deeplabv3p,resnet50,dem,Qr,62099929.0,66074243.0,1433.0,1503.0,58217150.0,7857093.0,3882779.0,30706274.0,0.7259713404326619,0.7836878474874126,0.8103286894810845,0.8100863896177398,76.67147853076668,57.39580646912313,0.8321845089403606,0.9084068824723908,0.8810869009880294,0.9374753069363412,75325588.0,71580090.0,1511.0,1503.0,62450060.0,9130030.0,12875528.0,16207678.0,0.6563434261222957,0.7216508063180669,0.8187486895412803,0.7438515173027724,94.02426231794654,76.11641666240718,0.7394423423673249,0.8502062119069352,0.8724501464024423,0.8290683373092288
deeplabv3p,resnet50,dem,af1,6362496.0,3719991.0,570.0,359.0,3038882.0,681109.0,3323614.0,93619691.0,0.1610073579784999,0.2026775954154318,0.3344051302338129,0.1886249215848384,118.31433005864612,107.40289296464222,0.4314384466477038,0.6028040502308607,0.8169057398257147,0.4776241902548936,1372643.0,2067812.0,432.0,743.0,434711.0,1633101.0,937932.0,97657552.0,0.0532928355377577,0.0787533030518915,0.1271289432869919,0.0889332967574868,142.9422332214204,134.233753586447,0.1446267546404484,0.2527055287745371,0.2102275255197281,0.3166963296356008
deeplabv3p,resnet50,ep-101,Qaf,10183.0,0.0,10.0,0.0,0.0,0.0,10183.0,100653113.0,0.0,0.0,0.0,0.0,,,0.0,0.0,0.0,0.0,10275.0,0.0,6.0,0.0,0.0,0.0,10275.0,100653021.0,0.0,0.0,0.0,0.0,,,0.0,0.0,0.0,0.0
deeplabv3p,resnet50,ep-101,Qal,8361713.0,7002853.0,947.0,818.0,5907363.0,1095490.0,2454350.0,91206093.0,0.319616420409636,0.387278099511333,0.5175507020701762,0.3675271315884463,96.43519352834464,83.41252545808129,0.6246416620220587,0.768959305456464,0.8435651869316692,0.7064776081169014,9921617.0,9555685.0,842.0,899.0,7035596.0,2520089.0,2886021.0,88221590.0,0.3019464963019641,0.3698617535212272,0.4563904169162865,0.373617167721183,111.20391893601632,96.56406786062338,0.565484829813532,0.7224405104978092,0.7362733283903771,0.7091178786683663
deeplabv3p,resnet50,ep-101,Qat,388848.0,121578.0,61.0,39.0,61188.0,60390.0,327660.0,100214058.0,0.0350031347990762,0.0521546272424663,0.1315276915343796,0.048470392550637,126.7279569837782,118.62348545922174,0.1362039720593538,0.2397526771755357,0.5032818437546267,0.157357116405382,1101870.0,388752.0,77.0,60.0,125412.0,263340.0,976458.0,99298086.0,0.0308367524157163,0.0418312977509279,0.0984670413625345,0.0394801624985248,154.42447612596595,146.17009370223334,0.0918627903399477,0.1682680116085768,0.3226015557476231,0.1138174194777968
deeplabv3p,resnet50,ep-101,Qc,16237424.0,15216638.0,748.0,667.0,12597189.0,2619449.0,3640235.0,81806423.0,0.4220745470291502,0.4944699394176494,0.5661075802963527,0.5050353300830823,95.86743805020356,79.49548742224607,0.6680423100903315,0.8009896464246812,0.8278562583929512,0.7758120376729708,9341265.0,1236700.0,453.0,139.0,1017343.0,219357.0,8323922.0,91102674.0,0.056540774317643,0.0804843184474011,0.1963291901843739,0.0634184427112985,158.6060518967478,141.06613376684356,0.1064097084896777,0.1923513643692335,0.8226271529069298,0.1089084829517201
deeplabv3p,resnet50,ep-101,Qca,7202703.0,6460144.0,431.0,419.0,3691571.0,2768573.0,3511132.0,90692020.0,0.2236633988058449,0.2926338171076018,0.3850294832384189,0.3309081346578262,129.85485828795083,115.20940819019224,0.3702205214257433,0.5403809323195964,0.5714378812608512,0.5125257837231384,3590038.0,1639657.0,248.0,151.0,457933.0,1181724.0,3132105.0,95891534.0,0.0485286773855073,0.0678029568348493,0.0988026383362473,0.0835214290341051,172.8274380820138,160.74408451716104,0.0959672758197077,0.1751279950360393,0.2792858506382737,0.1275565885375029
deeplabv3p,resnet50,ep-101,Qr,62099929.0,65669474.0,1433.0,1473.0,57222871.0,8446603.0,4877058.0,30116764.0,0.7085543063256537,0.773509377316335,0.7870315981530999,0.8224070102298922,79.19247611172229,61.11568569765287,0.8111365559401276,0.8957210358101149,0.8713770267141169,0.921464354653288,75325588.0,86411510.0,1511.0,1530.0,71924313.0,14487197.0,3401275.0,10850511.0,0.7742733875891089,0.8316862375909212,0.8216664220697937,0.9245720684346584,74.43177369701064,57.13703619857116,0.8008248825598716,0.8893978424170811,0.8323464431995229,0.9548456893559198
deeplabv3p,resnet50,ep-101,af1,6362496.0,6192609.0,570.0,564.0,4352132.0,1840477.0,2010364.0,92460323.0,0.204396874650701,0.2539295342852108,0.344241184777209,0.2661212173464863,106.7897192595841,94.87790300877064,0.5305554461778674,0.6932848430976881,0.7027945733373445,0.6840290351459553,1372643.0,1430992.0,432.0,448.0,535437.0,895555.0,837206.0,98395098.0,0.0925102208945198,0.1282440306871043,0.2095532311377899,0.1358679915498387,136.80889826202392,121.14083513832092,0.2360627246827658,0.3819591351941319,0.374171903127341,0.3900773908437955
deeplabv3p,resnet50,ep-11,Qaf,10183.0,0.0,10.0,0.0,0.0,0.0,10183.0,100653113.0,0.0,0.0,0.0,0.0,,,0.0,0.0,0.0,0.0,10275.0,0.0,6.0,0.0,0.0,0.0,10275.0,100653021.0,0.0,0.0,0.0,0.0,,,0.0,0.0,0.0,0.0
deeplabv3p,resnet50,ep-11,Qal,8361713.0,7741539.0,947.0,1076.0,6173633.0,1567906.0,2188080.0,90733677.0,0.3321910447644624,0.4057991950455478,0.4992471770016907,0.4020983395325717,102.46901138097633,88.06659835474748,0.6217391623988796,0.76675605647853,0.7974684361856215,0.7383215616226005,9921617.0,8058091.0,842.0,875.0,5124892.0,2933199.0,4796725.0,87808480.0,0.2059933526172849,0.2650333115287494,0.3825154610441361,0.2741238732491645,131.36913000721367,114.365696555187,0.3986748624017644,0.5700751091174562,0.635993314049196,0.5165379796458581
deeplabv3p,resnet50,ep-11,Qat,388848.0,159355.0,61.0,71.0,60513.0,98842.0,328335.0,100175606.0,0.0338560686115976,0.049919301400257,0.1198706823949501,0.0417467076374896,138.54213119506835,128.56136749267577,0.1240808710451311,0.2207685839004894,0.3797370650434564,0.1556212196025182,1101870.0,2558289.0,77.0,245.0,178396.0,2379893.0,923474.0,97181533.0,0.0193877889665317,0.029174348007881,0.0598998092996884,0.0316481887533201,174.6248982747396,163.12336779863406,0.0512372611231723,0.0974799182221318,0.0697325438994578,0.1619029468086071
deeplabv3p,resnet50,ep-11,Qc,16237424.0,16532404.0,748.0,752.0,13806093.0,2726311.0,2431331.0,81699561.0,0.4743451213128117,0.5488953613393378,0.5846688414712283,0.5786007126821541,90.84897687119437,73.20100573716824,0.7280260455021124,0.84261003750157,0.8350928878824883,0.8502637487325576,9341265.0,32430.0,453.0,40.0,11536.0,20894.0,9329729.0,91301137.0,0.0008055104888626,0.0014882430483339,0.0202985979927082,0.0008211082987448,196.06058736947867,178.53135152963492,0.0012321944115668,0.0024613559540821,0.3557200123342584,0.0012349505125911
deeplabv3p,resnet50,ep-11,Qca,7202703.0,8446763.0,431.0,492.0,4590000.0,3856763.0,2612703.0,89603830.0,0.2508302348146214,0.3201485719638641,0.356228266226556,0.3678274970860837,127.51409126826697,110.49227882930212,0.415029080065891,0.5866014853158568,0.5434034315867511,0.6372607616890492,3590038.0,177588.0,248.0,83.0,3941.0,173647.0,3586097.0,96899611.0,0.0005377004840053,0.0009344573834767,0.0021640238395104,0.0006926486125359,228.71564229329428,216.60829162597656,0.0010471120723439,0.0020920335511008,0.0221918147622587,0.0010977599680003
deeplabv3p,resnet50,ep-11,Qr,62099929.0,60906666.0,1433.0,1454.0,55151136.0,5755530.0,6948793.0,32807837.0,0.7045648102135487,0.7695344731407465,0.8204377205872918,0.7798188178671872,77.58517064750622,59.72755064598286,0.812773751924661,0.8967183588814892,0.9055024617502458,0.8881030443690201,75325588.0,86809914.0,1511.0,1534.0,69387480.0,17422434.0,5938108.0,7915274.0,0.7271623196739762,0.7910922826019969,0.8006321020583631,0.896156413009366,81.38256669991853,62.94187068899736,0.7481289466205543,0.855919636897291,0.7993036371398778,0.9211674524200196
deeplabv3p,resnet50,ep-11,af1,6362496.0,6876569.0,570.0,933.0,4362243.0,2514326.0,2000253.0,91786474.0,0.1770356432603508,0.2280757263798296,0.3078940824107467,0.2446749284763254,118.13854851136132,103.31788870976084,0.491419451691157,0.6589956314890817,0.6343632994884513,0.6856181913513187,1372643.0,3026984.0,432.0,830.0,625671.0,2401313.0,746972.0,96889340.0,0.0902796231394957,0.1310966224929793,0.1786620341080881,0.1549812082183904,133.39107988455754,120.4990161040288,0.1657865115544537,0.2844200201517083,0.2066978219904697,0.4558148039949207
deeplabv3p,resnet50,ep-201,Qaf,10183.0,0.0,10.0,0.0,0.0,0.0,10183.0,100653113.0,0.0,0.0,0.0,0.0,,,0.0,0.0,0.0,0.0,10275.0,0.0,6.0,0.0,0.0,0.0,10275.0,100653021.0,0.0,0.0,0.0,0.0,,,0.0,0.0,0.0,0.0
deeplabv3p,resnet50,ep-201,Qal,8361713.0,7122369.0,947.0,812.0,5758991.0,1363378.0,2602722.0,90938205.0,0.3008480680927869,0.3676009970746048,0.4479550443859292,0.3884600079413411,95.94408731869795,82.41895022837083,0.5921786233157098,0.7438595326477863,0.8085780166683304,0.6887333970921987,9921617.0,10117007.0,842.0,886.0,7140206.0,2976801.0,2781411.0,87764878.0,0.3066660475673873,0.3765980038115026,0.434861496100663,0.4101172273929829,113.47665889313572,96.40885066986084,0.5535722287803047,0.7126443412481815,0.7057626825799369,0.7196615229150651
deeplabv3p,resnet50,ep-201,Qat,388848.0,275857.0,61.0,66.0,94690.0,181167.0,294158.0,100093281.0,0.0591406118162352,0.0838752994031617,0.1349178673040987,0.0778527251171945,130.47555903026037,121.30936697551182,0.166118435479768,0.2849083427986851,0.3432575573576164,0.2435141752047072,1101870.0,404603.0,77.0,98.0,109215.0,295388.0,992655.0,99266038.0,0.0369424286357068,0.0527524426644602,0.1477378012052366,0.0458838538530484,156.92585635185242,148.0790440440178,0.0781638036783471,0.1449943012586352,0.2699312659569998,0.0991178632688066
deeplabv3p,resnet50,ep-201,Qc,16237424.0,16615860.0,748.0,599.0,12707490.0,3908370.0,3529934.0,80517502.0,0.3758870482292979,0.4417839229459362,0.4988696991681411,0.4771492780269665,103.51995055292096,86.93090243877192,0.630776329788739,0.7735902444334027,0.7647807576616558,0.782605048682599,9341265.0,3419249.0,453.0,289.0,2303211.0,1116038.0,7038054.0,90205993.0,0.1070035411881744,0.1424476797655962,0.2766026070144124,0.1367231528342606,149.61323225731942,131.3053233717002,0.2202490450931755,0.3609903174746722,0.6736014253422316,0.246563072560301
deeplabv3p,resnet50,ep-201,Qca,7202703.0,5882500.0,431.0,355.0,3451154.0,2431346.0,3751549.0,91029247.0,0.2032940155744531,0.2673244717363008,0.3460715704136509,0.2948282026256522,128.80076595091484,114.16618546633651,0.3582246675307547,0.5274895620648758,0.586681512962176,0.4791470646505902,3590038.0,2785594.0,248.0,191.0,900940.0,1884654.0,2689098.0,95188604.0,0.0933494269780273,0.1347925529342084,0.1778436177199886,0.1608084284182217,150.08004503471906,133.6112764639448,0.1645645088344696,0.2826198249836251,0.3234283244435477,0.2509555609160683
deeplabv3p,resnet50,ep-201,Qr,62099929.0,65651812.0,1433.0,1466.0,56936885.0,8714927.0,5163044.0,29848440.0,0.6812785590332197,0.745123612132609,0.7935358652065502,0.7790280406163339,83.05286047513067,65.54272751053118,0.8040245820735694,0.8913676565863787,0.8672553470420588,0.9168590997905972,75325588.0,82906508.0,1511.0,1532.0,70646801.0,12259707.0,4678787.0,13078001.0,0.7673570770017235,0.8264506911341005,0.8315338405564663,0.8975744356441847,75.67477988564787,57.78254000969957,0.8066057321608611,0.8929515918186409,0.8521261201834722,0.9378858217475846
deeplabv3p,resnet50,ep-201,af1,6362496.0,5114898.0,570.0,532.0,3720860.0,1394038.0,2641636.0,92906762.0,0.1856290781229253,0.2328041176031517,0.3443416311004297,0.2348487225583114,110.72003983141302,98.88838852499867,0.4797065287150163,0.6483806341404678,0.727455366656383,0.5848113696260084,1372643.0,1030335.0,432.0,412.0,449993.0,580342.0,922650.0,98710311.0,0.0846708411239442,0.1191587801103322,0.2353791203581117,0.1142284146128245,130.01178106069565,119.78698938687644,0.2304129319989656,0.3745294380556127,0.4367443598441283,0.3278295958963838
deeplabv3p,resnet50,ep-21,Qaf,10183.0,0.0,10.0,0.0,0.0,0.0,10183.0,100653113.0,0.0,0.0,0.0,0.0,,,0.0,0.0,0.0,0.0,10275.0,0.0,6.0,0.0,0.0,0.0,10275.0,100653021.0,0.0,0.0,0.0,0.0,,,0.0,0.0,0.0,0.0
deeplabv3p,resnet50,ep-21,Qal,8361713.0,7051592.0,947.0,943.0,6004828.0,1046764.0,2356885.0,91254819.0,0.3478569533650382,0.4217578549149868,0.5134515045488633,0.415938426417572,93.80690136320192,80.06202420195729,0.6382359227747487,0.7791746156972823,0.8515563577699901,0.718133712553875,9921617.0,5785693.0,842.0,562.0,4473865.0,1311828.0,5447752.0,89429851.0,0.219000596435166,0.2726909292756498,0.3809116922943177,0.2713160243834621,114.17758300580915,96.74267519172484,0.3982629549528217,0.5696538745335771,0.7732634621297743,0.4509209537114766
deeplabv3p,resnet50,ep-21,Qat,388848.0,237259.0,61.0,79.0,83443.0,153816.0,305405.0,100120632.0,0.0504745000313656,0.0671791041110593,0.1288195047854331,0.0625359756767896,120.9173489350539,114.55807220018826,0.1537654976191529,0.2665454946199291,0.3516958260803594,0.2145902769205447,1101870.0,1592226.0,77.0,211.0,267977.0,1324249.0,833893.0,98237177.0,0.0487029577809397,0.0680160135257707,0.1109879163892141,0.066013392242466,138.4024546432495,127.38047702789306,0.1104550106569381,0.1989364892713548,0.1683033689941001,0.2432020111265394
deeplabv3p,resnet50,ep-21,Qc,16237424.0,16340345.0,748.0,707.0,13592988.0,2747357.0,2644436.0,81678515.0,0.4683767136366741,0.5422645062660191,0.5962632558404062,0.5598340747629631,86.77615862222588,70.1274869696899,0.7159939321923177,0.834494713250622,0.8318666466344499,0.8371394378812796,9341265.0,112730.0,453.0,32.0,28026.0,84704.0,9313239.0,91237327.0,0.002132792662986,0.0034849217792263,0.0196916614887493,0.0047197200669182,200.614905834198,183.10698795318604,0.0029732752144633,0.0059289221117633,0.2486117271356338,0.0030002360494001
deeplabv3p,resnet50,ep-21,Qca,7202703.0,7018924.0,431.0,487.0,4040445.0,2978479.0,3162258.0,90482114.0,0.234081640039781,0.3050458721264839,0.3607911582762649,0.3419679574968935,122.2292141955712,107.23711826622142,0.3968542159446712,0.5682113586581901,0.5756501993752888,0.5609623220615927,3590038.0,301331.0,248.0,47.0,11147.0,290184.0,3578891.0,96783074.0,0.001927923053744,0.0032531718659976,0.011154889721762,0.0028753691276379,211.20605044894748,193.54339430067276,0.002872773774284,0.0057290891714458,0.0369925430838513,0.0031049810614818
deeplabv3p,resnet50,ep-21,Qr,62099929.0,64787104.0,1433.0,1484.0,57365347.0,7421757.0,4734582.0,31141610.0,0.7246006905211231,0.7870614598710842,0.807319062031404,0.8178818421056215,73.37360987130452,56.42640661080453,0.8251432078330206,0.9041955768640284,0.885443914887753,0.9237586567933112,75325588.0,91591027.0,1511.0,1536.0,72652347.0,18938680.0,2673241.0,6399028.0,0.7559420011670758,0.8158673984584462,0.7943111794715682,0.9369346943349228,75.13753832972341,59.94639419751953,0.7707305062826139,0.8705226498871906,0.7932255962147908,0.9645108512130036
deeplabv3p,resnet50,ep-21,af1,6362496.0,5228072.0,570.0,693.0,3921646.0,1306426.0,2440850.0,92994374.0,0.2084771862753975,0.2628345350468797,0.3852818486255076,0.2537831847543462,106.43962466901792,93.7129369289542,0.5113686121726104,0.6766960859899187,0.7501132348598106,0.6163691104874565,1372643.0,1280289.0,432.0,439.0,458896.0,821393.0,913747.0,98469260.0,0.0870251860405944,0.122640492846752,0.2259602323404687,0.1187007064591206,132.95643848970712,118.89672203140566,0.2091560940659132,0.3459538352283436,0.3584315728714376,0.3343156232173988
deeplabv3p,resnet50,ep-51,Qaf,10183.0,0.0,10.0,0.0,0.0,0.0,10183.0,100653113.0,0.0,0.0,0.0,0.0,,,0.0,0.0,0.0,0.0,10275.0,0.0,6.0,0.0,0.0,0.0,10275.0,100653021.0,0.0,0.0,0.0,0.0,,,0.0,0.0,0.0,0.0
deeplabv3p,resnet50,ep-51,Qal,8361713.0,7923133.0,947.0,1040.0,6354452.0,1568681.0,2007261.0,90732902.0,0.3482553314202387,0.4238759712834763,0.5033289074810579,0.4246481028151422,98.1928563258918,84.80580328882034,0.6398992829488941,0.7804129065758436,0.8020125372122366,0.7599461976272087,9921617.0,10941925.0,842.0,1040.0,7186816.0,3755109.0,2734801.0,86986570.0,0.2898766595018366,0.3573348739425937,0.4263995727591134,0.3706258008807951,109.52292582307544,94.76464622974396,0.5254778080660533,0.6889353686924301,0.656814591582377,0.7243593458606596
deeplabv3p,resnet50,ep-51,Qat,388848.0,194202.0,61.0,58.0,78536.0,115666.0,310312.0,100158782.0,0.0427290998008854,0.0608536987988786,0.1209707597289422,0.0509148806056026,123.84390907287596,113.44490041732789,0.1556666415599963,0.2693971357516508,0.4044036621661981,0.2019709500884664,1101870.0,697067.0,77.0,96.0,111727.0,585340.0,990143.0,98976086.0,0.0277460934803581,0.0398956517184995,0.0843883489301645,0.0373737517088868,169.51321269847728,159.70434598569517,0.0662199726175165,0.1242144666544742,0.1602815798194434,0.1013976240391334
deeplabv3p,resnet50,ep-51,Qc,16237424.0,15888963.0,748.0,659.0,12843388.0,3045575.0,3394036.0,81380297.0,0.4161779167351581,0.4826850650782059,0.5317079813166614,0.5163464501079287,96.16233306333244,78.07368262499416,0.6660472263676412,0.7995538371619566,0.8083213485990244,0.7909744796957942,9341265.0,300167.0,453.0,116.0,162242.0,137925.0,9179023.0,91184106.0,0.013042144971803,0.0195246863996279,0.0942053255903732,0.0175546326780767,202.96613749519724,185.65681138585825,0.0171155974297381,0.0336551665769151,0.5405057851129538,0.0173683114653101
deeplabv3p,resnet50,ep-51,Qca,7202703.0,4642034.0,431.0,350.0,2934598.0,1707436.0,4268105.0,91753157.0,0.1973787177794999,0.2638014128849725,0.3830194166730061,0.2650696457549834,128.4904824609626,114.44109403923768,0.3293549068089734,0.4955108754208726,0.6321793420728931,0.4074300995056995,3590038.0,581792.0,248.0,70.0,76858.0,504934.0,3513180.0,96568324.0,0.0083015870842081,0.0129599614995023,0.0317454379864049,0.0147227550470969,188.71937438964844,175.63045364379883,0.018768870702901,0.0368461802134794,0.1321056322534514,0.0214086870389672
deeplabv3p,resnet50,ep-51,Qr,62099929.0,66688229.0,1433.0,1482.0,58097261.0,8590968.0,4002668.0,29972399.0,0.719707489443646,0.781946847230835,0.7859499005110346,0.8375654460422631,76.98167133516904,59.00402873640607,0.8218492545086816,0.9022143324699154,0.8711771458198417,0.9355447250189288,75325588.0,86962460.0,1511.0,1529.0,70998714.0,15963746.0,4326874.0,9373962.0,0.7589003276630645,0.8177647177457739,0.8152638608262469,0.9169143597739564,77.26199314668627,59.886416735994,0.7777328510250716,0.8749715690708166,0.8164294570323792,0.9425577135886414
deeplabv3p,resnet50,ep-51,af1,6362496.0,5326735.0,570.0,572.0,4126573.0,1200162.0,2235923.0,93100638.0,0.2035651559602321,0.2531706408449597,0.3792298223769147,0.2481591335675775,109.15121234855071,95.49386024414584,0.5456511454041687,0.7060469589487965,0.7746908753673686,0.6485776965517935,1372643.0,1179885.0,432.0,411.0,456354.0,723531.0,916289.0,98567122.0,0.0866616441851865,0.1225021268315012,0.2652524372335005,0.1184753317596902,129.0938382536415,113.8686152570616,0.2177080719444092,0.3575702205813217,0.3867783724685033,0.33246372144833
deeplabv3p,resnet50,ep-5,Qaf,10183.0,0.0,10.0,0.0,0.0,0.0,10183.0,100653113.0,0.0,0.0,0.0,0.0,,,0.0,0.0,0.0,0.0,10275.0,0.0,6.0,0.0,0.0,0.0,10275.0,100653021.0,0.0,0.0,0.0,0.0,,,0.0,0.0,0.0,0.0
deeplabv3p,resnet50,ep-5,Qal,8361713.0,8342967.0,947.0,1033.0,6448195.0,1894772.0,1913518.0,90406811.0,0.3429446918740686,0.4139364059216434,0.4967825715821561,0.4117738712148922,95.42876462593225,81.79008890853987,0.6286944308893349,0.7720225709202451,0.7728899083503507,0.771157177961023,9921617.0,26060006.0,842.0,1432.0,8122511.0,17937495.0,1799106.0,72804184.0,0.2091245220678198,0.2694494605613349,0.2757833229956244,0.3761087276090094,151.65587709156082,131.30329518906865,0.2915567086273245,0.451481079661137,0.3116849244010151,0.8186680659009514
deeplabv3p,resnet50,ep-5,Qat,388848.0,271417.0,61.0,80.0,98173.0,173244.0,290675.0,100101204.0,0.0521057197820637,0.0718680598368096,0.125367005666097,0.0684683142067231,141.88162970542908,131.95428609848022,0.1746564619314987,0.2973745390108517,0.3617054200731715,0.2524714027074847,1101870.0,28657986.0,77.0,1094.0,257220.0,28400766.0,844650.0,71160660.0,0.0069267659600685,0.0104331536891845,0.0167085582081559,0.0145924637758022,174.87357755567206,161.95797760760198,0.0087185429803628,0.0172863739663256,0.0089755086069202,0.2334395164583843
deeplabv3p,resnet50,ep-5,Qc,16237424.0,17387038.0,748.0,723.0,14099605.0,3287433.0,2137819.0,81138439.0,0.4768346811079701,0.5498705283036504,0.581755684961549,0.5974886705041911,89.0574200131275,71.59416710815312,0.722136146758975,0.8386516340395276,0.8109262198656263,0.8683400150171604,9341265.0,89373.0,453.0,51.0,57501.0,31872.0,9283764.0,91290159.0,0.0031958885233186,0.004927006309453,0.0287260722786311,0.0033928496771322,191.82925709811124,175.50835366682574,0.0061346590794522,0.0121945090035265,0.6433822295324091,0.0061555902760493
deeplabv3p,resnet50,ep-5,Qca,7202703.0,5510368.0,431.0,391.0,3418244.0,2092124.0,3784459.0,91368469.0,0.2222203848824345,0.2871928858752006,0.3829875199171053,0.293685302653377,125.15558796241636,109.51360687506003,0.3677576785452811,0.5377526798992942,0.6203295315303805,0.4745779466403099,3590038.0,58841.0,248.0,49.0,150.0,58691.0,3589888.0,97014567.0,0.0005505799496774,0.0009549881914536,0.0031739314683049,0.0005620503597122,268.33141909147565,256.43815412019427,4.111020577302398e-05,8.221703158696136e-05,0.0025492428748661,4.178228754124608e-05
deeplabv3p,resnet50,ep-5,Qr,62099929.0,63495600.0,1433.0,1482.0,56479115.0,7016485.0,5620814.0,31546882.0,0.7128963654410209,0.7768541421546308,0.8043307424962487,0.8008300168243098,77.12104427882217,57.67056883346629,0.8171592206736883,0.8993809803532099,0.8894965162940425,0.9094875937780864,75325588.0,44037667.0,1511.0,1365.0,36431630.0,7606037.0,38893958.0,17731671.0,0.4072825658415986,0.4709267962825169,0.7289674842740437,0.4792928382819361,129.9965503648633,109.51642921070258,0.4392971921145884,0.6104329175674709,0.8272833799301856,0.4836554345914963
deeplabv3p,resnet50,ep-5,af1,6362496.0,5655906.0,570.0,683.0,4007572.0,1648334.0,2354924.0,92652466.0,0.1808969991366627,0.2281645453078983,0.3523296543944912,0.2347950924893702,115.6889020105203,102.68806969898718,0.5002692604886135,0.6669059663672425,0.7085641097995617,0.6298741877401574,1372643.0,1759423.0,432.0,729.0,479411.0,1280012.0,893232.0,98010641.0,0.0614831817113402,0.0901336604172723,0.1814044698231726,0.099251195401299,142.3653901001302,130.3339538356153,0.1807287415815475,0.3061308414318217,0.272481944364715,0.349261242726623
deeplabv3p,resnet50,nhd,Qaf,10183.0,0.0,10.0,0.0,0.0,0.0,10183.0,100653113.0,0.0,0.0,0.0,0.0,,,0.0,0.0,0.0,0.0,10275.0,0.0,6.0,0.0,0.0,0.0,10275.0,100653021.0,0.0,0.0,0.0,0.0,,,0.0,0.0,0.0,0.0
deeplabv3p,resnet50,nhd,Qal,8361713.0,4403540.0,947.0,526.0,2120981.0,2282559.0,6240732.0,90019024.0,0.0975488066693549,0.137017806658371,0.1900128706453129,0.1742757595667506,136.88487313620408,126.0836836824465,0.1992603157829864,0.3323053604969678,0.4816536241296775,0.2536538864703919,9921617.0,3968762.0,842.0,456.0,2599481.0,1369281.0,7322136.0,89372398.0,0.1247429067372184,0.1765583677182688,0.2805878094436205,0.1734697778472692,139.3893354187409,126.4969679961602,0.2302280119792066,0.3742851076993651,0.6549853581545076,0.2620017483037291
deeplabv3p,resnet50,nhd,Qat,388848.0,0.0,61.0,0.0,0.0,0.0,388848.0,100274448.0,0.0,0.0,0.0,0.0,,,0.0,0.0,0.0,0.0,1101870.0,0.0,77.0,0.0,0.0,0.0,1101870.0,99561426.0,0.0,0.0,0.0,0.0,,,0.0,0.0,0.0,0.0
deeplabv3p,resnet50,nhd,Qc,16237424.0,458316.0,748.0,205.0,136557.0,321759.0,16100867.0,84104113.0,0.0059149436039773,0.0109593527458383,0.0699486837628941,0.006637102887903,176.0439458460241,160.5481975795506,0.0082466025044834,0.0163583045735019,0.2979538135260388,0.0084100162685903,9341265.0,409557.0,453.0,189.0,12336.0,397221.0,9328929.0,90924810.0,0.0014467435515922,0.0027102825143967,0.0105696758078456,0.0017743485425621,164.58474362691243,154.8311986287435,0.0012667266759946,0.0025302482190732,0.0301203495484145,0.0013205920183187
deeplabv3p,resnet50,nhd,Qca,7202703.0,0.0,431.0,0.0,0.0,0.0,7202703.0,93460593.0,0.0,0.0,0.0,0.0,,,0.0,0.0,0.0,0.0,3590038.0,0.0,248.0,0.0,0.0,0.0,3590038.0,97073258.0,0.0,0.0,0.0,0.0,,,0.0,0.0,0.0,0.0
deeplabv3p,resnet50,nhd,Qr,62099929.0,95801333.0,1433.0,1536.0,61209817.0,34591516.0,890112.0,3971851.0,0.6189918382512486,0.6876166429083431,0.6270471589631192,0.9171208519292122,106.4596587140828,91.32655924088624,0.6330427371315012,0.7752923089367075,0.638924481353511,0.985666457042165,75325588.0,96119790.0,1511.0,1536.0,73912710.0,22207080.0,1412878.0,3130628.0,0.7519901552739157,0.8134866979448816,0.7660167682098518,0.9627641466019364,77.82500830886381,64.44386052880202,0.7578251627444458,0.862230418366834,0.7689645389362586,0.9812430538212328
deeplabv3p,resnet50,nhd,af1,6362496.0,107.0,570.0,1.0,0.0,107.0,6362496.0,94300693.0,0.0,0.0,0.0,0.0,208.60728454589844,197.26559448242188,0.0,0.0,0.0,0.0,1372643.0,165187.0,432.0,11.0,5457.0,159730.0,1367186.0,99130923.0,0.0005432180203925,0.0010204982611982,0.0027473103083755,0.0052149086334239,168.3341567516327,156.5055650472641,0.0035611434030748,0.0070970133239694,0.033035287280476,0.003975542074669
deeplabv3p,resnet50,nir,Qaf,10183.0,0.0,10.0,0.0,0.0,0.0,10183.0,100653113.0,0.0,0.0,0.0,0.0,,,0.0,0.0,0.0,0.0,10275.0,0.0,6.0,0.0,0.0,0.0,10275.0,100653021.0,0.0,0.0,0.0,0.0,,,0.0,0.0,0.0,0.0
deeplabv3p,resnet50,nir,Qal,8361713.0,3737260.0,947.0,382.0,2595793.0,1141467.0,5765920.0,91160116.0,0.0783190339946109,0.1006799393648342,0.1656849786204001,0.1006538986834507,152.05029027889935,139.03893007987585,0.2731499350743646,0.4290931139361993,0.6945711564087058,0.3104379449521886,9921617.0,33372.0,842.0,17.0,9006.0,24366.0,9912611.0,90717313.0,0.0005794760517923,0.0009819398703682,0.0104854271572342,0.000593564774233,212.0563367207845,197.781239827474,0.0009054911917705,0.0018093440384514,0.2698669543329737,0.0009077149420301
deeplabv3p,resnet50,nir,Qat,388848.0,17869.0,61.0,6.0,895.0,16974.0,387953.0,100257474.0,0.0005125532356592,0.0009920552372932,0.0009023086955914,0.0011016265704081,168.9635009765625,165.37010955810547,0.0022054003972184,0.0044010946186168,0.0500867424030443,0.002301670575649,1101870.0,0.0,77.0,0.0,0.0,0.0,1101870.0,99561426.0,0.0,0.0,0.0,0.0,,,0.0,0.0,0.0,0.0
deeplabv3p,resnet50,nir,Qc,16237424.0,16603744.0,748.0,603.0,12107280.0,4496464.0,4130144.0,79929408.0,0.3501775196051892,0.4226888607883016,0.4793930107983106,0.4521166302975827,104.39088985400886,87.3465381495627,0.5839367898582263,0.7373233497663664,0.729189753829016,0.7456404414887484,9341265.0,315644.0,453.0,39.0,113016.0,202628.0,9228249.0,91119403.0,0.0055102456555326,0.0079684493382817,0.0171521065780256,0.0089839076919762,166.46395005120172,149.3893519507514,0.0118417086193233,0.0234062472785028,0.3580489412122518,0.01209857551413
deeplabv3p,resnet50,nir,Qca,7202703.0,4157002.0,431.0,241.0,1651306.0,2505696.0,5551397.0,90954897.0,0.0841788878339872,0.1200277531734982,0.164021804985102,0.1492008585819238,144.79666479517903,127.37688508194483,0.1700904546671392,0.2907304371020198,0.3972348341424901,0.2292619867846834,3590038.0,0.0,248.0,0.0,0.0,0.0,3590038.0,97073258.0,0.0,0.0,0.0,0.0,,,0.0,0.0,0.0,0.0
deeplabv3p,resnet50,nir,Qr,62099929.0,73009062.0,1433.0,1508.0,57321003.0,15688059.0,4778926.0,22875308.0,0.6293241384844522,0.6900665436995361,0.6932291627899979,0.7716695576888356,102.24563169849272,84.60582010777948,0.7368875898936993,0.8485150037128173,0.785121756529347,0.9230445819028232,75325588.0,47936194.0,1511.0,1318.0,39849915.0,8086279.0,35475673.0,17251429.0,0.4025234399274429,0.440387892509781,0.6892973631167724,0.4758802525829724,151.96283476703738,136.29395362222854,0.4777487476692015,0.6465899543785599,0.8313116181063519,0.5290355649132138
deeplabv3p,resnet50,nir,af1,6362496.0,3138359.0,570.0,237.0,2448596.0,689763.0,3913900.0,93611037.0,0.1212485313647465,0.1519852067302817,0.2611355967518516,0.1460433391607339,123.57877590609532,110.01522565589232,0.3472073274676951,0.5154475044614406,0.7802153928215351,0.3848483362504275,1372643.0,52378086.0,432.0,983.0,695741.0,51682345.0,676902.0,47608308.0,0.0118962229151476,0.0210990112126955,0.0169645101524853,0.217660319240645,225.44124833198444,212.3662681057029,0.0131135832129487,0.0258876861000341,0.0132830550547417,0.5068623086993487
deeplabv3p,resnet50,osm,Qaf,10183.0,0.0,10.0,0.0,0.0,0.0,10183.0,100653113.0,0.0,0.0,0.0,0.0,,,0.0,0.0,0.0,0.0,10275.0,0.0,6.0,0.0,0.0,0.0,10275.0,100653021.0,0.0,0.0,0.0,0.0,,,0.0,0.0,0.0,0.0
deeplabv3p,resnet50,osm,Qal,8361713.0,0.0,947.0,0.0,0.0,0.0,8361713.0,92301583.0,0.0,0.0,0.0,0.0,,,0.0,0.0,0.0,0.0,9921617.0,0.0,842.0,0.0,0.0,0.0,9921617.0,90741679.0,0.0,0.0,0.0,0.0,,,0.0,0.0,0.0,0.0
deeplabv3p,resnet50,osm,Qat,388848.0,0.0,61.0,0.0,0.0,0.0,388848.0,100274448.0,0.0,0.0,0.0,0.0,,,0.0,0.0,0.0,0.0,1101870.0,0.0,77.0,0.0,0.0,0.0,1101870.0,99561426.0,0.0,0.0,0.0,0.0,,,0.0,0.0,0.0,0.0
deeplabv3p,resnet50,osm,Qc,16237424.0,0.0,748.0,0.0,0.0,0.0,16237424.0,84425872.0,0.0,0.0,0.0,0.0,,,0.0,0.0,0.0,0.0,9341265.0,0.0,453.0,0.0,0.0,0.0,9341265.0,91322031.0,0.0,0.0,0.0,0.0,,,0.0,0.0,0.0,0.0
deeplabv3p,resnet50,osm,Qca,7202703.0,0.0,431.0,0.0,0.0,0.0,7202703.0,93460593.0,0.0,0.0,0.0,0.0,,,0.0,0.0,0.0,0.0,3590038.0,0.0,248.0,0.0,0.0,0.0,3590038.0,97073258.0,0.0,0.0,0.0,0.0,,,0.0,0.0,0.0,0.0
deeplabv3p,resnet50,osm,Qr,62099929.0,97321204.0,1433.0,1527.0,60994395.0,36326809.0,1105534.0,2236558.0,0.610369340228562,0.6762640312396447,0.6229463260820097,0.9115152669371976,107.27325367693643,92.34328730614268,0.6196933499919504,0.765198363004985,0.6267328443655505,0.9821974997749192,75325588.0,100538767.0,1511.0,1536.0,75292975.0,25245792.0,32613.0,91916.0,0.7486449535305534,0.8096161516977342,0.748962742528723,0.9833064328025406,81.25817950540312,67.83527745212805,0.7486521016217537,0.8562619184541405,0.748894951138599,0.9995670395563324
deeplabv3p,resnet50,osm,af1,6362496.0,3342092.0,570.0,229.0,2032692.0,1309400.0,4329804.0,92991400.0,0.0804623423832138,0.102131199982615,0.1985944035053195,0.1123237573088579,130.8797274329568,118.44567777342716,0.2649530181326754,0.418913610758128,0.6082094687997817,0.3194802794375038,1372643.0,124529.0,432.0,100.0,91409.0,33120.0,1281234.0,99257533.0,0.01927613013518,0.0274209237697784,0.087957297408014,0.023185119697646,132.89981535077095,122.59558919072153,0.0650244742534836,0.1221088826133537,0.7340378546362695,0.0665934259672762
deeplabv3p,resnet50,plc-100,Qaf,10183.0,0.0,10.0,0.0,0.0,0.0,10183.0,100653113.0,0.0,0.0,0.0,0.0,,,0.0,0.0,0.0,0.0,10275.0,0.0,6.0,0.0,0.0,0.0,10275.0,100653021.0,0.0,0.0,0.0,0.0,,,0.0,0.0,0.0,0.0
deeplabv3p,resnet50,plc-100,Qal,8361713.0,8985172.0,947.0,775.0,4945017.0,4040155.0,3416696.0,88261428.0,0.1684182492114243,0.2226382857302501,0.3014842764783644,0.2859382772008242,116.18920720987651,105.56721192133764,0.3987316265581926,0.5701331391774374,0.5503530705923048,0.5913880325717948,9921617.0,8783810.0,842.0,774.0,4555954.0,4227856.0,5365663.0,86513823.0,0.1498702204268652,0.2000112860468983,0.3018527559111185,0.2323075574800952,134.3596017888484,121.2605438214222,0.3219875397479468,0.4871264366218424,0.5186762919507594,0.4591947058629657
deeplabv3p,resnet50,plc-100,Qat,388848.0,2173.0,61.0,3.0,1690.0,483.0,387158.0,100273965.0,0.0011474633264163,0.0021402102614205,0.013072805745261,0.0011655107613593,181.8158416748047,160.47970581054688,0.0043407794396028,0.0086440370210295,0.7777266451909802,0.0043461712545776,1101870.0,149.0,77.0,1.0,149.0,0.0,1101721.0,99561426.0,6.096996971732598e-05,0.0001213701514454,0.0129870129870129,6.096996971732598e-05,176.38877868652344,162.9104766845703,0.0001352246635265,0.0002704127605785,1.0,0.0001352246635265
deeplabv3p,resnet50,plc-100,Qc,16237424.0,10699505.0,748.0,536.0,5982327.0,4717178.0,10255097.0,79708694.0,0.1628418614347199,0.2088108193026698,0.290106730935319,0.2212450838269022,135.03170064577185,117.81584992325097,0.285489889046807,0.4441729047880699,0.5591218472256427,0.3684283295182782,9341265.0,5133578.0,453.0,333.0,1267975.0,3865603.0,8073290.0,87456428.0,0.0527334842900076,0.0755799004343894,0.1225898857985343,0.0913839710635704,162.16098927259446,146.13067519664764,0.0960087584732428,0.1751970643135818,0.2469963444599458,0.1357391102811022
deeplabv3p,resnet50,plc-100,Qca,7202703.0,2168477.0,431.0,146.0,1044560.0,1123917.0,6158143.0,92336676.0,0.0605761197221464,0.0829032068869639,0.122965674484743,0.0920219474689455,144.29838280365846,128.02779693247,0.1254482611191576,0.2229303033342652,0.4817021347240482,0.1450233336012883,3590038.0,367618.0,248.0,48.0,67224.0,300394.0,3522814.0,96772864.0,0.0069629446718359,0.0102585560841146,0.0342448063114349,0.0091623571333257,184.3214399549696,166.36619525485568,0.0172793149963808,0.033971623607509,0.1828637335494997,0.0187251499844848
deeplabv3p,resnet50,plc-100,Qr,62099929.0,78771872.0,1433.0,1522.0,57155666.0,21616206.0,4944263.0,16947161.0,0.627579633960227,0.7020465641773901,0.6882415805373495,0.8459675358677534,100.96795190881184,82.24475691902055,0.6827317816332539,0.8114564532329647,0.7255847112532758,0.920382147296819,75325588.0,86346335.0,1511.0,1536.0,69389517.0,16956818.0,5936071.0,8380890.0,0.7257815732355084,0.7923472661710397,0.7942981570024301,0.8951820748895708,83.4113723815158,66.97183409642889,0.751925746279307,0.8583991049577606,0.80361855543724,0.921194495023391
deeplabv3p,resnet50,plc-100,af1,6362496.0,36097.0,570.0,10.0,6756.0,29341.0,6355740.0,94271459.0,0.0001843764981054,0.000336891582669,0.003484932255459,0.0001903405508427,247.4369964599609,238.72706985473636,0.0010569731362048,0.002111714247179,0.187162368063828,0.0010618474259158,1372643.0,31806.0,432.0,5.0,0.0,31806.0,1372643.0,99258847.0,0.0,0.0,0.0,0.0,,,0.0,0.0,0.0,0.0
deeplabv3p,resnet50,plc-10,Qaf,10183.0,0.0,10.0,0.0,0.0,0.0,10183.0,100653113.0,0.0,0.0,0.0,0.0,,,0.0,0.0,0.0,0.0,10275.0,0.0,6.0,0.0,0.0,0.0,10275.0,100653021.0,0.0,0.0,0.0,0.0,,,0.0,0.0,0.0,0.0
deeplabv3p,resnet50,plc-10,Qal,8361713.0,6994092.0,947.0,887.0,5347693.0,1646399.0,3014020.0,90655184.0,0.2431131818411845,0.3060672777142169,0.4669575613518733,0.2843682672779289,110.29050982528642,98.45660909689651,0.5343358467611073,0.6965044164079969,0.7646014664948645,0.6395451506168652,9921617.0,7438368.0,842.0,1086.0,5670787.0,1767581.0,4250830.0,88974098.0,0.2160321404400148,0.2793623605480756,0.4386640123292131,0.2525075627167382,125.02324336775555,110.46209468480414,0.4851305453120051,0.6533170391564278,0.762369783264286,0.5715587489418308
deeplabv3p,resnet50,plc-10,Qat,388848.0,116699.0,61.0,37.0,30520.0,86179.0,358328.0,100188269.0,0.0228952129782341,0.0350252227967276,0.0740740491351222,0.0349605672034051,130.4287391075721,118.543574993427,0.0642489795316897,0.1207405048393126,0.2615275195160198,0.0784882524791178,1101870.0,94394.0,77.0,38.0,43356.0,51038.0,1058514.0,99510388.0,0.020088436106865,0.0315721438138704,0.1122316109637419,0.0226090793979286,172.29702718634354,162.8999706067537,0.0376057760029421,0.0724856720590103,0.4593088543763375,0.039347654441994
deeplabv3p,resnet50,plc-10,Qc,16237424.0,17016835.0,748.0,739.0,12574854.0,4441981.0,3662570.0,79983891.0,0.3597695019008824,0.428169201286776,0.4639576448119735,0.470432453469053,106.37016765302994,89.4727279403281,0.6080858709426118,0.7562853227311425,0.738965500928933,0.7744365116043037,9341265.0,6736117.0,453.0,601.0,3470488.0,3265629.0,5870777.0,88056402.0,0.1146463770924726,0.1567494932074067,0.2269779971305121,0.16285967765793,135.81617478581217,117.8577248399908,0.2752849353694891,0.4317230255522945,0.515206015572473,0.371522272411713
deeplabv3p,resnet50,plc-10,Qca,7202703.0,4499340.0,431.0,336.0,2689912.0,1809428.0,4512791.0,91651165.0,0.1784183250682081,0.2391743031285449,0.3347166431689165,0.254852473085173,132.47803011113947,117.4101938490434,0.2984767975520995,0.4597337405100972,0.5978459062884779,0.3734586862737503,3590038.0,1514395.0,248.0,171.0,591386.0,923009.0,2998652.0,96150249.0,0.0616538333795008,0.0891578214122129,0.1824872143471393,0.0893539691798894,155.52236330284262,141.59313770510116,0.1310391848345475,0.2317146684068534,0.3905097415139379,0.1647297326657823
deeplabv3p,resnet50,plc-10,Qr,62099929.0,68051392.0,1433.0,1511.0,57396440.0,10654952.0,4703489.0,27908415.0,0.687437276873673,0.7566689652466555,0.756720573930498,0.8210153377466575,82.51488657199161,63.09412453762243,0.7889015721158282,0.8819955042945742,0.8434278611082636,0.9242593497973244,75325588.0,84015628.0,1511.0,1536.0,71066366.0,12949262.0,4259222.0,12388446.0,0.7665932016194574,0.8304352119587293,0.8167342074744965,0.9136909751153628,76.90201205879075,58.88137277635338,0.8050579072068659,0.8920023052918085,0.845870794419343,0.9434558413271198
deeplabv3p,resnet50,plc-10,af1,6362496.0,3984938.0,570.0,362.0,3033389.0,951549.0,3329107.0,93349251.0,0.1509272103074369,0.1883709319590044,0.2929333026314262,0.1783509184964808,117.84516525268556,107.09200793809264,0.4147348013308641,0.5863074845415781,0.7612135998100849,0.4767608498300038,1372643.0,864394.0,432.0,257.0,302321.0,562073.0,1070322.0,98728580.0,0.0524261833571623,0.0772609740168917,0.1961982271511171,0.0707639854692221,142.68241890941758,131.2541587467653,0.1562611773510944,0.270286991229917,0.3497490727608012,0.2202473622056135
deeplabv3p,resnet50,plc-200,Qaf,10183.0,0.0,10.0,0.0,0.0,0.0,10183.0,100653113.0,0.0,0.0,0.0,0.0,,,0.0,0.0,0.0,0.0,10275.0,0.0,6.0,0.0,0.0,0.0,10275.0,100653021.0,0.0,0.0,0.0,0.0,,,0.0,0.0,0.0,0.0
deeplabv3p,resnet50,plc-200,Qal,8361713.0,7100626.0,947.0,447.0,3479202.0,3621424.0,4882511.0,88680159.0,0.104753650390777,0.1412903053072879,0.1762281058090789,0.1955828040847118,119.23499770691453,108.811489835261,0.2903415023962423,0.4500227294201737,0.4899852491878885,0.4160872299730928,9921617.0,6144377.0,842.0,427.0,2920582.0,3223795.0,7001035.0,87517884.0,0.0974918373152584,0.1327960576524406,0.1919418926278981,0.15342305939901,134.8636865260438,121.78720497344592,0.2221750067628158,0.3635731471081092,0.4753259769053884,0.2943655252969349
deeplabv3p,resnet50,plc-200,Qat,388848.0,0.0,61.0,0.0,0.0,0.0,388848.0,100274448.0,0.0,0.0,0.0,0.0,,,0.0,0.0,0.0,0.0,1101870.0,0.0,77.0,0.0,0.0,0.0,1101870.0,99561426.0,0.0,0.0,0.0,0.0,,,0.0,0.0,0.0,0.0
deeplabv3p,resnet50,plc-200,Qc,16237424.0,6635558.0,748.0,359.0,2106219.0,4529339.0,14131205.0,79896533.0,0.0584851557663548,0.0828423239728944,0.143455726425324,0.1058060321940146,172.2105614062603,156.5483820629522,0.1014225953269655,0.1841665419926444,0.317413998943269,0.1297138634798229,9341265.0,5386827.0,453.0,292.0,637424.0,4749403.0,8703841.0,86572628.0,0.0238478092763919,0.0361827859975713,0.0625963949667653,0.0523873978909822,177.98288488825526,161.49571382015122,0.0452373159313667,0.0865589378447663,0.118330141287255,0.0682374389335919
deeplabv3p,resnet50,plc-200,Qca,7202703.0,525958.0,431.0,62.0,135899.0,390059.0,7066804.0,93070534.0,0.0107824268352865,0.0170477277672066,0.039010349543168,0.0146219290299179,165.03089682261148,151.67004691229926,0.0178984933282513,0.0351675406645472,0.2583837492727556,0.0188677778328496,3590038.0,338154.0,248.0,49.0,23710.0,314444.0,3566328.0,96758814.0,0.002591001033347,0.0043792093654843,0.013805477807285,0.0031726618152085,207.75794576009116,191.4624059041341,0.0060725084659117,0.0120717113623774,0.0701159826587886,0.0066043869173529
deeplabv3p,resnet50,plc-200,Qr,62099929.0,86401154.0,1433.0,1535.0,57173876.0,29227278.0,4926053.0,9336089.0,0.5880834358401026,0.6605665356720388,0.6423146571033461,0.8480169651266963,108.20660925510457,91.6582694571083,0.6260333352798143,0.7700129163367785,0.6617258375970303,0.9206753843470578,75325588.0,88793938.0,1511.0,1536.0,69372417.0,19421521.0,5953171.0,5916187.0,0.7049054045149816,0.770626846585922,0.7716517076657207,0.892550809549275,84.54021495813411,69.38479015087151,0.732185052738654,0.8453889514645564,0.7812742464468689,0.9209674805326444
deeplabv3p,resnet50,plc-200,af1,6362496.0,0.0,570.0,0.0,0.0,0.0,6362496.0,94300800.0,0.0,0.0,0.0,0.0,,,0.0,0.0,0.0,0.0,1372643.0,0.0,432.0,0.0,0.0,0.0,1372643.0,99290653.0,0.0,0.0,0.0,0.0,,,0.0,0.0,0.0,0.0
deeplabv3p,resnet50,plc-20,Qaf,10183.0,0.0,10.0,0.0,0.0,0.0,10183.0,100653113.0,0.0,0.0,0.0,0.0,,,0.0,0.0,0.0,0.0,10275.0,0.0,6.0,0.0,0.0,0.0,10275.0,100653021.0,0.0,0.0,0.0,0.0,,,0.0,0.0,0.0,0.0
deeplabv3p,resnet50,plc-20,Qal,8361713.0,7616006.0,947.0,1114.0,5268987.0,2347019.0,3092726.0,89954564.0,0.2508479029743513,0.32396642667208,0.4233970699311453,0.3330398161537515,112.40497155343331,100.35096527979924,0.4920271606386265,0.6595418282171567,0.6918307312257895,0.6301324860109406,9921617.0,7733868.0,842.0,1188.0,5314327.0,2419541.0,4607290.0,88322138.0,0.2212627419452382,0.2883110445380557,0.3972535552455373,0.2872414216677418,120.77413373823843,107.27428943311948,0.4306181802388398,0.6020029469595426,0.6871499487707833,0.5356311375454222
deeplabv3p,resnet50,plc-20,Qat,388848.0,82090.0,61.0,29.0,23342.0,58748.0,365506.0,100215700.0,0.0148016037303022,0.0230850176420062,0.0641451331088319,0.0192613000515848,137.5082046508789,127.17244567871094,0.0521497064316928,0.0991298217599769,0.284346449019369,0.0600285972925153,1101870.0,102975.0,77.0,34.0,28800.0,74175.0,1073070.0,99487251.0,0.0148017783252958,0.0245460470633066,0.056709274332574,0.0221283180525209,189.8060100779814,180.07107633702896,0.024488858844687,0.0478069793209915,0.2796795338674435,0.0261373846279506
deeplabv3p,resnet50,plc-20,Qc,16237424.0,16491943.0,748.0,652.0,11806861.0,4685082.0,4430563.0,79740790.0,0.3356812906003439,0.4040835107904242,0.4380154713217137,0.4519315223576248,106.43728632387293,89.64460401765048,0.564313901977134,0.7214842254663831,0.7159169177337079,0.7271387998490401,9341265.0,5394620.0,453.0,371.0,2518785.0,2875835.0,6822480.0,88446196.0,0.1038034632198756,0.1404030293243171,0.2142683787485291,0.1542346237518805,145.9329803000748,128.24638403810528,0.2061688125659935,0.3418573095541937,0.4669068442262847,0.2696406750049377
deeplabv3p,resnet50,plc-20,Qca,7202703.0,7441717.0,431.0,413.0,3678868.0,3762849.0,3523835.0,89697744.0,0.1945810855661047,0.2603495386369132,0.2962185520204301,0.3133240510912007,133.68088989133958,118.63956005542308,0.3354931881222213,0.5024259069324698,0.4943574177840947,0.5107621402687297,3590038.0,3365230.0,248.0,224.0,1016782.0,2348448.0,2573256.0,94724810.0,0.0797764675992463,0.110736802951174,0.1409447940363962,0.1255647323977124,142.73132409368242,127.09115440504893,0.1712190615587878,0.2923775187383146,0.3021433899020275,0.2832231859384218
deeplabv3p,resnet50,plc-20,Qr,62099929.0,64532170.0,1433.0,1504.0,54613126.0,9919044.0,7486803.0,28644323.0,0.6482930875798315,0.7211276480363163,0.7676357181625414,0.7632590980817432,90.94775468607044,70.34054656913149,0.7583158121402259,0.8625479073832615,0.8462930349312598,0.8794394273784113,75325588.0,82455713.0,1511.0,1536.0,69333155.0,13122558.0,5992433.0,12215150.0,0.7424179760962346,0.806515708704012,0.8178363706212318,0.8805882336507551,82.85664616539965,63.34480090428472,0.7838847747017784,0.8788513538749436,0.8408532590094758,0.92044624995161
deeplabv3p,resnet50,plc-20,af1,6362496.0,4499370.0,570.0,298.0,2514786.0,1984584.0,3847710.0,92316216.0,0.0988697201210849,0.1266349625420038,0.1897122427090675,0.1367033378073576,145.0414118430984,132.20234014394697,0.301277332911629,0.463048614298869,0.5589195820748238,0.3952514862091858,1372643.0,1610890.0,432.0,207.0,297187.0,1313703.0,1075456.0,97976950.0,0.0292242289588,0.0440515518528675,0.0731879664736345,0.0669016857500264,162.15015591212682,151.5707571120489,0.1106287127570313,0.1992181752305069,0.1844862156944298,0.2165071325901928
deeplabv3p,resnet50,plc-50,Qaf,10183.0,0.0,10.0,0.0,0.0,0.0,10183.0,100653113.0,0.0,0.0,0.0,0.0,,,0.0,0.0,0.0,0.0,10275.0,0.0,6.0,0.0,0.0,0.0,10275.0,100653021.0,0.0,0.0,0.0,0.0,,,0.0,0.0,0.0,0.0
deeplabv3p,resnet50,plc-50,Qal,8361713.0,6000142.0,947.0,868.0,4634100.0,1366042.0,3727613.0,90935541.0,0.1967774654518992,0.258612214973477,0.4089160585808506,0.2542533677738306,114.46541926825223,103.23532670362673,0.4763791851254477,0.6453344641064821,0.7723317214825915,0.5542046229044216,9921617.0,4829033.0,842.0,798.0,3700883.0,1128150.0,6220734.0,89613529.0,0.1682420074667225,0.2282869503314906,0.4276544281379797,0.2039002178328082,130.01161818601648,116.63821106378724,0.3349286007569209,0.5017925311765922,0.766381799420298,0.3730120805912987
deeplabv3p,resnet50,plc-50,Qat,388848.0,60015.0,61.0,16.0,22905.0,37110.0,365943.0,100237338.0,0.0144655974851786,0.0221019819162893,0.0704653841186908,0.0204497588717419,145.95866775512695,138.23321151733398,0.0537729071880326,0.1020578662086204,0.3816545863534116,0.0589047648438464,1101870.0,38902.0,77.0,13.0,8400.0,30502.0,1093470.0,99530924.0,0.0041848766104965,0.0073108285233923,0.0345030394269198,0.0053148392052673,161.63231658935547,152.65073776245117,0.0074180569636126,0.0147268691728057,0.2159272016862886,0.0076234038498189
deeplabv3p,resnet50,plc-50,Qc,16237424.0,14790392.0,748.0,683.0,9770583.0,5019809.0,6466841.0,79406063.0,0.2598934552397632,0.3198372476989459,0.3783255680414379,0.3424918571107926,116.92251389314228,101.18523186746738,0.4596356920018706,0.6297950845138439,0.6606033836020032,0.6017323314338531,9341265.0,4105304.0,453.0,318.0,1541809.0,2563495.0,7799456.0,88758536.0,0.0657828794040709,0.0919896035871874,0.1543106884685725,0.1063779442893919,159.6045892224993,142.8875871494838,0.1295119767219162,0.2293237776863377,0.375565122582883,0.1650535553803473
deeplabv3p,resnet50,plc-50,Qca,7202703.0,4023493.0,431.0,238.0,2081096.0,1942397.0,5121607.0,91518196.0,0.1243219983321635,0.1697820227320573,0.2360733311808418,0.1866670843277957,142.00696745697334,124.75025222252826,0.2275640506938141,0.3707571113135741,0.517236142824158,0.2889326409821424,3590038.0,865136.0,248.0,65.0,241736.0,623400.0,3348302.0,96449858.0,0.022244916010731,0.0309144293261941,0.0398494091953014,0.0337432753808602,172.84607131392866,158.5374526977539,0.0573726253952235,0.1085192183290708,0.2794196519391171,0.0673352204071377
deeplabv3p,resnet50,plc-50,Qr,62099929.0,74458083.0,1433.0,1526.0,58098308.0,16359775.0,4001621.0,22203592.0,0.6594849419911066,0.7288548225996326,0.718785599997557,0.838446289360969,92.30608761669288,72.46660151741904,0.7404859442243116,0.8508956325462618,0.7802820816646595,0.9355615849415868,75325588.0,90502337.0,1511.0,1535.0,72402789.0,18099548.0,2922799.0,7238160.0,0.7524888566115351,0.8136514400677394,0.787139729347094,0.9340153602897772,77.14496055028296,61.42578738051535,0.7749818956645672,0.8732279439666147,0.800010158853688,0.9611977937696284
deeplabv3p,resnet50,plc-50,af1,6362496.0,1331171.0,570.0,55.0,655354.0,675817.0,5707142.0,93624983.0,0.0195675517034472,0.0239641077058783,0.0412680495426998,0.0342968348905962,173.04091449313694,159.50057542588976,0.0931123693987465,0.1703619353424056,0.4923139100836782,0.1030026580763272,1372643.0,322584.0,432.0,30.0,8348.0,314236.0,1364295.0,98976417.0,0.0007873996789669,0.0014433673550149,0.0064660905283929,0.0032018551845021,160.54994201660156,148.54664611816406,0.0049487841155174,0.009848828504973,0.025878530863279,0.0060816978631734
deeplabv3p,resnet50,plc-5,Qaf,10183.0,0.0,10.0,0.0,0.0,0.0,10183.0,100653113.0,0.0,0.0,0.0,0.0,,,0.0,0.0,0.0,0.0,10275.0,0.0,6.0,0.0,0.0,0.0,10275.0,100653021.0,0.0,0.0,0.0,0.0,,,0.0,0.0,0.0,0.0
deeplabv3p,resnet50,plc-5,Qal,8361713.0,8153364.0,947.0,994.0,6017379.0,2135985.0,2344334.0,90165598.0,0.289610790719826,0.3615166067053108,0.4415666656732974,0.3768920759315498,103.3501132672129,89.9859996147405,0.5732093836191515,0.728713405332594,0.7380240842920787,0.7196347207802994,9921617.0,9725550.0,842.0,1173.0,6353535.0,3372015.0,3568082.0,87369664.0,0.245146696695196,0.3085558682398043,0.3842020629665518,0.3169922784946776,119.55593928849017,104.14140912947278,0.4779382338852166,0.6467634748561968,0.6532828477566821,0.6403729351778041
deeplabv3p,resnet50,plc-5,Qat,388848.0,235147.0,61.0,81.0,64540.0,170607.0,324308.0,100103841.0,0.0456837341000333,0.0662086314231189,0.1186209066301329,0.0623790016925185,135.5841815185547,127.65002662658692,0.1153622722113485,0.2068606318960889,0.2744666102480576,0.1659774513434555,1101870.0,476376.0,77.0,93.0,132116.0,344260.0,969754.0,99217166.0,0.0341865431144148,0.0503533870612634,0.0990599135620868,0.0458612558663042,161.6380319034352,153.34506079729866,0.091358314950938,0.1674213018756264,0.2773355500696928,0.1199016217884142
deeplabv3p,resnet50,plc-5,Qc,16237424.0,16096518.0,748.0,765.0,12846921.0,3249597.0,3390503.0,81176275.0,0.4064716195396746,0.4821211853199393,0.5326681371071766,0.4987575853764542,97.41626725920676,81.9054607949533,0.6592552550746469,0.7946399483242718,0.79811801533723,0.7911920634701662,9341265.0,11197244.0,453.0,733.0,5246936.0,5950308.0,4094329.0,85371723.0,0.1775533867230715,0.2408816311852888,0.3027031048455531,0.2940085435422285,135.9873686384356,116.9743140074625,0.3431259818724993,0.5109364073117479,0.4685917356092267,0.5616943743700665
deeplabv3p,resnet50,plc-5,Qca,7202703.0,6383141.0,431.0,444.0,3654127.0,2729014.0,3548576.0,90731579.0,0.214417319726682,0.2822179184798568,0.3431162644013587,0.3143153721520398,124.45864266302527,110.57294808073742,0.3679250022931584,0.5379315410952753,0.5724653426894377,0.5073271798101352,3590038.0,6130764.0,248.0,512.0,1443562.0,4687202.0,2146476.0,92386056.0,0.0837557156889207,0.1199738943537125,0.1429924190800838,0.1614906362003901,155.06309736342658,139.59887574513752,0.1744013705051442,0.2970047121626384,0.2354620076714745,0.4021021504507752
deeplabv3p,resnet50,plc-5,Qr,62099929.0,63865094.0,1433.0,1473.0,55900770.0,7964324.0,6199159.0,30599043.0,0.6852806181633031,0.7530998105976685,0.7860724484145194,0.7850738503157485,80.62087961410572,62.63037873099511,0.797850081981178,0.8875601920066335,0.8752945701449997,0.9001744591366602,75325588.0,71862554.0,1511.0,1531.0,63385379.0,8477175.0,11940209.0,16860533.0,0.7049895872457977,0.7816583023396624,0.846934964879816,0.8035219992870257,86.67266041340815,67.78915956039327,0.7563638325385524,0.8612837710798741,0.8820362688473332,0.8414853528923
deeplabv3p,resnet50,plc-5,af1,6362496.0,5930032.0,570.0,480.0,4044413.0,1885619.0,2318083.0,92415181.0,0.1742507265480067,0.2173898467826266,0.2993536167617657,0.227621793778542,120.69960335524924,106.97696708713158,0.49034391494299,0.6580278686369476,0.6820221206226206,0.6356645253686604,1372643.0,1270808.0,432.0,386.0,349005.0,921803.0,1023638.0,98368850.0,0.0524892169146009,0.0769741087273925,0.1858755239015523,0.0791036748523459,150.57783229040993,138.31977743952797,0.152108613582538,0.264052558568326,0.27463235988442,0.2542576620432261
deeplabv3p,resnet50,prc-100,Qaf,10183.0,0.0,10.0,0.0,0.0,0.0,10183.0,100653113.0,0.0,0.0,0.0,0.0,,,0.0,0.0,0.0,0.0,10275.0,0.0,6.0,0.0,0.0,0.0,10275.0,100653021.0,0.0,0.0,0.0,0.0,,,0.0,0.0,0.0,0.0
deeplabv3p,resnet50,prc-100,Qal,8361713.0,7135829.0,947.0,780.0,4913097.0,2222732.0,3448616.0,90078851.0,0.2087080146718867,0.2727906545565662,0.3607170270920897,0.2866021530530623,107.46079515512548,96.55785557763356,0.4641808805279823,0.6340485478277781,0.6885110335463476,0.5875706329552329,9921617.0,6503497.0,842.0,869.0,4171890.0,2331607.0,5749727.0,88410072.0,0.1697783967678173,0.2245414962674993,0.3303294689762161,0.2135340778579631,132.4906306425452,120.15621172859872,0.340472842086295,0.507989168294357,0.6414841123168044,0.4204848866873212
deeplabv3p,resnet50,prc-100,Qat,388848.0,112805.0,61.0,40.0,23970.0,88835.0,364878.0,100185613.0,0.0231784087887337,0.0344144927207813,0.0607918003617331,0.0318396120483792,137.77721061706544,131.8337374369303,0.050179721698281,0.0955640652004473,0.2124905810912636,0.0616436242439205,1101870.0,10834.0,77.0,12.0,0.0,10834.0,1101870.0,99550592.0,0.0,0.0,0.0,0.0,209.8046722412109,204.8258514404297,0.0,0.0,0.0,0.0
deeplabv3p,resnet50,prc-100,Qc,16237424.0,18393818.0,748.0,708.0,13630421.0,4763397.0,2607003.0,79662475.0,0.4456823812190406,0.5336078212252411,0.5339714678775546,0.5986317605146712,91.67902429100168,76.0898876322845,0.6490422922037191,0.7871748290171054,0.7410327208848103,0.8394447912427488,9341265.0,11138022.0,453.0,449.0,6914045.0,4223977.0,2427220.0,87098054.0,0.2937652164633564,0.3744999515824887,0.3853346205644268,0.4480757561869558,111.186752507458,95.59571167410236,0.5096882901167558,0.6752232145582021,0.6207605802897498,0.7401615305849903
deeplabv3p,resnet50,prc-100,Qca,7202703.0,6928840.0,431.0,433.0,4121643.0,2807197.0,3081060.0,90653396.0,0.2432642867547656,0.3183230386612194,0.3927040426773408,0.3593918881234651,119.94618400505612,103.51231445301148,0.4117566609057033,0.583325260376733,0.5948532510492377,0.5722355898889625,3590038.0,4940642.0,248.0,362.0,1412017.0,3528625.0,2178021.0,93544633.0,0.1014326053775604,0.1457787189182989,0.187606143044814,0.1879587966607447,156.9232669191312,140.81077046079685,0.198354241519791,0.331044418498877,0.2857962588667627,0.3933153353808511
deeplabv3p,resnet50,prc-100,Qr,62099929.0,68079545.0,1433.0,1481.0,57290762.0,10788783.0,4809167.0,27774584.0,0.6896805004332011,0.7593026839607727,0.7802825873825461,0.8083031057289897,80.88857024314126,64.94662276182073,0.7860032154224375,0.8801811873967166,0.8415268051512389,0.9225576087212596,75325588.0,78054459.0,1511.0,1527.0,68453054.0,9601405.0,6872534.0,15736303.0,0.740244368052457,0.8054795649855406,0.8410161126254884,0.843742668722164,79.59634100630939,63.4298530158452,0.8060223443917295,0.8925939890995078,0.8769909480763937,0.908762292038132
deeplabv3p,resnet50,prc-100,af1,6362496.0,12459.0,570.0,2.0,353.0,12106.0,6362143.0,94288694.0,5.792270398192229e-05,0.0001133053596213,0.0002136673574058,0.0009420914738847,155.70211791992185,133.32843780517578,5.537600621968242e-05,0.0001107458797748,0.0283329320170158,5.548137083308186e-05,1372643.0,15842.0,432.0,1.0,0.0,15842.0,1372643.0,99274811.0,0.0,0.0,0.0,0.0,,,0.0,0.0,0.0,0.0
deeplabv3p,resnet50,prc-10,Qaf,10183.0,0.0,10.0,0.0,0.0,0.0,10183.0,100653113.0,0.0,0.0,0.0,0.0,,,0.0,0.0,0.0,0.0,10275.0,0.0,6.0,0.0,0.0,0.0,10275.0,100653021.0,0.0,0.0,0.0,0.0,,,0.0,0.0,0.0,0.0
deeplabv3p,resnet50,prc-10,Qal,8361713.0,8457572.0,947.0,1055.0,6403384.0,2054188.0,1958329.0,90247395.0,0.3447678634470871,0.4214647228751624,0.4747880052897464,0.4549232017278785,98.3073646127086,84.65545613920004,0.6147700520579065,0.7614335567772352,0.7571184732450401,0.765798108593299,9921617.0,11767787.0,842.0,1274.0,7552635.0,4215152.0,2368982.0,86526527.0,0.2851452245158616,0.348365569433588,0.3834493903160382,0.379333943609508,119.24811774202624,102.77358166214144,0.5342546801182081,0.6964354576087015,0.6418058892466357,0.761230251077017
deeplabv3p,resnet50,prc-10,Qat,388848.0,273036.0,61.0,61.0,84800.0,188236.0,304048.0,100086212.0,0.0410304365284515,0.0600172513061099,0.108477606616839,0.0517163433962398,143.83731576670772,136.2415829534116,0.1469456786187106,0.2562382532286624,0.3105817547869145,0.2180800724190429,1101870.0,890635.0,77.0,149.0,235371.0,655264.0,866499.0,98906162.0,0.0478519570087487,0.0638408736330862,0.1100548111185755,0.0647911278039986,158.31483577546618,145.30470493861608,0.1339516508131992,0.2362563707493833,0.2642732432477951,0.2136104985161589
deeplabv3p,resnet50,prc-10,Qc,16237424.0,15983699.0,748.0,800.0,13989300.0,1994399.0,2248124.0,82431473.0,0.5435033102694433,0.6217615456970514,0.6753888161883707,0.6226450504086042,73.08430831568582,57.62702487025942,0.7673012183148115,0.8683310013744711,0.8752229380695921,0.8615467576630382,9341265.0,11101028.0,453.0,617.0,7540777.0,3560251.0,1800488.0,87761780.0,0.3479708174749374,0.4290446512193819,0.4371500338747408,0.4981433130380315,99.413977328274,81.24161023011914,0.5844876679608815,0.7377623439797091,0.6792863687939531,0.8072543707945338
deeplabv3p,resnet50,prc-10,Qca,7202703.0,6001181.0,431.0,471.0,3826676.0,2174505.0,3376027.0,91286088.0,0.2492256861182575,0.324207338040086,0.3877970082764773,0.3503958124022001,110.9820730071137,96.00814277952996,0.4080826617048486,0.579628842543603,0.6376538218060745,0.5312833251627895,3590038.0,3360297.0,248.0,376.0,1391269.0,1969028.0,2198769.0,95104230.0,0.1220972067316341,0.168306483674771,0.2351410638612214,0.1638756989626071,135.47597696447886,119.74472667324927,0.250270279215969,0.4003458826085361,0.4140315573296051,0.387536009368146
deeplabv3p,resnet50,prc-10,Qr,62099929.0,65327929.0,1433.0,1493.0,58378670.0,6949259.0,3721259.0,31614108.0,0.7516797252813766,0.8074715819712338,0.819012767968758,0.8366136283069181,71.06995571876058,52.81996042396215,0.8454649749103494,0.9162622823025088,0.8936249915407544,0.940076276093649,75325588.0,72680058.0,1511.0,1533.0,67052576.0,5627482.0,8273012.0,19710226.0,0.7733766356234724,0.8395683413473071,0.8818092168553759,0.8457327644977755,76.78662377339155,57.85354276727256,0.8282894768536881,0.9060813261137348,0.922571855955316,0.8901699645544088
deeplabv3p,resnet50,prc-10,af1,6362496.0,4619879.0,570.0,492.0,3733190.0,886689.0,2629306.0,93414111.0,0.2134275177982702,0.2636610987302006,0.3977962641787974,0.2493943155767865,106.98352677874512,95.6679315675091,0.5149806495488803,0.6798511250981687,0.8080709473126894,0.5867492883296115,1372643.0,863491.0,432.0,430.0,479114.0,384377.0,893529.0,98906276.0,0.1138388745464633,0.1568079398216078,0.2842318145318206,0.1483369528201846,120.48688872030804,111.17122312954494,0.2726855698853741,0.4285199366406485,0.5548569701363419,0.3490448718275619
deeplabv3p,resnet50,prc-200,Qaf,10183.0,0.0,10.0,0.0,0.0,0.0,10183.0,100653113.0,0.0,0.0,0.0,0.0,,,0.0,0.0,0.0,0.0,10275.0,0.0,6.0,0.0,0.0,0.0,10275.0,100653021.0,0.0,0.0,0.0,0.0,,,0.0,0.0,0.0,0.0
deeplabv3p,resnet50,prc-200,Qal,8361713.0,5768466.0,947.0,385.0,3626968.0,2141498.0,4734745.0,90160085.0,0.124684190134048,0.1627947700621362,0.2022009400994662,0.1932032602687426,121.03357031256304,109.25595739518089,0.3453199216887102,0.5133647634612414,0.6287578014674958,0.4337589678095864,9921617.0,3471754.0,842.0,318.0,1637996.0,1833758.0,8283621.0,88907921.0,0.0617893851488908,0.0861302455452382,0.1444224215443758,0.1038133685950973,146.19781559037963,132.1585685207636,0.139340174175643,0.2445980179299147,0.471806470158888,0.1650936535848944
deeplabv3p,resnet50,prc-200,Qat,388848.0,154.0,61.0,1.0,0.0,154.0,388848.0,100274294.0,0.0,0.0,0.0,0.0,,,0.0,0.0,0.0,0.0,1101870.0,0.0,77.0,0.0,0.0,0.0,1101870.0,99561426.0,0.0,0.0,0.0,0.0,,,0.0,0.0,0.0,0.0
deeplabv3p,resnet50,prc-200,Qc,16237424.0,15710033.0,748.0,574.0,11021778.0,4688255.0,5215646.0,79737617.0,0.3391310539835019,0.4250221068300643,0.4821808763254176,0.4564236109744735,108.54697968837988,92.56111892644506,0.526710650583907,0.6899940737067116,0.7015757382559286,0.6787885812429361,9341265.0,7864068.0,453.0,310.0,4617827.0,3246241.0,4723438.0,88075790.0,0.2096220258909449,0.2793286724638352,0.3109105815294861,0.3142790353721063,128.84145329152938,111.65339832854784,0.3668579780617383,0.5367901917388056,0.5872058837741484,0.4943470718366302
deeplabv3p,resnet50,prc-200,Qca,7202703.0,6184308.0,431.0,330.0,3312079.0,2872229.0,3890624.0,90588364.0,0.1923224917427545,0.2572988706521859,0.3328916613589828,0.3019844713647545,127.97546849043474,114.4399937754092,0.3287445513279891,0.494819792110427,0.5355617799113498,0.4598383412449465,3590038.0,4050029.0,248.0,230.0,1302441.0,2747588.0,2287597.0,94325670.0,0.1165137127355615,0.1703142642248004,0.1977928818094556,0.2350836555066426,150.5426704107997,134.7462527378496,0.2055092869159524,0.3409501513533847,0.3215880676409971,0.3627930957833872
deeplabv3p,resnet50,prc-200,Qr,62099929.0,73000335.0,1433.0,1455.0,58166940.0,14833395.0,3932989.0,23729972.0,0.6501888476929781,0.7176723345765107,0.7139730407001487,0.8072818150425168,88.19914058110082,73.1207960667497,0.756069502469437,0.8610929139265042,0.7968037406951626,0.9366667713903506,75325588.0,85277445.0,1511.0,1511.0,70895808.0,14381637.0,4429780.0,10956071.0,0.7312283060982676,0.793890045272589,0.7848321041175267,0.8786911239632146,80.55136991281759,66.58078881613136,0.7903020966259964,0.882870101214091,0.8313547386416186,0.9411915642795912
deeplabv3p,resnet50,prc-200,af1,6362496.0,0.0,570.0,0.0,0.0,0.0,6362496.0,94300800.0,0.0,0.0,0.0,0.0,,,0.0,0.0,0.0,0.0,1372643.0,0.0,432.0,0.0,0.0,0.0,1372643.0,99290653.0,0.0,0.0,0.0,0.0,,,0.0,0.0,0.0,0.0
deeplabv3p,resnet50,prc-20,Qaf,10183.0,0.0,10.0,0.0,0.0,0.0,10183.0,100653113.0,0.0,0.0,0.0,0.0,,,0.0,0.0,0.0,0.0,10275.0,0.0,6.0,0.0,0.0,0.0,10275.0,100653021.0,0.0,0.0,0.0,0.0,,,0.0,0.0,0.0,0.0
deeplabv3p,resnet50,prc-20,Qal,8361713.0,6596974.0,947.0,884.0,5431878.0,1165096.0,2929835.0,91136487.0,0.291968663107195,0.3616682866668336,0.477342974423452,0.3594183669287105,99.64466610946342,87.44063899911706,0.5701676185593728,0.7262506395113422,0.8233893297138961,0.6496130637346678,9921617.0,7445283.0,842.0,1016.0,5666217.0,1779066.0,4255400.0,88962613.0,0.2515017642867368,0.31549646827484,0.4396575177039999,0.3015965333611611,120.78360444214064,106.46183848245384,0.484263781866409,0.6525306185905372,0.7610479010670246,0.5710981385393127
deeplabv3p,resnet50,prc-20,Qat,388848.0,185923.0,61.0,55.0,47859.0,138064.0,340989.0,100136384.0,0.0212043284182436,0.0317357345111668,0.071118333786726,0.0298938826657831,149.5278820991516,140.78583574295044,0.0908292086724158,0.1665324102990582,0.2574130150653765,0.1230789408714973,1101870.0,285651.0,77.0,77.0,27026.0,258625.0,1074844.0,99302801.0,0.0113471201554944,0.0159237193577784,0.0262035199223046,0.0190530727709914,178.97835423396185,168.90404275747446,0.0198648286101749,0.0389558067949962,0.0946119565483754,0.024527394338715
deeplabv3p,resnet50,prc-20,Qc,16237424.0,15749199.0,748.0,773.0,13542847.0,2206352.0,2694577.0,82219520.0,0.5087173340366175,0.5915463297211163,0.6654117564483532,0.5904658698686037,80.63281717983602,64.52432721574404,0.7342773518828248,0.846781918803995,0.8599070340021737,0.834051448062205,9341265.0,11726282.0,453.0,594.0,7775839.0,3950443.0,1565426.0,87371588.0,0.3497290904584803,0.4329788813968181,0.432798673883261,0.5122421159155468,100.11319214829774,81.2232678137093,0.5850142810841165,0.738181716172272,0.6631120588776562,0.8324182003186934
deeplabv3p,resnet50,prc-20,Qca,7202703.0,6009865.0,431.0,434.0,3638302.0,2371563.0,3564401.0,91089030.0,0.2258267725819491,0.2969374645858781,0.3775593194499107,0.3203740187876566,122.16297255429356,108.75968584002872,0.3800084518228342,0.550733513727233,0.6053883073912641,0.5051300879683641,3590038.0,4383397.0,248.0,410.0,1474996.0,2908401.0,2115042.0,94164857.0,0.114037698746531,0.1602742107585579,0.2302787461468223,0.1686597951804034,144.90575234494617,127.9479376251374,0.2269769709310189,0.3699775567242976,0.3364961010832466,0.4108580466279187
deeplabv3p,resnet50,prc-20,Qr,62099929.0,66759566.0,1433.0,1501.0,58147934.0,8611632.0,3951995.0,29951735.0,0.7292760957578681,0.7887766525635004,0.7948083459611174,0.8383159268944458,75.36737582589804,56.916698459577695,0.8223257014507147,0.9025013484648532,0.8710052728623191,0.93636071629003,75325588.0,75343541.0,1511.0,1533.0,68660754.0,6682787.0,6664834.0,18654921.0,0.7801038019542083,0.8421067811734337,0.8723340438958288,0.8639085835838618,73.40110846607891,55.010016690737366,0.8372407574226413,0.911411042935013,0.911302456570232,0.9115196551801228
deeplabv3p,resnet50,prc-20,af1,6362496.0,5361769.0,570.0,342.0,3362351.0,1999418.0,3000145.0,92301382.0,0.1413121204939516,0.1789946661016138,0.2501579468219423,0.1917404643988222,132.9081392815933,120.4173075672195,0.4021030352620225,0.5735713070286282,0.6270973255281979,0.5284641436316817,1372643.0,1479142.0,432.0,199.0,322997.0,1156145.0,1049646.0,98134508.0,0.0427309140033642,0.062309276769966,0.0987545875886333,0.0738185404713931,151.64429134881797,141.68424742161727,0.1277279866876938,0.2265226866681745,0.2183678105279952,0.235310273683689
deeplabv3p,resnet50,prc-50,Qaf,10183.0,0.0,10.0,0.0,0.0,0.0,10183.0,100653113.0,0.0,0.0,0.0,0.0,,,0.0,0.0,0.0,0.0,10275.0,0.0,6.0,0.0,0.0,0.0,10275.0,100653021.0,0.0,0.0,0.0,0.0,,,0.0,0.0,0.0,0.0
deeplabv3p,resnet50,prc-50,Qal,8361713.0,7457146.0,947.0,853.0,5769535.0,1687611.0,2592178.0,90613972.0,0.2773814058815889,0.347606599542079,0.4551104018145775,0.3473019958570755,99.91842833720668,89.3774891767849,0.5741217021164807,0.7294502087666374,0.7736921068730584,0.6899943827299502,9921617.0,7747915.0,842.0,1024.0,5607209.0,2140706.0,4314408.0,88600973.0,0.2199675308850945,0.278150259418673,0.3932322293591891,0.2695953233178336,123.76383645679763,110.47931541340844,0.4648531630267238,0.6346754401870972,0.7237055388449667,0.5651507208955959
deeplabv3p,resnet50,prc-50,Qat,388848.0,78339.0,61.0,27.0,9295.0,69044.0,379553.0,100205404.0,0.008628702044119,0.0147395876270753,0.0507346318091875,0.0109907907008388,146.97400229317802,139.99129050118583,0.0202995466179797,0.039791346933883,0.1186509912048915,0.0239039419001769,1101870.0,45601.0,77.0,28.0,9709.0,35892.0,1092161.0,99525534.0,0.0059528624658117,0.0102054711392859,0.0385767476460368,0.0069515781534701,160.88129806518555,151.3213872909546,0.0085334191157728,0.0169224320266045,0.2129119975439135,0.0088113842830823
deeplabv3p,resnet50,prc-50,Qc,16237424.0,16058236.0,748.0,756.0,13687279.0,2370957.0,2550145.0,82054915.0,0.5076334785739695,0.5888720772771752,0.6476892663909637,0.5907738076301631,79.88821059050383,65.15624914734452,0.7355437853513425,0.8476234268010006,0.8523525871708449,0.8429464550534617,9341265.0,9968087.0,453.0,515.0,7257795.0,2710292.0,2083470.0,88611739.0,0.3515897812110727,0.4340916097689261,0.480860977946293,0.4718841238510638,91.9220036067585,76.14413689858843,0.6022288240432336,0.7517388465444101,0.7281030954083767,0.7769606150772941
deeplabv3p,resnet50,prc-50,Qca,7202703.0,6520928.0,431.0,385.0,4238591.0,2282337.0,2964112.0,91178256.0,0.2821726623663925,0.3608888413688998,0.4345049859635645,0.4038046309434007,112.31063134662966,99.11925142329038,0.4468711781921847,0.6177069319336843,0.6499981291006434,0.5884722721456098,3590038.0,3300838.0,248.0,272.0,1451036.0,1849802.0,2139002.0,95223456.0,0.1570063992407884,0.218324877655793,0.3220735546643349,0.2216142758611456,142.81687976916632,128.34803279240927,0.2667424041883585,0.4211470355873477,0.4395962479830879,0.4041840225646637
deeplabv3p,resnet50,prc-50,Qr,62099929.0,67199368.0,1433.0,1492.0,57767875.0,9431493.0,4332054.0,29131874.0,0.7150265042005485,0.775537621563333,0.7977142539315539,0.8237241220425461,74.34278888235959,58.38837645533721,0.8075873984442808,0.8935528087209941,0.8596490818187457,0.9302405965713744,75325588.0,78007559.0,1511.0,1530.0,69913251.0,8094308.0,5412337.0,17243400.0,0.7822352366084456,0.8425469545388222,0.8628903971244849,0.8759840606280348,72.9886519427012,55.07449231043488,0.838088445950592,0.9119130777378488,0.8962368762237516,0.9281474311226088
deeplabv3p,resnet50,prc-50,af1,6362496.0,3349279.0,570.0,137.0,1576278.0,1773001.0,4786218.0,92527799.0,0.0473647191538948,0.0603899793609469,0.0837710431652007,0.071032293368182,140.52203108953393,127.95408263413802,0.1937531290344031,0.3246117213382724,0.4706320375221055,0.2477452245156617,1372643.0,1593296.0,432.0,120.0,76228.0,1517068.0,1296415.0,97773585.0,0.0070381213108972,0.0113271994464188,0.0259862396063517,0.0225881450711721,187.35928217569983,175.984907023112,0.0263791084990852,0.051402270916563,0.0478429620108253,0.0555337403826049
deeplabv3p,resnet50,prc-5,Qaf,10183.0,0.0,10.0,0.0,0.0,0.0,10183.0,100653113.0,0.0,0.0,0.0,0.0,,,0.0,0.0,0.0,0.0,10275.0,0.0,6.0,0.0,0.0,0.0,10275.0,100653021.0,0.0,0.0,0.0,0.0,,,0.0,0.0,0.0,0.0
deeplabv3p,resnet50,prc-5,Qal,8361713.0,7470412.0,947.0,969.0,5870888.0,1599524.0,2490825.0,90702059.0,0.3107498003889112,0.3823975940254921,0.4814152366221798,0.3791181390070202,101.71482926167616,88.62306034857983,0.5893733880641531,0.7416424516607847,0.7858854371084218,0.7021154636615727,9921617.0,10273880.0,842.0,1216.0,6942079.0,3331801.0,2979538.0,87409878.0,0.2704009866087976,0.3345745272735905,0.4004001562941013,0.3409289546807776,117.77511579513548,102.9003939560921,0.5237953711261503,0.6874878097825471,0.6757017796587074,0.6996922981405148
deeplabv3p,resnet50,prc-5,Qat,388848.0,305017.0,61.0,68.0,105433.0,199584.0,283415.0,100074864.0,0.0571507963191274,0.0767194917796307,0.1106800676610034,0.0782112320969715,119.39290557861328,110.62302047729492,0.1791761834842428,0.303900614672883,0.3456627007674982,0.271141937209398,1101870.0,1096377.0,77.0,140.0,229514.0,866863.0,872356.0,98694563.0,0.0424911987541368,0.0588102738204244,0.103872731712083,0.0570404145878404,163.5061437166654,153.6554743448893,0.1165795463376699,0.208815478879307,0.2093385760554991,0.2082949894270649
deeplabv3p,resnet50,prc-5,Qc,16237424.0,15613311.0,748.0,779.0,13793403.0,1819908.0,2444021.0,82605964.0,0.5049415861968424,0.5777038611184504,0.652813964705982,0.5732207333575307,79.13722918790596,64.18751851988829,0.7638671648724186,0.8661277675381746,0.8834386889494483,0.8494822208251752,9341265.0,11428783.0,453.0,630.0,7604544.0,3824239.0,1736721.0,87497792.0,0.3231406848205821,0.4007273192468104,0.4000933753025572,0.4638469674046539,103.67303592628905,84.28168540641114,0.5776113090695199,0.7322606091232914,0.6653852820549659,0.8140807481641941
deeplabv3p,resnet50,prc-5,Qca,7202703.0,8224517.0,431.0,474.0,4642810.0,3581707.0,2559893.0,89878886.0,0.2792470988911091,0.3572294940169249,0.415751933230313,0.4018377335531405,114.37456356978215,99.17816975270333,0.4305112657994271,0.6018984625875563,0.5645085298018109,0.6445927313676546,3590038.0,7471830.0,248.0,529.0,1947639.0,5524191.0,1642399.0,91549067.0,0.1122636198780532,0.1531159146766628,0.1906206312712066,0.1799195426846043,139.62457409674812,123.85300906570502,0.2136921290873863,0.3521356429131138,0.2606642549415605,0.5425120848302999
deeplabv3p,resnet50,prc-5,Qr,62099929.0,64912984.0,1433.0,1480.0,57836654.0,7076330.0,4263275.0,31487037.0,0.7388346464790987,0.7948479162836092,0.8098475051204449,0.8313849740109347,73.83052641596885,55.80458249004913,0.8360766372174014,0.9107208493045112,0.8909874486743669,0.9313481501726032,75325588.0,69445289.0,1511.0,1523.0,64400577.0,5044712.0,10925011.0,20292996.0,0.7347124478840157,0.8009340008154558,0.8703378461453007,0.8011932667806808,80.58935874203509,61.85779508421467,0.8012982034408233,0.8896896714938046,0.927357030654736,0.854962818212584
deeplabv3p,resnet50,prc-5,af1,6362496.0,4137055.0,570.0,601.0,3462575.0,674480.0,2899921.0,93626320.0,0.2001868738676877,0.249324388561166,0.390376686601093,0.2362667238668244,108.76648148901668,96.31010435127918,0.492054399503423,0.6595662995493807,0.8369661510422269,0.5442164521596555,1372643.0,947137.0,432.0,516.0,551326.0,395811.0,821317.0,98894842.0,0.1406283441487522,0.1938661977615473,0.3277075678845572,0.1820649173241921,110.9804417307272,100.15508769743096,0.3117559178808157,0.4753261085102898,0.582097415685376,0.4016528696827944
deeplabv3p,resnet50,rgb,Qaf,10183.0,0.0,10.0,0.0,0.0,0.0,10183.0,100653113.0,0.0,0.0,0.0,0.0,,,0.0,0.0,0.0,0.0,10275.0,0.0,6.0,0.0,0.0,0.0,10275.0,100653021.0,0.0,0.0,0.0,0.0,,,0.0,0.0,0.0,0.0
deeplabv3p,resnet50,rgb,Qal,8361713.0,4189365.0,947.0,288.0,2965599.0,1223766.0,5396114.0,91077817.0,0.0879195970013635,0.1110310038084068,0.1544171184024044,0.1166594148649617,133.374767401087,120.3050961832362,0.3093845388425555,0.472564826702535,0.7078874722064084,0.354664050296871,9921617.0,9034823.0,842.0,337.0,1305624.0,7729199.0,8615993.0,83012480.0,0.0370989304699475,0.0535631859529825,0.0801775220565617,0.0910676354541784,177.23645283397616,163.51132551005466,0.0739696113766071,0.1377499150684411,0.144510191289857,0.1315938722488481
deeplabv3p,resnet50,rgb,Qat,388848.0,3361.0,61.0,2.0,0.0,3361.0,388848.0,100271087.0,0.0,0.0,0.0,0.0,,,0.0,0.0,0.0,0.0,1101870.0,0.0,77.0,0.0,0.0,0.0,1101870.0,99561426.0,0.0,0.0,0.0,0.0,,,0.0,0.0,0.0,0.0
deeplabv3p,resnet50,rgb,Qc,16237424.0,14928998.0,748.0,580.0,11485273.0,3443725.0,4752151.0,80982147.0,0.35105904416295,0.4232588990266748,0.4922762111226922,0.4396012075271922,102.85202718094187,85.97971838544949,0.583567199252442,0.7370286521821465,0.7693264477629376,0.707333441560681,9341265.0,61603.0,453.0,46.0,10381.0,51222.0,9330884.0,91270809.0,0.001595578226553,0.0028763922578246,0.0122265824541511,0.0034065481239275,210.21844627743675,193.19017623719716,0.0011052450751329,0.0022080497141935,0.1685145203967339,0.001111305588697
deeplabv3p,resnet50,rgb,Qca,7202703.0,4073279.0,431.0,295.0,1742721.0,2330558.0,5459982.0,91130035.0,0.1049738449883793,0.1488165630518259,0.2129307825820162,0.1778006488432141,144.1026464403977,128.383176337163,0.1828042891094663,0.30910318941623,0.4278422862759953,0.2419537498630722,3590038.0,0.0,248.0,0.0,0.0,0.0,3590038.0,97073258.0,0.0,0.0,0.0,0.0,,,0.0,0.0,0.0,0.0
deeplabv3p,resnet50,rgb,Qr,62099929.0,72320994.0,1433.0,1516.0,58057377.0,14263617.0,4042552.0,24299750.0,0.644423259868329,0.7078710715842863,0.7057842541678756,0.7863327294370601,97.03588866335409,78.8237658991376,0.7602760746600217,0.8638145863646539,0.8027734934063544,0.934902469856286,75325588.0,59488444.0,1511.0,1247.0,50234984.0,9253460.0,25090604.0,16084248.0,0.5168102446981062,0.5724308506702832,0.6786359287052464,0.6033450105923063,104.88049522565926,89.5262058634507,0.5939412323487018,0.7452485954874489,0.8444494530736087,0.6669046380361479
deeplabv3p,resnet50,rgb,af1,6362496.0,5147299.0,570.0,535.0,3827272.0,1320027.0,2535224.0,92980773.0,0.1762103179734299,0.2192805387345405,0.3353343588949096,0.214624583049191,109.03821827764328,97.10128702813569,0.4981790487317773,0.6650460759726824,0.743549578137971,0.6015362524392943,1372643.0,32078426.0,432.0,862.0,471848.0,31606578.0,900795.0,67684075.0,0.0324432037623015,0.0481400200394577,0.0774847876014145,0.1515430354051584,185.95973248141152,171.4210300036839,0.0143074331561682,0.0282112359398738,0.0147092005075311,0.343751434276793
deeplabv3p,resnet50,s-100,Qaf,10183.0,0.0,10.0,0.0,0.0,0.0,10183.0,100653113.0,0.0,0.0,0.0,0.0,,,0.0,0.0,0.0,0.0,10275.0,0.0,6.0,0.0,0.0,0.0,10275.0,100653021.0,0.0,0.0,0.0,0.0,,,0.0,0.0,0.0,0.0
deeplabv3p,resnet50,s-100,Qal,8361713.0,5152724.0,947.0,560.0,4000887.0,1151837.0,4360826.0,91149746.0,0.1700946339623072,0.2139854111225076,0.3097079358809083,0.2043427706048959,122.73938009605644,111.27393028997732,0.4205461683598657,0.5920908136979736,0.7764605672650039,0.4784769580108765,9921617.0,3254122.0,842.0,466.0,2406334.0,847788.0,7515283.0,89893891.0,0.0949593618419407,0.1246824158058275,0.223396900993568,0.1111928636065495,157.920559500539,144.54643310225288,0.2234416850327386,0.3652674054942952,0.7394725827734793,0.2425344578408942
deeplabv3p,resnet50,s-100,Qat,388848.0,102918.0,61.0,28.0,20536.0,82382.0,368312.0,100192066.0,0.0211401352037986,0.0338960124705082,0.0596892971258897,0.029953368103657,133.757380398837,127.51460786299272,0.043579568363644,0.0835193974369924,0.1995374958704988,0.0528124099905361,1101870.0,59247.0,77.0,9.0,19414.0,39833.0,1082456.0,99521593.0,0.0090318998185599,0.0129712423900278,0.0127312908085381,0.013524929561266,165.95840072631836,156.36699867248535,0.0170044223410116,0.0334402131740384,0.3276790386011106,0.0176191383738553
deeplabv3p,resnet50,s-100,Qc,16237424.0,17623854.0,748.0,684.0,14123710.0,3500144.0,2113714.0,80925728.0,0.4948827480164885,0.5802385300853005,0.5881854824841154,0.6269738644047935,74.89002336795974,60.36036091330666,0.7155749887726796,0.8342100968545841,0.8013973561061049,0.8698245485244458,9341265.0,9977046.0,453.0,398.0,6656150.0,3320896.0,2685115.0,88001135.0,0.31695979746227,0.403842955598513,0.4398502595564566,0.4626485382476578,97.82823338481666,82.44599930445354,0.5256725135622584,0.68910268604745,0.6671463677725852,0.7125533854354844
deeplabv3p,resnet50,s-100,Qca,7202703.0,5941555.0,431.0,398.0,4114559.0,1826996.0,3088144.0,91633597.0,0.2729327948407616,0.3445292336252787,0.4337543890922418,0.3537012366387776,110.5933732095166,96.61713154516488,0.4556695632933057,0.6260618134549703,0.692505413145212,0.5712520702297457,3590038.0,2560460.0,248.0,253.0,1100716.0,1459744.0,2489322.0,95613514.0,0.12320898463081,0.1738954303121241,0.3027014072749436,0.1815659936149254,153.6669960650769,137.0970319706005,0.2179729738828329,0.3579274393715761,0.4298899416511095,0.3066028827550014
deeplabv3p,resnet50,s-100,Qr,62099929.0,71808213.0,1433.0,1505.0,58587606.0,13220607.0,3512323.0,25342760.0,0.6777386871379258,0.7422755515152885,0.7517933932321857,0.8074320336149751,87.62246770466706,71.21386850265576,0.7778437211333706,0.87504172823188,0.8158900431069076,0.9434407887970372,75325588.0,84656922.0,1511.0,1536.0,71507466.0,13149456.0,3818122.0,12188252.0,0.7460461937213907,0.807507321271269,0.7987739071870242,0.87667947037923,77.88287431321186,62.49251587701743,0.8082218755381461,0.8939410439303647,0.8446735873529633,0.9493117531322822
deeplabv3p,resnet50,s-100,af1,6362496.0,34032.0,570.0,12.0,2328.0,31704.0,6360168.0,94269096.0,6.284815188135121e-05,0.0001244986164642,0.0069444444444444,6.284815188135121e-05,275.5133972167969,260.10979715983075,0.0003640799474523,0.000727894882974,0.0684062059238364,0.0003658941396583,1372643.0,155499.0,432.0,9.0,0.0,155499.0,1372643.0,99135154.0,0.0,0.0,0.0,0.0,241.2913360595703,234.27888997395837,0.0,0.0,0.0,0.0
deeplabv3p,resnet50,s-10,Qaf,10183.0,0.0,10.0,0.0,0.0,0.0,10183.0,100653113.0,0.0,0.0,0.0,0.0,,,0.0,0.0,0.0,0.0,10275.0,0.0,6.0,0.0,0.0,0.0,10275.0,100653021.0,0.0,0.0,0.0,0.0,,,0.0,0.0,0.0,0.0
deeplabv3p,resnet50,s-10,Qal,8361713.0,6524961.0,947.0,904.0,5610483.0,914478.0,2751230.0,91387105.0,0.3258460890198387,0.3915244861366353,0.5090133307591159,0.3763666668808101,102.83658198118208,91.42286216697175,0.6048261619451346,0.7537591002530183,0.859849277260048,0.6709729214576009,9921617.0,7902799.0,842.0,1015.0,5967800.0,1934999.0,3953817.0,88806680.0,0.2642056150019229,0.3184551568437686,0.4150347965963166,0.3073990778578184,122.99488693793144,106.21748240953366,0.5033307986022318,0.6696208167493398,0.7551501689464707,0.6014946958746744
deeplabv3p,resnet50,s-10,Qat,388848.0,333860.0,61.0,94.0,78630.0,255230.0,310218.0,100019218.0,0.0400794718091882,0.0547871800271544,0.1051643963052531,0.0566558548373969,130.07211903163366,120.43187209538053,0.1220814870248634,0.217598255450334,0.23551788174684,0.2022126897913838,1101870.0,697779.0,77.0,139.0,53905.0,643874.0,1047965.0,98917552.0,0.0163820900125629,0.0255943830588191,0.0702418347780582,0.0222628887852914,163.7405995686849,156.01889298756916,0.0308779523229064,0.0599061261390415,0.0772522532205755,0.0489213791100583
deeplabv3p,resnet50,s-10,Qc,16237424.0,15456342.0,748.0,770.0,14413694.0,1042648.0,1823730.0,83383224.0,0.6134669958021205,0.6849463095479761,0.7551836235981553,0.6757625112953894,62.42920781952994,47.66595282452447,0.8341223346754574,0.9095601955286728,0.9325423829260506,0.887683538965294,9341265.0,11001122.0,453.0,607.0,8465183.0,2535939.0,876082.0,88786092.0,0.4330219707274615,0.5080426156350425,0.5063337892836579,0.5745155244873594,83.55744407597068,65.1781177351622,0.7127252339860459,0.832270372203616,0.7694836035815256,0.906213772974003
deeplabv3p,resnet50,s-10,Qca,7202703.0,7832203.0,431.0,470.0,4868933.0,2963270.0,2333770.0,90497323.0,0.3254719091285385,0.4019518502538554,0.434424070216043,0.4610347761160481,110.50720111484634,95.14402999691455,0.4789441207447629,0.6476838631382198,0.6216556184766917,0.6759869176890954,3590038.0,6528240.0,248.0,431.0,2263147.0,4265093.0,1326891.0,92808165.0,0.1781959521805859,0.234741255622047,0.2735147831995064,0.27415966981662,132.74911306562467,117.32056531431448,0.2881106629539341,0.4473383712129672,0.3466703123659669,0.6303963913473897
deeplabv3p,resnet50,s-10,Qr,62099929.0,65897287.0,1433.0,1481.0,58519510.0,7377777.0,3580419.0,31185590.0,0.7530720132404628,0.8056787858953903,0.8237922648348612,0.8397128780842564,70.06167511724178,53.13337883340587,0.8422775213677896,0.9143872316722887,0.8880412633679441,0.9423442335980772,75325588.0,73490025.0,1511.0,1525.0,67793755.0,5696270.0,7531833.0,19641438.0,0.7746479186791386,0.8326345998491615,0.886600878550929,0.8426887589639526,73.10068631712235,56.16314985194578,0.8367341440133352,0.9111107851297834,0.9224892085694624,0.9000096355039405
deeplabv3p,resnet50,s-10,af1,6362496.0,4618643.0,570.0,398.0,3592315.0,1026328.0,2770181.0,93274472.0,0.1787255922103301,0.221378675941185,0.3205669974713272,0.2189339832355647,114.141132197882,102.5317534341624,0.4861822395553067,0.6542700169809343,0.7777858128458943,0.5646078205785905,1372643.0,1043331.0,432.0,270.0,367505.0,675826.0,1005138.0,98614827.0,0.0551128623749799,0.0764248167308109,0.1463307959775193,0.0794380503186857,136.27861202215846,126.4626785984522,0.1794047164003946,0.3042292673679435,0.3522420018191734,0.2677353106379445
deeplabv3p,resnet50,s-200,Qaf,10183.0,0.0,10.0,0.0,0.0,0.0,10183.0,100653113.0,0.0,0.0,0.0,0.0,,,0.0,0.0,0.0,0.0,10275.0,0.0,6.0,0.0,0.0,0.0,10275.0,100653021.0,0.0,0.0,0.0,0.0,,,0.0,0.0,0.0,0.0
deeplabv3p,resnet50,s-200,Qal,8361713.0,5127116.0,947.0,280.0,2761057.0,2366059.0,5600656.0,89935524.0,0.0739525298970836,0.0916443426501412,0.1178720178378542,0.104616065304895,142.71480458488793,132.03695163399365,0.2573746906627023,0.4093842393583609,0.5385204859808126,0.3302023162000418,9921617.0,2271151.0,842.0,148.0,1073481.0,1197670.0,8848136.0,89544009.0,0.0329313042893938,0.0423964678975338,0.0622033108676337,0.04494015801732,163.06341628340988,147.1019811458416,0.0965422513152147,0.1760848726064499,0.4726594576934779,0.1081961740712224
deeplabv3p,resnet50,s-200,Qat,388848.0,15435.0,61.0,6.0,0.0,15435.0,388848.0,100259013.0,0.0,0.0,0.0,0.0,225.9541015625,220.158447265625,0.0,0.0,0.0,0.0,1101870.0,0.0,77.0,0.0,0.0,0.0,1101870.0,99561426.0,0.0,0.0,0.0,0.0,,,0.0,0.0,0.0,0.0
deeplabv3p,resnet50,s-200,Qc,16237424.0,18789818.0,748.0,587.0,13131890.0,5657928.0,3105534.0,78767944.0,0.3872716112671062,0.4719823358219446,0.465007785098136,0.554554952491784,96.26162474206151,81.64145956817248,0.59975697125125,0.7498101049463158,0.6988832994550559,0.8087421995015959,9341265.0,8089315.0,453.0,298.0,4921590.0,3167725.0,4419675.0,88154306.0,0.2142698603430985,0.2826323292756569,0.3175273365322172,0.329776296566003,123.72577697753906,106.6716192557595,0.3934442349062554,0.5647075427208963,0.608406274202451,0.526865472717025
deeplabv3p,resnet50,s-200,Qca,7202703.0,4038444.0,431.0,325.0,2309834.0,1728610.0,4892869.0,91731983.0,0.1459393985167613,0.1950380049000503,0.294996366813769,0.1950069816489953,135.95537987676988,122.45461574522388,0.2586219965642229,0.4109605541142732,0.5719613791846563,0.3206898854499484,3590038.0,1041183.0,248.0,99.0,297673.0,743510.0,3292365.0,96329748.0,0.0457942699941026,0.0675531339655957,0.1130492678357233,0.0810749654651237,158.90828955332438,145.7893525314331,0.0686903664156944,0.1285505485486441,0.2858988285440695,0.0829163925284356
deeplabv3p,resnet50,s-200,Qr,62099929.0,72692483.0,1433.0,1519.0,56765484.0,15926999.0,5334445.0,22636368.0,0.6186346491277578,0.6868350817462813,0.697280774860388,0.7687402186610317,99.66838751699817,83.50263955611527,0.7275114560450208,0.8422652752886416,0.7808989548479174,0.914099016119648,75325588.0,89261647.0,1511.0,1536.0,72256581.0,17005066.0,3069007.0,8332642.0,0.737568848578538,0.7989596527585737,0.7715867142349092,0.898020720560415,80.52434062689522,66.69415491610312,0.7825849581873426,0.8780338402306838,0.8094919086581497,0.9592567800466424
deeplabv3p,resnet50,s-200,af1,6362496.0,0.0,570.0,0.0,0.0,0.0,6362496.0,94300800.0,0.0,0.0,0.0,0.0,,,0.0,0.0,0.0,0.0,1372643.0,0.0,432.0,0.0,0.0,0.0,1372643.0,99290653.0,0.0,0.0,0.0,0.0,,,0.0,0.0,0.0,0.0
deeplabv3p,resnet50,s-20,Qaf,10183.0,0.0,10.0,0.0,0.0,0.0,10183.0,100653113.0,0.0,0.0,0.0,0.0,,,0.0,0.0,0.0,0.0,10275.0,0.0,6.0,0.0,0.0,0.0,10275.0,100653021.0,0.0,0.0,0.0,0.0,,,0.0,0.0,0.0,0.0
deeplabv3p,resnet50,s-20,Qal,8361713.0,7796992.0,947.0,916.0,5938579.0,1858413.0,2423134.0,90443170.0,0.3009880337394396,0.3662886627094352,0.4459191029141595,0.3608336904608246,104.00781870117554,92.16562920022795,0.5810671023038267,0.7350315511051164,0.7616500055405983,0.710210814458712,9921617.0,9503026.0,842.0,1060.0,6706075.0,2796951.0,3215542.0,87944728.0,0.2449829105732302,0.2992616221389819,0.3793766056473923,0.2952775914056848,126.38930749134111,112.5576935369958,0.5272665130225352,0.6904708621929371,0.7056778546117837,0.675905449686276
deeplabv3p,resnet50,s-20,Qat,388848.0,220390.0,61.0,72.0,59473.0,160917.0,329375.0,100113531.0,0.0361929269285377,0.0533477169794773,0.1169396417745209,0.0435020486661873,103.19576342900594,96.98846316337584,0.10817894918738,0.1952373292539204,0.2698534416262081,0.1529466526766242,1101870.0,507131.0,77.0,101.0,71907.0,435224.0,1029963.0,99126202.0,0.0210271426615311,0.0317175575171208,0.0814864803722362,0.0302142038222846,159.1083677786368,149.3247176276313,0.0467811337497901,0.089380926425776,0.1417917658356519,0.0652590595986822
deeplabv3p,resnet50,s-20,Qc,16237424.0,16925724.0,748.0,830.0,14900034.0,2025690.0,1337390.0,82400182.0,0.5846557738825305,0.658050898444572,0.6771385706853112,0.6908023270529591,64.8297616836079,50.11911467666732,0.8158539666346056,0.8985898443658002,0.8803188566704739,0.9176353342746978,9341265.0,12327781.0,453.0,635.0,8637927.0,3689854.0,703338.0,87632177.0,0.3971151991450012,0.4743609493580432,0.4386849378493543,0.5814742071052583,85.28605382954149,68.72046133209037,0.6628691672603098,0.7972595563274913,0.7006879015777454,0.9247063433057514
deeplabv3p,resnet50,s-20,Qca,7202703.0,6581581.0,431.0,438.0,4422881.0,2158700.0,2779822.0,91301893.0,0.2987971353403597,0.3751195957752152,0.4517546362940764,0.3961196116047219,109.2108248654534,95.55004266009612,0.4724592029634874,0.6417280723467392,0.6720088987737141,0.614058499982576,3590038.0,4389828.0,248.0,385.0,1534022.0,2855806.0,2056016.0,94217452.0,0.1301305085169281,0.1797847562186935,0.2771448544090588,0.1859937489066609,140.89634468264697,125.56299277514948,0.2379862125115035,0.3844731227316348,0.3494492267122994,0.4272996553239826
deeplabv3p,resnet50,s-20,Qr,62099929.0,65082272.0,1433.0,1487.0,57570908.0,7511364.0,4529021.0,31052003.0,0.7251544343172535,0.7809838440861607,0.8086471601301405,0.8141688542596458,76.69458075417938,58.001128620074034,0.8270340273667952,0.90532963806783,0.8845866352053597,0.9270688216084756,75325588.0,73054164.0,1511.0,1533.0,67461755.0,5592409.0,7863833.0,19745299.0,0.7700725719719331,0.832627804809744,0.8838826399006622,0.8388933911035831,75.25884792899454,58.05484715076472,0.833705201575862,0.9093121411875658,0.923448456682086,0.8956021027011432
deeplabv3p,resnet50,s-20,af1,6362496.0,4056337.0,570.0,235.0,2852439.0,1203898.0,3510057.0,93096902.0,0.1116400178118514,0.1416934262155197,0.2214515966362489,0.1483459156271414,124.8687655501759,113.45189499117664,0.3769879020310071,0.5475544142035869,0.7032056261597595,0.4483207533647172,1372643.0,881366.0,432.0,127.0,185146.0,696220.0,1187497.0,98594433.0,0.0211826548025966,0.0322013098550042,0.0635639618301966,0.0342215479043689,159.76337930891248,148.35703910721674,0.0894916676454651,0.1642815090800436,0.2100671003873532,0.13488285009285
deeplabv3p,resnet50,s-50,Qaf,10183.0,0.0,10.0,0.0,0.0,0.0,10183.0,100653113.0,0.0,0.0,0.0,0.0,,,0.0,0.0,0.0,0.0,10275.0,0.0,6.0,0.0,0.0,0.0,10275.0,100653021.0,0.0,0.0,0.0,0.0,,,0.0,0.0,0.0,0.0
deeplabv3p,resnet50,s-50,Qal,8361713.0,6237918.0,947.0,718.0,5163937.0,1073981.0,3197776.0,91227602.0,0.2580915566508001,0.3153180922189021,0.4088381606759932,0.305225519490268,106.77122966913258,96.16609083742053,0.5472768616701644,0.7074065091097166,0.827830215145502,0.6175692707941542,9921617.0,4868589.0,842.0,664.0,4000683.0,867906.0,5920934.0,89873773.0,0.1713384209291468,0.2114723307693569,0.3280519946440033,0.1954810344575074,134.4929461479187,122.16193966481312,0.370793314959336,0.540990842182996,0.8217335659263906,0.4032289293166628
deeplabv3p,resnet50,s-50,Qat,388848.0,306962.0,61.0,84.0,96442.0,210520.0,292406.0,100063928.0,0.0697072894087926,0.0931853997088702,0.1560551701113581,0.0862024261483124,114.62006638266824,104.95096643043289,0.1609061544827218,0.2772078584671102,0.3141822114789452,0.2480197917952516,1101870.0,290340.0,77.0,62.0,55140.0,235200.0,1046730.0,99326226.0,0.0218769660485642,0.0331349051987924,0.0464192593798917,0.0381931647767915,145.35991706848145,136.51764411926268,0.0412394265072135,0.0792121878164932,0.1899152717503616,0.0500422009855972
deeplabv3p,resnet50,s-50,Qc,16237424.0,16195170.0,748.0,742.0,14320948.0,1874222.0,1916476.0,82551650.0,0.5633096851967766,0.6419774236541549,0.7031580993952979,0.6471474840709088,67.23281357892262,53.37524610941093,0.7907038377406449,0.883120727253577,0.8842727800943121,0.8819716723539399,9341265.0,9738164.0,453.0,472.0,7474560.0,2263604.0,1866705.0,89058427.0,0.4159718079496927,0.5102598009080304,0.5529943818593612,0.5324009587135291,84.48880442689966,69.32601120207045,0.6440882701907277,0.7835203034640082,0.7675533088167338,0.8001657163135828
deeplabv3p,resnet50,s-50,Qca,7202703.0,7207566.0,431.0,421.0,4766840.0,2440726.0,2435863.0,91019867.0,0.3169987201875681,0.3923221610245765,0.4468436522472613,0.4363056781124965,106.78803724068209,91.86031049366169,0.4943096485700263,0.6615893152306872,0.6613661255408553,0.6618126556099841,3590038.0,3693297.0,248.0,256.0,1524556.0,2168741.0,2065482.0,94904517.0,0.1521199764421473,0.204204526143635,0.2936289915481387,0.2204289183767734,148.810106559618,133.26673240210178,0.2647359796234583,0.4186422840635506,0.4127899814176872,0.4246629144315464
deeplabv3p,resnet50,s-50,Qr,62099929.0,69115281.0,1433.0,1492.0,58595631.0,10519650.0,3504298.0,28043717.0,0.7184907597127247,0.7765673721126063,0.785619839015449,0.8291545232199418,79.86441818610044,62.67583103507337,0.8068847521134762,0.8931225427296119,0.8477955981977415,0.9435700159979248,75325588.0,80645809.0,1511.0,1534.0,71157641.0,9488168.0,4167947.0,15849540.0,0.7776660993879103,0.8344819883398853,0.8381903036745694,0.8778874894191131,71.58965622976393,55.10477576454612,0.8389870270572618,0.9124447478020602,0.88234766173652,0.9446675809553589
deeplabv3p,resnet50,s-50,af1,6362496.0,1600399.0,570.0,101.0,851227.0,749172.0,5511269.0,93551628.0,0.0321651241593375,0.0440293968738322,0.0772424426418924,0.0486846708238688,157.87478123213114,144.71347126207854,0.1196944233054748,0.2137983735814675,0.5318842363685556,0.1337882177057557,1372643.0,1427097.0,432.0,82.0,49387.0,1377710.0,1323256.0,97912943.0,0.0037564067246205,0.0064032057410673,0.0067261552503846,0.0225001665590243,180.74544372558597,169.60432678222656,0.017956604115908,0.0352797045439933,0.0346066174899113,0.0359794935755327
deeplabv3p,resnet50,s-5,Qaf,10183.0,0.0,10.0,0.0,0.0,0.0,10183.0,100653113.0,0.0,0.0,0.0,0.0,,,0.0,0.0,0.0,0.0,10275.0,0.0,6.0,0.0,0.0,0.0,10275.0,100653021.0,0.0,0.0,0.0,0.0,,,0.0,0.0,0.0,0.0
deeplabv3p,resnet50,s-5,Qal,8361713.0,7131592.0,947.0,936.0,5852961.0,1278631.0,2508752.0,91022952.0,0.32691489580478,0.3946474108818608,0.4889879642223111,0.3846087321158912,106.91554604262348,94.0490179920574,0.607131965415342,0.7555471218051927,0.8207088964147136,0.6999715249734115,9921617.0,9388440.0,842.0,1094.0,6665127.0,2723313.0,3256490.0,88018366.0,0.2667507478927425,0.3255753005436528,0.3908181847931736,0.3240718689755912,126.3632347379794,111.32526090051482,0.527098766066716,0.6903270145706976,0.7099291256055319,0.6717782998476962
deeplabv3p,resnet50,s-5,Qat,388848.0,261704.0,61.0,76.0,92335.0,169369.0,296513.0,100105079.0,0.0470653866683176,0.070099080199045,0.1461302738323389,0.0658585941484285,130.56550540924073,119.53158435821533,0.1654105840560212,0.2838666240362031,0.3528222724910586,0.2374578241369378,1101870.0,651565.0,77.0,135.0,183752.0,467813.0,918118.0,99093613.0,0.0483280178603603,0.066530486086913,0.1194054269133609,0.0606419376496409,153.2552003126878,142.13730807182117,0.1170631267587149,0.2095908887412421,0.2820163759563512,0.1667637743109441
deeplabv3p,resnet50,s-5,Qc,16237424.0,15660589.0,748.0,778.0,14543008.0,1117581.0,1694416.0,83308291.0,0.6057299974715623,0.673164756205776,0.7327115034960362,0.6676230086563646,62.7219837879859,46.73149330819273,0.8379719856030005,0.9118441327364184,0.9286373584033142,0.8956474869412784,9341265.0,11250628.0,453.0,615.0,8484378.0,2766250.0,856887.0,88555781.0,0.417155711462116,0.4907446500804122,0.4733777747288264,0.5669025405205798,88.77068417412895,69.93399830347931,0.7007530446999239,0.8240503192202874,0.754124836409132,0.9082686338520533
deeplabv3p,resnet50,s-5,Qca,7202703.0,6642177.0,431.0,463.0,4324689.0,2317488.0,2878014.0,91143105.0,0.286269508035227,0.3538900436487795,0.4106550037774236,0.3868814744634224,113.67464726006808,97.41405869811328,0.4542649406928916,0.6247347755993551,0.6510951153514879,0.6004258401325169,3590038.0,4322624.0,248.0,424.0,1509822.0,2812802.0,2080216.0,94260456.0,0.1348838415727758,0.1813378923040936,0.2549223887436037,0.19128490758464,139.1863979905416,121.86857946295488,0.235805049009502,0.381621760161119,0.3492836758413408,0.4205587796006616
deeplabv3p,resnet50,s-5,Qr,62099929.0,65621978.0,1433.0,1497.0,58438377.0,7183601.0,3661552.0,31379766.0,0.7512647742292388,0.805933270956196,0.8176044146446985,0.8447788891878601,74.80912606429652,56.71935544270323,0.8434670837354852,0.9150877617259504,0.8905305627940687,0.941037742571332,75325588.0,73753407.0,1511.0,1526.0,68133866.0,5619541.0,7191722.0,19718167.0,0.7789967583297255,0.8375672101579615,0.8840347155560266,0.8439683935957779,73.56655177777803,55.796527179378735,0.8417290433869097,0.9140639296635988,0.9238063537864766,0.9045248475192784
deeplabv3p,resnet50,s-5,af1,6362496.0,5345256.0,570.0,606.0,4119682.0,1225574.0,2242814.0,93075226.0,0.2090068483423812,0.2609759800507546,0.3719267588212939,0.2575234763640956,107.09284904026067,94.80595043416209,0.5429156557596332,0.7037528639144389,0.7707174361714387,0.647494631037882,1372643.0,1296632.0,432.0,532.0,551342.0,745290.0,821301.0,98545363.0,0.1099971275052778,0.1557900594202608,0.2801492195849612,0.1514946845951282,113.24081727174612,101.41753141773052,0.2603207939061339,0.4131024341815661,0.4252108539662757,0.401664526027525
deeplabv3p,resnet50,sds-101,Qaf,10183.0,0.0,10.0,0.0,0.0,0.0,10183.0,100653113.0,0.0,0.0,0.0,0.0,,,0.0,0.0,0.0,0.0,10275.0,0.0,6.0,0.0,0.0,0.0,10275.0,100653021.0,0.0,0.0,0.0,0.0,,,0.0,0.0,0.0,0.0
deeplabv3p,resnet50,sds-101,Qal,8361713.0,5101621.0,947.0,416.0,3288614.0,1813007.0,5073099.0,90488576.0,0.0978300761548153,0.124356300516497,0.1795328906707881,0.1325975257809385,142.4961701098147,130.72679490155286,0.3232142014718832,0.4885289186170379,0.6446213860261277,0.3932942926885914,9921617.0,4847650.0,842.0,338.0,3029731.0,1817919.0,6891886.0,88923760.0,0.0951756185240892,0.1215288746706275,0.1923700987888817,0.1296053068055729,147.9747641379373,134.07378948613217,0.2580792801350922,0.4102750664606442,0.6249896341526306,0.3053666554554565
deeplabv3p,resnet50,sds-101,Qat,388848.0,30930.0,61.0,14.0,1080.0,29850.0,387768.0,100244598.0,0.0021146043977687,0.0037591277923382,0.0161966393950959,0.0088345779132255,216.3336067199707,208.11460876464844,0.0025794247882722,0.0051455769478152,0.034917555771096,0.0027774348845821,1101870.0,10923.0,77.0,10.0,920.0,10003.0,1100950.0,99551423.0,0.0009436745958959,0.00181085394256,0.0332238899498451,0.0009469700240382,159.54002532958984,152.06476287841798,0.0008274326294459,0.0016534971014375,0.0842259452531355,0.0008349442311706
deeplabv3p,resnet50,sds-101,Qc,16237424.0,17909404.0,748.0,779.0,13344505.0,4564899.0,2892919.0,79860973.0,0.4321575889533814,0.5167271471826799,0.5512332638256736,0.5653672832313131,91.24528470469596,76.32298166769787,0.6414910969318186,0.781595584808053,0.7451116184547515,0.8218363331523523,9341265.0,12134751.0,453.0,611.0,6517441.0,5617310.0,2823824.0,85704721.0,0.2418017731157449,0.3141656754054615,0.3556492193889982,0.402416814926266,114.91662697046624,99.82701115927684,0.4356993229635844,0.6069506560248419,0.5370889769390406,0.6977043259130321
deeplabv3p,resnet50,sds-101,Qca,7202703.0,5254749.0,431.0,312.0,2566621.0,2688128.0,4636082.0,90772465.0,0.1400593472282945,0.1869651931922925,0.2472814060037544,0.2041740926814521,136.338526128686,121.03491028495456,0.2594949807554087,0.4120619529579564,0.4884383630883225,0.3563413624024203,3590038.0,5019094.0,248.0,257.0,596487.0,4422607.0,2993551.0,92650651.0,0.0380022557852797,0.0548472531629975,0.0902993386728267,0.0736974523791891,158.65158353533064,145.41002005273168,0.0744432082040325,0.138570764160661,0.1188435602122614,0.1661506089907683
deeplabv3p,resnet50,sds-101,Qr,62099929.0,66941536.0,1433.0,1440.0,55859422.0,11082114.0,6240507.0,27481253.0,0.6424137791088195,0.6971948151373235,0.7303029977514265,0.7417312225212777,91.6367779118674,75.24479985900851,0.7632941048120233,0.8657592658297858,0.8344508557437343,0.8995086290678368,75325588.0,76772785.0,1511.0,1508.0,65004927.0,11767858.0,10320661.0,13569850.0,0.6865801136206832,0.7486333179811405,0.7961055905424056,0.7960061860007267,86.17090316423274,70.93238699058384,0.7463813867234051,0.854774784474519,0.8467183651081565,0.8629859882408086
deeplabv3p,resnet50,sds-101,af1,6362496.0,5425056.0,570.0,349.0,2822012.0,2603044.0,3540484.0,91697756.0,0.1207344099759508,0.1547894441367291,0.2115910689779444,0.1918106294597402,133.32284738952546,121.69418090790626,0.3147620779116484,0.4788122249640977,0.5201811741666814,0.4435385106725411,1372643.0,1878093.0,432.0,263.0,324258.0,1553835.0,1048385.0,97736818.0,0.0372069849345312,0.0548407523578183,0.0787713747068836,0.0836970000204772,152.71850993973868,142.88961303915298,0.1108014480204532,0.199498205944746,0.172652791954392,0.2362289393527669
deeplabv3p,resnet50,sds-11,Qaf,10183.0,0.0,10.0,0.0,0.0,0.0,10183.0,100653113.0,0.0,0.0,0.0,0.0,,,0.0,0.0,0.0,0.0,10275.0,0.0,6.0,0.0,0.0,0.0,10275.0,100653021.0,0.0,0.0,0.0,0.0,,,0.0,0.0,0.0,0.0
deeplabv3p,resnet50,sds-11,Qal,8361713.0,6461116.0,947.0,869.0,4556077.0,1905039.0,3805636.0,90396544.0,0.1882535695746051,0.2353892515292768,0.3239749218364827,0.2299540625440914,136.08461218625078,124.59487836138211,0.4437700452879353,0.6147378479506173,0.7051532583535104,0.544873640126132,9921617.0,6487595.0,842.0,921.0,4230629.0,2256966.0,5690988.0,88484713.0,0.1469494383886852,0.1894193415747175,0.2930234343438294,0.1792122555944476,145.5020657369646,133.05323660777788,0.3473826963284644,0.5156407266844989,0.652110527861249,0.4264051918150035
deeplabv3p,resnet50,sds-11,Qat,388848.0,95187.0,61.0,44.0,7814.0,87373.0,381034.0,100187075.0,0.0045571383185839,0.0077856158352612,0.0413606528606679,0.0064342979335277,159.44198099772134,152.0183418273926,0.0164083482248787,0.0322869214003119,0.0820910418439492,0.0200952557297453,1101870.0,56431.0,77.0,36.0,6053.0,50378.0,1095817.0,99511048.0,0.0021611749350349,0.0038185060360451,0.0295139432484371,0.0022920038605559,166.2027130126953,157.11734517415366,0.0052532093785365,0.010451514761707,0.1072637380163385,0.0054933885122564
deeplabv3p,resnet50,sds-11,Qc,16237424.0,16692915.0,748.0,741.0,13690441.0,3002474.0,2546983.0,81423398.0,0.4692353957579614,0.5474537043722778,0.6130550355053382,0.5643556784389312,86.80557370185852,71.06976137378,0.7115651548672451,0.8314788985318372,0.8201348296567735,0.8431411903760104,9341265.0,13945050.0,453.0,595.0,8060136.0,5884914.0,1281129.0,85437117.0,0.3028965395404365,0.3835873118522629,0.3705952029608508,0.5113463468626858,108.04403875918244,89.56395734836123,0.5293603864764758,0.6922637609256768,0.5779926210375724,0.8628527292609727
deeplabv3p,resnet50,sds-11,Qca,7202703.0,7325340.0,431.0,399.0,3593388.0,3731952.0,3609315.0,89728641.0,0.1933693836304896,0.2524022838411665,0.3039229820110762,0.2955861127730972,137.60726382545238,121.78245622875748,0.3286238111764843,0.4946830072020023,0.4905421454840321,0.4988943734039845,3590038.0,4144958.0,248.0,269.0,739249.0,3405709.0,2850789.0,93667549.0,0.0609694179115847,0.0914359977464893,0.1801344792367435,0.1093269882356095,163.69054444844292,149.8460055101638,0.1056712028036462,0.191143990248993,0.1783489724141957,0.2059167618838575
deeplabv3p,resnet50,sds-11,Qr,62099929.0,65974018.0,1433.0,1494.0,56590313.0,9383705.0,5509616.0,29179662.0,0.6678239214205056,0.7268810898978942,0.7609006230425628,0.7685791770004672,90.90208773666932,71.78831602061824,0.7916541148425666,0.8837131098958011,0.8577666589899072,0.9112782238446682,75325588.0,75339644.0,1511.0,1527.0,66247970.0,9091674.0,9077618.0,16246034.0,0.7152835681291924,0.7750125971893169,0.828355090958136,0.8067638450194821,82.38130453359906,64.6235869784806,0.784768048980314,0.8794062056732505,0.8793241709504228,0.8794882557040246
deeplabv3p,resnet50,sds-11,af1,6362496.0,4114720.0,570.0,530.0,3255470.0,859250.0,3107026.0,93441550.0,0.1556587713473914,0.1966626003128445,0.3241647194739955,0.1793889452611373,115.35073973126494,104.398793152302,0.4507871088238218,0.6214379850525178,0.7911765563634949,0.5116655476089886,1372643.0,689618.0,432.0,406.0,311780.0,377838.0,1060863.0,98912815.0,0.0576826516747195,0.0822415369136908,0.2123187244378941,0.0723045516856938,142.2508055341655,132.41733296986283,0.1781110449070855,0.3023671591520181,0.452105368479361,0.2271384475060157
deeplabv3p,resnet50,sds-201,Qaf,10183.0,0.0,10.0,0.0,0.0,0.0,10183.0,100653113.0,0.0,0.0,0.0,0.0,,,0.0,0.0,0.0,0.0,10275.0,0.0,6.0,0.0,0.0,0.0,10275.0,100653021.0,0.0,0.0,0.0,0.0,,,0.0,0.0,0.0,0.0
deeplabv3p,resnet50,sds-201,Qal,8361713.0,3483558.0,947.0,221.0,1977593.0,1505965.0,6384120.0,90795618.0,0.0503446618817582,0.0655413088937224,0.099377997343826,0.0704188031789005,152.74439451681874,139.73619578124354,0.2004111808269382,0.3339042221997285,0.5676934329785811,0.2365057255612576,9921617.0,1973804.0,842.0,124.0,1150209.0,823595.0,8771408.0,89918084.0,0.0324991958967506,0.044298912523848,0.078990762526423,0.0472012160041397,154.76455340469093,140.6825908694351,0.1070438628851622,0.1933868502846599,0.5827371917373761,0.115929590912449
deeplabv3p,resnet50,sds-201,Qat,388848.0,1884.0,61.0,2.0,0.0,1884.0,388848.0,100272564.0,0.0,0.0,0.0,0.0,,,0.0,0.0,0.0,0.0,1101870.0,3263.0,77.0,1.0,0.0,3263.0,1101870.0,99558163.0,0.0,0.0,0.0,0.0,,,0.0,0.0,0.0,0.0
deeplabv3p,resnet50,sds-201,Qc,16237424.0,20710243.0,748.0,696.0,13290628.0,7419615.0,2946796.0,77006257.0,0.371131948519895,0.4560554152768558,0.4471187664229231,0.5512078022146363,98.21074849639842,83.02101439432381,0.5618043745880454,0.7194298898493374,0.641741770002409,0.8185182575758322,9341265.0,12362641.0,453.0,491.0,6341729.0,6020912.0,2999536.0,85301119.0,0.225057556295293,0.2970645603324402,0.3276604232489364,0.4039726509750119,118.15104336564949,102.49514087709058,0.4128144728445714,0.5843859626004646,0.512975261515723,0.6788940255950345
deeplabv3p,resnet50,sds-201,Qca,7202703.0,4708545.0,431.0,309.0,2302806.0,2405739.0,4899897.0,91054854.0,0.1252321288549279,0.1685063299450056,0.2390370092878812,0.172417456471825,146.2057276556502,132.25900090618052,0.2396648697052029,0.3866607428541493,0.4890695533333545,0.3197141406496978,3590038.0,3008153.0,248.0,192.0,461955.0,2546198.0,3128083.0,94527060.0,0.0371968847848517,0.0552958263030688,0.0930794130784352,0.0814817524247896,173.63720157534578,159.60801776619846,0.0752831214444816,0.1400247431455076,0.1535676543048176,0.1286769109407755
deeplabv3p,resnet50,sds-201,Qr,62099929.0,66096801.0,1433.0,1449.0,54861996.0,11234805.0,7237933.0,27328562.0,0.6053521483094761,0.6614771415730046,0.6999842590085158,0.7058987876128555,100.39065161158273,83.9312447596431,0.7481038384894121,0.8559032043953071,0.8300249810879652,0.8834470003983418,75325588.0,80773443.0,1511.0,1523.0,67700596.0,13072847.0,7624992.0,12264861.0,0.6979404842719809,0.7567503633322632,0.7790935739054055,0.8171616858138858,84.72258472251765,70.20408955695551,0.7658574046022422,0.8674057175921868,0.8381541443021068,0.8987728844546159
deeplabv3p,resnet50,sds-201,af1,6362496.0,5662265.0,570.0,309.0,2732030.0,2930235.0,3630466.0,91370565.0,0.0974637177475341,0.1266046975793551,0.1674374180153579,0.1673997983958993,133.10987533622074,122.71281009445542,0.2939964580918139,0.4544007153239885,0.4824977283825465,0.4293959477538375,1372643.0,2541992.0,432.0,221.0,289792.0,2252200.0,1082851.0,97038453.0,0.0292153851950501,0.0439842786929055,0.0463232953040002,0.0813750094739655,152.08861983163015,141.33197712671188,0.0799460831820854,0.1480556935704095,0.114001932342824,0.2111197157600337
deeplabv3p,resnet50,sds-21,Qaf,10183.0,0.0,10.0,0.0,0.0,0.0,10183.0,100653113.0,0.0,0.0,0.0,0.0,,,0.0,0.0,0.0,0.0,10275.0,0.0,6.0,0.0,0.0,0.0,10275.0,100653021.0,0.0,0.0,0.0,0.0,,,0.0,0.0,0.0,0.0
deeplabv3p,resnet50,sds-21,Qal,8361713.0,5043047.0,947.0,746.0,3963936.0,1079111.0,4397777.0,91222472.0,0.1805000286741632,0.228047852550942,0.3424971493169706,0.2158921038252461,132.62890654010934,120.22007571268482,0.4198718247475008,0.5914221515342312,0.7860200390755827,0.4740578874209148,9921617.0,5622473.0,842.0,855.0,3667999.0,1954474.0,6253618.0,88787205.0,0.1384655919105029,0.1792050460223332,0.2769880783429452,0.169840819900377,141.84465428949946,128.80824227253743,0.3088557506000922,0.471947730616588,0.652381790005928,0.3696977014936174
deeplabv3p,resnet50,sds-21,Qat,388848.0,18318.0,61.0,25.0,7644.0,10674.0,381204.0,100263774.0,0.006309629618367,0.0109831667917815,0.0576872033408925,0.0064253233656098,157.21849822998047,145.8279091971261,0.0191328637722077,0.0375473394143911,0.4172944644611857,0.0196580669053203,1101870.0,17445.0,77.0,21.0,422.0,17023.0,1101448.0,99544403.0,0.000274694281967,0.0005391812387933,0.0119758982290612,0.000275951592212,205.7792091369629,202.56534576416016,0.0003771584950482,0.0007540326002957,0.0241903124104327,0.0003829852886456
deeplabv3p,resnet50,sds-21,Qc,16237424.0,17408126.0,748.0,714.0,13922519.0,3485607.0,2314905.0,80940265.0,0.4595821812408989,0.5334600476630988,0.5768443632106822,0.5670457679589602,83.15091459920087,68.43264824574388,0.7059015929143954,0.8275994299394719,0.7997712677401347,0.857433974748704,9341265.0,16327149.0,453.0,576.0,8453207.0,7873942.0,888058.0,83448089.0,0.3135935311404916,0.3984666418065077,0.3604632492373083,0.5786795161650562,113.41212539762188,95.90552329793746,0.4910313887018611,0.6586466152525045,0.5177393187261291,0.9049317196332616
deeplabv3p,resnet50,sds-21,Qca,7202703.0,4690665.0,431.0,382.0,2628134.0,2062531.0,4574569.0,91398062.0,0.1633452382111449,0.2189118629380124,0.310343443017304,0.2252107479014356,133.29448989508808,118.4497869187507,0.2836554370887988,0.4419494965597634,0.5602902786705083,0.3648816284664243,3590038.0,3915911.0,248.0,355.0,676313.0,3239598.0,2913725.0,93833660.0,0.0512207996713482,0.0788123132364531,0.1739130702905788,0.0803245094178977,170.33426388426324,155.8834047482882,0.0990262145742467,0.1802071929878553,0.1727089813838976,0.188386028225885
deeplabv3p,resnet50,sds-21,Qr,62099929.0,66078389.0,1433.0,1466.0,57190386.0,8888003.0,4909543.0,29675364.0,0.6868596931070473,0.7466617759555617,0.7782062429718983,0.7798762256999884,85.2144729465651,68.24508052182419,0.8056353296782895,0.8923566308617031,0.8654930434215035,0.9209412461647096,75325588.0,72390006.0,1511.0,1516.0,64558679.0,7831327.0,10766909.0,17506381.0,0.6987196243486519,0.7586066214512721,0.8350814025706333,0.7770672986442286,87.20236657787584,69.43297664793184,0.77634769159005,0.8740942950139713,0.8918175666403454,0.8570617331258005
deeplabv3p,resnet50,sds-21,af1,6362496.0,7424751.0,570.0,677.0,4458557.0,2966194.0,1903939.0,91334606.0,0.1744813161979159,0.2159127232294479,0.282014969130978,0.2428630458657395,118.5191736649541,107.58018641911664,0.4779403110190177,0.6467653767282184,0.6004991951918657,0.7007559611825296,1372643.0,2390312.0,432.0,574.0,487193.0,1903119.0,885450.0,97387534.0,0.0652158877935565,0.093699325532251,0.1779733902293032,0.1082719107881862,139.72485799891246,127.71269691202563,0.1487266168909707,0.2589417093746802,0.203819836071609,0.3549305973949526
deeplabv3p,resnet50,sds-51,Qaf,10183.0,0.0,10.0,0.0,0.0,0.0,10183.0,100653113.0,0.0,0.0,0.0,0.0,,,0.0,0.0,0.0,0.0,10275.0,0.0,6.0,0.0,0.0,0.0,10275.0,100653021.0,0.0,0.0,0.0,0.0,,,0.0,0.0,0.0,0.0
deeplabv3p,resnet50,sds-51,Qal,8361713.0,6124841.0,947.0,695.0,4451497.0,1673344.0,3910216.0,90628239.0,0.1767469026924294,0.2227410242445871,0.3117172993243462,0.2253955456407702,132.15401038823953,119.75940923499395,0.4435945904442795,0.6145694828459549,0.7267938873841786,0.5323666334876598,9921617.0,6861116.0,842.0,778.0,4442496.0,2418620.0,5479121.0,88323059.0,0.1576556431141617,0.2028867443562108,0.3068617147793572,0.1991787298208094,142.8069896271489,130.14213696106177,0.360000865461498,0.5294127005416818,0.6474888341779967,0.447759271497781
deeplabv3p,resnet50,sds-51,Qat,388848.0,104803.0,61.0,38.0,11565.0,93238.0,377283.0,100181210.0,0.0113705594489789,0.0189506954266963,0.0630124765283921,0.0183318496147608,160.94690159388952,151.09945351736886,0.0239894956501537,0.0468549643371531,0.1103498945640869,0.0297416985557338,1101870.0,102610.0,77.0,42.0,7572.0,95038.0,1094298.0,99466388.0,0.0086715975315263,0.0139307399478621,0.0546895146812542,0.0135715215808094,174.0184710820516,166.50628217061362,0.006326300768313,0.0125730605738575,0.0737939771952051,0.0068719540417653
deeplabv3p,resnet50,sds-51,Qc,16237424.0,16612583.0,748.0,802.0,13754662.0,2857921.0,2482762.0,81567951.0,0.4791780026260896,0.5562579389642796,0.6054530641898915,0.5727965600185216,80.78081130001164,66.85518530426921,0.7203149249201835,0.8374221655416999,0.8279664878122807,0.8470963128141508,9341265.0,15381960.0,453.0,677.0,8229151.0,7152809.0,1112114.0,84169222.0,0.2977143314671409,0.37447078678902,0.34483460331088,0.5308791972490724,111.43733312421674,94.01678642973674,0.4989156105398823,0.6657020675902922,0.5349871537827429,0.8809461031241486
deeplabv3p,resnet50,sds-51,Qca,7202703.0,5284939.0,431.0,379.0,2954377.0,2330562.0,4248326.0,91130031.0,0.178555183725641,0.2337305357844826,0.2847723619802292,0.2634774886006117,130.5687014425502,116.5299893933184,0.3099019066395406,0.4731681129231603,0.5590181835589777,0.4101761519251869,3590038.0,5527319.0,248.0,360.0,1079733.0,4447586.0,2510305.0,92625672.0,0.082784540084801,0.1191609373004509,0.1717533048383565,0.130900259986396,163.30919949213663,148.39929031795924,0.1343348482088736,0.2368521930204115,0.1953447955509714,0.3007580978251484
deeplabv3p,resnet50,sds-51,Qr,62099929.0,68545533.0,1433.0,1472.0,58112766.0,10432767.0,3987163.0,28130600.0,0.695104420634983,0.7518975898591358,0.7672492705308074,0.7982546925712224,84.33039887950387,66.76317825639018,0.8011940711537869,0.8896254812126578,0.8477980031171397,0.9357944032431984,75325588.0,71738502.0,1511.0,1511.0,63902619.0,7835883.0,11422969.0,17501825.0,0.6983708622289563,0.7606047835047077,0.831891557858192,0.7792163645238442,86.21383809450494,69.50641011679045,0.76841616955044,0.8690444961785029,0.8907715831590685,0.848352076587839
deeplabv3p,resnet50,sds-51,af1,6362496.0,3990597.0,570.0,369.0,2793316.0,1197281.0,3569180.0,93103519.0,0.1539318857313932,0.1957598814727419,0.2869901887117599,0.199915907582775,123.4479431981409,113.34325105221843,0.3694971425744436,0.53960995037908,0.6999744649735365,0.4390283310197759,1372643.0,1051789.0,432.0,239.0,342956.0,708833.0,1029687.0,98581820.0,0.0544452459656335,0.075386014999318,0.1379484640724863,0.0858510234958465,146.8721170678044,137.94572268100765,0.1647657719810365,0.2829165759237627,0.3260692020928152,0.249850835213526
deeplabv3p,resnet50,sds-5,Qaf,10183.0,0.0,10.0,0.0,0.0,0.0,10183.0,100653113.0,0.0,0.0,0.0,0.0,,,0.0,0.0,0.0,0.0,10275.0,0.0,6.0,0.0,0.0,0.0,10275.0,100653021.0,0.0,0.0,0.0,0.0,,,0.0,0.0,0.0,0.0
deeplabv3p,resnet50,sds-5,Qal,8361713.0,5924822.0,947.0,845.0,4638304.0,1286518.0,3723409.0,91015065.0,0.2145810432842064,0.2688119532283232,0.3730561216332381,0.254361591482421,125.08274031976111,113.2858051525919,0.4807413918675869,0.6493252562640276,0.782859636964621,0.5547073906985327,9921617.0,4924832.0,842.0,991.0,3512673.0,1412159.0,6408944.0,89329520.0,0.1380724466216336,0.1831117049487839,0.3089042151657497,0.1621426840142201,142.99525911612588,128.87832827020864,0.3099296298074004,0.4732004265801203,0.7132574268523272,0.3540423904692149
deeplabv3p,resnet50,sds-5,Qat,388848.0,135196.0,61.0,49.0,11317.0,123879.0,377531.0,100150569.0,0.0096107616770974,0.0155071707768845,0.0517744464972584,0.0099240055730201,134.58133051945612,128.09319246732272,0.0220721748610859,0.0431910297608597,0.0837080978727181,0.0291039172118668,1101870.0,292503.0,77.0,73.0,23233.0,269270.0,1078637.0,99292156.0,0.0083587059925775,0.0140180551715624,0.0514731826403966,0.014282594015374,170.92505779266358,164.1713285446167,0.0169442945286404,0.0333239384296741,0.0794282451803913,0.0210850644812908
deeplabv3p,resnet50,sds-5,Qc,16237424.0,18795370.0,748.0,820.0,14587572.0,4207798.0,1649852.0,80218074.0,0.4682166702257275,0.5428473474278659,0.541903978420861,0.6058388134317141,88.83755099175602,71.13658560271811,0.7134954073866255,0.8327952375137421,0.7761258224764929,0.89839201094952,9341265.0,19798957.0,453.0,712.0,8837125.0,10961832.0,504140.0,80360199.0,0.2606242678283081,0.3308165868699813,0.2780886616509209,0.5408629216126554,124.49043076718016,106.10957228112544,0.4352599507355946,0.6065242056151803,0.4463429563486601,0.9460308641281454
deeplabv3p,resnet50,sds-5,Qca,7202703.0,5174913.0,431.0,362.0,2905883.0,2269030.0,4296820.0,91191563.0,0.1766198304283645,0.2383951905251042,0.3774815135138905,0.2353179981893984,132.69845961848048,117.35577773033305,0.3067952823416792,0.4695383989937965,0.5615327252844637,0.4034434017340434,3590038.0,5428668.0,248.0,390.0,735046.0,4693622.0,2854992.0,92379636.0,0.0457526279335524,0.0693026077885406,0.1419917834937223,0.0730539976192934,168.8864273843886,153.11009641236896,0.0887344482994232,0.1630047592193381,0.135400801817315,0.2047460221869518
deeplabv3p,resnet50,sds-5,Qr,62099929.0,65620137.0,1433.0,1478.0,57094650.0,8525487.0,5005279.0,30037880.0,0.6956375919726754,0.7546612352221115,0.7756847574914513,0.7903396761279307,83.50438172815535,66.05549869227256,0.8084150612295155,0.8940591997501787,0.8700781895654988,0.919399601890044,75325588.0,69171536.0,1511.0,1506.0,61082013.0,8089523.0,14243575.0,17248185.0,0.662443762645898,0.7255021975837487,0.8274495299342801,0.7487458984651999,94.63666939381486,76.6292527394417,0.732265560373108,0.8454426124079812,0.883051274154155,0.8109065540915525
deeplabv3p,resnet50,sds-5,af1,6362496.0,5012858.0,570.0,526.0,4029833.0,983025.0,2332663.0,93317775.0,0.2191114926003964,0.2692668767036534,0.4009829092654235,0.2604752836012397,104.5022279147978,92.22347702639443,0.5486109154136242,0.7085200161682881,0.8038992925792033,0.6333729718651296,1372643.0,1046800.0,432.0,459.0,546479.0,500321.0,826164.0,98790332.0,0.1242578069284822,0.1738277154901928,0.317836962069478,0.1660888998552953,112.7893497325756,102.77740144729614,0.2917722924733203,0.451739511945518,0.5220471914405809,0.3981217257509782
segformer,mitb0,dem,Qaf,10183.0,0.0,10.0,0.0,0.0,0.0,10183.0,100653113.0,0.0,0.0,0.0,0.0,,,0.0,0.0,0.0,0.0,10275.0,0.0,6.0,0.0,0.0,0.0,10275.0,100653021.0,0.0,0.0,0.0,0.0,,,0.0,0.0,0.0,0.0
segformer,mitb0,dem,Qal,8361713.0,7584048.0,947.0,998.0,6344465.0,1239583.0,2017248.0,91062000.0,0.3413852912997603,0.4145382359438356,0.524173565159804,0.4147262528698838,95.74398257315158,84.75285249814391,0.6607925638372153,0.79575568704435,0.8365539089415046,0.7587518251343953,9921617.0,3774091.0,842.0,1054.0,2828577.0,945514.0,7093040.0,89796165.0,0.1640343126691702,0.2158867000185198,0.4072805047235933,0.1934824003916317,132.16772754143122,117.23219768135948,0.26028737483702,0.4130603543825554,0.7494723895104808,0.2850923392830019
segformer,mitb0,dem,Qat,388848.0,313206.0,61.0,71.0,87462.0,225744.0,301386.0,100048704.0,0.0490992668870043,0.0711171993926445,0.1315594576976414,0.0682170681057659,154.7848674229213,141.06653731209892,0.1423090440487347,0.2491603210009486,0.2792475239937932,0.2249259350697444,1101870.0,18.0,77.0,1.0,0.0,18.0,1101870.0,99561408.0,0.0,0.0,0.0,0.0,,,0.0,0.0,0.0,0.0
segformer,mitb0,dem,Qc,16237424.0,17176413.0,748.0,851.0,14979586.0,2196827.0,1257838.0,82229045.0,0.5580417604685504,0.6289624849102844,0.6493546468642472,0.6634256095009841,73.90797259426918,58.28838267613526,0.8125953151012211,0.8966097488295044,0.8721021088628924,0.9225346335724188,9341265.0,10581069.0,453.0,662.0,8088349.0,2492720.0,1252916.0,88829311.0,0.3845505808009608,0.4576024483976008,0.456751963903679,0.5003399142260874,92.12490647786284,73.09067884427772,0.6834848109068923,0.8119880933629564,0.7644169979422684,0.8658729840123367
segformer,mitb0,dem,Qca,7202703.0,6089745.0,431.0,413.0,4358980.0,1730765.0,2843723.0,91729828.0,0.3107740093419088,0.3906979713607395,0.4846389206052564,0.3952307411487961,108.54103647080144,94.01780479847504,0.4879381669022601,0.6558581233494387,0.715790234238051,0.6051866917183729,3590038.0,2223612.0,248.0,199.0,1076908.0,1146704.0,2513130.0,95926554.0,0.1361887973971779,0.1858250675504678,0.3117415796040331,0.1766085436252438,136.9147658316505,121.75741880303188,0.2273520491510831,0.3704756908310613,0.4843057152057103,0.2999711980764549
segformer,mitb0,dem,Qr,62099929.0,62481239.0,1433.0,1438.0,56984815.0,5496424.0,5115114.0,33066943.0,0.7465734635153582,0.8016874683148214,0.8342122662531691,0.8205888613898561,67.6965997618737,51.68036631671645,0.8430161165647502,0.9148222948110424,0.9120308097603508,0.9176309203187656,75325588.0,82882969.0,1511.0,1535.0,71942907.0,10940062.0,3382681.0,14397646.0,0.7928735490180921,0.8522178614921359,0.8367711541929262,0.9200611347938926,73.34538465177776,55.41304708979777,0.8339693377375583,0.9094692267498528,0.8680059108403803,0.9550925377442788
segformer,mitb0,dem,af1,6362496.0,7018645.0,570.0,466.0,4549016.0,2469629.0,1813480.0,91831171.0,0.1879887082509188,0.2321567145297708,0.2992118964636482,0.2618067248581202,122.34111324486705,110.49192792004932,0.5150533988139887,0.6799145155110464,0.6481330798181131,0.7149734946788179,1372643.0,1201537.0,432.0,393.0,281009.0,920528.0,1091634.0,98370125.0,0.0518917473554122,0.0766766443650985,0.1622620750957491,0.0761371892600906,144.07625693344488,134.92254293023086,0.1225416682837869,0.2183289435859186,0.2338746122674541,0.204721111024498
segformer,mitb0,ep-101,Qaf,10183.0,0.0,10.0,0.0,0.0,0.0,10183.0,100653113.0,0.0,0.0,0.0,0.0,,,0.0,0.0,0.0,0.0,10275.0,0.0,6.0,0.0,0.0,0.0,10275.0,100653021.0,0.0,0.0,0.0,0.0,,,0.0,0.0,0.0,0.0
segformer,mitb0,ep-101,Qal,8361713.0,7932926.0,947.0,1077.0,6141336.0,1791590.0,2220377.0,90509993.0,0.3245634223296639,0.399407331783263,0.4815640552259235,0.4071733791332872,102.24964350599564,90.11398260127008,0.6048609009304656,0.7537860765126494,0.774157731964221,0.7344590755506677,9921617.0,10146590.0,842.0,1255.0,6931531.0,3215059.0,2990086.0,87526620.0,0.2677984568986162,0.3336389286842198,0.399639603004955,0.3376184526173554,116.60162634611434,101.88933181335312,0.5276472526231141,0.6907972396338148,0.6831389658988882,0.6986291649838933
segformer,mitb0,ep-101,Qat,388848.0,288629.0,61.0,79.0,84611.0,204018.0,304237.0,100070430.0,0.0493338309421107,0.0705548836046765,0.1064841681770209,0.0699602236393196,125.8057362238566,115.6214997768402,0.1427152172666336,0.2497826494478779,0.2931479511760772,0.217594021314241,1101870.0,395079.0,77.0,152.0,67714.0,327365.0,1034156.0,99234061.0,0.0162148966219646,0.0267625784346212,0.0963837259241606,0.0244556877978492,164.87927571464988,156.57985171149758,0.0473777930151444,0.0904693479871391,0.1713935693873883,0.0614537105103142
segformer,mitb0,ep-101,Qc,16237424.0,17203434.0,748.0,782.0,13114985.0,4088449.0,3122439.0,80337423.0,0.3835940520158536,0.4535032572820715,0.4972461624941258,0.4886879861321306,103.23981233049268,87.42006275029588,0.6452360004414078,0.7843689297684886,0.762346924457059,0.8077010860836054,9341265.0,7500600.0,453.0,590.0,4566405.0,2934195.0,4774860.0,88387836.0,0.1589997646660981,0.2087045844947872,0.2885605231971767,0.2197003573488376,126.0282608342458,108.16078874863774,0.3719946136438064,0.5422683295466387,0.6088052955763539,0.4888422499522281
segformer,mitb0,ep-101,Qca,7202703.0,6446625.0,431.0,420.0,3558578.0,2888047.0,3644125.0,90572546.0,0.2006870350877372,0.2673044919715618,0.3418648797648659,0.3050043270061023,131.77250888728796,117.07594020090131,0.3526574337883705,0.521429040316124,0.5520063599170109,0.4940614655359245,3590038.0,3691723.0,248.0,333.0,1048744.0,2642979.0,2541294.0,94430279.0,0.0797065492706921,0.1134125610208906,0.1794850300911805,0.1317371484433318,155.37705801782153,140.08403771264213,0.168256239313963,0.2880468062601889,0.2840798185562676,0.2921261557677105
segformer,mitb0,ep-101,Qr,62099929.0,63386266.0,1433.0,1480.0,55800588.0,7585678.0,6299341.0,30977689.0,0.6901450873701833,0.7579731747709588,0.7992177801759158,0.7809904617570645,81.30713456522489,63.68413521685499,0.8007476780678684,0.8893502269313369,0.8803261577200335,0.898561220577241,75325588.0,77734503.0,1511.0,1534.0,68065368.0,9669135.0,7260220.0,15668573.0,0.7540384548214576,0.8216714454491159,0.8416991701842503,0.8694173170436074,80.62407830943341,61.00109801838368,0.8008187520065216,0.8893940615780765,0.8756133425076378,0.9036154885375736
segformer,mitb0,ep-101,af1,6362496.0,5405416.0,570.0,707.0,3865081.0,1540335.0,2497415.0,92760465.0,0.1798384061004669,0.2307007268566456,0.3318807557087457,0.2310131059090893,113.69148568091568,100.77606503168742,0.4890754971224869,0.6568847557663585,0.7150385835243763,0.6074787316172773,1372643.0,1194801.0,432.0,644.0,517306.0,677495.0,855337.0,98613158.0,0.0933769307154209,0.1330838674112839,0.2325442418964352,0.1255522272828063,125.20048851700302,111.98387018197812,0.2523274043015641,0.40297354100031,0.4329641505154414,0.3768685666994258
segformer,mitb0,ep-11,Qaf,10183.0,0.0,10.0,0.0,0.0,0.0,10183.0,100653113.0,0.0,0.0,0.0,0.0,,,0.0,0.0,0.0,0.0,10275.0,0.0,6.0,0.0,0.0,0.0,10275.0,100653021.0,0.0,0.0,0.0,0.0,,,0.0,0.0,0.0,0.0
segformer,mitb0,ep-11,Qal,8361713.0,7921050.0,947.0,1012.0,6289595.0,1631455.0,2072118.0,90670128.0,0.3337147035940715,0.4062478787955262,0.4911974596206009,0.4036198588017868,99.32393241836334,85.39493106434188,0.6293894989056523,0.7725464038259354,0.794035512968609,0.7521897725980311,9921617.0,11667523.0,842.0,853.0,6907358.0,4760165.0,3014259.0,85981514.0,0.2429169290373065,0.3016244151289602,0.3551934790253556,0.3459134810957965,121.3089565038681,104.76350680396364,0.4704713637622463,0.6398919086170176,0.5920158031829035,0.6961927677716243
segformer,mitb0,ep-11,Qat,388848.0,148976.0,61.0,60.0,68632.0,80344.0,320216.0,100194104.0,0.0425837620881577,0.0582787736562786,0.1187891159022208,0.0537766261349863,119.1303228378296,107.44476776123048,0.1462770038704837,0.2552210388528589,0.4606916550316829,0.1765008435172612,1101870.0,1847302.0,77.0,244.0,189294.0,1658008.0,912576.0,97903418.0,0.0259100713654175,0.0380208952936801,0.0849902990006924,0.0304984761943173,145.57723931206598,133.87462912665472,0.0685878143888969,0.1283709461503093,0.1024705218746041,0.1717934057556699
segformer,mitb0,ep-11,Qc,16237424.0,17644766.0,748.0,724.0,13943323.0,3701443.0,2294101.0,80724429.0,0.4543968049225737,0.5267107932923603,0.5527253284359375,0.5688550037569416,89.86874484335753,73.22748999588086,0.6993036765830275,0.8230473295852482,0.7902243078769081,0.8587152124622723,9341265.0,69018.0,453.0,38.0,8780.0,60238.0,9332485.0,91261793.0,0.0012448801988116,0.0022091318191882,0.0201191461132448,0.0035030572711731,196.14388885498047,176.44964981079102,0.000933893229625,0.0018660437736038,0.1272131907618302,0.0009399155253597
segformer,mitb0,ep-11,Qca,7202703.0,7589681.0,431.0,473.0,4108335.0,3481346.0,3094368.0,89979247.0,0.2232876910880776,0.2894873348468822,0.3421604001147341,0.321148339285705,127.6755478850304,111.1260046714022,0.384529778925574,0.5554662453327334,0.5413053592107494,0.570387950190366,3590038.0,409134.0,248.0,47.0,19295.0,389839.0,3570743.0,96683419.0,0.0026967679728464,0.0038074313116998,0.0088577517147721,0.0037581728032693,216.92806091308597,183.84464111328128,0.0048481397791941,0.0096494974459713,0.0471605879736223,0.0053745949207222
segformer,mitb0,ep-11,Qr,62099929.0,63112580.0,1433.0,1448.0,55940577.0,7172003.0,6159352.0,31391364.0,0.7010022127410946,0.7644027663455591,0.8078484167985465,0.7829004043881251,77.32878137372911,61.17664212130058,0.8075504087283144,0.893530166382977,0.8863617522845683,0.9008154743622976,75325588.0,86304733.0,1511.0,1529.0,69549874.0,16754859.0,5775714.0,8582849.0,0.7335252300968574,0.7960224622503715,0.8082064899837619,0.8956611708921868,79.93899606740175,63.42657845666209,0.7553164245607974,0.860604292185994,0.8058639611340899,0.9233233466428432
segformer,mitb0,ep-11,af1,6362496.0,4246243.0,570.0,457.0,3263223.0,983020.0,3099273.0,93317780.0,0.1589914348918482,0.2012156157642954,0.3078222566703186,0.1941094857082542,123.94357999165852,110.38532325306778,0.444246939221152,0.6151952649603313,0.7684965274008105,0.5128840945440281,1372643.0,365586.0,432.0,179.0,228472.0,137114.0,1144171.0,99153539.0,0.0440416518712881,0.0606041083719464,0.12585588240996,0.0528289429349824,153.26677839605657,141.16570338687382,0.1513303134212989,0.2628790567871091,0.624947344810797,0.1664467745801348
segformer,mitb0,ep-201,Qaf,10183.0,0.0,10.0,0.0,0.0,0.0,10183.0,100653113.0,0.0,0.0,0.0,0.0,,,0.0,0.0,0.0,0.0,10275.0,0.0,6.0,0.0,0.0,0.0,10275.0,100653021.0,0.0,0.0,0.0,0.0,,,0.0,0.0,0.0,0.0
segformer,mitb0,ep-201,Qal,8361713.0,6788758.0,947.0,853.0,5584692.0,1204066.0,2777021.0,91097517.0,0.2946830155672151,0.3623340051259693,0.4896657020912204,0.3575748246857251,97.34355791982284,84.88697803862351,0.5838198854479076,0.7372301494785212,0.8226382498831156,0.667888505620798,9921617.0,8645632.0,842.0,1027.0,6398080.0,2247552.0,3523537.0,88494127.0,0.2787044319849203,0.3475635569258441,0.4603577928741098,0.3388386104386755,117.8440820000268,102.25219693535392,0.5257614550344399,0.6891791024076857,0.7400361246002606,0.6448626267270748
segformer,mitb0,ep-201,Qat,388848.0,381173.0,61.0,89.0,105048.0,276125.0,283800.0,99998323.0,0.0502560518256359,0.071833931121364,0.1132349048525308,0.0763727739536989,124.17749366760252,116.69388853708902,0.1579733312480356,0.2728445068381251,0.2755913981315571,0.2701518331070238,1101870.0,722393.0,77.0,158.0,144042.0,578351.0,957828.0,98983075.0,0.0303647259008394,0.0465823968121667,0.1090940531579022,0.0412586431766055,158.36687479263696,149.3480680416792,0.0857280083988951,0.1579180194960923,0.1993956198357404,0.1307250401590024
segformer,mitb0,ep-201,Qc,16237424.0,15386581.0,748.0,742.0,12224877.0,3161704.0,4012547.0,81264168.0,0.3698024476653497,0.441077672451668,0.5079388330619715,0.4541107594233805,105.25619514899525,89.10527895020276,0.6301766244338405,0.7731390758381173,0.7945154937279438,0.7528827848555288,9341265.0,6395783.0,453.0,591.0,3874334.0,2521449.0,5466931.0,88800582.0,0.1409833469793898,0.1901448898959529,0.3052158231465093,0.1906207490563546,129.54271739192262,112.57426297453028,0.3265976065848001,0.4923838320884577,0.6057638290730001,0.4147547468142698
segformer,mitb0,ep-201,Qca,7202703.0,7619742.0,431.0,449.0,3888615.0,3731127.0,3314088.0,89729466.0,0.2089221586901773,0.2770421651558453,0.3237974615193988,0.3426375844478687,132.09404235897642,115.98720019658408,0.3556498500525433,0.5246927885379234,0.5103342081661033,0.5398827356896432,3590038.0,3688584.0,248.0,290.0,1100226.0,2588358.0,2489812.0,94484900.0,0.0944086967080011,0.1314890939257793,0.1974201033347829,0.1574965242834499,147.86521394221813,131.76265771977313,0.1780763162477769,0.302317114420834,0.2982786890579149,0.3064663939490334
segformer,mitb0,ep-201,Qr,62099929.0,65204397.0,1433.0,1471.0,56560438.0,8643959.0,5539491.0,29919408.0,0.6929596874730279,0.7604180513936191,0.7837939059684388,0.8014546877986605,81.83925252225099,65.18202525237476,0.7995098884019493,0.8885862684666348,0.8674328818653134,0.9107971443896498,75325588.0,79966177.0,1511.0,1531.0,68887946.0,11078231.0,6437642.0,14259477.0,0.7518104071901687,0.8165937239984008,0.8336910128609686,0.8773890004677785,76.12026298441369,58.61906323002884,0.7972789489779382,0.8872066847846053,0.8614635410168476,0.9145357882901624
segformer,mitb0,ep-201,af1,6362496.0,5282645.0,570.0,632.0,3911184.0,1371461.0,2451312.0,92929339.0,0.1863864787453809,0.2350663938627464,0.3477187591228235,0.2315576451094523,109.26643374699368,98.05272816572582,0.5057157674913372,0.6717280623738261,0.7403836525074087,0.6147247872533044,1372643.0,1244727.0,432.0,600.0,527295.0,717432.0,845348.0,98573221.0,0.0986192707967589,0.1398500632453169,0.2477702714033893,0.1353650581145779,123.58224026713086,110.77894679981075,0.2522852050763728,0.4029197247618793,0.4236230113109139,0.3841457684190281
segformer,mitb0,ep-21,Qaf,10183.0,0.0,10.0,0.0,0.0,0.0,10183.0,100653113.0,0.0,0.0,0.0,0.0,,,0.0,0.0,0.0,0.0,10275.0,0.0,6.0,0.0,0.0,0.0,10275.0,100653021.0,0.0,0.0,0.0,0.0,,,0.0,0.0,0.0,0.0
segformer,mitb0,ep-21,Qal,8361713.0,8273285.0,947.0,1096.0,6279711.0,1993574.0,2082002.0,90308009.0,0.3237311288958272,0.3991465821291177,0.4629033566871049,0.4142695105949636,108.5503809390924,92.39367537125854,0.6064255872386733,0.7549999104298059,0.7590347727655943,0.7510077181553588,9921617.0,10064360.0,842.0,959.0,6776121.0,3288239.0,3145496.0,87453440.0,0.2603445082059276,0.3228672243549479,0.388622825552981,0.3405174194286676,118.61159928884638,102.04127179088503,0.512959490247282,0.6780875410794278,0.673278877146684,0.6829653875976063
segformer,mitb0,ep-21,Qat,388848.0,156015.0,61.0,68.0,53588.0,102427.0,335260.0,100172021.0,0.0273085378989507,0.0403463757971179,0.0823462123277588,0.0325674474996592,144.60837693647906,134.5047045621005,0.1090794361610096,0.1967026573652459,0.3434797936095888,0.1378122042546187,1101870.0,159320.0,77.0,87.0,32969.0,126351.0,1068901.0,99435075.0,0.0136718861426093,0.0223752772851314,0.1041445378879351,0.0161408258186254,157.4591442743937,149.84896087646484,0.0268428890240437,0.0522823682395198,0.206935726839066,0.0299209525624619
segformer,mitb0,ep-21,Qc,16237424.0,17355159.0,748.0,689.0,13679482.0,3675677.0,2557942.0,80750195.0,0.4361708139283159,0.5065904009947553,0.5460400806851403,0.5499636972936887,93.17304463713776,75.46055329001807,0.6869589020815995,0.8144346625563149,0.788208393826873,0.8424662680484294,9341265.0,249108.0,453.0,84.0,100528.0,148580.0,9240737.0,91173451.0,0.0092935418242295,0.0148921463968627,0.0800301022616832,0.0153757221990196,187.27241441315292,167.4468900269153,0.0105932183296987,0.0209643566522386,0.4035518730831607,0.010761711609723
segformer,mitb0,ep-21,Qca,7202703.0,7708920.0,431.0,479.0,3953687.0,3755233.0,3249016.0,89705360.0,0.2043786285980574,0.2685739269698463,0.3361591560663961,0.3019228112513508,133.01220988939176,116.26341905910805,0.3608058123354617,0.5302825856045315,0.5128717122502244,0.5489171218082989,3590038.0,987391.0,248.0,87.0,143427.0,843964.0,3446611.0,96229294.0,0.0169010243801523,0.0237642083836685,0.0410017757225901,0.02935423082719,166.78433349609375,151.73933898925782,0.0323470760725863,0.0626670561138141,0.1452585652492275,0.0399513877011886
segformer,mitb0,ep-21,Qr,62099929.0,63406325.0,1433.0,1441.0,55671534.0,7734791.0,6428395.0,30828576.0,0.6943949550721032,0.7569634560592644,0.8023049954056666,0.7814101184264608,79.98701870432842,63.1084164832252,0.7971899078280832,0.887151551826254,0.8780123118632093,0.8964830539500295,75325588.0,88567558.0,1511.0,1535.0,71663358.0,16904200.0,3662230.0,8433508.0,0.762393796550081,0.8222324828386339,0.8064646611420964,0.9300302544254654,77.16570453122752,60.61584298042272,0.7770088119469601,0.8745131782387043,0.8091377883536092,0.9513813287458174
segformer,mitb0,ep-21,af1,6362496.0,3763592.0,570.0,484.0,2777360.0,986232.0,3585136.0,93314568.0,0.1536757827235973,0.1990510864299315,0.3293016818161546,0.1916306475750732,123.46412133748552,110.57628876480732,0.3779375151726938,0.5485553749878531,0.7379545923150012,0.4365205101897117,1372643.0,635559.0,432.0,281.0,305043.0,330516.0,1067600.0,98960137.0,0.0563756378682546,0.0811341600491514,0.1897290931377546,0.0713791117521591,131.19607977730888,121.58004902703422,0.1791042410015741,0.3037971279781615,0.4799601610550712,0.2222303978529013
segformer,mitb0,ep-51,Qaf,10183.0,0.0,10.0,0.0,0.0,0.0,10183.0,100653113.0,0.0,0.0,0.0,0.0,,,0.0,0.0,0.0,0.0,10275.0,0.0,6.0,0.0,0.0,0.0,10275.0,100653021.0,0.0,0.0,0.0,0.0,,,0.0,0.0,0.0,0.0
segformer,mitb0,ep-51,Qal,8361713.0,8700593.0,947.0,1131.0,6324554.0,2376039.0,2037159.0,89925544.0,0.3226054620320124,0.4012900806530733,0.4617653608908516,0.4332282332670095,107.77619661635902,93.471766568641,0.5890016830338417,0.7413480921043146,0.7269106829844816,0.756370614490117,9921617.0,12621346.0,842.0,1324.0,7666205.0,4955141.0,2255412.0,85786538.0,0.2652247336508316,0.330171341282886,0.3515519206517087,0.3804971905572649,120.06080143315016,103.10837367051724,0.5153142237038473,0.680141736470046,0.6073999555990304,0.7726769739247141
segformer,mitb0,ep-51,Qat,388848.0,206292.0,61.0,75.0,74289.0,132003.0,314559.0,100142445.0,0.048347247777168,0.0691090115176683,0.1138495839285579,0.0614141727586022,137.02974451505222,128.9953248684223,0.1426300419889757,0.2496521826797056,0.3601157582455936,0.1910489445747438,1101870.0,286501.0,77.0,107.0,41381.0,245120.0,1060489.0,99316306.0,0.01159416299595,0.0182016446744238,0.088118184849901,0.0128901353991006,156.00109344482422,149.05917907714843,0.0307210892434242,0.0596108677003481,0.1444357960356159,0.0375552469892092
segformer,mitb0,ep-51,Qc,16237424.0,17140925.0,748.0,726.0,13285251.0,3855674.0,2952173.0,80570198.0,0.4014960225186031,0.473752186229419,0.5293924312877692,0.5078929152279225,100.32446115161665,83.44982987623246,0.6611848008704282,0.7960400318182305,0.7750603307581125,0.8181871089897018,9341265.0,2100802.0,453.0,325.0,1517405.0,583397.0,7823860.0,90738634.0,0.078822734079009,0.1143124429978531,0.3024393547066422,0.093074313589189,153.90706458592524,136.06733815963955,0.1528923604652732,0.2652326716842332,0.7222979604931831,0.1624410612481286
segformer,mitb0,ep-51,Qca,7202703.0,5545953.0,431.0,401.0,3117732.0,2428221.0,4084971.0,91032372.0,0.1813221658831577,0.2432630230756937,0.3540232868769883,0.2544078392394029,130.2834340365309,114.43928012722417,0.3237209638452136,0.4891075576907872,0.5621634370143418,0.4328558320397218,3590038.0,2419548.0,248.0,213.0,867289.0,1552259.0,2722749.0,95520999.0,0.0726927450186928,0.1012404052880996,0.1579524087841804,0.1165599496553405,148.14954508765268,129.94401689303123,0.1686578974337732,0.2886351905106275,0.3584508346186973,0.2415821225290651
segformer,mitb0,ep-51,Qr,62099929.0,64091720.0,1433.0,1484.0,55992239.0,8099481.0,6107690.0,30463886.0,0.6906059024254874,0.7582477427040141,0.7929353796610519,0.7888276454004085,80.00167785594445,63.60100260806304,0.7976169457834474,0.8874159176729675,0.873626718084645,0.901647391577533,75325588.0,82170872.0,1511.0,1533.0,69260653.0,12910219.0,6064935.0,12427489.0,0.7548866960416366,0.8218287727813754,0.8247266626516354,0.8974548261080285,81.66792369994107,62.22838930988944,0.7849495046835124,0.8795201238173861,0.8428857004219208,0.9194837350622472
segformer,mitb0,ep-51,af1,6362496.0,4977813.0,570.0,588.0,3554740.0,1423073.0,2807756.0,92877727.0,0.1705897487055195,0.2187644009859181,0.3443850710157365,0.218689977494857,113.07136332708612,99.38368935497871,0.4565806301376303,0.6269211888318035,0.7141168219858801,0.5587021194198001,1372643.0,1064227.0,432.0,483.0,420027.0,644200.0,952616.0,98646453.0,0.0726602064565828,0.1044050125877389,0.2213182159613292,0.102118029612675,134.6681227721274,120.96564919129014,0.2082596414296997,0.3447266370384961,0.3946780151227135,0.3059987192591227
segformer,mitb0,ep-5,Qaf,10183.0,0.0,10.0,0.0,0.0,0.0,10183.0,100653113.0,0.0,0.0,0.0,0.0,,,0.0,0.0,0.0,0.0,10275.0,0.0,6.0,0.0,0.0,0.0,10275.0,100653021.0,0.0,0.0,0.0,0.0,,,0.0,0.0,0.0,0.0
segformer,mitb0,ep-5,Qal,8361713.0,7406523.0,947.0,981.0,6046972.0,1359551.0,2314741.0,90942032.0,0.3223453260889716,0.3909652441523528,0.5064934368828485,0.3781630665597746,100.1902605901304,87.31016389012181,0.6220355706829894,0.766981417578986,0.8164386986984311,0.7231738281378469,9921617.0,16347709.0,842.0,1088.0,7868026.0,8479683.0,2053591.0,82261996.0,0.2592885755292206,0.3274445240883353,0.3629568631376402,0.4042152079661597,126.47245763781312,109.43032866167071,0.4275798992462489,0.5990276263654424,0.4812922715959771,0.7930185170421313
segformer,mitb0,ep-5,Qat,388848.0,183756.0,61.0,75.0,60923.0,122833.0,327925.0,100151615.0,0.0361057581134331,0.050481220992174,0.0918192451321341,0.0465193700201616,151.79510665893554,144.29917709350585,0.1190644170879903,0.2127927852407597,0.3315429156054768,0.1566756161790725,1101870.0,1816298.0,77.0,302.0,83953.0,1732345.0,1017917.0,97829081.0,0.0097510669763818,0.0159939947440511,0.0416882057733457,0.0158252434132158,165.136015608504,153.96653665078654,0.0296212531512252,0.0575381540747482,0.046222040656324,0.0761913837385535
segformer,mitb0,ep-5,Qc,16237424.0,18305283.0,748.0,724.0,14214345.0,4090938.0,2023079.0,80334934.0,0.450891864571665,0.5245485399002647,0.5609775966591403,0.5765983013629499,95.22603215622496,78.48165646830391,0.6992371052817733,0.8230012199101825,0.7765159926781793,0.8754064068290636,9341265.0,109705.0,453.0,56.0,61149.0,48556.0,9280116.0,91273475.0,0.0051159533772458,0.0084478606676384,0.0467978132151377,0.0080022463714234,175.37077607779668,155.70997488087622,0.0065122647172933,0.0129402590421935,0.5573948315938198,0.0065461155421669
segformer,mitb0,ep-5,Qca,7202703.0,6471687.0,431.0,437.0,3552371.0,2919316.0,3650332.0,90541277.0,0.2079180230407227,0.2711873567255706,0.3592186525961239,0.2749882657376786,126.37885765513036,109.44954544723412,0.350954784811212,0.519565552832704,0.5489095810721377,0.4931997057215881,3590038.0,423024.0,248.0,45.0,211.0,422813.0,3589827.0,96650445.0,2.775607939977093e-05,5.5279424832972326e-05,0.0036962809344063,2.8975535132583397e-05,201.6031036376953,189.0807304382324,5.258107016682154e-05,0.0001051566110864,0.0004987896667801,5.877375114135282e-05
segformer,mitb0,ep-5,Qr,62099929.0,64481806.0,1433.0,1456.0,56543765.0,7938041.0,5556164.0,30625326.0,0.7087849796571561,0.7730597182946574,0.8062406142613644,0.7994851739779532,77.26426836045151,61.31110358962509,0.8073301524872866,0.8933953227928184,0.8768948717100138,0.910528657770285,75325588.0,81636543.0,1511.0,1521.0,66062502.0,15574041.0,9263086.0,9763667.0,0.7015888319575314,0.7666459624929898,0.8113210167239817,0.848970331954365,84.11972741055027,67.68263906746127,0.7267631642368969,0.8417635716222532,0.8092270884130897,0.8770260379514063
segformer,mitb0,ep-5,af1,6362496.0,3814241.0,570.0,396.0,2957550.0,856691.0,3404946.0,93444109.0,0.1466664737583496,0.1875513945561104,0.3108676315514621,0.1763345632442784,119.815070625898,108.71908436916968,0.4096790954438498,0.5812373848317,0.7753967303062391,0.4648411566781338,1372643.0,330017.0,432.0,181.0,178360.0,151657.0,1194283.0,99138996.0,0.0363637099273506,0.0530814794025815,0.1249081422305273,0.0438853117181666,141.48230957984924,129.59101809774126,0.1170110870563537,0.2095074765367131,0.5404570067602578,0.1299391028839982
segformer,mitb0,nhd,Qaf,10183.0,0.0,10.0,0.0,0.0,0.0,10183.0,100653113.0,0.0,0.0,0.0,0.0,,,0.0,0.0,0.0,0.0,10275.0,0.0,6.0,0.0,0.0,0.0,10275.0,100653021.0,0.0,0.0,0.0,0.0,,,0.0,0.0,0.0,0.0
segformer,mitb0,nhd,Qal,8361713.0,2985128.0,947.0,610.0,1371492.0,1613636.0,6990221.0,90687947.0,0.0756099298470459,0.1111591232846701,0.2264297081936033,0.1149378650480735,148.7854338306527,137.60567016684854,0.1374881219694669,0.2417398816111021,0.4594416051840993,0.1640204584873936,9921617.0,2749696.0,842.0,559.0,1693291.0,1056405.0,8228326.0,89685274.0,0.0828234112347583,0.1224319610550253,0.2914461529297767,0.1007237059842237,152.82019869176352,139.61730510897752,0.1542437244159284,0.2672637002968832,0.6158102568429382,0.1706668378753181
segformer,mitb0,nhd,Qat,388848.0,0.0,61.0,0.0,0.0,0.0,388848.0,100274448.0,0.0,0.0,0.0,0.0,,,0.0,0.0,0.0,0.0,1101870.0,0.0,77.0,0.0,0.0,0.0,1101870.0,99561426.0,0.0,0.0,0.0,0.0,,,0.0,0.0,0.0,0.0
segformer,mitb0,nhd,Qc,16237424.0,1323106.0,748.0,220.0,322602.0,1000504.0,15914822.0,83425368.0,0.0095632535378992,0.0153703423079126,0.0583261025245605,0.016030475907937,187.58529993151944,173.2861153352345,0.0187146622262258,0.036741715654368,0.2438217346153671,0.0198678066176014,9341265.0,1202473.0,453.0,170.0,52727.0,1149746.0,9288538.0,90172285.0,0.0034640111675193,0.0060071295767755,0.0209038291101061,0.0068085147922146,172.00726050299568,157.79830695487357,0.0050259217152665,0.0100015762910648,0.0438488015947135,0.0056445245906202
segformer,mitb0,nhd,Qca,7202703.0,3467.0,431.0,8.0,0.0,3467.0,7202703.0,93457126.0,0.0,0.0,0.0,0.0,194.66377639770508,188.5541839599609,0.0,0.0,0.0,0.0,3590038.0,3746.0,248.0,4.0,0.0,3746.0,3590038.0,97069512.0,0.0,0.0,0.0,0.0,,,0.0,0.0,0.0,0.0
segformer,mitb0,nhd,Qr,62099929.0,96347561.0,1433.0,1535.0,60818508.0,35529053.0,1281421.0,3034314.0,0.6109977604529545,0.6801456409551226,0.6219543232396951,0.9107770317461168,107.94252717977795,92.76855824679636,0.6229554662364502,0.7676802958506947,0.6312407638424806,0.9793651776960968,75325588.0,96526625.0,1511.0,1536.0,73758886.0,22767739.0,1566702.0,2569969.0,0.7457123700617861,0.8078591593598503,0.7612311267433446,0.959114314779678,80.94523701188108,66.86295543972977,0.7519256228305927,0.8583990245153259,0.7641299589620998,0.9792009323578064
segformer,mitb0,nhd,af1,6362496.0,4034.0,570.0,6.0,412.0,3622.0,6362084.0,94297178.0,1.9649351669246493e-05,3.907955496718982e-05,0.0013175224264462,2.0031626091191575e-05,191.6649487813314,184.0617408752441,6.471761912047499e-05,0.0001294268620425,0.1021318790282597,6.475446114229384e-05,1372643.0,180756.0,432.0,11.0,5054.0,175702.0,1367589.0,99114951.0,0.0003608687275619,0.0006815599279751,0.0007891192724671,0.0041083295171687,202.34639522007527,194.3497085571289,0.0032641304102121,0.0065070210551184,0.0279603443315851,0.0036819478917679
segformer,mitb0,nir,Qaf,10183.0,0.0,10.0,0.0,0.0,0.0,10183.0,100653113.0,0.0,0.0,0.0,0.0,,,0.0,0.0,0.0,0.0,10275.0,0.0,6.0,0.0,0.0,0.0,10275.0,100653021.0,0.0,0.0,0.0,0.0,,,0.0,0.0,0.0,0.0
segformer,mitb0,nir,Qal,8361713.0,3365227.0,947.0,246.0,2324630.0,1040597.0,6037083.0,91260986.0,0.0617746328780228,0.0781962625931091,0.1185042957760212,0.0806979002028324,150.78586314131573,138.861034356094,0.2472403058397351,0.3964597755254141,0.6907795521669118,0.2780088242684244,9921617.0,13930.0,842.0,11.0,11945.0,1985.0,9909672.0,90739694.0,0.0010841866392383,0.0016270778393078,0.0092954648347087,0.0010968601828918,190.77362365722652,175.99870910644532,0.0012036959966754,0.0024044977090843,0.8575017946877244,0.0012039368179602
segformer,mitb0,nir,Qat,388848.0,335.0,61.0,1.0,0.0,335.0,388848.0,100274113.0,0.0,0.0,0.0,0.0,,,0.0,0.0,0.0,0.0,1101870.0,0.0,77.0,0.0,0.0,0.0,1101870.0,99561426.0,0.0,0.0,0.0,0.0,,,0.0,0.0,0.0,0.0
segformer,mitb0,nir,Qc,16237424.0,18600913.0,748.0,766.0,12852943.0,5747970.0,3384481.0,78677902.0,0.3372903999327894,0.4086133081309024,0.4415281018037227,0.4603566610849287,109.25166446078195,93.42849926878078,0.5846128115784507,0.7378620282592708,0.6909845231790505,0.7915629351059627,9341265.0,156534.0,453.0,58.0,34431.0,122103.0,9306834.0,91199928.0,0.0023921168873079,0.0036209246515853,0.0168722156817691,0.0028911247871905,183.32492124117337,166.53366118211014,0.0036383452487528,0.0072503113616112,0.219958603242746,0.0036859033546313
segformer,mitb0,nir,Qca,7202703.0,3348268.0,431.0,284.0,1284792.0,2063476.0,5917911.0,91397117.0,0.0729342052413157,0.10599121749319,0.1847964373133737,0.1176724549784121,145.65137609151694,130.64862646506384,0.1386539154920275,0.2435400495366729,0.3837183881338053,0.1783763678718947,3590038.0,2.0,248.0,1.0,0.0,2.0,3590038.0,97073256.0,0.0,0.0,0.0,0.0,,,0.0,0.0,0.0,0.0
segformer,mitb0,nir,Qr,62099929.0,71237581.0,1433.0,1474.0,56307848.0,14929733.0,5792081.0,23633634.0,0.6206842121511786,0.6832805266112424,0.6945042372024587,0.750516072633252,98.9520389626081,83.66011232163372,0.7309891610325383,0.8445912631786809,0.7904233581429443,0.906729667919588,75325588.0,55113134.0,1511.0,1040.0,46437112.0,8676022.0,28888476.0,16661686.0,0.4721178982509701,0.513307698862609,0.5761312985276759,0.5536966963494128,93.37677428480508,78.57225467502207,0.5528121663382404,0.7120142130800698,0.8425779597291636,0.6164852241179982
segformer,mitb0,nir,af1,6362496.0,4110972.0,570.0,207.0,2829700.0,1281272.0,3532796.0,93019528.0,0.0933155169942439,0.1142587797580155,0.1776946100967589,0.1238696661446182,137.9364835194179,124.1846336523692,0.3701970023161351,0.5403558783012465,0.6883286969602322,0.4447468414911381,1372643.0,45379696.0,432.0,1024.0,528983.0,44850713.0,843660.0,54439940.0,0.0121072095557689,0.0214194384976575,0.0225174477881224,0.1710204961239344,214.43686598500895,199.0266708497078,0.0114440630403383,0.0226291565861549,0.0116568211475017,0.3853755127881029
segformer,mitb0,osm,Qaf,10183.0,0.0,10.0,0.0,0.0,0.0,10183.0,100653113.0,0.0,0.0,0.0,0.0,,,0.0,0.0,0.0,0.0,10275.0,0.0,6.0,0.0,0.0,0.0,10275.0,100653021.0,0.0,0.0,0.0,0.0,,,0.0,0.0,0.0,0.0
segformer,mitb0,osm,Qal,8361713.0,0.0,947.0,0.0,0.0,0.0,8361713.0,92301583.0,0.0,0.0,0.0,0.0,,,0.0,0.0,0.0,0.0,9921617.0,0.0,842.0,0.0,0.0,0.0,9921617.0,90741679.0,0.0,0.0,0.0,0.0,,,0.0,0.0,0.0,0.0
segformer,mitb0,osm,Qat,388848.0,0.0,61.0,0.0,0.0,0.0,388848.0,100274448.0,0.0,0.0,0.0,0.0,,,0.0,0.0,0.0,0.0,1101870.0,0.0,77.0,0.0,0.0,0.0,1101870.0,99561426.0,0.0,0.0,0.0,0.0,,,0.0,0.0,0.0,0.0
segformer,mitb0,osm,Qc,16237424.0,26695.0,748.0,2.0,2998.0,23697.0,16234426.0,84402175.0,0.000141468329883,0.0002600382266436,0.0011351611365608,0.0013034443500486,230.20264434814453,216.49893951416016,0.0001843661331835,0.0003686642971562,0.1123056752200786,0.0001846351982925,9341265.0,0.0,453.0,0.0,0.0,0.0,9341265.0,91322031.0,0.0,0.0,0.0,0.0,,,0.0,0.0,0.0,0.0
segformer,mitb0,osm,Qca,7202703.0,15770.0,431.0,5.0,6063.0,9707.0,7196640.0,93450886.0,0.0004330389770305,0.000738995881485,0.0024407446247092,0.000453300310582,161.8529090881348,152.3659591674805,0.0008406344065298,0.0016798566677467,0.3844641724793912,0.000841767319852,3590038.0,2783.0,248.0,6.0,0.0,2783.0,3590038.0,97070475.0,0.0,0.0,0.0,0.0,,,0.0,0.0,0.0,0.0
segformer,mitb0,osm,Qr,62099929.0,97385744.0,1433.0,1527.0,61078501.0,36307243.0,1021428.0,2256124.0,0.6131162475509021,0.6801255469536834,0.6208298735129808,0.9130893557296612,106.64226190176726,92.01321065776736,0.620671235222571,0.7659434211372704,0.6271811303305338,0.9835518652525352,75325588.0,100353094.0,1511.0,1535.0,75176059.0,25177035.0,149529.0,160673.0,0.7479038083062429,0.8088900911779243,0.7486168463510694,0.981874361129788,80.77253322901315,67.75344963847407,0.7480009651091395,0.8558358719927099,0.7491155080878722,0.9980148976732848
segformer,mitb0,osm,af1,6362496.0,3235087.0,570.0,260.0,2107893.0,1127194.0,4254603.0,93173606.0,0.097975856578672,0.1251568929844183,0.2110810606276947,0.131133728472222,135.367463462711,120.46817726174784,0.2814392852040605,0.4392549665889839,0.6515722761088033,0.3312996974772165,1372643.0,307419.0,432.0,109.0,150153.0,157266.0,1222490.0,99133387.0,0.032211906508025,0.0438565299972222,0.1064888631836289,0.0412441721268313,147.80945204481293,136.47904211056382,0.098145053071784,0.1787469748140247,0.4884310989236189,0.1093896956455538
segformer,mitb0,plc-100,Qaf,10183.0,0.0,10.0,0.0,0.0,0.0,10183.0,100653113.0,0.0,0.0,0.0,0.0,,,0.0,0.0,0.0,0.0,10275.0,0.0,6.0,0.0,0.0,0.0,10275.0,100653021.0,0.0,0.0,0.0,0.0,,,0.0,0.0,0.0,0.0
segformer,mitb0,plc-100,Qal,8361713.0,9497522.0,947.0,998.0,4969585.0,4527937.0,3392128.0,87773646.0,0.1812940406938985,0.246792867561489,0.3121155826519086,0.3240811879358773,121.50018210242165,110.82420937436802,0.385548482697358,0.5565283171423636,0.5232506963395294,0.5943261865122613,9921617.0,7759455.0,842.0,1030.0,4358195.0,3401260.0,5563422.0,87340419.0,0.1567876141821509,0.2142201011951974,0.3181594041208451,0.2313641573696834,133.45417407122792,120.80431312608204,0.3271211615929502,0.4929785931531753,0.5616625136688079,0.4392625718166706
segformer,mitb0,plc-100,Qat,388848.0,1317.0,61.0,1.0,0.0,1317.0,388848.0,100273131.0,0.0,0.0,0.0,0.0,,,0.0,0.0,0.0,0.0,1101870.0,0.0,77.0,0.0,0.0,0.0,1101870.0,99561426.0,0.0,0.0,0.0,0.0,,,0.0,0.0,0.0,0.0
segformer,mitb0,plc-100,Qc,16237424.0,10073899.0,748.0,602.0,5744863.0,4329036.0,10492561.0,80096836.0,0.1571894121257518,0.2078977948199006,0.3090996895110081,0.2176240491169642,137.3457816376978,123.08411690761712,0.279331639961374,0.4366837045784433,0.57027204660281,0.3538038422843426,9341265.0,4289236.0,453.0,359.0,866637.0,3422599.0,8474628.0,87899432.0,0.0342203748633787,0.0504882490881055,0.1031290243912323,0.0602263510509049,173.84985664121567,156.8203922025619,0.0678976993173853,0.127161430089767,0.2020492693803745,0.0927751219990012
segformer,mitb0,plc-100,Qca,7202703.0,1935336.0,431.0,183.0,971895.0,963441.0,6230808.0,92497152.0,0.0580141469026842,0.0839718295632567,0.1557563938232334,0.0806005478723244,151.48848222142502,137.292329788208,0.1190151679911596,0.212714128271941,0.5021841168665286,0.1349347599088842,3590038.0,496450.0,248.0,64.0,54533.0,441917.0,3535505.0,96631341.0,0.0056361761502941,0.0092579752367071,0.0263401267994242,0.0076605096646187,180.28224817911783,160.24720848931207,0.0135252005540736,0.0266894213319603,0.109845905932118,0.0151900899099118
segformer,mitb0,plc-100,Qr,62099929.0,79155222.0,1433.0,1520.0,57761978.0,21393244.0,4337951.0,17170123.0,0.6302242470287053,0.705042933349148,0.6820663666600738,0.8528315791051426,98.91752373129442,83.00824305258739,0.6918167788401095,0.8178388907035327,0.729730478173632,0.9301456367204542,75325588.0,88118155.0,1511.0,1535.0,70097702.0,18020453.0,5227886.0,7317255.0,0.7294815449881943,0.7972502999750949,0.786374224335835,0.906515246411582,83.94122034224453,67.45506902198917,0.750944563358611,0.8577593820768042,0.7954967055313403,0.930596147487093
segformer,mitb0,plc-100,af1,6362496.0,0.0,570.0,0.0,0.0,0.0,6362496.0,94300800.0,0.0,0.0,0.0,0.0,,,0.0,0.0,0.0,0.0,1372643.0,0.0,432.0,0.0,0.0,0.0,1372643.0,99290653.0,0.0,0.0,0.0,0.0,,,0.0,0.0,0.0,0.0
segformer,mitb0,plc-10,Qaf,10183.0,0.0,10.0,0.0,0.0,0.0,10183.0,100653113.0,0.0,0.0,0.0,0.0,,,0.0,0.0,0.0,0.0,10275.0,0.0,6.0,0.0,0.0,0.0,10275.0,100653021.0,0.0,0.0,0.0,0.0,,,0.0,0.0,0.0,0.0
segformer,mitb0,plc-10,Qal,8361713.0,7020633.0,947.0,989.0,5297815.0,1722818.0,3063898.0,90578765.0,0.2528767815086515,0.3226767806295449,0.4609373689056564,0.3144957510107722,109.36454983949662,97.3763005918578,0.525340742172343,0.6888175574779035,0.754606457850738,0.6335801049378279,9921617.0,6948737.0,842.0,1150.0,5250877.0,1697860.0,4670740.0,89043819.0,0.2159979247083124,0.2795174223598501,0.4143362160720427,0.2586564405571558,124.2564644639321,108.95911806942809,0.4519030417634115,0.6224975480656778,0.7556591938937968,0.5292360106220589
segformer,mitb0,plc-10,Qat,388848.0,100368.0,61.0,36.0,25979.0,74389.0,362869.0,100200059.0,0.0215078438722016,0.032357552714709,0.0849494450714117,0.0321320732814736,167.20659828186035,153.94152450561523,0.0560814442715068,0.106206665358451,0.2588374780806631,0.0668101674690367,1101870.0,116711.0,77.0,37.0,31181.0,85530.0,1070689.0,99475896.0,0.0137423401077588,0.0205650347510747,0.1094347219726051,0.0146346086109376,169.89098510742187,157.7497782389323,0.0262598955701532,0.0511759169066315,0.267164191892795,0.0282982566001433
segformer,mitb0,plc-10,Qc,16237424.0,14974004.0,748.0,696.0,11639828.0,3334176.0,4597596.0,81091696.0,0.3523406887490563,0.4228264916215813,0.4827385034965286,0.4415093045762802,104.54975357780393,88.01119349122253,0.5947305279077848,0.7458696218577375,0.7773357079375697,0.7168518848802617,9341265.0,3890079.0,453.0,512.0,2156498.0,1733581.0,7184767.0,89588450.0,0.0802691716431841,0.1136615122599323,0.2287945617396118,0.1078636153612283,149.13957787999567,131.4072937371596,0.1947203599941705,0.3259680951534477,0.5543584076313103,0.2308571697730446
segformer,mitb0,plc-10,Qca,7202703.0,4909381.0,431.0,352.0,2723167.0,2186214.0,4479536.0,91274379.0,0.1710029516317492,0.2304004564511943,0.3299685922757631,0.2586234908511169,131.01035991396222,115.26448106084553,0.2900405872157566,0.4496611813458361,0.5546864258447246,0.3780757029687327,3590038.0,2330024.0,248.0,221.0,676126.0,1653898.0,2913912.0,95419360.0,0.0545892356900476,0.0763915673695785,0.1431522694845108,0.0906687244616299,162.92646656221555,145.72441269587546,0.1289348306310374,0.2284185537246062,0.2901798436410955,0.1883339396407503
segformer,mitb0,plc-10,Qr,62099929.0,69526791.0,1433.0,1483.0,57784789.0,11742002.0,4315140.0,26821365.0,0.6865983711205776,0.755000213396293,0.7510733008092703,0.8307401787695692,79.27438255885926,63.68371664875771,0.7825471005085173,0.8780100119489417,0.8311154328983773,0.9305129640325354,75325588.0,86026688.0,1511.0,1536.0,71441124.0,14585564.0,3884464.0,10752144.0,0.7599492159759696,0.822037474400228,0.8061891136823837,0.9164257030621836,78.86473053184903,61.089037154700726,0.7945746707816623,0.8855297956875428,0.8304530333656458,0.9484310165623931
segformer,mitb0,plc-10,af1,6362496.0,4132119.0,570.0,357.0,3000459.0,1131660.0,3362037.0,93169140.0,0.1517677968187976,0.1911866674659106,0.2847875864088831,0.1945561434900399,122.53678325357473,111.11658443296088,0.4003731707746676,0.5718092564615281,0.7261308302108433,0.471585208069286,1372643.0,1351057.0,432.0,291.0,340519.0,1010538.0,1032124.0,98280115.0,0.0479160808856846,0.0707582699982847,0.1304922046018648,0.0794094836187039,146.77474433404427,136.30783074579122,0.1428842374960189,0.250041487682197,0.2520389591260768,0.2480754282067515
segformer,mitb0,plc-200,Qaf,10183.0,0.0,10.0,0.0,0.0,0.0,10183.0,100653113.0,0.0,0.0,0.0,0.0,,,0.0,0.0,0.0,0.0,10275.0,0.0,6.0,0.0,0.0,0.0,10275.0,100653021.0,0.0,0.0,0.0,0.0,,,0.0,0.0,0.0,0.0
segformer,mitb0,plc-200,Qal,8361713.0,9768013.0,947.0,569.0,4163069.0,5604944.0,4198644.0,86696639.0,0.119070880822236,0.1602211365447889,0.1886160061683139,0.2411253880644826,121.44922705134888,110.43650117744762,0.2980719724125823,0.4592533830902905,0.4261940478580444,0.4978727444962533,9921617.0,9116289.0,842.0,598.0,3910505.0,5205784.0,6011112.0,85535895.0,0.1174314233175449,0.1600025664183959,0.2042607763383874,0.1955081838788735,134.98449107645772,122.1847250045664,0.2585047490973499,0.4108125126786527,0.4289579893748432,0.3941398866737146
segformer,mitb0,plc-200,Qat,388848.0,0.0,61.0,0.0,0.0,0.0,388848.0,100274448.0,0.0,0.0,0.0,0.0,,,0.0,0.0,0.0,0.0,1101870.0,0.0,77.0,0.0,0.0,0.0,1101870.0,99561426.0,0.0,0.0,0.0,0.0,,,0.0,0.0,0.0,0.0
segformer,mitb0,plc-200,Qc,16237424.0,1598192.0,748.0,195.0,666805.0,931387.0,15570619.0,83494485.0,0.0240020327372487,0.0359301815617873,0.0834922433058197,0.034276565368853,173.9678426429407,160.60040761463677,0.0388381583325717,0.0747722983046955,0.4172245887853274,0.0410659350892111,9341265.0,1294794.0,453.0,181.0,194772.0,1100022.0,9146493.0,90222009.0,0.0115711308936033,0.0183683243348147,0.0376038977602291,0.0229423253258956,170.93492344447546,157.16482223026335,0.0186540222484067,0.0366248438448865,0.1504270177340951,0.0208507091919563
segformer,mitb0,plc-200,Qca,7202703.0,285148.0,431.0,65.0,79991.0,205157.0,7122712.0,93255436.0,0.0071842741469106,0.0106534898677362,0.0408302698038985,0.0095475990917095,183.69089346221,170.66688508698434,0.0107981252345481,0.0213655426637095,0.2805244995581242,0.011105691849296,3590038.0,374139.0,248.0,65.0,67065.0,307074.0,3522973.0,96766184.0,0.0070507560468295,0.0104586432625418,0.0258760885476614,0.0094051772692991,177.2122311592102,157.73781967163086,0.0172088972551982,0.0338355224804543,0.1792515615854,0.0186808607596911
segformer,mitb0,plc-200,Qr,62099929.0,89011943.0,1433.0,1536.0,58667159.0,30344784.0,3432770.0,8218583.0,0.6036198881296665,0.6761942582838856,0.6382749592532946,0.8728404739120682,106.13955544277412,91.56668001492376,0.6346188667382201,0.7764731946408552,0.6590931174258268,0.9447218369605545,75325588.0,89878074.0,1511.0,1536.0,70251304.0,19626770.0,5074284.0,5710938.0,0.7188275153198447,0.7879178885593774,0.7715341770784411,0.9081895700439114,86.20823006263875,71.68656325150924,0.7398584456428139,0.8504811957497649,0.7816289432281337,0.93263532174485
segformer,mitb0,plc-200,af1,6362496.0,0.0,570.0,0.0,0.0,0.0,6362496.0,94300800.0,0.0,0.0,0.0,0.0,,,0.0,0.0,0.0,0.0,1372643.0,0.0,432.0,0.0,0.0,0.0,1372643.0,99290653.0,0.0,0.0,0.0,0.0,,,0.0,0.0,0.0,0.0
segformer,mitb0,plc-20,Qaf,10183.0,0.0,10.0,0.0,0.0,0.0,10183.0,100653113.0,0.0,0.0,0.0,0.0,,,0.0,0.0,0.0,0.0,10275.0,0.0,6.0,0.0,0.0,0.0,10275.0,100653021.0,0.0,0.0,0.0,0.0,,,0.0,0.0,0.0,0.0
segformer,mitb0,plc-20,Qal,8361713.0,7438426.0,947.0,1053.0,5294651.0,2143775.0,3067062.0,90157808.0,0.2295271691913791,0.2972405725028662,0.4310733861491984,0.3009055669408642,112.89686480911512,102.1839744126766,0.5039890579095422,0.6702030912512859,0.7117972269939904,0.6332017135723266,9921617.0,6836924.0,842.0,1130.0,4882135.0,1954789.0,5039482.0,88786890.0,0.1951643592038194,0.2607467138350973,0.408465283633544,0.2483912559514947,118.58651705495603,105.3630992272398,0.4110784862019705,0.5826443960724266,0.7140835557042904,0.4920704961701303
segformer,mitb0,plc-20,Qat,388848.0,43045.0,61.0,32.0,11169.0,31876.0,377679.0,100242572.0,0.0118554160668281,0.0196946924232179,0.0977693572640419,0.0134755947830853,157.9070557814378,148.70094563410834,0.0265470950076534,0.0517211438944368,0.2594726449064932,0.0287233057647204,1101870.0,26764.0,77.0,26.0,1967.0,24797.0,1099903.0,99536629.0,0.0015164140351517,0.0028871005370972,0.0326258229312076,0.0015528831325511,166.44419708251954,158.63065338134766,0.0017458574716398,0.0034856295309196,0.0734942460020923,0.0017851470681659
segformer,mitb0,plc-20,Qc,16237424.0,17071800.0,748.0,662.0,11989436.0,5082364.0,4247988.0,79343508.0,0.3323509906177451,0.4004223835561288,0.4359888881720651,0.4518541348010692,110.7122303696366,94.44398950886082,0.5623618771443694,0.7198868397534569,0.7022947785236472,0.7383828863494604,9341265.0,3840884.0,453.0,335.0,2084994.0,1755890.0,7256271.0,89566141.0,0.0847877581756978,0.1180677346371613,0.2133487295499704,0.1169399227463127,153.79964850535944,135.25179704829077,0.1878854535238986,0.3163359782991377,0.5428422206971103,0.2232025319911168
segformer,mitb0,plc-20,Qca,7202703.0,4189301.0,431.0,307.0,2496641.0,1692660.0,4706062.0,91767933.0,0.1540465021615513,0.2086935880739716,0.3095703041432155,0.2228175273016236,132.079207777977,117.61624585837126,0.2806676916951,0.4383146284007625,0.5959564614717348,0.3466255654300892,3590038.0,1036787.0,248.0,109.0,332351.0,704436.0,3257687.0,96368822.0,0.0358744254276753,0.0531828029102628,0.113160038133283,0.0508442694764633,166.17060586177942,151.29046642419064,0.0773903858772925,0.1436626628411491,0.320558610399243,0.0925759003108045
segformer,mitb0,plc-20,Qr,62099929.0,67116368.0,1433.0,1480.0,56043679.0,11072689.0,6056250.0,27490678.0,0.6620926445953245,0.7341318230404461,0.7484945161218567,0.793748045961751,85.34364146279641,68.3702949539434,0.7659105350036813,0.8674397936043624,0.8350225238648193,0.9024757339094542,75325588.0,86427671.0,1511.0,1530.0,71535873.0,14891798.0,3789715.0,10445910.0,0.7592727024960619,0.8215080675664465,0.8047676489664187,0.9181672044659598,78.45904923799345,60.476267267350025,0.7929277955359957,0.884506110631131,0.8276964098685478,0.9496888759766468
segformer,mitb0,plc-20,af1,6362496.0,4804356.0,570.0,257.0,2750139.0,2054217.0,3612357.0,92246583.0,0.0970337415517256,0.1256208336519513,0.177901891335337,0.1376572359948107,142.00096577437466,126.80414296710302,0.3267473893906089,0.4925540340285695,0.5724261482704446,0.4322421577946768,1372643.0,2494266.0,432.0,204.0,211591.0,2282675.0,1161052.0,97007978.0,0.018904475026799,0.0300601240884526,0.0491555567119326,0.0545877288314743,174.8770243586326,161.44675087442204,0.0578857981713218,0.1094367620236214,0.0848309683089133,0.1541486023678407
segformer,mitb0,plc-50,Qaf,10183.0,0.0,10.0,0.0,0.0,0.0,10183.0,100653113.0,0.0,0.0,0.0,0.0,,,0.0,0.0,0.0,0.0,10275.0,0.0,6.0,0.0,0.0,0.0,10275.0,100653021.0,0.0,0.0,0.0,0.0,,,0.0,0.0,0.0,0.0
segformer,mitb0,plc-50,Qal,8361713.0,6266741.0,947.0,1056.0,4549819.0,1716922.0,3811894.0,90584661.0,0.2020968355096099,0.2722432469732792,0.4244354440780688,0.2760738509075588,114.61372977308928,104.2286245195816,0.4514320639650111,0.6220505598199235,0.7260263349003893,0.5441252288855166,9921617.0,4938432.0,842.0,1053.0,3616483.0,1321949.0,6305134.0,89419730.0,0.1602508203646869,0.2243529614592644,0.4178690540567786,0.1977962381225598,129.72098903272345,116.47388682557248,0.3216491102555897,0.4867390410354636,0.7323140219405674,0.3645054026979675
segformer,mitb0,plc-50,Qat,388848.0,19037.0,61.0,17.0,2828.0,16209.0,386020.0,100258239.0,0.0048515786727269,0.0082091875871022,0.0190660381317138,0.0053833621740341,137.17864481608072,130.8926010131836,0.0069817334350474,0.0138666535910857,0.1485528181961443,0.0072727646792577,1101870.0,1946.0,77.0,7.0,980.0,966.0,1100890.0,99560460.0,0.0004779002823245,0.000943993206303,0.0408714661040367,0.0004806568075974,206.34695688883463,197.3442611694336,0.0008886180719526,0.0017756582618842,0.5035971223021583,0.0008893971158122
segformer,mitb0,plc-50,Qc,16237424.0,13280016.0,748.0,574.0,9226832.0,4053184.0,7010592.0,80372688.0,0.2540806556969851,0.3124720003203644,0.3768738638498558,0.338798322649848,117.61340638892403,102.25093425758952,0.4547341311802978,0.6251783352485852,0.6947907291677962,0.5682448151874336,9341265.0,2588747.0,453.0,202.0,998223.0,1590524.0,8343042.0,89731507.0,0.049926843092864,0.0722512630690515,0.1243521510106966,0.0892748277797352,156.6851979232416,139.16753320771505,0.0913137822180797,0.1673465206908425,0.3856008331443745,0.1068616509648318
segformer,mitb0,plc-50,Qca,7202703.0,3391945.0,431.0,248.0,1785856.0,1606089.0,5416847.0,91854504.0,0.1061465747984717,0.1475384876320881,0.2362328229925525,0.1573623233517198,147.27000452867196,131.75721294725713,0.2027356304928076,0.337124178169959,0.5264991030220124,0.2479424738185095,3590038.0,419409.0,248.0,52.0,127716.0,291693.0,3462322.0,96781565.0,0.0124311025477201,0.0190428932493138,0.0401814534356269,0.0189510350814731,158.55936976841517,147.79415675571985,0.0329018162258023,0.063707538720427,0.3045142092802014,0.0355751109041185
segformer,mitb0,plc-50,Qr,62099929.0,77169219.0,1433.0,1497.0,59107625.0,18061594.0,2992304.0,20501773.0,0.665090693341563,0.7350925138267859,0.7114551371563934,0.8559752117473378,89.24438962757672,72.41667352277453,0.7373565619505508,0.8488258289624921,0.7659482079247167,0.9518146953114874,75325588.0,92522833.0,1511.0,1536.0,73199169.0,19323664.0,2126419.0,6014044.0,0.7557450036929367,0.8172292980691509,0.7792410165681455,0.9502319157363672,79.61038987672858,62.69137220411093,0.773372926391431,0.8722056312939638,0.7911470782568882,0.9717702967018326
segformer,mitb0,plc-50,af1,6362496.0,536338.0,570.0,38.0,312700.0,223638.0,6049796.0,94077162.0,0.0096812453565031,0.0130368389937412,0.0290493371414727,0.01380767228974,158.24209921700614,140.8846925326756,0.0474785359666232,0.0906530002026429,0.5830278667556653,0.0491473786388235,1372643.0,191929.0,432.0,33.0,3828.0,188101.0,1368815.0,99102552.0,0.000441548256224,0.0008307651557011,0.0008131797542635,0.0035475963196217,229.01600138346356,219.3948974609375,0.0024526764158632,0.0048933510250726,0.0199448754487336,0.0027887804767882
segformer,mitb0,plc-5,Qaf,10183.0,0.0,10.0,0.0,0.0,0.0,10183.0,100653113.0,0.0,0.0,0.0,0.0,,,0.0,0.0,0.0,0.0,10275.0,0.0,6.0,0.0,0.0,0.0,10275.0,100653021.0,0.0,0.0,0.0,0.0,,,0.0,0.0,0.0,0.0
segformer,mitb0,plc-5,Qal,8361713.0,8766392.0,947.0,1055.0,6157800.0,2608592.0,2203913.0,89692991.0,0.2865130726432751,0.3587544458465119,0.4353936764940789,0.3778379902988528,103.74833874028138,92.10662948182134,0.5613152961563056,0.7190287542025227,0.7024326541637654,0.7364280500897364,9921617.0,10697850.0,842.0,1248.0,6804745.0,3893105.0,3116872.0,86848574.0,0.2427989980696513,0.306185509104874,0.3650792369063868,0.3210900232942465,125.67489518531808,110.24667143353004,0.4925719822664546,0.6600311249558488,0.636085288165379,0.6858504011997238
segformer,mitb0,plc-5,Qat,388848.0,139444.0,61.0,71.0,48931.0,90513.0,339917.0,100183935.0,0.0287390970238696,0.0440136304474435,0.1320352607152679,0.0335077268277845,118.39217203313656,109.13302473588423,0.1020754713045074,0.1852422523907233,0.3509007200022948,0.1258358021643418,1101870.0,344819.0,77.0,105.0,63568.0,281251.0,1038302.0,99280175.0,0.0195482505486988,0.0316381255373975,0.1008920718292781,0.0263172576756128,154.54609455781824,146.00966307696174,0.0459598256407067,0.0878806709666002,0.1843517903595799,0.0576910161815822
segformer,mitb0,plc-5,Qc,16237424.0,16968159.0,748.0,761.0,13130334.0,3837825.0,3107090.0,80588047.0,0.3820498675099293,0.4521282847651534,0.5033274591045208,0.4851993881810399,101.43131533159703,85.47816360341774,0.6540558475762867,0.7908509843058621,0.7738219567603062,0.8086463714934093,9341265.0,9274812.0,453.0,649.0,5105920.0,4168892.0,4235345.0,87153139.0,0.1786373198060541,0.237240111527037,0.3105636027601643,0.2699510865663777,131.60533161602362,115.25513352884356,0.3779319514939759,0.54854951448686,0.5505146627230827,0.5465983461554725
segformer,mitb0,plc-5,Qca,7202703.0,5896962.0,431.0,426.0,3294196.0,2602766.0,3908507.0,90857827.0,0.1960303037314904,0.2604235625618329,0.3589386778368051,0.2816249056817664,127.36980179291736,113.34298534031156,0.3359549655401491,0.5029435485563943,0.5586259501078691,0.4573555233361697,3590038.0,4533968.0,248.0,383.0,1128144.0,3405824.0,2461894.0,93667434.0,0.0776437706575674,0.1127672212026625,0.1642256517952454,0.1355604814988621,153.62765029907226,137.77622207641602,0.1612587555329136,0.2777309617939721,0.2488204592533515,0.3142429133062101
segformer,mitb0,plc-5,Qr,62099929.0,64073373.0,1433.0,1471.0,55804440.0,8268933.0,6295489.0,30294434.0,0.6867342605744876,0.7559386910039466,0.7870150043605827,0.7866140516670809,80.15772533977133,63.57286950054332,0.7930274614928404,0.8845681156858366,0.8709458763783202,0.898623249633667,75325588.0,74970846.0,1511.0,1531.0,65949073.0,9021773.0,9376515.0,16315935.0,0.7307181456870564,0.8027496974503525,0.8437452056220395,0.8350689157171318,83.51339830517453,65.13923971090139,0.7818747642857493,0.8775866631672712,0.8796629159020027,0.8755201884384892
segformer,mitb0,plc-5,af1,6362496.0,4818966.0,570.0,452.0,3523146.0,1295820.0,2839350.0,93004980.0,0.1629629602831223,0.2052756254231956,0.3078949206364008,0.2086780841789108,120.05748529315736,107.87681673180242,0.4600418682122806,0.6301762685416272,0.7310999911599293,0.5537364581447282,1372643.0,841001.0,432.0,350.0,278147.0,562854.0,1094496.0,98727799.0,0.0508807196644583,0.073506473923353,0.1724844978077179,0.0693611887986678,152.05378043193085,142.0007076882399,0.1437083085119739,0.2513023774373837,0.3307332571542721,0.2026360823608178
segformer,mitb0,prc-100,Qaf,10183.0,0.0,10.0,0.0,0.0,0.0,10183.0,100653113.0,0.0,0.0,0.0,0.0,,,0.0,0.0,0.0,0.0,10275.0,0.0,6.0,0.0,0.0,0.0,10275.0,100653021.0,0.0,0.0,0.0,0.0,,,0.0,0.0,0.0,0.0
segformer,mitb0,prc-100,Qal,8361713.0,6848617.0,947.0,679.0,4900474.0,1948143.0,3461239.0,90353440.0,0.1953164164561969,0.2510729558065627,0.3494874000660314,0.2654613864962495,111.90047984015048,100.797996949567,0.4753193449064662,0.6443612991960069,0.7155421306228689,0.5860610140529817,9921617.0,6381311.0,842.0,776.0,4121768.0,2259543.0,5799849.0,88482136.0,0.1564855322249824,0.2062036293731295,0.3228201970609488,0.1945375798145809,128.35925775800433,115.63182828721546,0.3383723717609817,0.505647574472512,0.6459124151761292,0.4154330891829426
segformer,mitb0,prc-100,Qat,388848.0,133261.0,61.0,40.0,21645.0,111616.0,367203.0,100162832.0,0.0186992059575348,0.0297560001859759,0.0661092849402892,0.0275943224238822,157.2550203423751,151.8221959565815,0.0432498641260909,0.0829137210812301,0.1624256158966239,0.0556644241451672,1101870.0,50310.0,77.0,18.0,18568.0,31742.0,1083302.0,99529684.0,0.0077978012410716,0.0109174633139951,0.0234906997945573,0.0080906841981535,158.2589088439941,153.36465301513672,0.0163795019812775,0.0322310750056414,0.3690717551182667,0.0168513527004093
segformer,mitb0,prc-100,Qc,16237424.0,17480475.0,748.0,739.0,13357374.0,4123101.0,2880050.0,80302771.0,0.4412587902763387,0.5282251967363693,0.5536829884469591,0.5690193302502287,91.61331709574642,77.62917196588329,0.6560427100971119,0.7923016792950237,0.764131066232468,0.8226288849758434,9341265.0,10622929.0,453.0,469.0,6682572.0,3940357.0,2658693.0,87381674.0,0.2887687468985581,0.3712585778938945,0.3908824339209166,0.4298524666214907,113.51703483179996,98.04430127394826,0.5031442695779175,0.6694557265873092,0.6290705698964947,0.7153819102659008
segformer,mitb0,prc-100,Qca,7202703.0,6684411.0,431.0,380.0,4098160.0,2586251.0,3104543.0,90874342.0,0.2663531330510182,0.3439497452410746,0.4097933277044808,0.3851090269986676,116.31302478694616,102.983743565957,0.418651471852866,0.5902104641756379,0.6130921632437024,0.5689752860835717,3590038.0,4886075.0,248.0,321.0,1549616.0,3336459.0,2040422.0,93736799.0,0.1225872992864483,0.1741081790339395,0.2131874109545795,0.2287327768338554,145.56555888963783,130.1873892079229,0.2237229006235042,0.365643072479095,0.3171494502233388,0.4316433419367705
segformer,mitb0,prc-100,Qr,62099929.0,68696406.0,1433.0,1464.0,57580100.0,11116306.0,4519829.0,27447061.0,0.6933852167418108,0.7620335804611772,0.7722517984596317,0.8192424892578593,79.98803699593117,66.0744951118107,0.7864389639811443,0.8804543338312958,0.8381821313912696,0.9272168411013804,75325588.0,78026580.0,1511.0,1517.0,68247201.0,9779379.0,7078387.0,15558329.0,0.7388533752531059,0.8060659926626181,0.8365338834614479,0.8465011525654791,78.2231583099633,63.05268163859525,0.8019179538604368,0.8900715508632392,0.8746660561054963,0.9060294491162816
segformer,mitb0,prc-100,af1,6362496.0,820126.0,570.0,54.0,262574.0,557552.0,6099922.0,93743248.0,0.0073766367857247,0.0091144959836003,0.0164914524438634,0.0092526594373755,160.4969248453776,150.31257921854657,0.0379439564581054,0.0731136902373534,0.3201629993440032,0.0412690239805258,1372643.0,696091.0,432.0,51.0,10225.0,685866.0,1362418.0,98604787.0,0.0004739317163549,0.0008900529096351,0.0007443932249451,0.0046355318676964,169.02156339372908,159.4312368120466,0.004967187415746,0.0098852728286961,0.0146891713870743,0.0074491328043781
segformer,mitb0,prc-10,Qaf,10183.0,0.0,10.0,0.0,0.0,0.0,10183.0,100653113.0,0.0,0.0,0.0,0.0,,,0.0,0.0,0.0,0.0,10275.0,0.0,6.0,0.0,0.0,0.0,10275.0,100653021.0,0.0,0.0,0.0,0.0,,,0.0,0.0,0.0,0.0
segformer,mitb0,prc-10,Qal,8361713.0,7049556.0,947.0,949.0,5393497.0,1656059.0,2968216.0,90645524.0,0.2736103154286231,0.344365416512114,0.4409024890530437,0.3519081050355504,110.6586715187435,96.56697941518397,0.5383928681946445,0.6999419710343127,0.7650832194254503,0.6450229755553677,9921617.0,9290583.0,842.0,1170.0,6416903.0,2873680.0,3504714.0,87867999.0,0.255074792731541,0.3193946926410479,0.3946346306051466,0.326245942867581,121.18915890080856,107.43844935771828,0.5015048107128737,0.6680029356346489,0.6906889481531998,0.6467597973193281
segformer,mitb0,prc-10,Qat,388848.0,308594.0,61.0,67.0,78635.0,229959.0,310213.0,100044489.0,0.0367461990456961,0.056086958424809,0.1109162332756178,0.0606383398421929,150.25923422108525,136.37137106190556,0.1270751623688807,0.2254954533853711,0.254817008755841,0.2022255482862198,1101870.0,1147613.0,77.0,144.0,277149.0,870464.0,824721.0,98690962.0,0.0499007272197761,0.066737363654344,0.088422671229475,0.0674186198428894,156.00480465772677,143.2210204426835,0.1405182894986346,0.246411286504499,0.2415004012676747,0.2515260420920798
segformer,mitb0,prc-10,Qc,16237424.0,15995437.0,748.0,771.0,13465362.0,2530075.0,2772062.0,81895797.0,0.4784799496002995,0.5561544445982263,0.6219231923131625,0.5583596999114548,86.66748414110782,71.42928878940754,0.7174830274401507,0.8355052317571189,0.8418252030250877,0.8292794472817856,9341265.0,9057663.0,453.0,557.0,6380226.0,2677437.0,2961039.0,88644594.0,0.2951022561732834,0.3761665644542397,0.4493642526290176,0.3941861045361221,105.56319552571902,87.56157223696779,0.5308581575614405,0.6935432325187642,0.7044009034118404,0.6830152019025261
segformer,mitb0,prc-10,Qca,7202703.0,5172086.0,431.0,398.0,3159755.0,2012331.0,4042948.0,91448262.0,0.2085512751023657,0.2780392248586736,0.3737857104529212,0.2842610073049059,118.21943009313348,104.51475829957788,0.3428913013234677,0.5106761820342957,0.610924683000244,0.4386901695099742,3590038.0,2407578.0,248.0,271.0,831828.0,1575750.0,2758210.0,95497508.0,0.0809650527277494,0.1188786515997573,0.2192069519200563,0.1135525438720385,151.80092671874223,135.89709394904455,0.1610263526106762,0.2773862147893429,0.3455040708961454,0.2317045112057309
segformer,mitb0,prc-10,Qr,62099929.0,65075725.0,1433.0,1472.0,57339459.0,7736266.0,4760470.0,30827101.0,0.7221793117752496,0.7827034516265532,0.8028581955038643,0.8174053130807796,74.35481610084496,57.80216150144764,0.8210564593331581,0.9017364125369468,0.8811190194192996,0.923341780310248,75325588.0,77286451.0,1511.0,1534.0,69169766.0,8116685.0,6155822.0,17221023.0,0.774107161706373,0.836195427882861,0.8546353873116459,0.8705297477563363,74.49153513431233,57.02710592707235,0.8289535209569375,0.9064784987244684,0.8949791988766569,0.9182771464060792
segformer,mitb0,prc-10,af1,6362496.0,7061898.0,570.0,554.0,4448668.0,2613230.0,1913828.0,91687570.0,0.1925050455911651,0.2439331536207864,0.3017186808319526,0.2792157478579709,124.34071351595574,111.25106521177042,0.4956332223153871,0.6627737535117041,0.6299535903803765,0.6992016969440924,1372643.0,1473408.0,432.0,469.0,508767.0,964641.0,863876.0,98326012.0,0.0854007259607692,0.1222621460766502,0.1916995745750838,0.1436574118305942,135.16101467426006,124.50583000366504,0.21767444606646,0.3575248651552625,0.3452994689861871,0.3706477212210312
segformer,mitb0,prc-200,Qaf,10183.0,0.0,10.0,0.0,0.0,0.0,10183.0,100653113.0,0.0,0.0,0.0,0.0,,,0.0,0.0,0.0,0.0,10275.0,0.0,6.0,0.0,0.0,0.0,10275.0,100653021.0,0.0,0.0,0.0,0.0,,,0.0,0.0,0.0,0.0
segformer,mitb0,prc-200,Qal,8361713.0,5954450.0,947.0,429.0,3515353.0,2439097.0,4846360.0,89862486.0,0.1187068632904416,0.1589835940184698,0.2035218599183937,0.183285120110382,119.05971349063805,107.16338189525952,0.3254712378053127,0.4911026788392951,0.5903740899663277,0.4204106263872008,9921617.0,5359167.0,842.0,402.0,2279477.0,3079690.0,7642140.0,87661989.0,0.0819673979740544,0.1135731115623222,0.1661974717476901,0.1311323339733331,138.0246898252956,125.00934031836512,0.1753267575329157,0.2983455560918864,0.4253416622396727,0.2297485379651321
segformer,mitb0,prc-200,Qat,388848.0,56.0,61.0,1.0,0.0,56.0,388848.0,100274392.0,0.0,0.0,0.0,0.0,,,0.0,0.0,0.0,0.0,1101870.0,0.0,77.0,0.0,0.0,0.0,1101870.0,99561426.0,0.0,0.0,0.0,0.0,,,0.0,0.0,0.0,0.0
segformer,mitb0,prc-200,Qc,16237424.0,16849945.0,748.0,579.0,11448791.0,5401154.0,4788633.0,79024718.0,0.3422538659589099,0.4253227107561133,0.4386802747560715,0.4843688842327984,108.91319604313702,94.19063750582004,0.5290916528803326,0.692033929926553,0.679455689617978,0.7050866566026729,9341265.0,8750859.0,453.0,342.0,4822954.0,3927905.0,4518311.0,87394126.0,0.2067869593483118,0.2760546818547177,0.3062052788428229,0.3360120075216371,131.52152798626875,115.53841606346336,0.363470661691726,0.5331550900270194,0.5511406365935047,0.5163063032683475
segformer,mitb0,prc-200,Qca,7202703.0,5137102.0,431.0,344.0,2813313.0,2323789.0,4389390.0,91136804.0,0.173827943613581,0.2377184278030075,0.3365916154845947,0.2604829327558164,125.55557906287056,111.94910476548333,0.2953146866653538,0.4559736559856497,0.5476459295532773,0.390591282189478,3590038.0,3010169.0,248.0,224.0,898068.0,2112101.0,2691970.0,94961157.0,0.0966513158491812,0.1465273722550629,0.2070443080983663,0.1777215763600273,150.54601424595094,136.19786816722942,0.157496686769649,0.2721332830924848,0.2983447108783593,0.2501555693839452
segformer,mitb0,prc-200,Qr,62099929.0,72721743.0,1433.0,1460.0,58220044.0,14501699.0,3879885.0,24061668.0,0.6614506525924017,0.7313191125504869,0.718348461100869,0.817785728848681,86.05185434540084,72.7750714706709,0.760036640474534,0.8636600204750464,0.8005864765920145,0.9375219092440508,75325588.0,83543101.0,1511.0,1509.0,69809389.0,13733712.0,5516199.0,11603996.0,0.7296536677589422,0.795233412864494,0.7934409497041621,0.873693616655264,81.3494304540564,67.62422202582343,0.783852882293034,0.8788313095477234,0.8356092623375329,0.9267685902431988
segformer,mitb0,prc-200,af1,6362496.0,0.0,570.0,0.0,0.0,0.0,6362496.0,94300800.0,0.0,0.0,0.0,0.0,,,0.0,0.0,0.0,0.0,1372643.0,0.0,432.0,0.0,0.0,0.0,1372643.0,99290653.0,0.0,0.0,0.0,0.0,,,0.0,0.0,0.0,0.0
segformer,mitb0,prc-20,Qaf,10183.0,0.0,10.0,0.0,0.0,0.0,10183.0,100653113.0,0.0,0.0,0.0,0.0,,,0.0,0.0,0.0,0.0,10275.0,0.0,6.0,0.0,0.0,0.0,10275.0,100653021.0,0.0,0.0,0.0,0.0,,,0.0,0.0,0.0,0.0
segformer,mitb0,prc-20,Qal,8361713.0,6788240.0,947.0,874.0,5713311.0,1074929.0,2648402.0,91226654.0,0.3040910740707147,0.3752862617286983,0.521737862977112,0.3544864765962184,99.33001555184848,86.5902354075609,0.6054389898440569,0.7542348151179082,0.8416483506770532,0.6832704016509535,9921617.0,8593436.0,842.0,1054.0,6565877.0,2027559.0,3355740.0,88714120.0,0.275025759616415,0.3399359107769061,0.4561112492764889,0.3227798594362066,116.22341078137636,102.5659299518044,0.549483663141291,0.7092474431480158,0.764057240898751,0.6617748901212372
segformer,mitb0,prc-20,Qat,388848.0,255589.0,61.0,75.0,68871.0,186718.0,319977.0,100087730.0,0.0426924044914219,0.0591228523332139,0.1108210447041884,0.0501381120199094,131.67484683082216,124.25359362647649,0.1196578672124482,0.2137400552730523,0.2694599532843745,0.1771154795704234,1101870.0,408115.0,77.0,98.0,43261.0,364854.0,1058609.0,99196572.0,0.0168178573045511,0.0259375368692225,0.0695790059061868,0.0192265686453442,182.52245811794117,174.18138636713442,0.0294949833779224,0.057299906952718,0.1060019847346948,0.0392614373746449
segformer,mitb0,prc-20,Qc,16237424.0,15674319.0,748.0,763.0,13673608.0,2000711.0,2563816.0,82425161.0,0.516277423071181,0.5940992329989255,0.6607819342248638,0.5932121899963617,79.28852575813679,64.2974296746247,0.7497262192652921,0.8569640335847528,0.8723573891790769,0.8421045111589129,9341265.0,8959733.0,453.0,521.0,6843658.0,2116075.0,2497607.0,89205956.0,0.3477908960190256,0.4304269711402329,0.5185224860973764,0.4343250245826687,95.69854750680686,78.54015490190307,0.5973164800904922,0.7478999779137728,0.7638238773409878,0.7326264697554347
segformer,mitb0,prc-20,Qca,7202703.0,6212772.0,431.0,418.0,3722857.0,2489915.0,3479846.0,90970678.0,0.2412572693288534,0.3130655652558829,0.381597621123049,0.3450992783414405,120.27317513198388,104.6745653966578,0.3840919966102037,0.5550093455505676,0.5992264000674739,0.5168694308234006,3590038.0,2850122.0,248.0,269.0,1295233.0,1554889.0,2294805.0,95518369.0,0.1350017107640319,0.1878515589315683,0.274059258356423,0.1873629014048475,143.13247712453207,128.25530537791636,0.2517495389147406,0.402236279843979,0.454448265723362,0.3607853175927386
segformer,mitb0,prc-20,Qr,62099929.0,66658023.0,1433.0,1484.0,58172439.0,8485584.0,3927490.0,30077783.0,0.7358035523099058,0.7938950542714318,0.797040378269801,0.8438351169125452,72.39582936981428,56.84280984847156,0.8241413361974149,0.9035937291080864,0.8726997348841264,0.93675532221623,75325588.0,78908134.0,1511.0,1535.0,70804496.0,8103638.0,4521092.0,17234070.0,0.7999746522458997,0.8573427081883563,0.8608199815021296,0.9003413273494825,69.32969650064061,53.3322056256565,0.8486773687676307,0.918145462378195,0.897302881348075,0.9399793334504072
segformer,mitb0,prc-20,af1,6362496.0,5074353.0,570.0,325.0,3416000.0,1658353.0,2946496.0,92642447.0,0.1490495891515036,0.1855340277002599,0.2626530498042566,0.1895276714125601,127.56737773649154,116.16107932982906,0.4258900772224985,0.5973673343068532,0.673189271617485,0.5368962118011548,1372643.0,943756.0,432.0,176.0,299998.0,643758.0,1072645.0,98646895.0,0.0403930433415807,0.0576448655910789,0.0986302796676755,0.0627022676961496,146.6470467779371,136.07150529932093,0.1487789383163368,0.2590210063119523,0.3178766545590173,0.2185550066550443
segformer,mitb0,prc-50,Qaf,10183.0,0.0,10.0,0.0,0.0,0.0,10183.0,100653113.0,0.0,0.0,0.0,0.0,,,0.0,0.0,0.0,0.0,10275.0,0.0,6.0,0.0,0.0,0.0,10275.0,100653021.0,0.0,0.0,0.0,0.0,,,0.0,0.0,0.0,0.0
segformer,mitb0,prc-50,Qal,8361713.0,8173094.0,947.0,974.0,5996780.0,2176314.0,2364933.0,90125269.0,0.2847896936489717,0.3588639931293524,0.4448192680871997,0.3727773366202025,102.1104852240006,92.09089708787924,0.5690609826678181,0.725352282612068,0.7337221375405691,0.717171230344787,9921617.0,9962496.0,842.0,1106.0,6560524.0,3401972.0,3361093.0,87339707.0,0.2390296600506812,0.3006304437110332,0.372076843432627,0.3135150251447426,124.5572231901453,111.0299486511988,0.4923991576143635,0.6598759522237678,0.6585221213639634,0.6612353611311543
segformer,mitb0,prc-50,Qat,388848.0,121851.0,61.0,31.0,25794.0,96057.0,363054.0,100178391.0,0.0218547569678687,0.0342004549485154,0.0726562636654551,0.0283320734459089,145.66140365600583,135.995276260376,0.0531939245831657,0.1010144919022751,0.2116847625378536,0.0663344031601037,1101870.0,63656.0,77.0,35.0,15368.0,48288.0,1086502.0,99513138.0,0.0083859944413416,0.0129385186824947,0.0445190574973821,0.0089434375986456,169.46091906229654,161.12918376922607,0.0133616424873799,0.0263709260883069,0.241422646726153,0.0139471988528592
segformer,mitb0,prc-50,Qc,16237424.0,15040112.0,748.0,675.0,13138194.0,1901918.0,3099230.0,82523954.0,0.4953734974758011,0.5737499920555154,0.6503362768925307,0.5663038364212928,78.24763352519426,63.6592185535492,0.7242927554924539,0.8401041565422545,0.873543627866601,0.8091304384242229,9341265.0,8149420.0,453.0,421.0,6320098.0,1829322.0,3021167.0,89492709.0,0.3201759688360664,0.3937106892368175,0.4926220655884938,0.4034943757342709,97.82109299397123,80.69868030824523,0.5657802942674365,0.722681587370649,0.7755273381418555,0.6765783863320439
segformer,mitb0,prc-50,Qca,7202703.0,7557730.0,431.0,419.0,4663179.0,2894551.0,2539524.0,90566042.0,0.2871109399919679,0.36487464189248,0.4107850808564892,0.4277124754064391,111.38734682540448,98.1328728240833,0.461826453013859,0.6318485372346462,0.6170078846426109,0.6474206974798211,3590038.0,4068680.0,248.0,283.0,1607400.0,2461280.0,1982638.0,94611978.0,0.1586808779289502,0.2180836802462186,0.2884376604758116,0.2365209856596489,138.8505324711875,125.07604704962836,0.2656280830060493,0.4197569358213737,0.3950667046806335,0.447738993291993
segformer,mitb0,prc-50,Qr,62099929.0,67084390.0,1433.0,1459.0,57715270.0,9369120.0,4384659.0,29194247.0,0.7168931167244178,0.7794691804749488,0.791618331002423,0.8329020039249233,75.12101691430242,60.3395579431368,0.807556149236014,0.8935336803532633,0.8603382992675345,0.9293934941535924,75325588.0,76444386.0,1511.0,1517.0,68777263.0,7667123.0,6548325.0,17670585.0,0.7762936111972351,0.8390665951341724,0.864967843545165,0.8687580667640841,74.53624757703146,57.92779266389211,0.8287144999998856,0.9063355706972712,0.8997032561684778,0.9130663938527768
segformer,mitb0,prc-50,af1,6362496.0,2686119.0,570.0,152.0,1416662.0,1269457.0,4945834.0,93031343.0,0.0400845531790284,0.0508641131991986,0.0847718580100918,0.060395248885639,160.27321432054657,147.36561210868285,0.1856224743522398,0.3131223949742585,0.5274010570641137,0.2226582146377773,1372643.0,1974658.0,432.0,123.0,84281.0,1890377.0,1288362.0,97400276.0,0.0051177771413332,0.0086902290584917,0.0100117587212877,0.025301449307358,180.14346733093262,164.9439082145691,0.025829139876556,0.0503575866048497,0.0426813149416253,0.0614005243898085
segformer,mitb0,prc-5,Qaf,10183.0,0.0,10.0,0.0,0.0,0.0,10183.0,100653113.0,0.0,0.0,0.0,0.0,,,0.0,0.0,0.0,0.0,10275.0,0.0,6.0,0.0,0.0,0.0,10275.0,100653021.0,0.0,0.0,0.0,0.0,,,0.0,0.0,0.0,0.0
segformer,mitb0,prc-5,Qal,8361713.0,7414841.0,947.0,1065.0,5387297.0,2027544.0,2974416.0,90274039.0,0.2629241966456731,0.3340994166420954,0.4232376373997948,0.343397736636377,112.95612276241984,98.44603896648326,0.5185449739091063,0.6829497747099905,0.7265559706539898,0.6442815006925017,9921617.0,9495760.0,842.0,1236.0,6124266.0,3371494.0,3797351.0,87370185.0,0.2349426486792417,0.3004915927472498,0.3653800507026371,0.3141973296490137,123.9349778497342,107.77094633861915,0.4607097616201354,0.6308026053158468,0.6449474291683868,0.6172649075246505
segformer,mitb0,prc-5,Qat,388848.0,357259.0,61.0,71.0,77950.0,279309.0,310898.0,99995139.0,0.0440484721006618,0.0617325351211345,0.1023316154325449,0.0653240159541989,134.08045276006064,122.1728212038676,0.116664197187188,0.2089512630225959,0.2181890449225911,0.2004639344936839,1101870.0,423090.0,77.0,102.0,71024.0,352066.0,1030846.0,99209360.0,0.0234423893878727,0.0359020591835079,0.082012087259158,0.0371022166391717,167.6023442586263,155.73495966593424,0.0488494679270614,0.0931486727520721,0.1678697203904606,0.0644576946463739
segformer,mitb0,prc-5,Qc,16237424.0,15499979.0,748.0,745.0,13278642.0,2221337.0,2958782.0,82204535.0,0.4669934440024096,0.5429141947551585,0.6243538864424251,0.5363693154909529,86.19657647975383,70.19981826156194,0.7193680009183715,0.8367818879194369,0.8566877413188754,0.8177800862994031,9341265.0,11071345.0,453.0,624.0,7036926.0,4034419.0,2304339.0,87287612.0,0.2934714989952466,0.3720253252052811,0.3862245220636973,0.4227597037235559,107.65884991672552,88.83815147052302,0.5260984036405166,0.6894685197042416,0.6355981138696337,0.7533161729166232
segformer,mitb0,prc-5,Qca,7202703.0,6133201.0,431.0,446.0,3554928.0,2578273.0,3647775.0,90882320.0,0.212881835974444,0.2821747389375393,0.3596960311484893,0.3030345178453866,120.28719905517022,105.76409362804564,0.3634532995480206,0.5331364112999014,0.5796203320256421,0.4935547113354528,3590038.0,4903477.0,248.0,457.0,1292261.0,3611216.0,2297777.0,93462042.0,0.0885624734642133,0.1272372237455805,0.1944774769059215,0.1291753918825715,143.10119012407782,128.45279343772273,0.1794494403335863,0.3042935698588864,0.2635397290534859,0.3599574712022547
segformer,mitb0,prc-5,Qr,62099929.0,66160951.0,1433.0,1468.0,57918152.0,8242799.0,4181777.0,30320568.0,0.7213232243581826,0.7804510335825509,0.7918999729301563,0.8210313509674807,75.28931315830776,58.339748758673664,0.8233708536296744,0.9031304322876936,0.8754129305063949,0.9326605188228154,75325588.0,73748700.0,1511.0,1529.0,66630181.0,7118519.0,8695407.0,18219189.0,0.7450709519199942,0.8111741190999359,0.8548623424618048,0.8318870230960632,80.05237509976043,61.73893887993504,0.8081860963088605,0.8939191579435884,0.9034760070347004,0.8845623747404401
segformer,mitb0,prc-5,af1,6362496.0,5097065.0,570.0,545.0,3826800.0,1270265.0,2535696.0,93030535.0,0.1940431064444983,0.2434118991437349,0.3443636954362903,0.2418876183812021,119.29487492285276,104.44762528883784,0.5013651023528707,0.6678789876854794,0.7507850105894275,0.6014620677168205,1372643.0,1020924.0,432.0,481.0,481825.0,539099.0,890818.0,98751554.0,0.1060724212755166,0.1483308138648485,0.2772775181433054,0.1455949258076658,122.82051690314944,112.22390184590692,0.252034531856286,0.4025999690002411,0.471949919876504,0.3510198937378473
segformer,mitb0,rgb,Qaf,10183.0,0.0,10.0,0.0,0.0,0.0,10183.0,100653113.0,0.0,0.0,0.0,0.0,,,0.0,0.0,0.0,0.0,10275.0,0.0,6.0,0.0,0.0,0.0,10275.0,100653021.0,0.0,0.0,0.0,0.0,,,0.0,0.0,0.0,0.0
segformer,mitb0,rgb,Qal,8361713.0,4056559.0,947.0,304.0,2680160.0,1376399.0,5681553.0,90925184.0,0.0798853816995096,0.101749351360878,0.1568412800704349,0.1026506577939035,144.23113575053125,130.31220257505495,0.2752237805439083,0.4316478170231736,0.6606978969121367,0.3205276239449979,9921617.0,5162381.0,842.0,318.0,1301551.0,3860830.0,8620066.0,86880849.0,0.0378701715078322,0.0546762150392711,0.0710079097317656,0.0740462406274729,161.67636562622698,148.22116665004455,0.0944354075876366,0.1725737433802364,0.2521222280959115,0.1311833544874792
segformer,mitb0,rgb,Qat,388848.0,7148.0,61.0,3.0,26.0,7122.0,388822.0,100267326.0,1.9301981439872586e-05,3.8557817348308064e-05,6.040836113595161e-05,2.8315653663969356e-05,211.73136138916016,199.01849365234372,6.566154001565775e-05,0.0001313144577217,0.0036373810856183,6.686417314734806e-05,1101870.0,4815143.0,77.0,245.0,350525.0,4464618.0,751345.0,95096808.0,0.0334089614492332,0.0454929795749092,0.0563148544301134,0.0622874442182569,161.82384370502672,149.6970254998458,0.0629705839660482,0.1184803886690801,0.0727963842403019,0.318118289816403
segformer,mitb0,rgb,Qc,16237424.0,19040186.0,748.0,778.0,13101801.0,5938385.0,3135623.0,78487487.0,0.3528936810970687,0.425674264636711,0.4474769872955156,0.4875200747450983,103.78981949202118,88.44529000202559,0.590815018293132,0.7427828018961602,0.6881130783071132,0.8068891346312075,9341265.0,538887.0,453.0,138.0,58420.0,480467.0,9282845.0,90841564.0,0.0048920167097292,0.0082823816714384,0.0200904677381252,0.0127381570787507,186.2374976553568,170.33295459282107,0.0059480344199984,0.0118257289968818,0.1084086274116837,0.0062539709557538
segformer,mitb0,rgb,Qca,7202703.0,3508010.0,431.0,322.0,1473269.0,2034741.0,5729434.0,91425852.0,0.0848845789276513,0.1215536785693812,0.2266631558544525,0.1337707844983816,147.2239763566426,131.78142257247652,0.1594888153043201,0.2751019469945651,0.4199728621070065,0.2045439052533472,3590038.0,4634.0,248.0,15.0,0.0,4634.0,3590038.0,97068624.0,0.0,0.0,0.0,0.0,,,0.0,0.0,0.0,0.0
segformer,mitb0,rgb,Qr,62099929.0,69595269.0,1433.0,1464.0,56375843.0,13219426.0,5724086.0,25343941.0,0.6392900772776352,0.7050259723777101,0.7159153132622207,0.7726116421016477,92.4574477453656,76.99034540032383,0.7484907830132109,0.8561563953151883,0.8100528068941008,0.9078245967076708,75325588.0,75946417.0,1511.0,1519.0,59950606.0,15995811.0,15374982.0,9341897.0,0.6164609225872927,0.6954796365405648,0.7624656483790373,0.763620237835431,96.56887351119,80.3660464344216,0.656479277107877,0.7926199695707081,0.7893803074343849,0.7958863328089786
segformer,mitb0,rgb,af1,6362496.0,4456124.0,570.0,336.0,3503905.0,952219.0,2858591.0,93348581.0,0.1701771655169743,0.2101852498222717,0.3189605869317673,0.2060152916417094,109.28290781268367,97.84018481925682,0.4790213972793198,0.6477545195228227,0.7863122749725995,0.5507123305067697,1372643.0,14195834.0,432.0,839.0,450553.0,13745281.0,922090.0,85545372.0,0.0332116584424482,0.0497538304092303,0.0748384431366571,0.1043426371047599,169.59454468421217,155.53992030305682,0.029802570776252,0.0578801638721629,0.0317383959265795,0.3282375679619537
segformer,mitb0,s-100,Qaf,10183.0,0.0,10.0,0.0,0.0,0.0,10183.0,100653113.0,0.0,0.0,0.0,0.0,,,0.0,0.0,0.0,0.0,10275.0,0.0,6.0,0.0,0.0,0.0,10275.0,100653021.0,0.0,0.0,0.0,0.0,,,0.0,0.0,0.0,0.0
segformer,mitb0,s-100,Qal,8361713.0,6270433.0,947.0,544.0,4333584.0,1936849.0,4028129.0,90364734.0,0.1606737926066684,0.1987706135385917,0.2786799797572303,0.1981004698538606,122.04608236383972,111.38971426194176,0.420795058572255,0.5923374466055765,0.6911139948389529,0.5182650971158661,9921617.0,3815290.0,842.0,393.0,2744564.0,1070726.0,7177053.0,89670953.0,0.1001031568512615,0.1264256705974595,0.1986641318522433,0.1179105545884243,148.88671804525083,135.16355918464015,0.2496796178940195,0.3995898057692317,0.7193592099158911,0.2766246671283521
segformer,mitb0,s-100,Qat,388848.0,254369.0,61.0,49.0,28481.0,225888.0,360367.0,100048560.0,0.0227336298446468,0.0347383633563096,0.0835509642641595,0.0421565724982622,157.05796790122986,148.65590620040894,0.0463304573019963,0.088557982764759,0.111967260161419,0.0732445582849854,1101870.0,46970.0,77.0,14.0,2344.0,44626.0,1099526.0,99516800.0,0.0008874653114212,0.0016436492403348,0.0022064083152347,0.0013096215824286,91.92388153076172,81.61861419677734,0.0020444903427486,0.0040806378607987,0.0499041941664892,0.0021272926933304
segformer,mitb0,s-100,Qc,16237424.0,16737471.0,748.0,684.0,13859575.0,2877896.0,2377849.0,81547976.0,0.4917890582502658,0.5750727644820531,0.6079139343817396,0.60086512111785,73.05551176101157,58.7408071006619,0.7250506400102117,0.8406137456995694,0.8280566998443194,0.8535574977902899,9341265.0,9256973.0,453.0,398.0,6472848.0,2784125.0,2868417.0,88537906.0,0.3198683355450672,0.4058259470795279,0.4455597143298591,0.4482635512108116,98.33324138165872,82.75217665491293,0.5338259635360182,0.6960711009290235,0.6992402376025079,0.6929305613318967
segformer,mitb0,s-100,Qca,7202703.0,7091966.0,431.0,430.0,4496464.0,2595502.0,2706239.0,90865091.0,0.2825521459051471,0.3577832823700202,0.4306390627643711,0.3880418640774328,108.54045355917782,95.7305338024038,0.4589069120313364,0.6291106145934544,0.6340222161245556,0.6242745258273179,3590038.0,3107730.0,248.0,269.0,1228354.0,1879376.0,2361684.0,95193882.0,0.1306809446667941,0.1839537880230767,0.2676486220771257,0.2020489412634724,145.85194031136936,132.19103544266497,0.2245860342625371,0.3667950278361388,0.3952576317762483,0.3421562668695986
segformer,mitb0,s-100,Qr,62099929.0,69712829.0,1433.0,1461.0,57363036.0,12349793.0,4736893.0,26213574.0,0.6743808312529722,0.739204206752899,0.7480986318000507,0.8033880434625992,87.49178173285055,73.03574605357383,0.7704936225282346,0.8703715311077855,0.8228476282321006,0.9237214425800712,75325588.0,83205524.0,1511.0,1529.0,70653590.0,12551934.0,4671998.0,12785774.0,0.7428080747255537,0.8034520166159622,0.8023318305875109,0.8666354553332987,77.97208813432839,64.18990075120894,0.8040007090778003,0.8913529856524315,0.8491454245273427,0.9379759504831212
segformer,mitb0,s-100,af1,6362496.0,596228.0,570.0,35.0,257840.0,338388.0,6104656.0,93962412.0,0.007062246291914,0.0082653698482814,0.0126680262869942,0.0076655417731597,182.83549961290865,173.50163439700478,0.0384785052240868,0.0741055400386622,0.4324520150009728,0.0405249763614782,1372643.0,1230809.0,432.0,62.0,20299.0,1210510.0,1352344.0,98080143.0,0.0010692865693202,0.0019564627487185,0.0011577611419072,0.0164425266908604,192.17561798095704,182.9300341796875,0.007858225974226,0.015593911468312,0.0164924045891767,0.0147882588553615
segformer,mitb0,s-10,Qaf,10183.0,0.0,10.0,0.0,0.0,0.0,10183.0,100653113.0,0.0,0.0,0.0,0.0,,,0.0,0.0,0.0,0.0,10275.0,0.0,6.0,0.0,0.0,0.0,10275.0,100653021.0,0.0,0.0,0.0,0.0,,,0.0,0.0,0.0,0.0
segformer,mitb0,s-10,Qal,8361713.0,6668374.0,947.0,908.0,5475464.0,1192910.0,2886249.0,91108673.0,0.3000880550682268,0.3649195867680516,0.488129279693073,0.3466243518264621,105.8006515809468,93.59248594053749,0.5730696020136011,0.7286004399043066,0.821109313904709,0.6548256320206158,9921617.0,7990014.0,842.0,1030.0,5688293.0,2301721.0,4233324.0,88439958.0,0.2348938887215716,0.2888352465065849,0.3833322096387409,0.2813984973958912,127.25543564758748,112.40484566185869,0.4653633074696944,0.6351507576278229,0.7119252857379224,0.57332317907454
segformer,mitb0,s-10,Qat,388848.0,140895.0,61.0,64.0,46583.0,94312.0,342265.0,100180136.0,0.0268183167935127,0.0372405121812508,0.1045222034943955,0.0345676830082776,124.37065238952636,115.13650979995728,0.0964131964566603,0.1758701861091132,0.3306220944675113,0.1197974529893428,1101870.0,532191.0,77.0,100.0,66616.0,465575.0,1035254.0,99095851.0,0.0210685162555877,0.0317241501502075,0.0591011452162341,0.0291458960047145,153.49874238967897,145.33858652114867,0.0424997368328713,0.0815342878876614,0.1251731051445815,0.0604572227213736
segformer,mitb0,s-10,Qc,16237424.0,15479382.0,748.0,720.0,14390422.0,1088960.0,1847002.0,83336912.0,0.5991434848626325,0.6672536928469125,0.7408069104834127,0.6551961759184798,59.35051982252448,44.59470965232219,0.8305496403635058,0.9074319778605702,0.929650938260972,0.886250306698895,9341265.0,10341377.0,453.0,522.0,8231246.0,2110131.0,1110019.0,89211900.0,0.4612702025156401,0.5418725488207607,0.5567011640966105,0.591530689879692,80.7718400978125,64.4584532351448,0.7187984766224136,0.8363964553132653,0.7959526086322933,0.8811703768172726
segformer,mitb0,s-10,Qca,7202703.0,7792182.0,431.0,456.0,4884649.0,2907533.0,2318054.0,90553060.0,0.3157573406446237,0.3883637726733056,0.4325883789958837,0.4360917323544738,110.41346632501352,95.411902666783,0.4831389692584822,0.6515086977992829,0.6268653632576857,0.6781688763232359,3590038.0,5045462.0,248.0,371.0,1762456.0,3283006.0,1827582.0,93790252.0,0.1587142480286113,0.2125145639674256,0.2893060477154577,0.2326898537034265,142.15039176224542,124.76516833327746,0.2564301930847525,0.4081885241155694,0.3493150874984292,0.4909296224719627
segformer,mitb0,s-10,Qr,62099929.0,66041946.0,1433.0,1465.0,58197917.0,7844029.0,3902012.0,30719338.0,0.7413556607627025,0.7964249576679495,0.8158975429727251,0.8312669916117578,73.76411626480005,57.491397494430295,0.8320649654970913,0.9083356553039356,0.881226561676423,0.9371655964373165,75325588.0,75098060.0,1511.0,1521.0,68708559.0,6389501.0,6617029.0,18948207.0,0.7826166569514668,0.8390480953532632,0.8765202780979221,0.8564504785818148,74.07607635642658,56.1690950951898,0.8408307430222587,0.913534007631566,0.9149178953490944,0.912154300076622
segformer,mitb0,s-10,af1,6362496.0,4540517.0,570.0,458.0,3195596.0,1344921.0,3166900.0,92955879.0,0.1703110821719413,0.216202791625958,0.3022853760176336,0.2254000596118688,121.70067176096369,109.57854308215056,0.414613092816958,0.5861858552310265,0.7037956250356512,0.5022550898263826,1372643.0,1656192.0,432.0,434.0,390985.0,1265207.0,981658.0,98025446.0,0.0579377752608746,0.0835791370878888,0.1540287976440225,0.0944076914404522,146.14106815607013,134.95762897693112,0.1482210891445685,0.2581751729625417,0.2360746821624545,0.2848409965300519
segformer,mitb0,s-200,Qaf,10183.0,0.0,10.0,0.0,0.0,0.0,10183.0,100653113.0,0.0,0.0,0.0,0.0,,,0.0,0.0,0.0,0.0,10275.0,0.0,6.0,0.0,0.0,0.0,10275.0,100653021.0,0.0,0.0,0.0,0.0,,,0.0,0.0,0.0,0.0
segformer,mitb0,s-200,Qal,8361713.0,5297065.0,947.0,444.0,2626487.0,2670578.0,5735226.0,89631005.0,0.0737305891212229,0.0963407819689172,0.1361460228626096,0.1096633594503033,161.73990840390098,151.23510106791116,0.2380726723035134,0.3845859417291942,0.4958381669849246,0.3141087238942547,9921617.0,2592181.0,842.0,321.0,957769.0,1634412.0,8963848.0,89107267.0,0.0355349121014219,0.0500163338341946,0.0874919927105503,0.0534058409293892,180.52136192859055,168.34980712138432,0.0828804600611507,0.1530740707177789,0.3694838439136773,0.0965335589954742
segformer,mitb0,s-200,Qat,388848.0,11.0,61.0,1.0,0.0,11.0,388848.0,100274437.0,0.0,0.0,0.0,0.0,,,0.0,0.0,0.0,0.0,1101870.0,0.0,77.0,0.0,0.0,0.0,1101870.0,99561426.0,0.0,0.0,0.0,0.0,,,0.0,0.0,0.0,0.0
segformer,mitb0,s-200,Qc,16237424.0,19187113.0,748.0,575.0,13194665.0,5992448.0,3042759.0,78433424.0,0.3865168545773145,0.4717191491657214,0.4585193674533018,0.5633964093141797,96.81438588837854,82.96994310294679,0.5935555994204555,0.7449449515741025,0.6876837072883242,0.8126082684051362,9341265.0,7918094.0,453.0,300.0,4919670.0,2998424.0,4421595.0,88323607.0,0.2236951602991596,0.2954751339584694,0.3268395321343579,0.338131532094453,119.89403139981356,104.1767205255682,0.398686709203125,0.570087220504539,0.6213199792778413,0.5266599331032789
segformer,mitb0,s-200,Qca,7202703.0,3133617.0,431.0,313.0,1809196.0,1324421.0,5393507.0,92136172.0,0.1066239767603327,0.1482528436603878,0.2934118147997231,0.1330321499032414,147.37632979665483,133.16034166302,0.2121695427438372,0.3500657874369214,0.5773507100580575,0.2511829239661832,3590038.0,867495.0,248.0,115.0,348627.0,518868.0,3241411.0,96554390.0,0.0486354109371721,0.0712445948721421,0.1363033257404211,0.0726946218141588,168.1387289296026,156.30372030838677,0.0848466720825446,0.1564215004128965,0.4018778206214445,0.0971095570576133
segformer,mitb0,s-200,Qr,62099929.0,73045490.0,1433.0,1494.0,56657425.0,16388065.0,5442504.0,22175302.0,0.6055057525624173,0.6704002159145436,0.6807845616068874,0.7509291062097745,97.61285210965194,83.61125604461841,0.7218610403012721,0.8384660822280628,0.7756457653990685,0.9123589336148838,75325588.0,89285526.0,1511.0,1534.0,72397998.0,16887528.0,2927590.0,8450180.0,0.7376477352188431,0.7984807100732118,0.768142042622685,0.8954791551720215,80.85298944499178,67.51679206731858,0.7851160565922097,0.8796246649542752,0.8108592875400655,0.9611341898851158
segformer,mitb0,s-200,af1,6362496.0,0.0,570.0,0.0,0.0,0.0,6362496.0,94300800.0,0.0,0.0,0.0,0.0,,,0.0,0.0,0.0,0.0,1372643.0,0.0,432.0,0.0,0.0,0.0,1372643.0,99290653.0,0.0,0.0,0.0,0.0,,,0.0,0.0,0.0,0.0
segformer,mitb0,s-20,Qaf,10183.0,0.0,10.0,0.0,0.0,0.0,10183.0,100653113.0,0.0,0.0,0.0,0.0,,,0.0,0.0,0.0,0.0,10275.0,0.0,6.0,0.0,0.0,0.0,10275.0,100653021.0,0.0,0.0,0.0,0.0,,,0.0,0.0,0.0,0.0
segformer,mitb0,s-20,Qal,8361713.0,7699701.0,947.0,980.0,5842194.0,1857507.0,2519519.0,90444076.0,0.2929580615954083,0.3599943112533513,0.4647170437203661,0.3510362283208035,114.54127886902812,103.3931698054266,0.5716868802119927,0.7274819016557322,0.758755956887157,0.6986838701591408,9921617.0,9008723.0,842.0,1103.0,6308114.0,2700609.0,3613503.0,88041070.0,0.2584788255377531,0.3169553413362335,0.4038685143256781,0.3056503029347876,122.89766588762014,109.72062257264308,0.4997624032401258,0.6664554360883111,0.7002228839758976,0.6357949515688823
segformer,mitb0,s-20,Qat,388848.0,150075.0,61.0,59.0,44498.0,105577.0,344350.0,100168871.0,0.030638351340336,0.0468217120176613,0.1283791582429349,0.0376725171438672,111.5663962591262,104.16168449038553,0.0899994943621378,0.1651367635079594,0.2965050807929368,0.114435460642719,1101870.0,293124.0,77.0,81.0,8981.0,284143.0,1092889.0,99277283.0,0.0060595803715239,0.0090975849981734,0.0332652697500014,0.0064694691412397,175.90345219203405,165.3403767177037,0.0064797372030421,0.0128760410439041,0.030638910495217,0.0081506892827647
segformer,mitb0,s-20,Qc,16237424.0,16518246.0,748.0,773.0,14824491.0,1693755.0,1412933.0,82732117.0,0.5965261344031227,0.6666854392463827,0.7056587089346902,0.6838293977181319,62.61177706546426,47.87889995168986,0.8267437963783641,0.9051557180787326,0.8974615706776615,0.912982933746141,9341265.0,11351594.0,453.0,555.0,8547811.0,2803783.0,793454.0,88518248.0,0.4418483047747708,0.522060889036758,0.5087438456292123,0.6001850825828045,79.39469615637265,62.82842367901655,0.7038103925155339,0.8261604643418292,0.7530053488523286,0.9150592558930722
segformer,mitb0,s-20,Qca,7202703.0,6994398.0,431.0,440.0,4628990.0,2365408.0,2573713.0,91095185.0,0.307548287391224,0.3778051142814511,0.4440931564766571,0.4049286995802553,109.3407583180264,94.70085926591996,0.4837935095025549,0.6521035526900879,0.6618139259447346,0.6426740072442249,3590038.0,3880840.0,248.0,343.0,1652360.0,2228480.0,1937678.0,94844778.0,0.1530408936622371,0.2059239542707855,0.3200957403187109,0.2093460301479108,139.44609886727682,125.14974397333656,0.2839829661092395,0.4423469369999082,0.4257738015481184,0.4602625376110225
segformer,mitb0,s-20,Qr,62099929.0,64757485.0,1433.0,1478.0,57282983.0,7474502.0,4816946.0,31088865.0,0.7238322144145721,0.7806071234532147,0.8076734231465615,0.8120976022689629,75.8734130266294,60.10963829392309,0.8233338336608171,0.9031081620503472,0.8845770183940899,0.922432342877558,75325588.0,75179201.0,1511.0,1529.0,69130837.0,6048364.0,6194751.0,19289344.0,0.7911438154412302,0.8493019598412094,0.8781226060928305,0.8664042981550266,76.0238796700217,58.367381961892704,0.8495450362297754,0.9186529871816904,0.919547375875942,0.9177603366335488
segformer,mitb0,s-20,af1,6362496.0,4543391.0,570.0,286.0,3027352.0,1516039.0,3335144.0,92784761.0,0.1316470136240367,0.1664625988361094,0.2365807331520091,0.1770790003798089,127.07219872304373,114.3035912343434,0.3842531638178925,0.5551775843633809,0.666319935924511,0.4758120083690426,1372643.0,949814.0,432.0,166.0,203472.0,746342.0,1169171.0,98544311.0,0.0274010696880671,0.0393528171233812,0.0783970741274422,0.0434387067155507,151.84149191845424,140.56559279869342,0.0960233319254265,0.1752213281020918,0.2142229952390678,0.1482337359386235
segformer,mitb0,s-50,Qaf,10183.0,0.0,10.0,0.0,0.0,0.0,10183.0,100653113.0,0.0,0.0,0.0,0.0,,,0.0,0.0,0.0,0.0,10275.0,0.0,6.0,0.0,0.0,0.0,10275.0,100653021.0,0.0,0.0,0.0,0.0,,,0.0,0.0,0.0,0.0
segformer,mitb0,s-50,Qal,8361713.0,6198802.0,947.0,740.0,4868113.0,1330689.0,3493600.0,90970894.0,0.2211515790300192,0.2754402574398154,0.3815004419137798,0.2617323227743872,115.09747813873165,103.40984116489736,0.5022607399074037,0.6686731891007976,0.7853312623955403,0.5821908740469806,9921617.0,4956862.0,842.0,670.0,4019334.0,937528.0,5902283.0,89804151.0,0.1545272437745361,0.1940375520034203,0.3223357367709422,0.1756693520788483,138.42097859633597,125.80198983817932,0.3701335602388585,0.540288291565287,0.8108625981518146,0.4051087640250576
segformer,mitb0,s-50,Qat,388848.0,142276.0,61.0,51.0,44240.0,98036.0,344608.0,100176412.0,0.0372313873983027,0.0568994268251117,0.0902118603504883,0.0554643805735395,109.54295134544373,94.71406650543211,0.0908635321760419,0.1665900994871254,0.3109449239506311,0.1137719623091799,1101870.0,107158.0,77.0,34.0,32588.0,74570.0,1069282.0,99486856.0,0.0145643624601904,0.0211839507689181,0.0706997806801623,0.0188232231501144,139.6255831037249,128.70218903677804,0.0277005202135255,0.0539077672311972,0.3041116855484425,0.029575176744988
segformer,mitb0,s-50,Qc,16237424.0,18066409.0,748.0,806.0,14942874.0,3123535.0,1294550.0,81302337.0,0.5470605311099137,0.6276345453724195,0.6340847535594174,0.6839735545382536,68.71956983052247,55.65122481779004,0.7718044338609467,0.8712072496388378,0.8271081430737011,0.9202736838060028,9341265.0,11756126.0,453.0,547.0,8088279.0,3667847.0,1252986.0,87654184.0,0.3714583451263798,0.4583948285480255,0.450795084977679,0.5404604907638009,86.82483996704615,72.0210282733972,0.6217395161176259,0.7667563254622337,0.6880054705095879,0.8658654903805855
segformer,mitb0,s-50,Qca,7202703.0,6974778.0,431.0,414.0,4618383.0,2356395.0,2584320.0,91104198.0,0.3102305219380878,0.3849270122506948,0.4551627028109186,0.4063522869588661,107.85660964054848,94.17557483502289,0.4831400410373447,0.65150967227535,0.6621548384765795,0.6412013656539775,3590038.0,4605136.0,248.0,315.0,1618428.0,2986708.0,1971610.0,94086550.0,0.1531861786115917,0.2087484583139993,0.3079789086654278,0.2258984059282852,144.97856828144617,128.51256001725488,0.2460833974734618,0.3949709914640006,0.3514397837544863,0.4508108270720254
segformer,mitb0,s-50,Qr,62099929.0,66739506.0,1433.0,1470.0,57095117.0,9644389.0,5004812.0,28918978.0,0.6923648742728012,0.7538287923633277,0.7860390983938124,0.7909742610711837,82.76765464971682,67.14033352886874,0.7958137813784779,0.8862987795623288,0.8554920529378806,0.9194071220274664,75325588.0,76552343.0,1511.0,1527.0,68674280.0,7878063.0,6651308.0,17459645.0,0.7484127221182708,0.8076338412759612,0.8426191824114264,0.8310611938940248,73.37955213892103,59.17387239433998,0.8253757999153186,0.9043352058832036,0.8970891981712434,0.9116992223147332
segformer,mitb0,s-50,af1,6362496.0,2541525.0,570.0,143.0,1339094.0,1202431.0,5023402.0,93098369.0,0.042098605636536,0.0555255869350393,0.0904588393452926,0.0617629753640725,148.345034050219,133.91719409672902,0.1770134728332474,0.3007841064166403,0.526886023155389,0.2104667727885408,1372643.0,2685671.0,432.0,139.0,144405.0,2541266.0,1228238.0,96749387.0,0.0084448158562573,0.0137335364764681,0.0144231441546425,0.0323215532633993,180.5553882204253,168.1139109381314,0.0368953391609258,0.071165020745068,0.0537686857399882,0.1052021538010975
segformer,mitb0,s-5,Qaf,10183.0,0.0,10.0,0.0,0.0,0.0,10183.0,100653113.0,0.0,0.0,0.0,0.0,,,0.0,0.0,0.0,0.0,10275.0,0.0,6.0,0.0,0.0,0.0,10275.0,100653021.0,0.0,0.0,0.0,0.0,,,0.0,0.0,0.0,0.0
segformer,mitb0,s-5,Qal,8361713.0,7068015.0,947.0,951.0,5239718.0,1828297.0,3121995.0,90473286.0,0.2631567933362408,0.3249294062307674,0.4295530248835331,0.318648849128252,118.32910493859096,105.36597447353384,0.5142014580947418,0.6791717909738915,0.7413280815052034,0.6266321266946139,9921617.0,8517039.0,842.0,1136.0,5856345.0,2660694.0,4065272.0,88080985.0,0.2198863118811647,0.2748871499473655,0.3572901053085049,0.2693920918416956,131.4001405405135,117.25311252864957,0.4654427155710902,0.6352247148599117,0.687603403013653,0.5902611439244227
segformer,mitb0,s-5,Qat,388848.0,277467.0,61.0,81.0,60953.0,216514.0,327895.0,100057934.0,0.0375120709662872,0.0535520091344116,0.1262064596982267,0.0456106391236813,124.170422801265,108.87559594048396,0.100688513649684,0.1829555090310138,0.2196765741511603,0.1567527671480887,1101870.0,386350.0,77.0,110.0,25602.0,360748.0,1076268.0,99200678.0,0.0105955341450015,0.0155544680303314,0.0592823233455419,0.014551886628352,182.0827226224153,173.81801489125127,0.0175042287186401,0.0344062033839082,0.066266338811958,0.0232350458765553
segformer,mitb0,s-5,Qc,16237424.0,17033084.0,748.0,799.0,15138299.0,1894785.0,1099125.0,82531087.0,0.5999039546333974,0.6686468845802219,0.6914289626891434,0.6944147825860506,64.45591392639881,49.91469960185421,0.834884431345348,0.910013096283351,0.8887585477767854,0.9323091519935676,9341265.0,13401576.0,453.0,656.0,8918979.0,4482597.0,422286.0,86839434.0,0.3864460075776293,0.4604903575572709,0.4144205095788652,0.5990519471927286,97.48543072388313,77.6371666273194,0.64518721324041,0.7843328808392935,0.6655171749949409,0.9547934888904231
segformer,mitb0,s-5,Qca,7202703.0,6278136.0,431.0,412.0,4255824.0,2022312.0,2946879.0,91438281.0,0.2927186818197769,0.3648440176198261,0.4528635901440229,0.3709957874456877,113.06920816280224,98.01646066227076,0.4613351848208377,0.6313885953240744,0.6778801860934519,0.5908648461556724,3590038.0,4212903.0,248.0,375.0,1479822.0,2733081.0,2110216.0,94340177.0,0.1305094684788781,0.1793564131141655,0.280884914221632,0.1765640124359852,141.38265858074226,125.28239707191392,0.2340335521124938,0.379298523466985,0.3512594522114561,0.4122023220924123
segformer,mitb0,s-5,Qr,62099929.0,63713105.0,1433.0,1466.0,57250831.0,6462274.0,4849098.0,32101093.0,0.733382078855944,0.7898750982821681,0.8233506523163273,0.8088581709482746,74.85748649631228,58.17727068143232,0.8350202953659468,0.9100937983897598,0.8985722952915259,0.9219145967139512,75325588.0,72202915.0,1511.0,1526.0,66543381.0,5659534.0,8782207.0,19678174.0,0.7612357772883718,0.8253869475903672,0.8860265186725541,0.8266928296222326,76.74672501767705,59.350552821270405,0.8216741465179246,0.902108808085716,0.9216162671548648,0.8834100438751304
segformer,mitb0,s-5,af1,6362496.0,6293489.0,570.0,649.0,4283019.0,2010470.0,2079477.0,92290330.0,0.1909466696665553,0.2407561969210069,0.3210866791486839,0.2595032319957057,120.48147833795056,108.52041499939322,0.5115294866836912,0.6768369273509727,0.6805476262848795,0.6731664742893355,1372643.0,1942513.0,432.0,605.0,550235.0,1392278.0,822408.0,97898375.0,0.0847466873924168,0.1202422473199611,0.1985295776668397,0.1313473201570015,132.50162670466676,121.0071621217145,0.1990056858767393,0.3319511962634639,0.2832593655743874,0.4008580526764789
segformer,mitb0,sds-101,Qaf,10183.0,0.0,10.0,0.0,0.0,0.0,10183.0,100653113.0,0.0,0.0,0.0,0.0,,,0.0,0.0,0.0,0.0,10275.0,0.0,6.0,0.0,0.0,0.0,10275.0,100653021.0,0.0,0.0,0.0,0.0,,,0.0,0.0,0.0,0.0
segformer,mitb0,sds-101,Qal,8361713.0,4174856.0,947.0,389.0,2994105.0,1180751.0,5367608.0,91120832.0,0.0888860356141007,0.1116076706980453,0.166213739069497,0.1082385602570841,144.46133203722513,131.98698828058335,0.3137664443900443,0.477659397878319,0.7171756343212796,0.3580731603679772,9921617.0,4130982.0,842.0,341.0,2722844.0,1408138.0,7198773.0,89333541.0,0.0819752412740921,0.1061073853401046,0.1724273332190576,0.1065151397490184,150.3836152922939,137.55967401114987,0.2403268208359315,0.3875217673257452,0.6591275391662321,0.274435507841111
segformer,mitb0,sds-101,Qat,388848.0,24147.0,61.0,21.0,77.0,24070.0,388771.0,100250378.0,7.154891347071315e-05,0.0001426336361634,0.0005007005590749,9.343852779190658e-05,164.92036819458008,156.8164800008138,0.0001864777025947,0.0003728858702889,0.0031888019215637,0.0001980208204748,1101870.0,119703.0,77.0,39.0,31914.0,87789.0,1069956.0,99473637.0,0.0164318602869752,0.0251351341465488,0.066427408484742,0.0393540070194285,169.93874621391296,160.30449867248535,0.0268261745592644,0.0522506636934509,0.26660985940202,0.0289634893408478
segformer,mitb0,sds-101,Qc,16237424.0,18541930.0,748.0,803.0,13401460.0,5140470.0,2835964.0,79285402.0,0.4105470391153014,0.4918624104418611,0.5230362130739513,0.5419502633476968,96.0681242332572,81.08188908937431,0.6268840139257871,0.7706560622143815,0.7227651058978218,0.8253439708170458,9341265.0,12375832.0,453.0,618.0,6696022.0,5679810.0,2645243.0,85642221.0,0.2488697691444423,0.3228241742712779,0.3556884610749453,0.4117604737895601,110.67095643844787,94.9715626187821,0.4457751525772955,0.6166590313613279,0.5410563103959395,0.7168217580809452
segformer,mitb0,sds-101,Qca,7202703.0,2934169.0,431.0,277.0,1395728.0,1538441.0,5806975.0,91922152.0,0.0904459753898983,0.1242719500179612,0.2298247689638948,0.1249230130114853,144.14787419007556,130.42125421467395,0.1596733791366439,0.2753764672178952,0.4756808486491405,0.1937783634838198,3590038.0,2861858.0,248.0,214.0,400322.0,2461536.0,3189716.0,94611722.0,0.0327441603187066,0.0482990727920391,0.0863499954004922,0.0528218216979372,177.32074719164746,162.32424375235317,0.0661517152397045,0.1240943747388364,0.1398818529780303,0.1115091260872447
segformer,mitb0,sds-101,Qr,62099929.0,71811025.0,1433.0,1461.0,57584869.0,14226156.0,4515060.0,24337211.0,0.6524698993331591,0.709413999278015,0.7152914350142369,0.7698985117848928,89.34247177269148,74.86200933966084,0.7544585707494365,0.8600471773205349,0.8018945419592605,0.9272936366803254,75325588.0,80151550.0,1511.0,1510.0,67989697.0,12161853.0,7335891.0,13175855.0,0.7148885527854721,0.7757715654856648,0.7937587620295403,0.8287539955095061,79.52245811613321,65.58986676245024,0.7771366521053005,0.8745941412942654,0.8482642818510684,0.9026109029510664
segformer,mitb0,sds-101,af1,6362496.0,3177169.0,570.0,279.0,1739329.0,1437840.0,4623167.0,92862960.0,0.0799019392956851,0.1086508250171113,0.1989468454225192,0.1182027343857043,148.00454681507054,134.82434197209307,0.2229812920879305,0.3646520082204144,0.5474461698449153,0.2733721168547689,1372643.0,1023371.0,432.0,185.0,170098.0,853273.0,1202545.0,98437380.0,0.028465488684081,0.0424250446025367,0.0724502081524239,0.05613607980861,154.17363010939732,145.4040306460473,0.0764170795304045,0.14198414533471,0.1662134260204754,0.1239200578737515
segformer,mitb0,sds-11,Qaf,10183.0,0.0,10.0,0.0,0.0,0.0,10183.0,100653113.0,0.0,0.0,0.0,0.0,,,0.0,0.0,0.0,0.0,10275.0,0.0,6.0,0.0,0.0,0.0,10275.0,100653021.0,0.0,0.0,0.0,0.0,,,0.0,0.0,0.0,0.0
segformer,mitb0,sds-11,Qal,8361713.0,5599637.0,947.0,830.0,4081623.0,1518014.0,4280090.0,90783569.0,0.1676344580130395,0.2129521406598299,0.3230475050567519,0.2011969747277247,139.6026881812494,127.9173744181289,0.4131311523081559,0.5847031984729271,0.7289084988901959,0.4881323958380298,9921617.0,3678232.0,842.0,918.0,2604980.0,1073252.0,7316637.0,89668427.0,0.0989651608739039,0.1335806796344169,0.2730055023966447,0.1148930277143939,155.16233281754612,143.063553948988,0.236926879256133,0.3830895475383587,0.7082152512402697,0.2625559926370873
segformer,mitb0,sds-11,Qat,388848.0,68702.0,61.0,34.0,22221.0,46481.0,366627.0,100227967.0,0.0108770130346307,0.0163933011880587,0.0497449626702637,0.0129216141344624,140.54201022061434,133.2987199263139,0.0510441528131597,0.0971303682657633,0.3234403656370994,0.0571457227502777,1101870.0,72512.0,77.0,27.0,3469.0,69043.0,1098401.0,99492383.0,0.0021240756294374,0.0035798924359321,0.0172240701553068,0.0045320089788889,158.08681615193686,151.3754942152235,0.0029626453886838,0.0059077880962071,0.0478403574580759,0.0031482842803597
segformer,mitb0,sds-11,Qc,16237424.0,15708775.0,748.0,735.0,13006790.0,2701985.0,3230634.0,81723887.0,0.4491420012855087,0.5279024140511215,0.5960680633367571,0.536841818103442,84.433351755513,69.21035103034083,0.6867579658900655,0.8142934312780059,0.8279951810373501,0.801037775450096,9341265.0,14913869.0,453.0,625.0,8031824.0,6882045.0,1309441.0,84439986.0,0.2911876998654283,0.3698265823149772,0.3408623321726061,0.5138810383420376,111.11583310337691,93.3712401244562,0.4950792409193931,0.6622782624082802,0.5385473078783245,0.8598218763732749
segformer,mitb0,sds-11,Qca,7202703.0,6959024.0,431.0,432.0,3193671.0,3765353.0,4009032.0,89695240.0,0.1655490248352263,0.2236911485482775,0.2777562821761807,0.2745428352201379,143.6059003153155,126.67285745682256,0.29117931199476,0.4510284656666521,0.4589251308804223,0.4433989573081106,3590038.0,4586733.0,248.0,386.0,923995.0,3662738.0,2666043.0,93410520.0,0.0634555103581815,0.0943288651900638,0.1625116972275806,0.106652946933691,158.88565856933593,142.77038972037178,0.1273988056435218,0.2260048618213717,0.2014494848512001,0.2573774985111578
segformer,mitb0,sds-11,Qr,62099929.0,67975763.0,1433.0,1472.0,57383763.0,10592000.0,4716166.0,27971367.0,0.6732386361912922,0.7321852853587748,0.7506602742169872,0.7786296117452796,86.2651359587801,69.6561055102345,0.7894103759442125,0.882313399493581,0.84417975565791,0.9240552110776166,75325588.0,76055620.0,1511.0,1522.0,65737074.0,10318546.0,9588514.0,15019162.0,0.7021383427870376,0.7666446729718169,0.8106443007179536,0.804495910731949,85.24015310054313,68.47718344844813,0.7675607298451987,0.8684971519054069,0.8643289476832876,0.8727057530569824
segformer,mitb0,sds-11,af1,6362496.0,4351395.0,570.0,500.0,3371326.0,980069.0,2991170.0,93320731.0,0.1611051289672516,0.204831148111674,0.3390572635809276,0.1944502903135924,122.76239973190437,109.40021709612154,0.4591482676694043,0.6293373714554311,0.7747690108574377,0.5298747535558372,1372643.0,1356330.0,432.0,476.0,430120.0,926210.0,942523.0,98364443.0,0.0784184515769849,0.1116305359727536,0.2214245304923701,0.1144699674571646,130.3749934892009,117.82117808223668,0.1871020026073872,0.3152248116782394,0.3171204647836441,0.3133516872194736
segformer,mitb0,sds-201,Qaf,10183.0,0.0,10.0,0.0,0.0,0.0,10183.0,100653113.0,0.0,0.0,0.0,0.0,,,0.0,0.0,0.0,0.0,10275.0,0.0,6.0,0.0,0.0,0.0,10275.0,100653021.0,0.0,0.0,0.0,0.0,,,0.0,0.0,0.0,0.0
segformer,mitb0,sds-201,Qal,8361713.0,3293311.0,947.0,245.0,2057709.0,1235602.0,6304004.0,91065981.0,0.0593336060962807,0.0766407347483752,0.1045942267813703,0.0817541457972756,147.35390169097155,134.73973601271467,0.2144046538016101,0.3531024903938421,0.6248146622046931,0.2460870159021243,9921617.0,1626651.0,842.0,173.0,958980.0,667671.0,8962637.0,90074008.0,0.0305904367918595,0.0438719775181789,0.0947691564612339,0.0387101931853448,162.74796417132526,150.4529857635498,0.0905613295247046,0.16608204797464,0.5895425632173097,0.0966556157126403
segformer,mitb0,sds-201,Qat,388848.0,4351.0,61.0,6.0,2172.0,2179.0,386676.0,100272269.0,0.003769220268497,0.0062639787793159,0.0257993643100445,0.0041816014223373,158.6186561584473,144.75440979003903,0.0055546036462955,0.01104784091516,0.4991955872213284,0.0055857301567707,1101870.0,23168.0,77.0,8.0,1441.0,21727.0,1100429.0,99539699.0,0.0005436402450247,0.0010408796370029,0.0023591314874044,0.0006677497905202,230.9715372721354,224.340576171875,0.0012824882942905,0.00256169124954,0.0621978591160221,0.0013077767794748
segformer,mitb0,sds-201,Qc,16237424.0,19789487.0,748.0,714.0,12902584.0,6886903.0,3334840.0,77538969.0,0.372778658942604,0.4610053493401219,0.473096724800846,0.5346833009500334,102.90156213884704,88.46552113167621,0.5579658166916598,0.7162747869224758,0.6519918378884708,0.7946201318632807,9341265.0,11872858.0,453.0,568.0,6064007.0,5808851.0,3277258.0,85513180.0,0.2216606456772687,0.2952010274069381,0.3246997691001202,0.3857484380996039,118.14387094726165,102.32308659454186,0.4002614237409139,0.5716952805449464,0.5107453487610144,0.6491633627779535
segformer,mitb0,sds-201,Qca,7202703.0,4242839.0,431.0,272.0,2073632.0,2169207.0,5129071.0,91291386.0,0.1150486803098829,0.153996146916524,0.2151876094660932,0.1721245324892034,147.16210587358705,133.26622193562235,0.2212603407416417,0.3623475410775654,0.4887369046998955,0.2878963633513696,3590038.0,2503479.0,248.0,179.0,478400.0,2025079.0,3111638.0,95048179.0,0.0368907399185037,0.0547924454696275,0.0931886437028879,0.0656772397797094,171.53812080093576,156.819216619564,0.0851985809022323,0.1570193371086024,0.191094073487335,0.1332576423982141
segformer,mitb0,sds-201,Qr,62099929.0,70314997.0,1433.0,1375.0,56357745.0,13957252.0,5742184.0,24606115.0,0.6208769496167275,0.676114784050639,0.6834468075070215,0.7400711695293871,90.12777525902524,76.02070245865016,0.7409917677595755,0.8512294905485202,0.8015039096140472,0.9075331632021671,75325588.0,83457236.0,1511.0,1496.0,68832210.0,14625026.0,6493378.0,10712682.0,0.7064604628893433,0.7641536520274052,0.760143790193896,0.8402516706127401,81.16809229471761,67.85270606888378,0.765222236281789,0.8669981836322548,0.8247602400827173,0.913795853807341
segformer,mitb0,sds-201,af1,6362496.0,3018311.0,570.0,205.0,1304840.0,1713471.0,5057656.0,92587329.0,0.0544583307325905,0.0742414704105479,0.1262721932776112,0.0981061245573601,154.91274130022202,142.44120658410563,0.1615707444074499,0.2781935498726282,0.4323080027207269,0.2050830365944434,1372643.0,1179904.0,432.0,149.0,129419.0,1050485.0,1243224.0,98240168.0,0.0156701605894976,0.0248666199144541,0.0378709536799717,0.0391951296865406,155.53926482757964,146.03579659895465,0.0534098900264451,0.1014038135242955,0.109686042254285,0.09428452991783
segformer,mitb0,sds-21,Qaf,10183.0,0.0,10.0,0.0,0.0,0.0,10183.0,100653113.0,0.0,0.0,0.0,0.0,,,0.0,0.0,0.0,0.0,10275.0,0.0,6.0,0.0,0.0,0.0,10275.0,100653021.0,0.0,0.0,0.0,0.0,,,0.0,0.0,0.0,0.0
segformer,mitb0,sds-21,Qal,8361713.0,5288120.0,947.0,859.0,3882540.0,1405580.0,4479173.0,90896003.0,0.1609303459820639,0.2060248446022407,0.3332830357775439,0.193460989266552,139.71804497691062,129.04747245797336,0.397504201010454,0.5688772895609785,0.7342004341807674,0.4643235183986822,9921617.0,4564840.0,842.0,914.0,3147828.0,1417012.0,6773789.0,89324667.0,0.1190768463225881,0.1586124784159914,0.2862819423348618,0.14128972598213,152.97324082040706,140.77360736984303,0.2776198074740782,0.4345890786132178,0.6895812339534354,0.317269654734707
segformer,mitb0,sds-21,Qat,388848.0,7627.0,61.0,7.0,6053.0,1574.0,382795.0,100272874.0,0.0098856142999466,0.015272837475095,0.0530247092247009,0.0102235954532261,118.93783187866212,101.31087970733644,0.0155037369820348,0.0305340815940475,0.7936279008784581,0.015566493848496,1101870.0,28309.0,77.0,15.0,15760.0,12549.0,1086110.0,99548877.0,0.0134456393114009,0.0177030408711627,0.0305368086799632,0.016407874131272,190.7058334350586,179.34781138102213,0.0141418981550027,0.027889387433318,0.5567134126956091,0.0143029576991841
segformer,mitb0,sds-21,Qc,16237424.0,16126340.0,748.0,772.0,13218136.0,2908204.0,3019288.0,81517668.0,0.4507163242876338,0.5289403924716224,0.584712351791891,0.5435427451300068,83.61446908804086,69.24163140125044,0.690399709009284,0.8168478796224073,0.8196612498558259,0.8140537563101142,9341265.0,13863150.0,453.0,602.0,7787677.0,6075473.0,1553588.0,85246558.0,0.2967151872044674,0.3791778424555831,0.372669932826672,0.5021716809303612,109.67761755771323,91.1233927728979,0.5051442788999851,0.6712237304840479,0.561753786116431,0.8336854804996968
segformer,mitb0,sds-21,Qca,7202703.0,6702578.0,431.0,432.0,3251773.0,3450805.0,3950930.0,90009788.0,0.1765177313529945,0.2353102216241422,0.2840511148712631,0.274238185866223,135.9086975184354,121.39085041083298,0.3052302584275527,0.4677033135828035,0.4851525786048293,0.4514656511590162,3590038.0,4039310.0,248.0,392.0,827239.0,3212071.0,2762799.0,93861187.0,0.0649223323707054,0.0976232205233019,0.1744009623870564,0.0979995446885004,153.845440242165,138.42855795810098,0.1216150755596536,0.2168570630150833,0.2047971064364953,0.2304262517555524
segformer,mitb0,sds-21,Qr,62099929.0,69031945.0,1433.0,1485.0,57917857.0,11114088.0,4182072.0,27449279.0,0.67766487432637,0.7367304456265972,0.7485786514916957,0.7907834595373754,84.18509971068848,67.81930139438113,0.7910760722226182,0.8833528452434074,0.839000798833062,0.9326557684148076,75325588.0,76990139.0,1511.0,1530.0,66830205.0,10159934.0,8495383.0,15177774.0,0.7136725297897707,0.775004768067447,0.8129595278626311,0.816497549679525,81.01313328584563,64.45720017970203,0.7817722046547251,0.8775220565372084,0.8680359052215765,0.8872178335999182
segformer,mitb0,sds-21,af1,6362496.0,3506686.0,570.0,442.0,2694793.0,811893.0,3667703.0,93488907.0,0.1446840011378207,0.1869029388501704,0.30062300497733,0.172946252465238,124.85538800808158,113.80783826093943,0.375612891913165,0.546102605058859,0.7684728544272285,0.4235433704005472,1372643.0,1177548.0,432.0,424.0,343313.0,834235.0,1029330.0,98456418.0,0.0680392101895121,0.0985237584307457,0.1865770696578588,0.0927824399079483,136.84167783985967,126.54482343300528,0.1555650108433724,0.2692449310659476,0.2915490493805772,0.2501109174053268
segformer,mitb0,sds-51,Qaf,10183.0,0.0,10.0,0.0,0.0,0.0,10183.0,100653113.0,0.0,0.0,0.0,0.0,,,0.0,0.0,0.0,0.0,10275.0,0.0,6.0,0.0,0.0,0.0,10275.0,100653021.0,0.0,0.0,0.0,0.0,,,0.0,0.0,0.0,0.0
segformer,mitb0,sds-51,Qal,8361713.0,5374623.0,947.0,666.0,3814608.0,1560015.0,4547105.0,90741568.0,0.1481495511462524,0.1898361563687668,0.2603923390432638,0.18948813626673,139.56969886743104,127.86360645752688,0.3844701245589478,0.5554040029306214,0.7097442927624877,0.4561993457560669,9921617.0,4784293.0,842.0,668.0,3399823.0,1384470.0,6521794.0,89357209.0,0.1208125865500897,0.1590865247434561,0.2713521742030251,0.1475711055038633,146.88478525692653,134.04733210494837,0.3007073092573938,0.4623750587348896,0.7106218201937047,0.3426682364376693
segformer,mitb0,sds-51,Qat,388848.0,225059.0,61.0,55.0,34561.0,190498.0,354287.0,100083950.0,0.0126669294736348,0.0190513828862458,0.0368442307785153,0.0156347262414055,148.09395456314087,136.3364963531494,0.0596551974122545,0.1125936013109477,0.1535641765048276,0.088880488005596,1101870.0,445193.0,77.0,74.0,72724.0,372469.0,1029146.0,99188957.0,0.0269482349605409,0.0412433619030781,0.0618125542241614,0.0527909784237059,175.94091960362024,163.3069305419922,0.0493265117452634,0.0940155636842197,0.16335387124236,0.0660005263778848
segformer,mitb0,sds-51,Qc,16237424.0,16370223.0,748.0,747.0,13229120.0,3141103.0,3008304.0,81284769.0,0.4650697653186307,0.5471612954947821,0.6019757201521363,0.5656635293332664,84.30599402947202,69.75821661044687,0.6826690181353825,0.8114121205985823,0.8081209400751597,0.8147302182907831,9341265.0,13449268.0,453.0,615.0,7385642.0,6063626.0,1955623.0,85258405.0,0.2853352193784712,0.361810798415564,0.3746633099723253,0.4742216552315323,110.95379607784552,94.3414112343574,0.4794348755859421,0.648132450434573,0.5491482510423615,0.7906468770557307
segformer,mitb0,sds-51,Qca,7202703.0,6356782.0,431.0,392.0,3115426.0,3241356.0,4087277.0,90219237.0,0.1672537332088737,0.2193222716207059,0.261784607155654,0.2568366868184167,136.4018798715928,120.91913860685683,0.2982964764944357,0.4595198121462577,0.4900948310009687,0.4325356744544374,3590038.0,4939187.0,248.0,343.0,569395.0,4369792.0,3020643.0,92703466.0,0.0372155687499208,0.055463722213812,0.1108619093060981,0.0626556420437575,169.11297776622158,155.56131575184483,0.0715335629027253,0.1335162338899489,0.1152811181273355,0.158604170763652
segformer,mitb0,sds-51,Qr,62099929.0,68059158.0,1433.0,1451.0,56922064.0,11137094.0,5177865.0,27426273.0,0.6743862268324021,0.7318667186215736,0.7487309762319133,0.779711251424363,86.56375498506183,70.77550706118669,0.777230718403177,0.8746537074280492,0.8363615665065971,0.916620436071674,75325588.0,75595866.0,1511.0,1499.0,65401834.0,10194032.0,9923754.0,15143676.0,0.7036079626879769,0.7644198028738577,0.8016182436600606,0.8046922559695557,80.7652814981091,65.19185846244416,0.7647582391034946,0.8667002903377806,0.8651509329888489,0.8682552069822541
segformer,mitb0,sds-51,af1,6362496.0,4277451.0,570.0,474.0,2639526.0,1637925.0,3722970.0,92662875.0,0.1403452151993875,0.1823797677826057,0.2709606755448134,0.1900065425742536,129.71511263285518,118.02324079530835,0.329923387781718,0.496153975203072,0.6170791903869851,0.4148569995171706,1372643.0,1449489.0,432.0,398.0,383049.0,1066440.0,989594.0,98224213.0,0.0644334587750084,0.0921671718068338,0.1498481948591162,0.1002584143503841,137.13206478926512,127.66501878832912,0.1570463161770222,0.2714607254373644,0.264264854717766,0.2790594495436905
segformer,mitb0,sds-5,Qaf,10183.0,0.0,10.0,0.0,0.0,0.0,10183.0,100653113.0,0.0,0.0,0.0,0.0,,,0.0,0.0,0.0,0.0,10275.0,0.0,6.0,0.0,0.0,0.0,10275.0,100653021.0,0.0,0.0,0.0,0.0,,,0.0,0.0,0.0,0.0
segformer,mitb0,sds-5,Qal,8361713.0,5991492.0,947.0,753.0,4207312.0,1784180.0,4154401.0,90517403.0,0.1627556292640123,0.2051145827216872,0.3126745670132999,0.2032580385610668,135.39710495492687,123.6801350361368,0.4146812902521247,0.5862540108637757,0.7022144066953607,0.5031638851991213,9921617.0,4590192.0,842.0,802.0,3033534.0,1556658.0,6888083.0,89185021.0,0.1049935530600402,0.1397480001722724,0.2443361157202672,0.1294429641190623,147.7133642631002,134.7839794442205,0.2642848337402615,0.4180779942734913,0.6608730092336007,0.3057499599107686
segformer,mitb0,sds-5,Qat,388848.0,73050.0,61.0,36.0,21835.0,51215.0,367013.0,100223233.0,0.0139117554035585,0.0204909398823099,0.059437581184594,0.0154204160947462,168.8640921910604,160.0378262201945,0.0496178956194908,0.0945446830252566,0.2989048596851472,0.0561530469489363,1101870.0,72802.0,77.0,29.0,14885.0,57917.0,1086985.0,99503509.0,0.0060758872898485,0.0099825967763721,0.033698999037852,0.0063207500753211,157.23469161987305,149.15943145751953,0.0128342531861453,0.0253432447525777,0.2044586687178923,0.0135088531314946
segformer,mitb0,sds-5,Qc,16237424.0,17994515.0,748.0,770.0,14153136.0,3841379.0,2084288.0,80584493.0,0.4508086902045409,0.5233253819203972,0.5440252938461078,0.5727916080512694,88.36891558725037,72.46748995082955,0.7048794691595909,0.8268965424365824,0.7865250049806843,0.8716367817949449,9341265.0,18984901.0,453.0,749.0,8537547.0,10447354.0,803718.0,80874677.0,0.2394621018472317,0.3062519117484234,0.2674794708066547,0.481888088988558,123.49153514975282,105.62957473432635,0.4314372316734179,0.602802864319866,0.4497019499864655,0.913960475374588
segformer,mitb0,sds-5,Qca,7202703.0,4624489.0,431.0,373.0,2396387.0,2228102.0,4806316.0,91232491.0,0.1507738339425327,0.2067106669918802,0.2919947599377766,0.2208486324055129,137.95414518452378,122.99655546558849,0.2541020623372024,0.4052334653906015,0.5181949832727465,0.3327066241659555,3590038.0,1749125.0,248.0,252.0,202949.0,1546176.0,3387089.0,95527082.0,0.0182626466431034,0.0292014372778953,0.0989188288773468,0.0239300295368799,195.95697179570928,182.8520626377415,0.0395133458224287,0.0760227773529296,0.1160288715786464,0.0565311564947223
segformer,mitb0,sds-5,Qr,62099929.0,67082388.0,1433.0,1431.0,57016182.0,10066206.0,5083747.0,28497161.0,0.6710570384502608,0.7298944113629092,0.7544810244609679,0.7689379268787757,84.44153116039092,68.20888326239621,0.7900683887255429,0.8827242508740574,0.84994264068238,0.9181360255661484,75325588.0,73207215.0,1511.0,1518.0,63905600.0,9301615.0,11419988.0,16036093.0,0.6850649304160932,0.7514377239170194,0.8198288635847519,0.777238547387531,88.40206815408096,70.45895080681306,0.7551425278701459,0.8604914026970863,0.8729412804461965,0.8483916514531556
segformer,mitb0,sds-5,af1,6362496.0,4897362.0,570.0,586.0,3615450.0,1281912.0,2747046.0,93018888.0,0.1821730339023209,0.229039135167189,0.3422267796201292,0.2263145872358715,117.12930043333584,103.420966219349,0.4729535629181488,0.6421839422841744,0.7382443854466956,0.568243972176957,1372643.0,2059061.0,432.0,589.0,598881.0,1460180.0,773762.0,97830473.0,0.0922431765147468,0.1315997881866073,0.21812474301904,0.1476864345365805,129.94290795027226,117.6249727652018,0.2114078429891313,0.3490283544268386,0.2908515094987472,0.4362977117866772
segformer,mitb2,dem,Qaf,10183.0,0.0,10.0,0.0,0.0,0.0,10183.0,100653113.0,0.0,0.0,0.0,0.0,,,0.0,0.0,0.0,0.0,10275.0,0.0,6.0,0.0,0.0,0.0,10275.0,100653021.0,0.0,0.0,0.0,0.0,,,0.0,0.0,0.0,0.0
segformer,mitb2,dem,Qal,8361713.0,7762208.0,947.0,975.0,6443836.0,1318372.0,1917877.0,90983211.0,0.3598907524244197,0.432849384140772,0.5339884132364034,0.4261631923157441,92.52940946198716,80.7079625316813,0.6656796918622099,0.7992889570719182,0.8301550280538733,0.7706358732953403,9921617.0,3852189.0,842.0,1074.0,2776964.0,1075225.0,7144653.0,89666454.0,0.1770616533590677,0.2344764691853073,0.4225855684407061,0.2116299763783036,133.3701317839389,118.07895096509532,0.2525237700059708,0.4032239164686942,0.7208794791740488,0.279890263855176
segformer,mitb2,dem,Qat,388848.0,318946.0,61.0,72.0,107714.0,211232.0,281134.0,100063216.0,0.0619051923808072,0.0867680517970177,0.1640756249120368,0.085522231001642,129.57644799550374,121.79996573130288,0.1794994000799893,0.3043653944509278,0.3377186106739072,0.2770079825535942,1101870.0,0.0,77.0,0.0,0.0,0.0,1101870.0,99561426.0,0.0,0.0,0.0,0.0,,,0.0,0.0,0.0,0.0
segformer,mitb2,dem,Qc,16237424.0,17037432.0,748.0,803.0,15013035.0,2024397.0,1224389.0,82401475.0,0.5914235272688073,0.6628907685692094,0.6894618271731432,0.6932895845787524,70.53030675861007,54.00479956248128,0.8220995595127123,0.902365137207506,0.8811794523963471,0.9245946278178117,9341265.0,11282847.0,453.0,664.0,8156338.0,3126509.0,1184927.0,88195522.0,0.3727507484203498,0.4468396180066035,0.4401529694133901,0.5093498655706314,92.16144748601046,72.83190415772525,0.65419360344517,0.7909516783074103,0.7228971553013172,0.873151334428474
segformer,mitb2,dem,Qca,7202703.0,7529996.0,431.0,462.0,4936878.0,2593118.0,2265825.0,90867475.0,0.3136481124943719,0.3869069002586498,0.4675693277025065,0.4160911809612721,111.35074612799656,96.99015471908484,0.5039779718310492,0.670193289091157,0.6556282367215069,0.6854201818400676,3590038.0,5341342.0,248.0,366.0,1701261.0,3640081.0,1888777.0,93433177.0,0.1493407736873421,0.2002573901261229,0.2640534878603735,0.2260832896753817,140.90243185447355,122.03916964507457,0.2353019362475223,0.3809626283956119,0.3185081576877122,0.4738838418980523
segformer,mitb2,dem,Qr,62099929.0,63041072.0,1433.0,1463.0,57699398.0,5341674.0,4400531.0,33221693.0,0.754731778980681,0.8081672094393635,0.8397729343033258,0.8217841495235175,65.30224110939123,50.25894495460364,0.8555460640518879,0.9221501752251446,0.9152667644991824,0.9291379060996994,75325588.0,79257383.0,1511.0,1534.0,69024432.0,10232951.0,6301156.0,15104757.0,0.7628505372337121,0.827077724566535,0.8410424919504669,0.8768678818485728,75.50180388696141,58.98779827518072,0.8067509427667997,0.893040566544681,0.870889617942596,0.9163477356459534
segformer,mitb2,dem,af1,6362496.0,4973642.0,570.0,432.0,4069446.0,904196.0,2293050.0,93396604.0,0.1998167064080109,0.2455846612851257,0.3655896284652182,0.2303208764158425,111.79460753991164,99.27451042682382,0.5600135522463316,0.7179598554640036,0.8182024359614142,0.6395989875671435,1372643.0,929535.0,432.0,427.0,348490.0,581045.0,1024153.0,98709608.0,0.076674259765695,0.1101914747109306,0.2052788928862537,0.101610993742393,125.3425887091118,115.52705595158696,0.1783754622027673,0.3027480933272753,0.3749078840495516,0.253882473447211
segformer,mitb2,ep-101,Qaf,10183.0,0.0,10.0,0.0,0.0,0.0,10183.0,100653113.0,0.0,0.0,0.0,0.0,,,0.0,0.0,0.0,0.0,10275.0,0.0,6.0,0.0,0.0,0.0,10275.0,100653021.0,0.0,0.0,0.0,0.0,,,0.0,0.0,0.0,0.0
segformer,mitb2,ep-101,Qal,8361713.0,8033732.0,947.0,1031.0,6475646.0,1558086.0,1886067.0,90743497.0,0.3674963460899893,0.4453053921793864,0.5331935811763616,0.4530207563577391,93.7049320026142,80.7532821944574,0.6528001222605417,0.7899323257160754,0.8060570106147429,0.7744401177127223,9921617.0,10824792.0,842.0,1032.0,7568621.0,3256171.0,2352996.0,87485508.0,0.3085420115365112,0.3758045938599102,0.44535886825546,0.3942784789337223,114.04318781843412,98.556793693053,0.574346847892833,0.7296319088281736,0.699193203897128,0.7628414803756283
segformer,mitb2,ep-101,Qat,388848.0,365671.0,61.0,96.0,106494.0,259177.0,282354.0,100015271.0,0.0756883644991047,0.1031198540657031,0.1483087098998267,0.1020706670161912,131.33044831893022,121.13602509218104,0.1643362524593958,0.2822831499273047,0.2912290009325322,0.2738705098136033,1101870.0,926692.0,77.0,182.0,137542.0,789150.0,964328.0,98772276.0,0.0274517079776016,0.042279887171137,0.1238454285050735,0.0357540208739123,156.1467093658447,146.77498725891112,0.0727342915463612,0.1356054190111024,0.1484225611098401,0.1248259776561663
segformer,mitb2,ep-101,Qc,16237424.0,17438173.0,748.0,804.0,13828397.0,3609776.0,2409027.0,80816096.0,0.4412812423247373,0.513614306603324,0.55796553073046,0.5537420178062146,95.34638608662428,78.93260139771971,0.6967429662622435,0.8212710824399044,0.7929957455978903,0.8516373656313957,9341265.0,513409.0,453.0,163.0,354498.0,158911.0,8986767.0,91163120.0,0.020908468497981,0.0322473690137826,0.1619772505018737,0.0237409723218165,199.6880726284451,180.75736995658488,0.0373148876399763,0.0719451500881713,0.690478741120627,0.0379496781217533
segformer,mitb2,ep-101,Qca,7202703.0,8122398.0,431.0,490.0,4431570.0,3690828.0,2771133.0,89769765.0,0.2462818073359358,0.3174566110349752,0.363056569790923,0.3604638297637376,120.53182990442625,105.45800933783704,0.406807489692736,0.5783413760209476,0.5455987258935108,0.615264852653233,3590038.0,2194715.0,248.0,241.0,534563.0,1660152.0,3055475.0,95413106.0,0.0460125530087451,0.0672017153519274,0.1105685184588741,0.0798836890231703,156.3468932748955,142.27969053749726,0.1018178389734466,0.1848179170312025,0.2435682993008203,0.1489017664994075
segformer,mitb2,ep-101,Qr,62099929.0,61178128.0,1433.0,1464.0,55336704.0,5841424.0,6763225.0,32721943.0,0.7122706267535911,0.7776951379204348,0.8246771481660128,0.7847991052727623,76.61580975369627,59.940035508111706,0.8144775097428513,0.8977543181103187,0.9045177714492996,0.8910912603458854,75325588.0,85456857.0,1511.0,1535.0,70787356.0,14669501.0,4538232.0,10668207.0,0.7616273293777643,0.8224515689804169,0.8206181848643533,0.9128664742936128,75.78069115427157,58.82858666931556,0.7865690982315713,0.8805358818868565,0.8283402699914414,0.9397517879316124
segformer,mitb2,ep-101,af1,6362496.0,5525194.0,570.0,618.0,4215887.0,1309307.0,2146609.0,92991493.0,0.232288327872122,0.2893480709122837,0.4142328587299408,0.2886107381522091,100.73998872810436,86.50537587883316,0.5495301430446011,0.7092861607259274,0.7630296782339226,0.6626152692276742,1372643.0,746831.0,432.0,334.0,435569.0,311262.0,937074.0,98979391.0,0.0955220033771224,0.1315261712844368,0.2902733975894019,0.1157631173874285,123.36491337034435,112.80530440860323,0.2586660173822157,0.4110161294736335,0.5832229781570395,0.3173214011217775
segformer,mitb2,ep-11,Qaf,10183.0,0.0,10.0,0.0,0.0,0.0,10183.0,100653113.0,0.0,0.0,0.0,0.0,,,0.0,0.0,0.0,0.0,10275.0,0.0,6.0,0.0,0.0,0.0,10275.0,100653021.0,0.0,0.0,0.0,0.0,,,0.0,0.0,0.0,0.0
segformer,mitb2,ep-11,Qal,8361713.0,7152776.0,947.0,988.0,5980645.0,1172131.0,2381068.0,91129452.0,0.3367728955523998,0.4091566731270016,0.5255837412591503,0.3896168382772575,99.8365159600365,87.24871319061032,0.6273067820283194,0.7709754410860712,0.8361292175233783,0.7152416018105381,9921617.0,7392714.0,842.0,783.0,5692063.0,1700651.0,4229554.0,89041028.0,0.2498330709096585,0.3090588049296901,0.4206971969574654,0.2970893364080495,117.29494167880009,101.38161553625474,0.4897549256306944,0.6574973067108397,0.7699557970185239,0.5737031574591117
segformer,mitb2,ep-11,Qat,388848.0,213382.0,61.0,73.0,39490.0,173892.0,349358.0,100100556.0,0.0226914444704569,0.0331292288667374,0.0631127144844658,0.0323274951061543,139.4470565432594,131.13796470278783,0.0701745033230266,0.131145907709679,0.1850671565549109,0.1015563922149528,1101870.0,198792.0,77.0,73.0,58082.0,140710.0,1043788.0,99420716.0,0.0209247306523561,0.0329903978146301,0.1323574455234948,0.0238435826761951,144.62179814214292,136.91816877282184,0.0467430668447906,0.0893114429421325,0.292174735401827,0.0527122074291885
segformer,mitb2,ep-11,Qc,16237424.0,17550280.0,748.0,779.0,14121376.0,3428904.0,2116048.0,80996968.0,0.484839595786362,0.5628558625956204,0.5903494812718995,0.6082760209491829,88.36757176642544,72.52245320392844,0.7180484328340299,0.8358884640400543,0.804623971811276,0.869680806512166,9341265.0,108643.0,453.0,48.0,43086.0,65557.0,9298179.0,91256474.0,0.0037128340184873,0.0063141714420317,0.0339783284386309,0.0038943026990391,160.29148642222086,143.13213109970093,0.004580292898069,0.0091188189345335,0.3965833049529192,0.0046124373947211
segformer,mitb2,ep-11,Qca,7202703.0,8202320.0,431.0,536.0,4273977.0,3928343.0,2928726.0,89532250.0,0.2310837803789262,0.2997695206305523,0.3553375319052625,0.3458428376272571,125.31782442103318,108.490738475909,0.3839690357941203,0.5548809631767508,0.521069282837051,0.5933851499916073,3590038.0,291104.0,248.0,45.0,326.0,290778.0,3589712.0,96782480.0,5.1140045262362667e-05,0.0001007752263382,0.0034246575342465,5.1140045262362667e-05,192.84190368652344,188.0143585205078,8.400295195649574e-05,0.0001679917921065,0.0011198746839617,9.080683825630815e-05
segformer,mitb2,ep-11,Qr,62099929.0,62051425.0,1433.0,1468.0,55585806.0,6465619.0,6514123.0,32097748.0,0.7077915821759773,0.771242646997696,0.8147688965529793,0.7846960894405132,75.64910852271832,58.827975441962586,0.8106958614259161,0.8954522719099786,0.8958022478935818,0.8951025692799102,75325588.0,92065538.0,1511.0,1536.0,73453691.0,18611847.0,1871897.0,6725861.0,0.7726023036303786,0.8299480380174676,0.7960403860137907,0.9557365727014258,75.40905341038555,59.86378444211519,0.7819426940920837,0.8776294509184436,0.79784132690345,0.9751492547260302
segformer,mitb2,ep-11,af1,6362496.0,5493113.0,570.0,602.0,4033464.0,1459649.0,2329032.0,92841151.0,0.197379668626925,0.2499784565340653,0.3488860150031972,0.2506136157532622,120.33333999643254,107.32766039377408,0.5156467950926504,0.6804313468839939,0.7342765386402937,0.6339436598467016,1372643.0,606505.0,432.0,262.0,332955.0,273550.0,1039688.0,99017103.0,0.0649710364607391,0.089713376710163,0.1720491965893203,0.083373315750309,138.71271833983607,128.52431092472196,0.2022575724717575,0.3364629628506812,0.5489732153898155,0.2425648912353758
segformer,mitb2,ep-201,Qaf,10183.0,0.0,10.0,0.0,0.0,0.0,10183.0,100653113.0,0.0,0.0,0.0,0.0,,,0.0,0.0,0.0,0.0,10275.0,0.0,6.0,0.0,0.0,0.0,10275.0,100653021.0,0.0,0.0,0.0,0.0,,,0.0,0.0,0.0,0.0
segformer,mitb2,ep-201,Qal,8361713.0,7916498.0,947.0,969.0,6293152.0,1623346.0,2068561.0,90678237.0,0.3384453475712288,0.4122518011282907,0.5164707505584243,0.4125393682069177,94.21578275682992,82.44942720037369,0.630256866784663,0.7731994627665165,0.7949413995936082,0.7526151639024204,9921617.0,11681533.0,842.0,1126.0,7769978.0,3911555.0,2151639.0,86830124.0,0.3085068786093105,0.3756437418178872,0.4284295840719718,0.4077497606976258,113.66008294453012,97.5799354596975,0.5616917074406361,0.7193375040214043,0.6651505414571872,0.7831362569226367
segformer,mitb2,ep-201,Qat,388848.0,240218.0,61.0,57.0,89865.0,150353.0,298983.0,100124095.0,0.0527052526113136,0.0737694432152815,0.1283466169029794,0.0672749696801396,137.9011700439453,128.96755348205568,0.1666632665740605,0.2857092896452836,0.374097694594077,0.2311057276879397,1101870.0,426305.0,77.0,96.0,83319.0,342986.0,1018551.0,99218440.0,0.0211923204783705,0.0315525755919769,0.1044740246792583,0.0287731895144065,165.6103162031907,155.13391362703763,0.0576659542542647,0.1090437940680877,0.1954445760664313,0.0756159982575076
segformer,mitb2,ep-201,Qc,16237424.0,15378588.0,748.0,796.0,12730813.0,2647775.0,3506611.0,81778097.0,0.4050837562184796,0.4771373465238429,0.5504542906590961,0.4826661401598945,100.64994433927392,84.84071705204482,0.6741159042062517,0.8053395855239427,0.827827171129105,0.784041421841297,9341265.0,1743867.0,453.0,334.0,1372552.0,371315.0,7968713.0,90950716.0,0.0719918715937207,0.1031663364548025,0.2972553958861363,0.0807747676010433,161.26702944140567,144.02404070346154,0.141316931237632,0.247638368221506,0.7870737848700617,0.1469342749616888
segformer,mitb2,ep-201,Qca,7202703.0,8554134.0,431.0,490.0,4649861.0,3904273.0,2552842.0,89556320.0,0.2559159293565818,0.3308742181972269,0.3649489645055145,0.4009467949605961,121.88645388815138,104.79706367386711,0.4186432922876578,0.5902023356591174,0.5435805658410308,0.6455716694135522,3590038.0,2904429.0,248.0,250.0,854924.0,2049505.0,2735114.0,95023753.0,0.0768680388164309,0.1093134282455637,0.1528030019855503,0.1395168758825317,156.33677082491997,141.96361359617765,0.1515945529628908,0.2632776484967896,0.2943518330108947,0.2381378692927484
segformer,mitb2,ep-201,Qr,62099929.0,62702318.0,1433.0,1461.0,55875831.0,6826487.0,6224098.0,31736880.0,0.7114868810009232,0.777746661226419,0.8082601427460434,0.8016808583124121,78.87065779168692,61.96320688996413,0.8106591673067696,0.8954298875724569,0.8911286341918013,0.8997728644746116,75325588.0,82497227.0,1511.0,1535.0,69869680.0,12627547.0,5455908.0,12710161.0,0.7633532164680901,0.8258481924264439,0.8285535124319191,0.9023170820149364,76.59500299984256,58.28699692448244,0.7943966977413597,0.8854192595664955,0.8469336793587013,0.9275689955450463
segformer,mitb2,ep-201,af1,6362496.0,5871540.0,570.0,731.0,4139873.0,1731667.0,2222623.0,92569133.0,0.2144612008546845,0.2696962747682924,0.3517517236290335,0.2804522638044786,108.8312721056763,96.08173230708805,0.5114640018986522,0.676779600779334,0.7050744779052855,0.6506680711469209,1372643.0,1409935.0,432.0,568.0,607159.0,802776.0,765484.0,98487877.0,0.1215296712163587,0.1665846185230768,0.2725992652274663,0.1710921985228493,121.47052735735656,107.37114868953728,0.2790997964070369,0.436400345291309,0.4306290715529439,0.4423284131416544
segformer,mitb2,ep-21,Qaf,10183.0,0.0,10.0,0.0,0.0,0.0,10183.0,100653113.0,0.0,0.0,0.0,0.0,,,0.0,0.0,0.0,0.0,10275.0,0.0,6.0,0.0,0.0,0.0,10275.0,100653021.0,0.0,0.0,0.0,0.0,,,0.0,0.0,0.0,0.0
segformer,mitb2,ep-21,Qal,8361713.0,7727871.0,947.0,1034.0,6054774.0,1673097.0,2306939.0,90628486.0,0.3154146013150509,0.3867181761002398,0.5030217337642515,0.3779910236882544,101.51265211177142,89.28955452116101,0.6033770445080674,0.7526327591813436,0.7834983270295273,0.7241068905378599,9921617.0,6948796.0,842.0,739.0,5191239.0,1757557.0,4730378.0,88984122.0,0.213655833623386,0.2650605360081828,0.3888676996655344,0.2611602159898699,119.43173576888606,101.96691687661443,0.4444868275787311,0.6154252418123967,0.747070283830465,0.5232250952642095
segformer,mitb2,ep-21,Qat,388848.0,74217.0,61.0,37.0,24573.0,49644.0,364275.0,100224804.0,0.0167791314293132,0.0266896683917662,0.0845172550789145,0.0222683125500415,132.91093762715658,125.32542451222736,0.0560397909197887,0.1061319685141394,0.3310966490157241,0.0631943587211455,1101870.0,62735.0,77.0,32.0,11427.0,51308.0,1090443.0,99510118.0,0.0077696185647558,0.0133330297664239,0.1041186594714721,0.0086459410261644,194.1441392164964,180.4341495220478,0.009909138051541,0.0196238209521683,0.1821471268032199,0.0103705518799858
segformer,mitb2,ep-21,Qc,16237424.0,16312358.0,748.0,768.0,13440683.0,2871675.0,2796741.0,81554197.0,0.4448239510699503,0.5182730740421443,0.5717845575057828,0.5406493039342578,93.64043591918828,77.04164957963894,0.703365606091632,0.8258539488835901,0.8239570882394808,0.8277595633396037,9341265.0,42026.0,453.0,42.0,10068.0,31958.0,9331197.0,91290073.0,0.0012384993498768,0.0019672620474917,0.0174554315515449,0.0019550294726671,209.6737048809345,195.51744666466345,0.0010741235965473,0.0021459421859558,0.2395659829629277,0.0010777983495811
segformer,mitb2,ep-21,Qca,7202703.0,5950749.0,431.0,435.0,3518488.0,2432261.0,3684215.0,91028332.0,0.223531289296422,0.2926847380047792,0.3684145699530923,0.3253466488216944,127.90713366476598,111.83144039803364,0.3651791537570872,0.5349908145785608,0.5912680907899157,0.4884954995367711,3590038.0,71701.0,248.0,22.0,3583.0,68118.0,3586455.0,97005140.0,0.0006242424230154,0.0010908044732992,0.0115627563505802,0.0006299747134622,213.27642517089845,190.49828033447267,0.0009794552227953,0.0019569936579313,0.0499714090458989,0.0009980395750685
segformer,mitb2,ep-21,Qr,62099929.0,66827187.0,1433.0,1475.0,57798993.0,9028194.0,4300936.0,29535173.0,0.7198793355465168,0.7827099109030872,0.7994056539088875,0.8256321836028558,75.67320684021847,59.11915836948901,0.8126039400758543,0.8966149991286549,0.8649023787279868,0.9307416921523372,75325588.0,93099813.0,1511.0,1536.0,73832811.0,19267002.0,1492777.0,6070706.0,0.7721829635515102,0.8290363932928054,0.7922486203455416,0.9587576396588702,75.37659672015081,59.83493761413544,0.7805348283623484,0.876741994516611,0.793050046190748,0.9801823385699956
segformer,mitb2,ep-21,af1,6362496.0,3770914.0,570.0,443.0,2885217.0,885697.0,3477279.0,93415103.0,0.1558160643257714,0.2007456482298855,0.3468535469228446,0.1898050257701165,118.57731330976252,106.25995950437174,0.3980601785852005,0.5694464153725153,0.7651240521528733,0.4534725051300621,1372643.0,438225.0,432.0,181.0,266183.0,172042.0,1106460.0,99118611.0,0.050767650653861,0.0713683561680152,0.1583197692489642,0.0625154589196962,144.4490995332012,131.90311575311375,0.172321864975707,0.2939838795538935,0.607411717724913,0.1939200505885361
segformer,mitb2,ep-51,Qaf,10183.0,0.0,10.0,0.0,0.0,0.0,10183.0,100653113.0,0.0,0.0,0.0,0.0,,,0.0,0.0,0.0,0.0,10275.0,0.0,6.0,0.0,0.0,0.0,10275.0,100653021.0,0.0,0.0,0.0,0.0,,,0.0,0.0,0.0,0.0
segformer,mitb2,ep-51,Qal,8361713.0,8094446.0,947.0,1027.0,6339204.0,1755242.0,2022509.0,90546341.0,0.3416307240559617,0.4144770590412686,0.5124842811194038,0.4095947342316496,97.80899235967097,86.06152934885203,0.6265920921858406,0.7704354339308462,0.7831547705673743,0.7581226478354376,9921617.0,10197506.0,842.0,874.0,7096210.0,3101296.0,2825407.0,87640383.0,0.2935520649810191,0.3587939071572429,0.4284152581326144,0.3745355293949048,108.12242377752818,91.69918255389388,0.5449018971408317,0.7054194161445307,0.6958770114967326,0.7152271650881101
segformer,mitb2,ep-51,Qat,388848.0,226243.0,61.0,65.0,75205.0,151038.0,313643.0,100123410.0,0.0616718363155158,0.0824829869267374,0.1312818183462218,0.0799621375010228,133.50646789550785,124.95680843353271,0.1392979258584219,0.244532922770777,0.3324080745039625,0.1934046208287042,1101870.0,605203.0,77.0,148.0,83870.0,521333.0,1018000.0,99040093.0,0.0224441548425223,0.0347386665156742,0.0947586774564115,0.0274182005565535,172.29157210841322,159.592485370058,0.0516694461506046,0.0982617615063913,0.1385815998929284,0.0761160572481327
segformer,mitb2,ep-51,Qc,16237424.0,17106703.0,748.0,769.0,13824162.0,3282541.0,2413262.0,81143331.0,0.4476331486478237,0.5203920360482877,0.560128522848626,0.5522375789373755,93.17255207023968,76.15123922904817,0.7082062903289017,0.829181222828236,0.8081137551753836,0.8513765483983173,9341265.0,296126.0,453.0,98.0,157754.0,138372.0,9183511.0,91183659.0,0.011294578499921,0.0177369154636315,0.0573682142546333,0.0160580500954575,158.24542285026388,142.5522263709535,0.0166413545160009,0.0327379059332551,0.5327259342306991,0.0168878626181785
segformer,mitb2,ep-51,Qca,7202703.0,5722095.0,431.0,438.0,3513983.0,2208112.0,3688720.0,91252481.0,0.2205621482169798,0.2899009021477193,0.3829260213894261,0.3046056920755364,124.4105240912248,107.55338696529375,0.3733983719794725,0.5437582854292965,0.6141077699688663,0.4878700399002985,3590038.0,459843.0,248.0,87.0,93423.0,366420.0,3496615.0,96706838.0,0.0103588811059522,0.0152985321006221,0.0356041977852911,0.0188463680196829,180.82622727103856,169.37754390550697,0.0236127869928102,0.0461361704208099,0.2031628186141791,0.0260228443264388
segformer,mitb2,ep-51,Qr,62099929.0,64623809.0,1433.0,1480.0,57182823.0,7440986.0,4917106.0,31122381.0,0.7211377213732173,0.7846840483199023,0.8117045877924963,0.8076572390216779,73.7434798468097,57.38136590160773,0.8222903451874339,0.902480054683993,0.8848568953897471,0.9208194585858543,75325588.0,88430363.0,1511.0,1532.0,71884744.0,16545619.0,3440844.0,8792089.0,0.7641048019573681,0.8226696248572769,0.8115691817059949,0.9267339764360084,73.79609412239465,58.141190544996086,0.7824512853085733,0.8779496996722885,0.8128966291815403,0.9543203831346128
segformer,mitb2,ep-51,af1,6362496.0,4890000.0,570.0,563.0,3799342.0,1090658.0,2563154.0,93210142.0,0.2070759495865984,0.2608565748116432,0.3969563959166408,0.2513763047441156,105.42711810131168,92.36455937845624,0.5097629808803092,0.675288753712954,0.776961554192229,0.5971464657895267,1372643.0,674255.0,432.0,275.0,397003.0,277252.0,975640.0,99013401.0,0.0862186328323238,0.1183029263040693,0.2786484783330158,0.1015973431514358,120.24864875410022,109.11256307547856,0.2406231911727716,0.3879069694728316,0.5888024560440783,0.2892252391918364
segformer,mitb2,ep-5,Qaf,10183.0,0.0,10.0,0.0,0.0,0.0,10183.0,100653113.0,0.0,0.0,0.0,0.0,,,0.0,0.0,0.0,0.0,10275.0,0.0,6.0,0.0,0.0,0.0,10275.0,100653021.0,0.0,0.0,0.0,0.0,,,0.0,0.0,0.0,0.0
segformer,mitb2,ep-5,Qal,8361713.0,8709058.0,947.0,1085.0,6643362.0,2065696.0,1718351.0,90235887.0,0.3587942750466307,0.432858985402169,0.5002440825559473,0.4516855921872921,100.29779604405309,87.58652320432891,0.6371057277987274,0.7783318046970462,0.7628106277395328,0.7944977303095669,9921617.0,15163263.0,842.0,1100.0,8214549.0,6948714.0,1707068.0,83792965.0,0.2958825767946908,0.3657692208210368,0.3782950410453459,0.4466690643028492,117.4140095872944,101.6664945557004,0.4869228114137179,0.6549402668061398,0.5417401914086698,0.8279445779856247
segformer,mitb2,ep-5,Qat,388848.0,98391.0,61.0,60.0,42851.0,55540.0,345997.0,100218908.0,0.0276866609171864,0.0409201443132049,0.0767251760924904,0.033924174990089,168.7289581298828,157.29642401801215,0.096426996228521,0.1758931448426747,0.4355174761919281,0.1101998724437312,1101870.0,271399.0,77.0,110.0,25933.0,245466.0,1075937.0,99315960.0,0.0121103988049606,0.0183005126951577,0.0691857958541197,0.0127748637480716,163.5314618278952,153.01147954604204,0.0192476115831537,0.0377682740963351,0.0955530418313995,0.0235354442901612
segformer,mitb2,ep-5,Qc,16237424.0,16854649.0,748.0,723.0,13817256.0,3037393.0,2420168.0,81388479.0,0.4681925028911511,0.5395285451645144,0.5814795977201771,0.5744987454884506,89.71456409911872,73.1684107609627,0.7168553662532827,0.8350795068051494,0.8197890089553334,0.8509512346293353,9341265.0,10364.0,453.0,19.0,2191.0,8173.0,9339074.0,91313858.0,0.0003567734933647,0.0006654058748604,0.0085653104925053,0.0003567734933647,161.56089477539064,145.44509735107422,0.000234345636604,0.0004685814631867,0.2114048629872636,0.0002345506738113
segformer,mitb2,ep-5,Qca,7202703.0,6270425.0,431.0,464.0,3689735.0,2580690.0,3512968.0,90879903.0,0.2285746284279643,0.2958378607104073,0.3924358030731079,0.3031341511755973,119.51736854021205,104.27584628747547,0.3771426743257681,0.5477176495317198,0.588434595741118,0.5122708794184627,3590038.0,215851.0,248.0,18.0,0.0,215851.0,3590038.0,96857407.0,0.0,0.0,0.0,0.0,,,0.0,0.0,0.0,0.0
segformer,mitb2,ep-5,Qr,62099929.0,64420575.0,1433.0,1467.0,56934051.0,7486524.0,5165878.0,31076843.0,0.7208720978654484,0.7841673372271123,0.8026795715565491,0.8168495641043658,73.51499096218087,57.371560100311896,0.8181772248112719,0.8999972210037988,0.8837867560170023,0.9168134636675672,75325588.0,84497970.0,1511.0,1534.0,68956212.0,15541758.0,6369376.0,9795950.0,0.7453756239592622,0.8096063295706699,0.8181025474473245,0.8968010783731492,79.28528622588706,62.53743267327922,0.7588667990809371,0.8629042284241977,0.8160694511359267,0.915442067309186
segformer,mitb2,ep-5,af1,6362496.0,4310198.0,570.0,447.0,3356437.0,953761.0,3006059.0,93347039.0,0.1759629142805437,0.2200265838666457,0.3454474204501869,0.2157575569587428,121.26422999083108,106.59724328767008,0.4587642287579564,0.628976526451522,0.778719910315025,0.5275346342064497,1372643.0,504449.0,432.0,176.0,264522.0,239927.0,1108121.0,99050726.0,0.045283634603254,0.0630204269219324,0.1296643204237493,0.0582159286029018,136.8336560017354,124.1593499656196,0.1640375301537297,0.2818423391075131,0.5243780838102563,0.1927099763011941
segformer,mitb2,nhd,Qaf,10183.0,0.0,10.0,0.0,0.0,0.0,10183.0,100653113.0,0.0,0.0,0.0,0.0,,,0.0,0.0,0.0,0.0,10275.0,0.0,6.0,0.0,0.0,0.0,10275.0,100653021.0,0.0,0.0,0.0,0.0,,,0.0,0.0,0.0,0.0
segformer,mitb2,nhd,Qal,8361713.0,2734121.0,947.0,581.0,1383987.0,1350134.0,6977726.0,90951449.0,0.0690012918429375,0.1003205929593974,0.2180052717709141,0.1082142301027441,151.57219688079198,139.68610156605803,0.1425050250482735,0.2494606534308281,0.5061908379329225,0.1655147695215083,9921617.0,2509840.0,842.0,542.0,1659163.0,850677.0,8262454.0,89891002.0,0.0762302119869308,0.1118415899775971,0.2697994127047016,0.0944734427967577,156.67356921795914,144.31176778367887,0.1540213254484142,0.266929773396634,0.661063255028209,0.1672270759897303
segformer,mitb2,nhd,Qat,388848.0,0.0,61.0,0.0,0.0,0.0,388848.0,100274448.0,0.0,0.0,0.0,0.0,,,0.0,0.0,0.0,0.0,1101870.0,0.0,77.0,0.0,0.0,0.0,1101870.0,99561426.0,0.0,0.0,0.0,0.0,,,0.0,0.0,0.0,0.0
segformer,mitb2,nhd,Qc,16237424.0,135922.0,748.0,95.0,23110.0,112812.0,16214314.0,84313060.0,0.0020172153663083,0.0035720387610967,0.0287153885696198,0.0028048623218722,190.15596707661948,176.83245421147,0.0014134352556134,0.0028228805523318,0.170023984343962,0.0014232553143897,9341265.0,108668.0,453.0,90.0,4381.0,104287.0,9336884.0,91217744.0,0.0008448053678532,0.0015684387086504,0.0067320755274333,0.0015453264690531,147.13904630220853,135.34473653940054,0.0004638161962371,0.0009272023410113,0.0403154562520705,0.0004689942957404
segformer,mitb2,nhd,Qca,7202703.0,0.0,431.0,0.0,0.0,0.0,7202703.0,93460593.0,0.0,0.0,0.0,0.0,,,0.0,0.0,0.0,0.0,3590038.0,0.0,248.0,0.0,0.0,0.0,3590038.0,97073258.0,0.0,0.0,0.0,0.0,,,0.0,0.0,0.0,0.0
segformer,mitb2,nhd,Qr,62099929.0,97767770.0,1433.0,1536.0,61487348.0,36280422.0,612581.0,2282945.0,0.6169838279464935,0.6852375183226892,0.6224789088513868,0.9212158897013676,107.1610261688512,91.9794432399827,0.6249962251100324,0.769227910135868,0.6289122478706428,0.9901355603804314,75325588.0,97725180.0,1511.0,1536.0,74448988.0,23276192.0,876600.0,2061516.0,0.750604850872719,0.8118638347367172,0.7594627002807025,0.9701448149086596,80.50614825390097,66.3599945416441,0.7550470995554036,0.8604294434567318,0.7618199117156909,0.9883625203164692
segformer,mitb2,nhd,af1,6362496.0,25483.0,570.0,6.0,1198.0,24285.0,6361298.0,94276515.0,5.8780277350545365e-05,0.0001147295451917,0.0036033991652487,0.0001021514672907,198.16622009277344,191.25303955078124,0.0001875749301565,0.0003750795048011,0.0470117333124043,0.0001882908845836,1372643.0,319608.0,432.0,19.0,7569.0,312039.0,1365074.0,98978614.0,0.0004813433593126,0.0009129358848341,0.0027947118294651,0.0075455273157344,166.1758026123047,158.07041015625,0.0044928360367119,0.0089454814918117,0.0236821356161297,0.0055141795791039
segformer,mitb2,nir,Qaf,10183.0,0.0,10.0,0.0,0.0,0.0,10183.0,100653113.0,0.0,0.0,0.0,0.0,,,0.0,0.0,0.0,0.0,10275.0,0.0,6.0,0.0,0.0,0.0,10275.0,100653021.0,0.0,0.0,0.0,0.0,,,0.0,0.0,0.0,0.0
segformer,mitb2,nir,Qal,8361713.0,3450244.0,947.0,317.0,2453803.0,996441.0,5907910.0,91305142.0,0.0711023600971764,0.0896826167107558,0.1540583129946479,0.0934720764212138,148.70307238660337,136.07183707070615,0.2622101538401697,0.4154778077840954,0.7111969472303987,0.2934569746653586,9921617.0,282288.0,842.0,98.0,179791.0,102497.0,9741826.0,90639182.0,0.007535235347882,0.0108218800461748,0.0378212436528744,0.0089296846857582,180.99998794063444,169.03759110358453,0.0179358494925337,0.0352396459982722,0.6369062801110922,0.0181211389232218
segformer,mitb2,nir,Qat,388848.0,9578.0,61.0,2.0,5511.0,4067.0,383337.0,100270381.0,0.0053959262947882,0.0080865265861634,0.0093713335452541,0.0071115368796933,120.22062683105467,102.39945220947266,0.0140259343623939,0.0276638572783904,0.5753810816454374,0.0141726330082705,1101870.0,64472.0,77.0,9.0,751.0,63721.0,1101119.0,99497705.0,0.0005866641021636,0.0011445736310568,0.0015543789928217,0.0010054225483572,194.5623779296875,184.39115397135416,0.0006443083380019,0.0012877869441381,0.0116484675518054,0.0006815686060969
segformer,mitb2,nir,Qc,16237424.0,20258729.0,748.0,728.0,13550809.0,6707920.0,2686615.0,77717952.0,0.3540011406060075,0.428738058658483,0.4430203942109032,0.4995891544034073,108.97460467644817,93.08399212181864,0.5905690060693795,0.7425883489692735,0.6688874213184844,0.834541796777617,9341265.0,3126671.0,453.0,287.0,1138188.0,1988483.0,8203077.0,89333548.0,0.0519107893506764,0.0756245218727076,0.1562628177376893,0.0828051892140009,163.1475727558136,146.08243988860738,0.100460133799975,0.1825784155452835,0.3640255082802124,0.1218451676512763
segformer,mitb2,nir,Qca,7202703.0,2754947.0,431.0,259.0,1250187.0,1504760.0,5952516.0,91955833.0,0.0736467627080245,0.1041465847209658,0.1903466724264556,0.1038707841628978,158.6671020972035,142.33222699039197,0.1435764929463381,0.2511008119385598,0.4537971147902301,0.1735719215411214,3590038.0,333277.0,248.0,78.0,92352.0,240925.0,3497686.0,96832333.0,0.0098625384052126,0.0149880624186815,0.042325939624807,0.0124039201361869,172.77033184420677,157.29564519082345,0.0241067324325502,0.0470785547426092,0.2771028303783339,0.0257245187933943
segformer,mitb2,nir,Qr,62099929.0,69009117.0,1433.0,1434.0,56008799.0,13000318.0,6091130.0,25563049.0,0.6192440594658686,0.6790701787702149,0.7005893866147286,0.7338715519588463,95.25455981744474,79.60972054237617,0.7457871476774237,0.854384967456784,0.8116144856628147,0.9019140585490848,75325588.0,65981445.0,1511.0,1316.0,55281716.0,10699729.0,20043872.0,14637979.0,0.5631624825043763,0.6162477699650872,0.6794369492515724,0.6612159155040964,94.9610686318653,80.07345425414746,0.6426214738621655,0.7824340349712106,0.8378373041087536,0.7339035441714706
segformer,mitb2,nir,af1,6362496.0,5180681.0,570.0,422.0,3571888.0,1608793.0,2790608.0,92692007.0,0.1510618375100786,0.1897007930298247,0.2661458782133467,0.2016758791093404,125.68412166994972,112.22006697590288,0.4480941539066015,0.6188743358955684,0.6894630261928886,0.5613972881083147,1372643.0,30875143.0,432.0,923.0,366764.0,30508379.0,1005879.0,68782274.0,0.0197685510849917,0.0315234711113447,0.0446870024509018,0.1325606145914626,198.11107167889995,182.2270774465308,0.0115041481418004,0.0227466158451932,0.0118789409331642,0.2671954761726101
segformer,mitb2,osm,Qaf,10183.0,0.0,10.0,0.0,0.0,0.0,10183.0,100653113.0,0.0,0.0,0.0,0.0,,,0.0,0.0,0.0,0.0,10275.0,0.0,6.0,0.0,0.0,0.0,10275.0,100653021.0,0.0,0.0,0.0,0.0,,,0.0,0.0,0.0,0.0
segformer,mitb2,osm,Qal,8361713.0,0.0,947.0,0.0,0.0,0.0,8361713.0,92301583.0,0.0,0.0,0.0,0.0,,,0.0,0.0,0.0,0.0,9921617.0,0.0,842.0,0.0,0.0,0.0,9921617.0,90741679.0,0.0,0.0,0.0,0.0,,,0.0,0.0,0.0,0.0
segformer,mitb2,osm,Qat,388848.0,0.0,61.0,0.0,0.0,0.0,388848.0,100274448.0,0.0,0.0,0.0,0.0,,,0.0,0.0,0.0,0.0,1101870.0,0.0,77.0,0.0,0.0,0.0,1101870.0,99561426.0,0.0,0.0,0.0,0.0,,,0.0,0.0,0.0,0.0
segformer,mitb2,osm,Qc,16237424.0,0.0,748.0,0.0,0.0,0.0,16237424.0,84425872.0,0.0,0.0,0.0,0.0,,,0.0,0.0,0.0,0.0,9341265.0,0.0,453.0,0.0,0.0,0.0,9341265.0,91322031.0,0.0,0.0,0.0,0.0,,,0.0,0.0,0.0,0.0
segformer,mitb2,osm,Qca,7202703.0,2418.0,431.0,1.0,2417.0,1.0,7200286.0,93460592.0,0.0001764874516396,0.0003280234447488,0.0023192261321915,0.0001764930006799,165.85536193847656,147.99603271484375,0.00033556841986,0.0006709117029401,0.999586435070306,0.0003355684664493,3590038.0,0.0,248.0,0.0,0.0,0.0,3590038.0,97073258.0,0.0,0.0,0.0,0.0,,,0.0,0.0,0.0,0.0
segformer,mitb2,osm,Qr,62099929.0,97247612.0,1433.0,1533.0,61104112.0,36143500.0,995817.0,2419867.0,0.6143947351601048,0.6815830953121913,0.6246192510323204,0.913004852681351,107.02247634390532,91.77958445554007,0.6219664014373928,0.7669288351302516,0.6283353466818291,0.9839642811829946,75325588.0,100115298.0,1511.0,1536.0,75091856.0,25023442.0,233732.0,314266.0,0.7480973086549056,0.8093262931342906,0.7501160643787443,0.9800805088986332,82.5162356672975,68.05425439616215,0.7483067449680381,0.8560359869591629,0.7500537630123221,0.9968970438040258
segformer,mitb2,osm,af1,6362496.0,3413266.0,570.0,549.0,2271925.0,1141341.0,4090571.0,93159459.0,0.1103800831381517,0.1458087679110267,0.2674285010657657,0.1436621330726074,127.535524426437,115.0638582473848,0.3027684370009636,0.4648077561626398,0.6656161576624852,0.3570807745890921,1372643.0,547998.0,432.0,433.0,292488.0,255510.0,1080155.0,99035143.0,0.0622058291694278,0.0861952307568965,0.1998830684483191,0.0779569902778203,131.26107199257666,119.334195217955,0.1796440506512594,0.3045733169290877,0.5337391742305629,0.2130838098471343
segformer,mitb2,plc-100,Qaf,10183.0,0.0,10.0,0.0,0.0,0.0,10183.0,100653113.0,0.0,0.0,0.0,0.0,,,0.0,0.0,0.0,0.0,10275.0,0.0,6.0,0.0,0.0,0.0,10275.0,100653021.0,0.0,0.0,0.0,0.0,,,0.0,0.0,0.0,0.0
segformer,mitb2,plc-100,Qal,8361713.0,8562491.0,947.0,921.0,4792904.0,3769587.0,3568809.0,88531996.0,0.1860954708971971,0.2518176518164512,0.3194263290885855,0.3181822557430809,114.41852355210678,103.7801172187363,0.3950857698680273,0.5663963870915288,0.5597558000352935,0.5731964251822563,9921617.0,7400548.0,842.0,978.0,4198165.0,3202383.0,5723452.0,87539296.0,0.1570700089636607,0.2170300048142883,0.3243236753785974,0.227807519467113,133.2800901597351,120.43248545953476,0.3198845626333434,0.4847159693952805,0.5672775853896225,0.423133144526744
segformer,mitb2,plc-100,Qat,388848.0,0.0,61.0,0.0,0.0,0.0,388848.0,100274448.0,0.0,0.0,0.0,0.0,,,0.0,0.0,0.0,0.0,1101870.0,0.0,77.0,0.0,0.0,0.0,1101870.0,99561426.0,0.0,0.0,0.0,0.0,,,0.0,0.0,0.0,0.0
segformer,mitb2,plc-100,Qc,16237424.0,14342613.0,748.0,700.0,7474577.0,6868036.0,8762847.0,77557836.0,0.1861761114409763,0.2418049493112553,0.3142707599552993,0.2732707933493793,134.75892447257527,118.2817243186795,0.3234982986705307,0.4888533653507352,0.521144717493249,0.4603302223308327,9341265.0,7498626.0,453.0,487.0,1442154.0,6056472.0,7899111.0,85265559.0,0.0485671716712816,0.0706988686261513,0.1249561294025922,0.0892195909511342,167.69892908421957,151.77210910145828,0.0936601268095435,0.1712783057800077,0.1923224334698116,0.1543853000637494
segformer,mitb2,plc-100,Qca,7202703.0,3609387.0,431.0,265.0,1524012.0,2085375.0,5678691.0,91375218.0,0.0776042572896195,0.1100326375315332,0.190151377129979,0.1146268260256531,145.57209799483016,130.8136950106234,0.1640826013735026,0.2819088631337696,0.4222356871125207,0.2115888993340416,3590038.0,1032367.0,248.0,94.0,127621.0,904746.0,3462417.0,96168512.0,0.0105204511633149,0.0163287937095284,0.037765846061059,0.0149056965470291,182.18574129301925,165.6547534548003,0.0283931330181828,0.0552184414823019,0.1236197979981925,0.0355486487886757
segformer,mitb2,plc-100,Qr,62099929.0,74148805.0,1433.0,1501.0,55810110.0,18338695.0,6289819.0,20224672.0,0.6252783775513658,0.7014642760966503,0.7015254585584634,0.821125505108366,96.75695564514828,80.79299938073447,0.6938222861693905,0.819238584631546,0.7526771335020167,0.8987145540858831,75325588.0,84731755.0,1511.0,1532.0,68358231.0,16373524.0,6967357.0,8964184.0,0.7140208943450025,0.7836568268724164,0.7942709521042749,0.8763034943503195,85.81691038553178,69.58764751857689,0.7454623006600107,0.8541717576806207,0.8067604760458461,0.9075034502219884
segformer,mitb2,plc-100,af1,6362496.0,0.0,570.0,0.0,0.0,0.0,6362496.0,94300800.0,0.0,0.0,0.0,0.0,,,0.0,0.0,0.0,0.0,1372643.0,0.0,432.0,0.0,0.0,0.0,1372643.0,99290653.0,0.0,0.0,0.0,0.0,,,0.0,0.0,0.0,0.0
segformer,mitb2,plc-10,Qaf,10183.0,0.0,10.0,0.0,0.0,0.0,10183.0,100653113.0,0.0,0.0,0.0,0.0,,,0.0,0.0,0.0,0.0,10275.0,0.0,6.0,0.0,0.0,0.0,10275.0,100653021.0,0.0,0.0,0.0,0.0,,,0.0,0.0,0.0,0.0
segformer,mitb2,plc-10,Qal,8361713.0,7394415.0,947.0,981.0,5619786.0,1774629.0,2741927.0,90526954.0,0.2640795293607911,0.3308804100684198,0.4608395156978385,0.3383488387753398,108.1569577551143,95.34243913257824,0.5544195332004386,0.713346070811306,0.7600041382584017,0.6720854925300593,9921617.0,7352693.0,842.0,1095.0,5620287.0,1732406.0,4301330.0,89009273.0,0.2441529913476566,0.3104487726776825,0.4454251910025601,0.2918952305853222,118.22742970914256,102.79849291626287,0.4822615332061726,0.6507104480584174,0.7643848315168333,0.5664688528089725
segformer,mitb2,plc-10,Qat,388848.0,254683.0,61.0,71.0,58682.0,196001.0,330166.0,100078447.0,0.0335290173086156,0.0498483100946193,0.0811013319504867,0.0485860517225846,140.2541339271947,130.6169618305407,0.100337010065846,0.1823750526392668,0.2304119238425807,0.1509124387935645,1101870.0,308032.0,77.0,98.0,57415.0,250617.0,1044455.0,99310809.0,0.0198256508602716,0.0309043689054829,0.084032024014486,0.0287201217888401,169.2563118770205,161.11461665712554,0.0424514246717343,0.0814453770545754,0.1863929721587367,0.0521068728615898
segformer,mitb2,plc-10,Qc,16237424.0,15681226.0,748.0,738.0,12157500.0,3523726.0,4079924.0,80902146.0,0.365883420711864,0.4370286313146224,0.5024913218562387,0.4656559258942407,105.95732415663568,89.53923560600532,0.6152222922248958,0.7617803384541639,0.7752901463189167,0.7487332966115807,9341265.0,4483220.0,453.0,519.0,2476368.0,2006852.0,6864897.0,89315179.0,0.0957305904443329,0.1336297891027747,0.2487091640821486,0.133445600677941,149.85988005253307,131.8513729764704,0.2182184057496058,0.3582582642319045,0.5523637028742734,0.2650998553193812
segformer,mitb2,plc-10,Qca,7202703.0,5104528.0,431.0,366.0,2901337.0,2203191.0,4301366.0,91257402.0,0.1871460843496288,0.2524975079483682,0.3664786026000265,0.2662920992315233,130.12218466583565,114.865519656616,0.3084594616949755,0.4714849343446954,0.5683849711471854,0.4028122497901135,3590038.0,2079987.0,248.0,210.0,729197.0,1350790.0,2860841.0,95722468.0,0.0703886659031418,0.1036668440607742,0.1819204869778288,0.1033306349568685,149.57981212555416,133.57073693048386,0.1475859916596975,0.2572112115907778,0.35057767187968,0.2031167915214267
segformer,mitb2,plc-10,Qr,62099929.0,67146630.0,1433.0,1463.0,57047591.0,10099039.0,5052338.0,28464328.0,0.6907963090661603,0.7584360988630603,0.7662362395888195,0.8190507936504049,78.50501327067187,62.62453346573521,0.7901441333621279,0.8827715250817625,0.8495972322065902,0.9186418071428069,75325588.0,84895831.0,1511.0,1533.0,71362256.0,13533575.0,3963332.0,11804133.0,0.76635314590661,0.8284188250471799,0.8130707953971716,0.9163066792718318,76.04112540665052,58.304777899641074,0.8030939476663763,0.8907954560057916,0.8405861060480108,0.9473839885591068
segformer,mitb2,plc-10,af1,6362496.0,5081814.0,570.0,488.0,3493705.0,1588109.0,2868791.0,92712691.0,0.1662286639678981,0.209168193700664,0.3066736023205192,0.2149826392770022,119.67339988253008,107.15154646403754,0.4394263078092799,0.6105575609189196,0.6874917106371858,0.5491091860804314,1372643.0,1543533.0,432.0,415.0,417058.0,1126475.0,955585.0,98164178.0,0.0715283578797806,0.1052383472395905,0.1835216125901488,0.110085862907703,141.97482238467043,130.08954012446466,0.1668820759964115,0.2860307471154004,0.270197009069453,0.3038357387900568
segformer,mitb2,plc-200,Qaf,10183.0,0.0,10.0,0.0,0.0,0.0,10183.0,100653113.0,0.0,0.0,0.0,0.0,,,0.0,0.0,0.0,0.0,10275.0,0.0,6.0,0.0,0.0,0.0,10275.0,100653021.0,0.0,0.0,0.0,0.0,,,0.0,0.0,0.0,0.0
segformer,mitb2,plc-200,Qal,8361713.0,10358371.0,947.0,476.0,4285903.0,6072468.0,4075810.0,86229115.0,0.1156580267414997,0.1553067262012406,0.1636357833697649,0.2469266106537735,123.02858954487424,110.57969840126808,0.2969273421193762,0.4578935650075074,0.4137622604944349,0.512562796642267,9921617.0,9530614.0,842.0,506.0,3982534.0,5548080.0,5939083.0,85193599.0,0.1142369070448081,0.1533967466750556,0.1883833247331677,0.2001517108488587,128.50523433739335,116.62947459936818,0.2574409828453654,0.4094680964872358,0.4178675161957036,0.4013996911995293
segformer,mitb2,plc-200,Qat,388848.0,0.0,61.0,0.0,0.0,0.0,388848.0,100274448.0,0.0,0.0,0.0,0.0,,,0.0,0.0,0.0,0.0,1101870.0,0.0,77.0,0.0,0.0,0.0,1101870.0,99561426.0,0.0,0.0,0.0,0.0,,,0.0,0.0,0.0,0.0
segformer,mitb2,plc-200,Qc,16237424.0,1312923.0,748.0,182.0,542923.0,770000.0,15694501.0,83655872.0,0.0234656248009865,0.033842164755065,0.0879948064220946,0.0356200141245534,183.89499811487875,170.1304901153084,0.0319227062252343,0.0618703436461968,0.4135223467027388,0.0334365229361504,9341265.0,1247140.0,453.0,174.0,182476.0,1064664.0,9158789.0,90257367.0,0.0109907809642619,0.0174527284481657,0.0451413525626953,0.0277187841506551,179.99072333305114,163.7047303107477,0.0175357721545092,0.0344671364572851,0.1463155700242154,0.0195343992489239
segformer,mitb2,plc-200,Qca,7202703.0,292796.0,431.0,52.0,58795.0,234001.0,7143908.0,93226592.0,0.0054725105479487,0.0087930378096899,0.0228643435412985,0.0088568153336573,167.79594831113462,155.95922357064703,0.0079060562313627,0.0156880816073753,0.2008053388707496,0.0081629077306116,3590038.0,427442.0,248.0,50.0,48743.0,378699.0,3541295.0,96694559.0,0.0050784480088112,0.0079883360156887,0.0241188015331301,0.0079445844450802,169.08804321289062,149.19349787785455,0.0122817410173564,0.0242654599400619,0.1140341847548907,0.0135772936108197
segformer,mitb2,plc-200,Qr,62099929.0,88699206.0,1433.0,1528.0,58504952.0,30194254.0,3594977.0,8369113.0,0.601516507018192,0.6742531325544001,0.6395838612843862,0.870143161217027,106.50470857503532,91.71066663231883,0.6338964179356785,0.7759321961627963,0.6595882267536871,0.942109804988666,75325588.0,89458100.0,1511.0,1532.0,70089074.0,19369026.0,5236514.0,5968682.0,0.7158618906056896,0.783247080160057,0.7694598221119312,0.9038985901069432,85.80718680810834,71.3463912502218,0.7401590337545492,0.8506797590305176,0.7834849387590391,0.9304816047370252
segformer,mitb2,plc-200,af1,6362496.0,0.0,570.0,0.0,0.0,0.0,6362496.0,94300800.0,0.0,0.0,0.0,0.0,,,0.0,0.0,0.0,0.0,1372643.0,0.0,432.0,0.0,0.0,0.0,1372643.0,99290653.0,0.0,0.0,0.0,0.0,,,0.0,0.0,0.0,0.0
segformer,mitb2,plc-20,Qaf,10183.0,0.0,10.0,0.0,0.0,0.0,10183.0,100653113.0,0.0,0.0,0.0,0.0,,,0.0,0.0,0.0,0.0,10275.0,0.0,6.0,0.0,0.0,0.0,10275.0,100653021.0,0.0,0.0,0.0,0.0,,,0.0,0.0,0.0,0.0
segformer,mitb2,plc-20,Qal,8361713.0,7365191.0,947.0,1115.0,5266660.0,2098531.0,3095053.0,90203052.0,0.2400639265132506,0.312413603412473,0.4301871413316446,0.3199832447199086,113.04258396235484,101.5246214450212,0.5034930351529084,0.669764373204033,0.7150744631062521,0.6298541937519262,9921617.0,7474658.0,842.0,1234.0,5152043.0,2322615.0,4769574.0,88419064.0,0.1980574995341226,0.261998538198825,0.3829626981347933,0.2538629516460873,124.1618871222714,109.77615945279362,0.4207730627776409,0.5923156537822034,0.6892680574816935,0.519274529544932
segformer,mitb2,plc-20,Qat,388848.0,171100.0,61.0,56.0,26285.0,144815.0,362563.0,100129633.0,0.0290767771699803,0.044818152715164,0.1264723952138616,0.0439001619732896,171.226198832194,156.90545638402304,0.0492539299145715,0.0938837177737932,0.1536236119228521,0.0675971073530016,1101870.0,52785.0,77.0,42.0,4255.0,48530.0,1097615.0,99512896.0,0.002301919025715,0.0042544172146494,0.0422079653197198,0.0023659970274904,191.8940788269043,182.40703430175785,0.0036987134909596,0.007370166846374,0.0806100217864923,0.0038616170691642
segformer,mitb2,plc-20,Qc,16237424.0,14290922.0,748.0,583.0,10806337.0,3484585.0,5431087.0,80941287.0,0.3157724081929556,0.3820478657100979,0.4429951535291729,0.4056850846982088,108.03679012876796,91.80081372749147,0.5479328703277643,0.7079543058113925,0.7561679365404136,0.6655204052071314,9341265.0,2441386.0,453.0,251.0,1420130.0,1021256.0,7921135.0,90300775.0,0.0707036511669791,0.1000199270238365,0.213390893461767,0.0944724557944563,159.53618007831358,141.57384498467607,0.1370448368693294,0.2410544112695861,0.5816900727701396,0.1520275894110701
segformer,mitb2,plc-20,Qca,7202703.0,8012744.0,431.0,423.0,3794040.0,4218704.0,3408663.0,89241889.0,0.1932335198227266,0.2556180712096811,0.2856691400570609,0.3081363249785105,132.94888177165737,116.26430600958984,0.332186743717302,0.4987089764763401,0.4735007133636117,0.5267522484267365,3590038.0,3138686.0,248.0,200.0,952635.0,2186051.0,2637403.0,94887207.0,0.0684498770793286,0.0954663662443381,0.1326293454423155,0.1196749655328081,148.26944660005114,131.80890404837473,0.1649273409741435,0.2831547259183167,0.3035139545657004,0.2653551299456997
segformer,mitb2,plc-20,Qr,62099929.0,66727718.0,1433.0,1451.0,55449325.0,11278393.0,6650604.0,27284974.0,0.6539744215766838,0.7239789006250198,0.7518396094743218,0.7822042374405389,86.20672374460241,69.44207999620197,0.7556635732280713,0.8608295857487795,0.8309788894623971,0.8929048050924503,75325588.0,85733641.0,1511.0,1528.0,70832208.0,14901433.0,4493380.0,10436275.0,0.7510199819612857,0.8135869766683731,0.8047503675589146,0.9094628690384666,82.15389274758753,63.25692564546072,0.7850442939925946,0.8795796234688296,0.8261891968404794,0.9403472296824288
segformer,mitb2,plc-20,af1,6362496.0,4095621.0,570.0,239.0,2349293.0,1746328.0,4013203.0,92554472.0,0.0886281780282462,0.1166273106411512,0.1887026092435202,0.1313332290921365,141.5456709913028,126.49558512369792,0.2897205562730181,0.4492764806513448,0.5736109371448188,0.3692407822338906,1372643.0,1822140.0,432.0,225.0,178238.0,1643902.0,1194405.0,97646751.0,0.018943316090385,0.0295282546733548,0.0571985965234356,0.0438347526266565,164.92804047820766,153.10236015669796,0.0590868029484062,0.1115806613469522,0.0978179503221486,0.1298502232554276
segformer,mitb2,plc-50,Qaf,10183.0,0.0,10.0,0.0,0.0,0.0,10183.0,100653113.0,0.0,0.0,0.0,0.0,,,0.0,0.0,0.0,0.0,10275.0,0.0,6.0,0.0,0.0,0.0,10275.0,100653021.0,0.0,0.0,0.0,0.0,,,0.0,0.0,0.0,0.0
segformer,mitb2,plc-50,Qal,8361713.0,7090700.0,947.0,982.0,5106047.0,1984653.0,3255666.0,90316930.0,0.2177193417584766,0.285318433206675,0.4240101126513669,0.3018698692796513,110.6961055935725,100.00972284101272,0.493511151644935,0.6608737418550746,0.7201047851411003,0.6106460482439423,9921617.0,6674449.0,842.0,972.0,4777047.0,1897402.0,5144570.0,88844277.0,0.1883156939569037,0.2507420206691194,0.4058391560862515,0.2429401919083076,126.93047797752148,113.35996204145027,0.4041830375262109,0.5756842615593358,0.7157215524457524,0.4814786742927085
segformer,mitb2,plc-50,Qat,388848.0,166227.0,61.0,40.0,54502.0,111725.0,334346.0,100162723.0,0.0423673064729502,0.0590527598247971,0.081765851828941,0.0536715461071147,123.91860783894856,115.75936800638834,0.1088792244088274,0.1963770661622303,0.3278769393660476,0.1401627371106447,1101870.0,36389.0,77.0,16.0,3184.0,33205.0,1098686.0,99528221.0,0.0017150437925676,0.0032795530601217,0.0279869088198898,0.0115118644493699,211.20658042214131,201.19183627041903,0.0028051009845164,0.0055945088068708,0.0874989694687955,0.0028896330783123
segformer,mitb2,plc-50,Qc,16237424.0,15033314.0,748.0,697.0,10603174.0,4430140.0,5634250.0,79995732.0,0.2936724400911187,0.3576911349985257,0.4100946923906118,0.3900737822021334,112.38568186048252,96.77894691211074,0.5130345308232745,0.6781531027505651,0.705311816143799,0.6530083835958216,9341265.0,3476342.0,453.0,297.0,1485483.0,1990859.0,7855782.0,89331172.0,0.0689418558091724,0.0948949055847786,0.1685481785493463,0.1147295699413809,164.20142065265222,145.40321812658252,0.1310860170608793,0.231787883650981,0.4273120999027138,0.1590237510658353
segformer,mitb2,plc-50,Qca,7202703.0,5729243.0,431.0,379.0,2777422.0,2951821.0,4425281.0,90508772.0,0.1570388126944931,0.2141060703372663,0.2820464173588803,0.2445101287493722,135.03255456835566,119.62395393720236,0.2735157256017121,0.429544323800919,0.4847799264230894,0.3856082917760179,3590038.0,1325850.0,248.0,122.0,368941.0,956909.0,3221097.0,96116349.0,0.0358539160888511,0.0536955021881162,0.0892659534221163,0.0574307548382078,152.2215218125728,138.42630041691294,0.0811403783681666,0.1501014669170656,0.2782675264924388,0.1027679929850324
segformer,mitb2,plc-50,Qr,62099929.0,71303598.0,1433.0,1476.0,57029318.0,14274280.0,5070611.0,24289087.0,0.6632407970590749,0.7336203508888548,0.742423949659209,0.8180505661603068,86.87213947377032,70.40515623369645,0.7467091148531568,0.8549896585567787,0.799809821658649,0.9183475555986546,75325588.0,87552824.0,1511.0,1529.0,71082750.0,16470074.0,4242838.0,8867634.0,0.7471579898896185,0.8088734757019426,0.797790079105741,0.9142825983105992,78.60852587056715,62.36789988204095,0.7743584876592534,0.8728320607644431,0.8118841489339054,0.9436733504157976
segformer,mitb2,plc-50,af1,6362496.0,1340214.0,570.0,93.0,583834.0,756380.0,5778662.0,93544420.0,0.0181478236592199,0.0243810032872862,0.0555906251823733,0.0312188502818024,173.23177574620104,158.68509754990086,0.0820121041580159,0.1515918423515879,0.4356274445722847,0.091761786569296,1372643.0,1597442.0,432.0,110.0,70841.0,1526601.0,1301802.0,97764052.0,0.0042424335752329,0.0071912725119593,0.0098400601760266,0.0233923177720008,192.3438038709687,179.27500487536918,0.0244343008039337,0.0477030118666637,0.0443465240052534,0.051609194816132
segformer,mitb2,plc-5,Qaf,10183.0,0.0,10.0,0.0,0.0,0.0,10183.0,100653113.0,0.0,0.0,0.0,0.0,,,0.0,0.0,0.0,0.0,10275.0,0.0,6.0,0.0,0.0,0.0,10275.0,100653021.0,0.0,0.0,0.0,0.0,,,0.0,0.0,0.0,0.0
segformer,mitb2,plc-5,Qal,8361713.0,7672630.0,947.0,953.0,5898458.0,1774172.0,2463255.0,90527411.0,0.2811097184005936,0.3478596958578143,0.458119270520647,0.3455273409443305,100.5236638848846,88.48017194593275,0.5819381336706169,0.735728055711419,0.7687661206131404,0.7054126349469302,9921617.0,8705983.0,842.0,1107.0,6213815.0,2492168.0,3707802.0,88249511.0,0.2505839756012614,0.3164109845557051,0.4138896071440356,0.3112478397258754,120.47583826643522,105.4069188735524,0.5005576461973523,0.6671621679658142,0.7137407688482736,0.6262905532434885
segformer,mitb2,plc-5,Qat,388848.0,159760.0,61.0,56.0,51821.0,107939.0,337027.0,100166509.0,0.0394821789911172,0.0561674038835917,0.1156882430271556,0.0479548377461469,130.0044621967134,118.27941304161436,0.104312310909907,0.1889181346243583,0.3243678017025538,0.1332680121795663,1101870.0,149596.0,77.0,66.0,43820.0,105776.0,1058050.0,99455650.0,0.0170382580415292,0.0282410834649772,0.1142678892510569,0.0199801294497113,181.4354384495662,163.06658627436713,0.0362854677612479,0.0700298689696723,0.2929222706489478,0.0397687567498888
segformer,mitb2,plc-5,Qc,16237424.0,14519180.0,748.0,685.0,12098028.0,2421152.0,4139396.0,82004720.0,0.3813347676147525,0.4511255685042069,0.5328962667669468,0.4554136418192975,96.4078454645271,79.70729939876459,0.6483896734670427,0.7866946558859359,0.8332445771730911,0.7450706466740045,9341265.0,6565518.0,453.0,542.0,3978888.0,2586630.0,5362377.0,88735401.0,0.1702589954949918,0.2334184059456954,0.360488969070922,0.2424354963273239,130.14859225743544,112.39480555860824,0.3335783891457797,0.5002756371291417,0.6060280392194493,0.4259474493015667
segformer,mitb2,plc-5,Qca,7202703.0,5786323.0,431.0,397.0,3564862.0,2221461.0,3637841.0,91239132.0,0.2300687243850347,0.2994392404747259,0.3914855347582033,0.3278301595917696,118.8691102794454,102.96372764020026,0.3782682474540977,0.5489036668338334,0.6160841695149061,0.4949339157813393,3590038.0,3928609.0,248.0,323.0,1178671.0,2749938.0,2411367.0,94323320.0,0.0992903548156535,0.1428025389098498,0.2052438054869458,0.1646065623144633,146.04722892973157,129.36462160746257,0.1859109561298023,0.3135327406646435,0.3000224761486826,0.328317137590187
segformer,mitb2,plc-5,Qr,62099929.0,67376272.0,1433.0,1481.0,57765066.0,9611206.0,4334863.0,28952161.0,0.7001380230600358,0.7660456486758395,0.7644988937840532,0.8289533893683955,78.29524483470156,61.28884185854866,0.8055243582464564,0.8922885527047554,0.8573502849786643,0.9301953630252944,75325588.0,79591056.0,1511.0,1533.0,68924748.0,10666308.0,6400840.0,14671400.0,0.7540271924770606,0.820198111775815,0.8280432054269391,0.8808145749299156,77.44582820886646,59.44757098374262,0.8015260879932221,0.8898301205130676,0.8659860977343987,0.9150243606462124
segformer,mitb2,plc-5,af1,6362496.0,5149131.0,570.0,491.0,3783750.0,1365381.0,2578746.0,92935419.0,0.1680572322252202,0.211964624546578,0.3108640480186625,0.2182647625392405,122.90043910714084,109.24404249842776,0.4896234761500474,0.6573788396722722,0.7348327319697247,0.5946958552115397,1372643.0,1722534.0,432.0,476.0,369236.0,1353298.0,1003407.0,97937355.0,0.0550956640799109,0.0814174996208593,0.1739930458880019,0.0878043329923327,142.85167257909282,130.8687245798301,0.1354526748744745,0.2385879708979486,0.2143562913707363,0.2689963814334827
segformer,mitb2,prc-100,Qaf,10183.0,0.0,10.0,0.0,0.0,0.0,10183.0,100653113.0,0.0,0.0,0.0,0.0,,,0.0,0.0,0.0,0.0,10275.0,0.0,6.0,0.0,0.0,0.0,10275.0,100653021.0,0.0,0.0,0.0,0.0,,,0.0,0.0,0.0,0.0
segformer,mitb2,prc-100,Qal,8361713.0,7213453.0,947.0,796.0,5141051.0,2072402.0,3220662.0,90229181.0,0.219081652647695,0.2837133345815684,0.3681343235379073,0.2989270954832855,112.90836912995084,102.22513858550184,0.4927155776987315,0.6601600265448214,0.7127031949885859,0.6148322718084201,9921617.0,7288592.0,842.0,929.0,4530759.0,2757833.0,5390858.0,87983846.0,0.1780230008612065,0.2348850140651645,0.3433299039593956,0.2281901666798339,129.89906284631778,117.95129950499732,0.3573308779166289,0.5265199277940203,0.6216233533170742,0.4566553012477704
segformer,mitb2,prc-100,Qat,388848.0,77283.0,61.0,25.0,15384.0,61899.0,373464.0,100212549.0,0.0123020950704812,0.0194805391992513,0.0341690023167011,0.0184126127606783,150.1143717765808,140.3086314201355,0.0341300108486578,0.0660071954021509,0.1990605954737782,0.0395630169114924,1101870.0,12076.0,77.0,10.0,0.0,12076.0,1101870.0,99549350.0,0.0,0.0,0.0,0.0,190.276107788086,188.6208648681641,0.0,0.0,0.0,0.0
segformer,mitb2,prc-100,Qc,16237424.0,17253933.0,748.0,715.0,13379582.0,3874351.0,2857842.0,80551521.0,0.4510794226353875,0.5366095486140818,0.5643304154401966,0.5728672557555794,90.74950409746243,75.92898985407268,0.6652611219049537,0.7989871536110048,0.7754511391692549,0.8239965896068243,9341265.0,10727826.0,453.0,452.0,6711545.0,4016281.0,2629720.0,87305750.0,0.2924606811491509,0.3757552391886027,0.3864337544787422,0.4447528999268517,107.698709121517,91.90124676727794,0.5024534446671567,0.6688439451492846,0.6256202328412113,0.7184835244477059
segformer,mitb2,prc-100,Qca,7202703.0,7022616.0,431.0,394.0,4214820.0,2807796.0,2987883.0,90652797.0,0.2666497386375879,0.3436711928080471,0.3990766506060721,0.3860590619971942,109.4529714228944,95.61485945956308,0.4210399501563309,0.5925800328273834,0.600178053306631,0.5851719833512502,3590038.0,5091810.0,248.0,365.0,1515021.0,3576789.0,2075017.0,93496469.0,0.1136874379835256,0.1629611143629846,0.2075221395610932,0.2021099577580735,141.95511406599874,127.28037910268765,0.2113935497536078,0.3490088746082631,0.2975407566268183,0.4220069536868412
segformer,mitb2,prc-100,Qr,62099929.0,68289710.0,1433.0,1472.0,57332482.0,10957228.0,4767447.0,27606139.0,0.6916496307499,0.7611402641148568,0.7787069112219958,0.814874268289597,78.90801073288223,64.14653837003972,0.7847620185931955,0.8794024193900867,0.8395478908901503,0.923229429135096,75325588.0,76866091.0,1511.0,1519.0,67406339.0,9459752.0,7919249.0,15877956.0,0.7294174204894891,0.7968294310086799,0.8375795980137755,0.8330101927088532,80.19610438502838,64.75230804495563,0.7950235146783631,0.8858084678860794,0.8769320531728353,0.89486641644271
segformer,mitb2,prc-100,af1,6362496.0,806301.0,570.0,72.0,181851.0,624450.0,6180645.0,93676350.0,0.0051710453414995,0.0070420341269527,0.0198437392861507,0.0131897941305419,189.26287552804655,179.6868221398556,0.0260272513913804,0.0507340352921138,0.2255373613576071,0.0285817075562798,1372643.0,676901.0,432.0,54.0,8221.0,668680.0,1364422.0,98621973.0,0.0006174085717489,0.0011722218428348,0.001863976709672,0.0068743629818861,184.26714706420896,175.282354566786,0.0040272901446757,0.0080222722712954,0.0121450551853225,0.0059891756268745
segformer,mitb2,prc-10,Qaf,10183.0,0.0,10.0,0.0,0.0,0.0,10183.0,100653113.0,0.0,0.0,0.0,0.0,,,0.0,0.0,0.0,0.0,10275.0,0.0,6.0,0.0,0.0,0.0,10275.0,100653021.0,0.0,0.0,0.0,0.0,,,0.0,0.0,0.0,0.0
segformer,mitb2,prc-10,Qal,8361713.0,8680940.0,947.0,1192.0,6076634.0,2604306.0,2285079.0,89697277.0,0.2881841164731247,0.3612457229041348,0.420159866140822,0.3895328881907478,116.99762113116404,103.60203141801888,0.5541330905955936,0.7131089273483419,0.6999972353224421,0.7267211873930617,9921617.0,11040265.0,842.0,1298.0,7175688.0,3864577.0,2745929.0,86877102.0,0.2662500946403358,0.3319158649074127,0.3703468222471014,0.3547730282198826,122.12537774631298,105.88115143175388,0.5204981157236,0.6846415794154361,0.6499561378282134,0.723237754491027
segformer,mitb2,prc-10,Qat,388848.0,51127.0,61.0,24.0,26516.0,24611.0,362332.0,100249837.0,0.0341678684754428,0.0486826333414081,0.1097316114415585,0.0432772324125374,132.49380029950822,118.1565306527274,0.0641321146715877,0.1205341212568896,0.5186300780409568,0.0681911698144262,1101870.0,229886.0,77.0,65.0,77797.0,152089.0,1024073.0,99409337.0,0.0326105054965799,0.0484289157403899,0.123766586084717,0.0396657327364664,173.66253204345702,163.45657221476236,0.0620411034172568,0.1168337142839979,0.3384155624961937,0.070604517774329
segformer,mitb2,prc-10,Qc,16237424.0,16070271.0,748.0,788.0,13658502.0,2411769.0,2578922.0,82014103.0,0.4812302489127919,0.5569404084283823,0.619232756129688,0.5599681923931247,84.27232353644963,69.36023553165458,0.7323910476984178,0.8455262438251939,0.8499235638278907,0.8411741911771227,9341265.0,9721625.0,453.0,575.0,6697201.0,3024424.0,2644064.0,88297607.0,0.3029192594169709,0.3845605967658896,0.4397296528764227,0.4138213077837643,104.58583597284584,87.81119965124822,0.541595458206979,0.7026427787182321,0.688897277975647,0.7169479722500111
segformer,mitb2,prc-10,Qca,7202703.0,7435836.0,431.0,479.0,4360457.0,3075379.0,2842246.0,90385214.0,0.2442648871246645,0.3162201216127027,0.3687383742684836,0.3540915856846306,120.44477660080484,103.82667906805015,0.4242481233366303,0.5957502999445505,0.5864111311761044,0.6053917536236049,3590038.0,4226310.0,248.0,393.0,1451533.0,2774777.0,2138505.0,94298481.0,0.1115727759166767,0.1581453873276785,0.2177614940308976,0.1669699942488049,142.14653664190791,126.49994249251284,0.2280558036643641,0.3714095124730884,0.3434516161852775,0.4043224612107169
segformer,mitb2,prc-10,Qr,62099929.0,62601000.0,1433.0,1462.0,56321397.0,6279603.0,5778532.0,32283764.0,0.7205580759719282,0.7818040029213246,0.8139433830204418,0.8018669632919796,75.61554597240418,58.332142616954336,0.8236587082813026,0.9033035672091906,0.8996884554559831,0.9069478485233052,75325588.0,74636732.0,1511.0,1531.0,67691832.0,6944900.0,7633756.0,18392808.0,0.7659061150575056,0.8297275642990396,0.8632375905242134,0.8517802628602814,78.94226578330867,60.17354040202829,0.8227960432178304,0.9027845394763164,0.9069506419439692,0.898656536209183
segformer,mitb2,prc-10,af1,6362496.0,5824122.0,570.0,464.0,4043103.0,1781019.0,2319393.0,92519781.0,0.1915784550445085,0.2399082180185381,0.3239840798348851,0.2514664413161979,119.55647541691194,106.34424425353114,0.4964813105888551,0.6635315885014201,0.6941995720556677,0.6354586313295914,1372643.0,808478.0,432.0,397.0,383917.0,424561.0,988726.0,98866092.0,0.0762439454865609,0.1093269060356056,0.2240678678142841,0.1019593203370831,132.40539608407528,122.14147023545937,0.2136190438035971,0.3520364069668762,0.4748638800313676,0.2796918062453238
segformer,mitb2,prc-200,Qaf,10183.0,0.0,10.0,0.0,0.0,0.0,10183.0,100653113.0,0.0,0.0,0.0,0.0,,,0.0,0.0,0.0,0.0,10275.0,0.0,6.0,0.0,0.0,0.0,10275.0,100653021.0,0.0,0.0,0.0,0.0,,,0.0,0.0,0.0,0.0
segformer,mitb2,prc-200,Qal,8361713.0,6455568.0,947.0,426.0,3895581.0,2559987.0,4466132.0,89741596.0,0.1304881944353719,0.1714193050490386,0.2135634322819201,0.2004407934385428,120.9767939045374,108.66837087694968,0.3566826592929672,0.525815903741044,0.6034451190042457,0.465883127057817,9921617.0,4905707.0,842.0,413.0,2077391.0,2828316.0,7844226.0,87913363.0,0.0760912974437663,0.1058193819925708,0.1610336497611714,0.1242295266655558,143.4399127061118,131.025646235405,0.1629334836504631,0.2802111830833399,0.4234641408465691,0.2093802854917701
segformer,mitb2,prc-200,Qat,388848.0,3207.0,61.0,5.0,31.0,3176.0,388817.0,100271272.0,3.857162846543125e-05,7.704647214268126e-05,0.0163406488718464,3.92276397178625e-05,151.79732513427734,142.6965675354004,7.907679121686427e-05,0.0001581410771447,0.0096663548487683,7.972266798337653e-05,1101870.0,0.0,77.0,0.0,0.0,0.0,1101870.0,99561426.0,0.0,0.0,0.0,0.0,,,0.0,0.0,0.0,0.0
segformer,mitb2,prc-200,Qc,16237424.0,16037859.0,748.0,596.0,11202706.0,4835153.0,5034718.0,79590719.0,0.3460787464657196,0.4299456405481488,0.4693550585615303,0.4747875915467694,106.5567851604954,91.9486550319152,0.5316248696113437,0.6941972282628784,0.6985163044518599,0.6899312353979301,9341265.0,8455050.0,453.0,352.0,4662741.0,3792309.0,4678524.0,87529722.0,0.2032351512625208,0.2725624234077543,0.3115294176523731,0.3193868302246383,140.23377291984806,123.56446800979911,0.3550245348295902,0.5240119653984546,0.5514740894495006,0.4991552000719388
segformer,mitb2,prc-200,Qca,7202703.0,6485570.0,431.0,378.0,3413141.0,3072429.0,3789562.0,90388164.0,0.1972630129259536,0.2650265607918684,0.333504753174875,0.3089162156896275,130.1880494139769,116.7091416840506,0.3321749053929428,0.4986956353076827,0.526266927964697,0.4738694626170203,3590038.0,4015463.0,248.0,265.0,1147590.0,2867873.0,2442448.0,94205385.0,0.1073890130638822,0.1611904298164352,0.191640329745838,0.2159817356336685,154.43437832691632,140.41095308397638,0.1777029754668344,0.3017789360622002,0.2857926968820283,0.3196595690630572
segformer,mitb2,prc-200,Qr,62099929.0,71681092.0,1433.0,1437.0,57774538.0,13906554.0,4325391.0,24656813.0,0.6652008086007204,0.7358158772083757,0.7325274141484254,0.8221560642334926,84.89265295113259,71.59112234388914,0.7601264486872784,0.8637180007768067,0.8059941106923985,0.9303478913800368,75325588.0,83287076.0,1511.0,1498.0,69588284.0,13698792.0,5737304.0,11638916.0,0.7272133754420487,0.7923310644862919,0.7899708467852073,0.8713570664216046,82.11148129649435,68.68019203176402,0.7816767047408811,0.877461890432658,0.835523196900321,0.923833266326444
segformer,mitb2,prc-200,af1,6362496.0,0.0,570.0,0.0,0.0,0.0,6362496.0,94300800.0,0.0,0.0,0.0,0.0,,,0.0,0.0,0.0,0.0,1372643.0,0.0,432.0,0.0,0.0,0.0,1372643.0,99290653.0,0.0,0.0,0.0,0.0,,,0.0,0.0,0.0,0.0
segformer,mitb2,prc-20,Qaf,10183.0,0.0,10.0,0.0,0.0,0.0,10183.0,100653113.0,0.0,0.0,0.0,0.0,,,0.0,0.0,0.0,0.0,10275.0,0.0,6.0,0.0,0.0,0.0,10275.0,100653021.0,0.0,0.0,0.0,0.0,,,0.0,0.0,0.0,0.0
segformer,mitb2,prc-20,Qal,8361713.0,7202672.0,947.0,1044.0,5852672.0,1350000.0,2509041.0,90951583.0,0.3195914658931999,0.3968509284786767,0.5014542171430042,0.3980655586447633,101.01686769395592,89.49088703695972,0.6026405434345105,0.7520595256413922,0.8125695575197649,0.6999369626773844,9921617.0,8576519.0,842.0,1247.0,6253470.0,2323049.0,3668147.0,88418630.0,0.2601385488025718,0.322859980980022,0.415390406324813,0.3138965225670763,116.6831717540182,102.607267558115,0.5107097245445487,0.6761189343618189,0.7291384768109299,0.6302873815830625
segformer,mitb2,prc-20,Qat,388848.0,179206.0,61.0,63.0,37734.0,141472.0,351114.0,100132976.0,0.0254406646692327,0.037982869059557,0.1092866278830028,0.0275119894405915,137.85752687956156,129.06870821902626,0.0711532659526323,0.1328535667383734,0.2105621463567068,0.0970404888285396,1101870.0,279446.0,77.0,61.0,28308.0,251138.0,1073562.0,99310288.0,0.0137495684125422,0.0208810687415324,0.0634782604575462,0.0150189408681786,181.3875651359558,171.3976984024048,0.0209222709695729,0.0409870008021336,0.1013004301367706,0.0256908709738898
segformer,mitb2,prc-20,Qc,16237424.0,17815815.0,748.0,815.0,14620314.0,3195501.0,1617110.0,81230371.0,0.5212454045582808,0.5999528379223041,0.6245537142718247,0.6416096353524288,76.67219279289246,62.07085237366813,0.7523475750562512,0.8586739135152459,0.820636833060963,0.9004084638055889,9341265.0,10703553.0,453.0,592.0,7431195.0,3272358.0,1910070.0,88049673.0,0.3328248238809734,0.4128466602586376,0.4545191362130511,0.458643420475159,96.75453465389757,79.20803811865032,0.5891404079541619,0.7414579668421035,0.6942736678185272,0.7955234114437392
segformer,mitb2,prc-20,Qca,7202703.0,5783135.0,431.0,406.0,3598150.0,2184985.0,3604553.0,91275608.0,0.2315272611348814,0.3026192324946079,0.3990442111135683,0.3166019793974212,122.7525500831364,107.47473779114536,0.3832839352990853,0.5541652375457017,0.6221798384440274,0.499555514089641,3590038.0,2924335.0,248.0,292.0,1101666.0,1822669.0,2488372.0,95250589.0,0.1050132157900809,0.1511887075681502,0.2834930913599177,0.1412417421852097,149.18315864431446,133.77432492683673,0.2035332782653855,0.3382262575385228,0.3767235969887171,0.3068675039094293
segformer,mitb2,prc-20,Qr,62099929.0,64769822.0,1433.0,1467.0,57364743.0,7405079.0,4735186.0,31158288.0,0.7297730489095576,0.7877590323772946,0.8136880793014991,0.8153556744205592,71.05906843118763,55.20932788490059,0.8253325141693387,0.9043092234018808,0.8856708452896473,0.923748930534204,75325588.0,76964979.0,1511.0,1525.0,69777137.0,7187842.0,5548451.0,18149866.0,0.7918388989109861,0.8504798865641183,0.8695641909621479,0.8820892120649955,75.14042469732304,57.10197157682256,0.8456458178989772,0.9163684708062056,0.9066089266392184,0.926340422327669
segformer,mitb2,prc-20,af1,6362496.0,4912646.0,570.0,338.0,3317971.0,1594675.0,3044525.0,92706125.0,0.1512354530342791,0.1897244695710276,0.2533942459400256,0.1969275885221632,125.72626082229614,113.84778786087035,0.4169787227143918,0.5885462019014926,0.6753938712457604,0.521488893666888,1372643.0,1214464.0,432.0,203.0,313380.0,901084.0,1059263.0,98389569.0,0.0455586016286067,0.0661481796689209,0.114772550914247,0.0732147797922004,148.73995315930074,136.6940947524772,0.137826572847136,0.2422628828262611,0.2580397607504215,0.2283040819790724
segformer,mitb2,prc-50,Qaf,10183.0,0.0,10.0,0.0,0.0,0.0,10183.0,100653113.0,0.0,0.0,0.0,0.0,,,0.0,0.0,0.0,0.0,10275.0,0.0,6.0,0.0,0.0,0.0,10275.0,100653021.0,0.0,0.0,0.0,0.0,,,0.0,0.0,0.0,0.0
segformer,mitb2,prc-50,Qal,8361713.0,7839919.0,947.0,908.0,6041326.0,1798593.0,2320387.0,90502990.0,0.2938363638312762,0.365410712131299,0.4462510768043705,0.3740153655591938,97.74922205487344,86.55813916546025,0.5946007925351855,0.745767586870261,0.7705852573221739,0.7224986076417595,9921617.0,8694501.0,842.0,1004.0,6301703.0,2392798.0,3619914.0,88348881.0,0.2507022615774396,0.3130016089689904,0.4088373815501785,0.3121096804147802,120.16808203087248,105.8812445051737,0.5117338501260514,0.6770157988899727,0.7247917965619879,0.6351487867350655
segformer,mitb2,prc-50,Qat,388848.0,333936.0,61.0,95.0,48727.0,285209.0,340121.0,99989239.0,0.0394178832923808,0.0562809804411789,0.0901563189184392,0.0540231972264538,126.37915199279786,119.838316116333,0.0722891387523607,0.1348314295833886,0.1459171817354223,0.1253111755750318,1101870.0,363250.0,77.0,100.0,75469.0,287781.0,1026401.0,99273645.0,0.0216429454169182,0.0322383658072145,0.0697884020532012,0.0278461031018086,126.3005874633789,117.5089241027832,0.0543078801799876,0.1030209129627607,0.2077604955264969,0.0684917458502364
segformer,mitb2,prc-50,Qc,16237424.0,16559607.0,748.0,794.0,13976152.0,2583455.0,2261272.0,81842417.0,0.5194692592064811,0.600816519360852,0.6400902314652217,0.6222206333488459,74.21665771859772,60.746522414184,0.7425876336594056,0.8522815373135453,0.8439905608871032,0.8607370233110868,9341265.0,9432734.0,453.0,529.0,7018786.0,2413948.0,2322479.0,88908083.0,0.3455744471758251,0.4261463735808602,0.4814208383816455,0.4553425500056995,94.13920151060492,78.90270998821923,0.5970785897286591,0.747713473298896,0.7440881933064157,0.7513742517742511
segformer,mitb2,prc-50,Qca,7202703.0,7537663.0,431.0,460.0,4671732.0,2865931.0,2530971.0,90594662.0,0.3009042566195833,0.3827674583775231,0.424915445436886,0.4352632035498789,108.180835140484,94.81355366626931,0.4639886602293817,0.633869199720007,0.6197852039816585,0.6486081683501319,3590038.0,4725847.0,248.0,351.0,1859670.0,2866177.0,1730368.0,94207081.0,0.1740514202570307,0.2384220678496474,0.2892333020554408,0.2674726608609206,132.93964439463392,117.22251856438469,0.2880433814549236,0.4472572672662019,0.3935104119959872,0.5180084444788606
segformer,mitb2,prc-50,Qr,62099929.0,66153821.0,1433.0,1469.0,57476353.0,8677468.0,4623576.0,29885899.0,0.7213622836385126,0.7830427127384006,0.8036536887689011,0.824632891807134,72.90971440746638,58.37174377409188,0.8120721506613192,0.8962911883668119,0.8688289222175088,0.9255461950689188,75325588.0,75764891.0,1511.0,1525.0,68735542.0,7029349.0,6590046.0,18308359.0,0.7756462247641611,0.8371453681897175,0.8697757682095552,0.8616701778563653,73.35800284020443,57.08119156599996,0.834625639990472,0.909859343287938,0.9072215519982731,0.912512518322459
segformer,mitb2,prc-50,af1,6362496.0,2238350.0,570.0,131.0,1224160.0,1014190.0,5138336.0,93286610.0,0.0409006094098182,0.0536282882937917,0.0876371285984995,0.0580621861532086,152.00864770910243,137.99916191939468,0.1659498587848256,0.284660369456679,0.5469028525476355,0.1924024785241515,1372643.0,1682073.0,432.0,126.0,147173.0,1534900.0,1225470.0,97755753.0,0.0084984086809072,0.0132394510992526,0.0195156964155103,0.0287198145522324,177.69454346532407,164.06076199075451,0.0506176520863148,0.0963578938271184,0.0874950135933458,0.1072187014394857
segformer,mitb2,prc-5,Qaf,10183.0,0.0,10.0,0.0,0.0,0.0,10183.0,100653113.0,0.0,0.0,0.0,0.0,,,0.0,0.0,0.0,0.0,10275.0,0.0,6.0,0.0,0.0,0.0,10275.0,100653021.0,0.0,0.0,0.0,0.0,,,0.0,0.0,0.0,0.0
segformer,mitb2,prc-5,Qal,8361713.0,8109366.0,947.0,1044.0,6038437.0,2070929.0,2323276.0,90230654.0,0.3097417643458546,0.3823319009632956,0.4645872395663876,0.385371420778993,103.88695239065883,91.39998199778594,0.5788022822981944,0.7332169313255069,0.7446250422042857,0.722153104274208,9921617.0,10920869.0,842.0,1251.0,7246161.0,3674708.0,2675456.0,87066971.0,0.277419414736887,0.3419312650308689,0.4000019644874817,0.3572114726941635,117.14269349532576,102.82665710928482,0.5329499699367293,0.6953259798279342,0.6635150554411009,0.7303407297419362
segformer,mitb2,prc-5,Qat,388848.0,179559.0,61.0,53.0,75976.0,103583.0,312872.0,100170865.0,0.061609226597571,0.0858820422013339,0.1314203350167525,0.0747309960179815,96.22044161746376,88.10389538815147,0.1542876057762407,0.2673295719440471,0.4231255464777594,0.1953874007324198,1101870.0,363240.0,77.0,141.0,69690.0,293550.0,1032180.0,99267876.0,0.0194341409150706,0.0282024183471413,0.0898372142023327,0.0206943927431448,160.11985702514647,150.57813975016276,0.049941952960399,0.0951327886643323,0.1918566237198546,0.0632470255111764
segformer,mitb2,prc-5,Qc,16237424.0,17143647.0,748.0,848.0,14297918.0,2845729.0,1939506.0,81580143.0,0.5013863305149494,0.5760601433902933,0.6046638347867926,0.6044031454810677,83.6890122971983,67.63732726995082,0.7492429579116198,0.8566482483440989,0.8340067898038265,0.8805533439294312,9341265.0,14815407.0,453.0,746.0,8226648.0,6588759.0,1114617.0,84733272.0,0.2768770281104395,0.3458268544732393,0.3116492809862422,0.4686338093134251,112.73597728857834,91.86999151679908,0.5164240807170158,0.6811077287467413,0.5552765442083366,0.8806781522631035
segformer,mitb2,prc-5,Qca,7202703.0,7566973.0,431.0,544.0,4187173.0,3379800.0,3015530.0,90080793.0,0.2363082125882612,0.3046727251502814,0.365245205743002,0.3319978857995502,121.6500619598057,105.7755499171174,0.3956694366162712,0.5669959178522264,0.553348478975675,0.5813335632470199,3590038.0,6438145.0,248.0,597.0,1497982.0,4940163.0,2092056.0,92133095.0,0.0813375241370052,0.1141055637216683,0.1645954467153417,0.1171414385941217,150.88558992173935,133.74882164849174,0.1756092265586707,0.2987544204169389,0.232672920538447,0.4172607643707393
segformer,mitb2,prc-5,Qr,62099929.0,61767123.0,1433.0,1484.0,55988597.0,5778526.0,6111332.0,32784841.0,0.7229171461096614,0.7847491261254654,0.8290884925256385,0.7930715775436936,73.96639220009767,57.15716790124416,0.8248360543857399,0.9040111328394252,0.9064465735274736,0.9015887441674852,75325588.0,66453592.0,1511.0,1526.0,62102731.0,4350861.0,13222857.0,20986847.0,0.7167637485528444,0.7902871341252485,0.8850188762070884,0.7732619142094597,81.32493933348776,63.60558704402888,0.779436480659423,0.8760486694872971,0.9345278280818892,0.8244573012825336
segformer,mitb2,prc-5,af1,6362496.0,5896628.0,570.0,713.0,4381896.0,1514732.0,1980600.0,92786068.0,0.2268542202524541,0.2821294423959893,0.3791179710273513,0.2941974361520514,106.97530741525372,94.08044149854864,0.5562738567424987,0.7148791381831198,0.7431189486601495,0.6887070734504195,1372643.0,1672043.0,432.0,699.0,739146.0,932897.0,633497.0,98357756.0,0.1511513720323573,0.2067851223648715,0.2703386502565336,0.226864887261178,115.89269390614828,100.4864104830424,0.3205956088378427,0.4855318413787169,0.4420615976981453,0.5384837863887405
segformer,mitb2,rgb,Qaf,10183.0,0.0,10.0,0.0,0.0,0.0,10183.0,100653113.0,0.0,0.0,0.0,0.0,,,0.0,0.0,0.0,0.0,10275.0,0.0,6.0,0.0,0.0,0.0,10275.0,100653021.0,0.0,0.0,0.0,0.0,,,0.0,0.0,0.0,0.0
segformer,mitb2,rgb,Qal,8361713.0,4734922.0,947.0,466.0,3275730.0,1459192.0,5085983.0,90842391.0,0.1040884719579537,0.1327569603392586,0.2091386611078661,0.1310775520944356,133.98619270080175,122.4720967219426,0.3335466537961624,0.5002399471314578,0.691823434472627,0.3917534600864679,9921617.0,5464316.0,842.0,278.0,1199060.0,4265256.0,8722557.0,86476423.0,0.032301452952943,0.0462449523172953,0.0653927300208444,0.065803859461071,167.84031621078773,153.26607804795717,0.0845189775082923,0.155864450989095,0.2194346007807747,0.1208532842983154
segformer,mitb2,rgb,Qat,388848.0,154034.0,61.0,36.0,10485.0,143549.0,378363.0,100130899.0,0.008101145449219,0.0129539321710052,0.048902541382758,0.0082968326453336,132.20151727849787,119.88765092329544,0.0196939501913046,0.0386271786502407,0.0680693872781334,0.0269642636711517,1101870.0,1160606.0,77.0,95.0,13606.0,1147000.0,1088264.0,98414426.0,0.0040552347171597,0.0064283547832108,0.0119356765502654,0.0077651535138124,180.5952415466309,166.83138847351074,0.0060501496307034,0.0120275308997752,0.0117231859907668,0.0123480991405519
segformer,mitb2,rgb,Qc,16237424.0,16786947.0,748.0,704.0,12669039.0,4117908.0,3568385.0,80307964.0,0.3800480771942901,0.4545057228779157,0.4915847176915617,0.4916735841888253,101.65515582720438,85.02665791511535,0.6223941225817393,0.7672539168119205,0.7546958359968612,0.7802370006473933,9341265.0,143464.0,453.0,82.0,2042.0,141422.0,9339223.0,91180609.0,0.0002521495057515,0.000483498891879,0.0071113161159693,0.0036501232441835,255.77114416051796,239.32064607408316,0.000215339808221,0.0004305868939428,0.0142335359393297,0.0002185999433695
segformer,mitb2,rgb,Qca,7202703.0,7828510.0,431.0,476.0,2956603.0,4871907.0,4246100.0,88588686.0,0.1397434419619315,0.1938174910869998,0.2454258103925697,0.2473411582999603,139.91681617885442,123.48659288728392,0.2448611590767735,0.3933951305194065,0.3776712299019865,0.4104852025690911,3590038.0,10471.0,248.0,8.0,0.0,10471.0,3590038.0,97062787.0,0.0,0.0,0.0,0.0,,,0.0,0.0,0.0,0.0
segformer,mitb2,rgb,Qr,62099929.0,66090921.0,1433.0,1427.0,55534228.0,10556693.0,6565701.0,28006674.0,0.6459938013340556,0.709451205176705,0.7411261547242776,0.7583497153687536,88.97710664331392,73.50142735512195,0.764338149384374,0.8664304511593456,0.840270148452009,0.894272004723226,75325588.0,82865274.0,1511.0,1516.0,64838427.0,18026847.0,10487161.0,7310861.0,0.6596845322681308,0.733429876894943,0.757628599568165,0.8284968862410161,92.8555245404269,77.59215115142571,0.6945552839623305,0.8197493354578218,0.7824559537448702,0.8607755839888034
segformer,mitb2,rgb,af1,6362496.0,5067962.0,570.0,577.0,3886087.0,1181875.0,2476409.0,93118925.0,0.2023437934512089,0.2529064484622894,0.3686318046750672,0.2568697325233501,106.56235391323013,94.45395746797024,0.5150975475622819,0.6799529817615357,0.7667948181142636,0.6107802661094011,1372643.0,11019165.0,432.0,762.0,286461.0,10732704.0,1086182.0,88557949.0,0.029845311040686,0.0452525579052472,0.0780479016697916,0.0966480965101319,176.5922424859209,164.22382020761845,0.0236640056662564,0.046233931319788,0.025996615896032,0.2086930104914388
segformer,mitb2,s-100,Qaf,10183.0,0.0,10.0,0.0,0.0,0.0,10183.0,100653113.0,0.0,0.0,0.0,0.0,,,0.0,0.0,0.0,0.0,10275.0,0.0,6.0,0.0,0.0,0.0,10275.0,100653021.0,0.0,0.0,0.0,0.0,,,0.0,0.0,0.0,0.0
segformer,mitb2,s-100,Qal,8361713.0,5759081.0,947.0,642.0,4219882.0,1539199.0,4141831.0,90762384.0,0.1736007565414807,0.2182714325603147,0.3068021647324191,0.2113281803250303,124.26924239658511,113.57414130473224,0.4262114439558699,0.5976833880587734,0.7327353096787491,0.5046671656872223,9921617.0,3992251.0,842.0,567.0,2918315.0,1073936.0,7003302.0,89667743.0,0.1185322613287052,0.1523555096775949,0.2561227710804704,0.1390793183143338,153.80411109605666,140.8436883594085,0.2654086611196363,0.4194829216433561,0.7309948698115424,0.2941370343160797
segformer,mitb2,s-100,Qat,388848.0,278080.0,61.0,53.0,55425.0,222655.0,333423.0,100051793.0,0.0454687591588887,0.0666743008694809,0.0957153820237045,0.0628637134077701,140.311043548584,131.50016775131226,0.0906373312968211,0.1662098457404697,0.1993131472957422,0.1425364152573756,1101870.0,52554.0,77.0,16.0,13828.0,38726.0,1088042.0,99522700.0,0.005538361912061,0.0074078895683799,0.0098631553106255,0.0060177510450747,129.44046020507812,122.50755882263182,0.0121234863176795,0.0239565359001545,0.2631198386421585,0.0125495748137257
segformer,mitb2,s-100,Qc,16237424.0,17673845.0,748.0,695.0,14139693.0,3534152.0,2097731.0,80891720.0,0.48979162712007,0.5748440388136898,0.5904767026946474,0.6236763980417551,77.74720107241662,63.31635478171068,0.7151525503075729,0.8339229652538217,0.8000349103435047,0.8708088795365571,9341265.0,9203139.0,453.0,404.0,6454538.0,2748601.0,2886727.0,88573430.0,0.3093069327966019,0.3928335352247234,0.4521769868252628,0.4340185685283518,102.00624656139964,85.6204539191555,0.5338800281161098,0.696117060435051,0.7013409229177132,0.6909704413695575
segformer,mitb2,s-100,Qca,7202703.0,7616457.0,431.0,451.0,4594447.0,3022010.0,2608256.0,90438583.0,0.273095039426693,0.3438391609364288,0.402137714263947,0.373311063265022,113.08347029966468,100.83253194304072,0.449347282412719,0.6200684789151342,0.6032262769946709,0.6378781687930212,3590038.0,4034369.0,248.0,308.0,1522992.0,2511377.0,2067046.0,94561881.0,0.1441502692708345,0.1984801282412756,0.2641055412998933,0.2265354125167362,146.72858270972665,133.40156434280703,0.2496129176592642,0.3995043811276077,0.3775043879228697,0.424227264446783
segformer,mitb2,s-100,Qr,62099929.0,69219685.0,1433.0,1450.0,57211930.0,12007755.0,4887999.0,26555612.0,0.6633355510812587,0.726920394919463,0.7587230611243675,0.7787576264696138,86.11285425280288,72.05358932435685,0.7720107674664344,0.8713386866945863,0.8265268759891062,0.9212881708769748,75325588.0,83162086.0,1511.0,1520.0,70878289.0,12283797.0,4447299.0,13053911.0,0.7433754087840052,0.8031129173556072,0.8028532793068307,0.86735361360574,76.67940627612826,63.02580325955459,0.8090262133446091,0.894432825104115,0.8522908985231563,0.9409589872700364
segformer,mitb2,s-100,af1,6362496.0,116148.0,570.0,15.0,44012.0,72136.0,6318484.0,94228664.0,0.0013001721623637,0.0016445732173388,0.0086906957075647,0.0030329239186223,187.3813346862793,177.38658027648927,0.0068398627924642,0.0135867937796859,0.3789303302682784,0.0069174110286277,1372643.0,218897.0,432.0,21.0,11943.0,206954.0,1360700.0,99083699.0,0.0013347273067383,0.0022958063746458,0.0020458197259173,0.0062060436200088,192.8961149851481,185.6293595631917,0.0075607892392806,0.0150081053570755,0.0545599071709525,0.0087007328198227
segformer,mitb2,s-10,Qaf,10183.0,0.0,10.0,0.0,0.0,0.0,10183.0,100653113.0,0.0,0.0,0.0,0.0,,,0.0,0.0,0.0,0.0,10275.0,0.0,6.0,0.0,0.0,0.0,10275.0,100653021.0,0.0,0.0,0.0,0.0,,,0.0,0.0,0.0,0.0
segformer,mitb2,s-10,Qal,8361713.0,7547820.0,947.0,894.0,5821336.0,1726484.0,2540377.0,90575099.0,0.3090144280354867,0.3742611762850706,0.4829494165008057,0.3710161349600729,105.4758694189844,93.74252184275564,0.5770442428909744,0.7318047613339751,0.7712605759013861,0.6961894052091958,9921617.0,8478411.0,842.0,996.0,6266136.0,2212275.0,3655481.0,88529404.0,0.264943762336764,0.3210284286938273,0.4071618830001319,0.3166748209441027,118.385358704461,104.10139042139052,0.516416002384066,0.6811007026728437,0.7390696204748743,0.6315639880071968
segformer,mitb2,s-10,Qat,388848.0,199749.0,61.0,84.0,53436.0,146313.0,335412.0,100128135.0,0.0336796789084748,0.051380179354827,0.1207352667233022,0.0431814520446654,133.36136054992676,124.75971823472244,0.0998503254160897,0.1815707521445063,0.2675157322439662,0.1374213060116035,1101870.0,383603.0,77.0,114.0,47947.0,335656.0,1053923.0,99225770.0,0.0177790819074115,0.0282307077958691,0.1023453450983478,0.0187930749490901,168.1107713450556,160.01023516447648,0.0333538315133082,0.064554522364257,0.1249912018414871,0.043514207665151
segformer,mitb2,s-10,Qc,16237424.0,16918108.0,748.0,820.0,15065579.0,1852529.0,1171845.0,82573343.0,0.5947613692723578,0.6634635712320456,0.6866941569489697,0.6918703595656046,66.51722567952726,49.99618947235789,0.8328147121222482,0.9087822207165912,0.8905002261482194,0.9278306090916884,9341265.0,11853898.0,453.0,629.0,8689231.0,3164667.0,652034.0,88157364.0,0.4112276829389918,0.4858006816749958,0.4608273202087095,0.5761355219965197,88.61312709017234,71.03298092050986,0.6948087515588602,0.8199258481758315,0.7330273130408242,0.9301985330680588
segformer,mitb2,s-10,Qca,7202703.0,6273207.0,431.0,440.0,4291011.0,1982196.0,2911692.0,91478397.0,0.3026857064240987,0.3748252835377219,0.4609367300024147,0.381382570362835,110.13759988863792,96.10956393473248,0.4671810762426456,0.6368417420419104,0.6840219045856449,0.5957500954849867,3590038.0,4574440.0,248.0,366.0,1753037.0,2821403.0,1837001.0,94251855.0,0.1658129298741895,0.2227879466352321,0.3061270129470566,0.226906345618014,136.48766811425088,120.39575223787136,0.2734232444781134,0.4294302709860936,0.3832243946800045,0.488305973362956
segformer,mitb2,s-10,Qr,62099929.0,65853764.0,1433.0,1481.0,58499986.0,7353778.0,3599943.0,31209589.0,0.7485115564110876,0.8024180907753511,0.8235490558816928,0.8376014542605834,71.5613435222507,55.68341606606513,0.8422874534256322,0.9143930843793622,0.8883316980939768,0.9420298371033564,75325588.0,74545852.0,1511.0,1526.0,68806657.0,5739195.0,6518931.0,19598513.0,0.7909460892005147,0.8480995724171837,0.8866279386217533,0.8604212831741453,71.47790841526103,55.17813493614984,0.8487860505344226,0.9182090597114434,0.9230112092621868,0.913456619814239
segformer,mitb2,s-10,af1,6362496.0,3870648.0,570.0,404.0,3099215.0,771433.0,3263281.0,93529367.0,0.1629978950019345,0.2069881387540217,0.3292835278538931,0.1957388172670918,115.00309250739312,104.01676626205445,0.4344331153281733,0.6057209788115949,0.8006966792123696,0.4871067895366849,1372643.0,827092.0,432.0,319.0,170778.0,656314.0,1201865.0,98634339.0,0.039327438712242,0.0570659477696103,0.1361299691178958,0.0553311239731069,151.25780248074304,141.3054934654917,0.0841703397361304,0.1552714304223008,0.2064800530049861,0.1244154525248007
segformer,mitb2,s-200,Qaf,10183.0,0.0,10.0,0.0,0.0,0.0,10183.0,100653113.0,0.0,0.0,0.0,0.0,,,0.0,0.0,0.0,0.0,10275.0,0.0,6.0,0.0,0.0,0.0,10275.0,100653021.0,0.0,0.0,0.0,0.0,,,0.0,0.0,0.0,0.0
segformer,mitb2,s-200,Qal,8361713.0,4250388.0,947.0,280.0,2406832.0,1843556.0,5954881.0,90458027.0,0.0670603458581891,0.0844937554651858,0.1373778580764264,0.0886328555182309,144.81171697145933,133.65095645111876,0.235842092942381,0.3816702704807074,0.5662617154010411,0.2878395850228296,9921617.0,2484694.0,842.0,184.0,1248090.0,1236604.0,8673527.0,89505075.0,0.0389309970617083,0.0490345303408033,0.0740215834847108,0.0510394653002628,157.35842355028277,145.12375922164608,0.1118538519715642,0.2012024364051489,0.502311351015457,0.1257950190981974
segformer,mitb2,s-200,Qat,388848.0,4599.0,61.0,3.0,0.0,4599.0,388848.0,100269849.0,0.0,0.0,0.0,0.0,286.0209655761719,283.6399841308594,0.0,0.0,0.0,0.0,1101870.0,0.0,77.0,0.0,0.0,0.0,1101870.0,99561426.0,0.0,0.0,0.0,0.0,,,0.0,0.0,0.0,0.0
segformer,mitb2,s-200,Qc,16237424.0,18045867.0,748.0,593.0,13080331.0,4965536.0,3157093.0,79460336.0,0.3975808490228656,0.4806907211658388,0.491706877470363,0.5409011814506539,95.16703158921877,80.42290876613933,0.6169106105939925,0.7630732417141634,0.7248380474044278,0.8055668805593794,9341265.0,8053921.0,453.0,322.0,5138651.0,2915270.0,4202614.0,88406761.0,0.2290366353081481,0.2993075079892926,0.3321237806765149,0.3360464686883774,124.67161051986108,107.98318079373564,0.4192580529488962,0.5908129984928014,0.6380309665317054,0.5501022613104328
segformer,mitb2,s-200,Qca,7202703.0,6039895.0,431.0,401.0,3128698.0,2911197.0,4074005.0,90549396.0,0.1731545514799117,0.2278606881686763,0.3156956682136832,0.2535289444066283,133.76773912530197,120.5382350787782,0.3093463451289809,0.4725202713244033,0.5180053626760068,0.4343783160294128,3590038.0,1747359.0,248.0,171.0,634330.0,1113029.0,2955708.0,95960229.0,0.0795989039012736,0.116566168011515,0.1924592955015796,0.1346593352263188,157.0514829342182,144.11064475499666,0.1348758161429552,0.2376926430617771,0.3630221379808042,0.1766917230402575
segformer,mitb2,s-200,Qr,62099929.0,72256246.0,1433.0,1473.0,56413938.0,15842308.0,5685991.0,22721059.0,0.6148124922737619,0.6797356944182857,0.6918160513385287,0.7577769632872705,97.62150428343232,83.91367370826367,0.7237916201968901,0.8397669552590344,0.7807482553134576,0.9084380434637856,75325588.0,88332916.0,1511.0,1531.0,71893940.0,16438976.0,3431648.0,8898732.0,0.7371965621099198,0.7993589018565217,0.7791183974334217,0.8921462418620886,82.46799923081797,69.0003472495364,0.7834608139150533,0.8785848366303043,0.8138975056591589,0.95444246648297
segformer,mitb2,s-200,af1,6362496.0,66301.0,570.0,2.0,0.0,66301.0,6362496.0,94234499.0,0.0,0.0,0.0,0.0,121.59358215332033,120.38168334960938,0.0,0.0,0.0,0.0,1372643.0,44406.0,432.0,1.0,0.0,44406.0,1372643.0,99246247.0,0.0,0.0,0.0,0.0,,,0.0,0.0,0.0,0.0
segformer,mitb2,s-20,Qaf,10183.0,0.0,10.0,0.0,0.0,0.0,10183.0,100653113.0,0.0,0.0,0.0,0.0,,,0.0,0.0,0.0,0.0,10275.0,0.0,6.0,0.0,0.0,0.0,10275.0,100653021.0,0.0,0.0,0.0,0.0,,,0.0,0.0,0.0,0.0
segformer,mitb2,s-20,Qal,8361713.0,7638643.0,947.0,925.0,5975719.0,1662924.0,2385994.0,90638659.0,0.3199128542797523,0.3894902843846769,0.4862741574473794,0.3802641309295859,103.86968591464026,92.5779045040852,0.5961032803482061,0.7469482554013174,0.7823011233801606,0.7146524880727191,9921617.0,9300936.0,842.0,1039.0,6618459.0,2682477.0,3303158.0,88059202.0,0.2792238793832163,0.3385466060588378,0.4332773765188365,0.3317434314893788,120.96227392520797,106.89446924677056,0.5251039067147547,0.6886139421751106,0.7115906399097898,0.6670746310808007
segformer,mitb2,s-20,Qat,388848.0,213338.0,61.0,76.0,40872.0,172466.0,347976.0,100101982.0,0.023825482173249,0.0359630733406187,0.1009595021272876,0.0272342208918416,130.20337966918945,122.52609588623046,0.0728148594191486,0.1357454341349682,0.1915833091151131,0.1051104801876311,1101870.0,312956.0,77.0,100.0,16658.0,296298.0,1085212.0,99265128.0,0.0111554374692413,0.0179632576329869,0.0673913782423672,0.0117501101892393,182.617792401995,174.09671783447266,0.0119141619605083,0.0235477719521693,0.0532279298048287,0.0151179358726528
segformer,mitb2,s-20,Qc,16237424.0,16671943.0,748.0,779.0,14885982.0,1785961.0,1351442.0,82639911.0,0.591723459282359,0.6615272121642298,0.7021069009855821,0.6815692338460363,65.50775420921555,50.89812577504116,0.8259259844918144,0.9046653495340704,0.8928762532357506,0.9167699260670904,9341265.0,11390149.0,453.0,562.0,8518478.0,2871671.0,822787.0,88450360.0,0.4322357107182744,0.513030760814199,0.5011242702042968,0.5906691039123146,81.91160091736738,65.67548244981205,0.6974963268455677,0.8217942104672648,0.7478811734596272,0.9119191030336896
segformer,mitb2,s-20,Qca,7202703.0,6264353.0,431.0,435.0,4327973.0,1936380.0,2874730.0,91524213.0,0.3033585284246695,0.3741779950761875,0.4544050075572484,0.3880863665075757,102.70992477301397,88.6184249531139,0.4735675340731669,0.6427496848605961,0.690889067075243,0.6008817800761742,3590038.0,3650841.0,248.0,339.0,1642145.0,2008696.0,1947893.0,95064562.0,0.1605246475948736,0.2177168536739676,0.3200689878569089,0.2119888607620623,129.38515688515648,113.74111451304016,0.293306486787906,0.4535761473158162,0.4497991010838325,0.4574171638294636
segformer,mitb2,s-20,Qr,62099929.0,66298049.0,1433.0,1486.0,58395926.0,7902123.0,3704003.0,30661244.0,0.748343429371573,0.8047439822354548,0.8163972983170149,0.8414162646554484,70.3408704150868,54.7577107107572,0.8342030602188633,0.9096081871320436,0.880809117022433,0.9403541508074832,75325588.0,75459575.0,1511.0,1534.0,69391392.0,6068183.0,5934196.0,19269525.0,0.7970642959247698,0.85456117317608,0.8815808081955462,0.8714084100587721,71.9507215277417,55.28891076687711,0.8525393423533602,0.920400795667144,0.9195836578724436,0.921219386963166
segformer,mitb2,s-20,af1,6362496.0,3576970.0,570.0,273.0,2739939.0,837031.0,3622557.0,93463769.0,0.1379788090821125,0.1733110207562938,0.2695136996718991,0.1682748599899702,122.8006902770324,110.0578518228909,0.3805720848050156,0.5513251919167489,0.7659944030841745,0.4306390133683385,1372643.0,548839.0,432.0,136.0,209326.0,339513.0,1163317.0,98951140.0,0.0288874677663687,0.038438389278474,0.081677392014666,0.036811894036847,148.73499113396753,138.75094014179857,0.1222587194157541,0.2178797407417816,0.3813978234054067,0.1524985010669198
segformer,mitb2,s-50,Qaf,10183.0,0.0,10.0,0.0,0.0,0.0,10183.0,100653113.0,0.0,0.0,0.0,0.0,,,0.0,0.0,0.0,0.0,10275.0,0.0,6.0,0.0,0.0,0.0,10275.0,100653021.0,0.0,0.0,0.0,0.0,,,0.0,0.0,0.0,0.0
segformer,mitb2,s-50,Qal,8361713.0,6655439.0,947.0,783.0,5304909.0,1350530.0,3056804.0,90951053.0,0.2506410510349449,0.3057714332458815,0.4148962656607903,0.2980778416102547,112.72551730658655,101.89034488811048,0.5462084299167556,0.7065133255626633,0.7970787501771108,0.6344284956922104,9921617.0,6176972.0,842.0,697.0,4981107.0,1195865.0,4940510.0,89545814.0,0.2051023744000643,0.2540656271633293,0.383997536598663,0.2389988767720159,131.80831580929987,117.80682215887065,0.4480427312587509,0.6188252895952558,0.8063994785794723,0.502045886270353
segformer,mitb2,s-50,Qat,388848.0,277851.0,61.0,74.0,86405.0,191446.0,302443.0,100083002.0,0.0608098527843809,0.0847229934407327,0.1519326558600197,0.0785352493738448,124.47889512160728,113.5199694140204,0.1488986617128559,0.2592024286822089,0.3109760267193567,0.222207649261408,1101870.0,368353.0,77.0,80.0,66273.0,302080.0,1035597.0,99259346.0,0.0232716131979751,0.0371666569469177,0.0940921932545512,0.0374964506274211,145.71325043269567,135.61870997292655,0.047204672531073,0.0901536705656216,0.1799170903996981,0.0601459337308393
segformer,mitb2,s-50,Qc,16237424.0,16582643.0,748.0,804.0,14487436.0,2095207.0,1749988.0,82330665.0,0.5644951796809307,0.6435876589507077,0.6728743374002998,0.6706445544285861,67.35226929776255,53.542738547950606,0.7902540557326442,0.8828401233915824,0.873650599605865,0.8922250228854035,9341265.0,10584639.0,453.0,545.0,7840925.0,2743714.0,1500340.0,88578317.0,0.3989812214017603,0.4852440480879791,0.5003156628354412,0.5412227502706177,83.45276435892633,67.37909271474707,0.6488157736972484,0.7870082080090318,0.7407834126416593,0.839385779120922
segformer,mitb2,s-50,Qca,7202703.0,8172812.0,431.0,468.0,5190940.0,2981872.0,2011763.0,90478721.0,0.329350241385952,0.4067771202389306,0.4473014527122984,0.4593686028905749,102.62255613468896,88.31362235119192,0.5096864621253219,0.6752216104631292,0.635147364211975,0.7206933286017763,3590038.0,5175592.0,248.0,354.0,1797606.0,3377986.0,1792432.0,93695272.0,0.1657850871879744,0.2256945931479538,0.2959968114920999,0.241044694492265,142.54318865290227,127.56797204827365,0.2579793066154766,0.4101487286139159,0.3473237457666678,0.5007206051857946
segformer,mitb2,s-50,Qr,62099929.0,65956203.0,1433.0,1458.0,57238445.0,8717758.0,4861484.0,29845609.0,0.7156932690087104,0.7749374350426702,0.8001490700326683,0.815160043525983,76.73240852253778,62.23859865094934,0.8082506987272826,0.8939586743101064,0.867825047478855,0.9217151439899391,75325588.0,76066485.0,1511.0,1521.0,68687806.0,7378679.0,6637782.0,17959029.0,0.7644376065151479,0.8227975684791051,0.8513516645446625,0.8456584174045222,72.01683346499291,57.27198921466652,0.8305231216183804,0.9074161498535,0.9029969769209132,0.9118787894493436
segformer,mitb2,s-50,af1,6362496.0,3018348.0,570.0,145.0,1680030.0,1338318.0,4682466.0,92962482.0,0.0548363947872356,0.0708533038800279,0.1092353299929334,0.0810054282539073,148.64996038900838,135.4829204662426,0.2181626513768544,0.3581831229684664,0.5566057989337213,0.2640520324099221,1372643.0,2291255.0,432.0,144.0,130040.0,2161215.0,1242603.0,97129438.0,0.0102532331168682,0.0163680507044886,0.0200743069983937,0.0373525565750481,167.14263203938802,157.37595774332684,0.0367983093831161,0.0709845088482266,0.0567549225206273,0.0947369417976852
segformer,mitb2,s-5,Qaf,10183.0,0.0,10.0,0.0,0.0,0.0,10183.0,100653113.0,0.0,0.0,0.0,0.0,,,0.0,0.0,0.0,0.0,10275.0,0.0,6.0,0.0,0.0,0.0,10275.0,100653021.0,0.0,0.0,0.0,0.0,,,0.0,0.0,0.0,0.0
segformer,mitb2,s-5,Qal,8361713.0,6940184.0,947.0,945.0,5414724.0,1525460.0,2946989.0,90776123.0,0.2856464337528704,0.3494565886573522,0.4653058192836289,0.3393647224101177,112.30112914853198,100.76196374880372,0.5476513862961637,0.7077193108802131,0.7801989111527878,0.6475615702189252,9921617.0,8235192.0,842.0,1146.0,5881732.0,2353460.0,4039885.0,88388219.0,0.2303883266964156,0.2863335794234476,0.3671557992842535,0.2795502815588739,131.65518298260002,116.92284526055228,0.4791604973231532,0.6478816844964332,0.7142191706034298,0.5928199002239252
segformer,mitb2,s-5,Qat,388848.0,202583.0,61.0,70.0,43941.0,158642.0,344907.0,100115806.0,0.0211085327103868,0.0329378513065544,0.0894592999740763,0.0317173979186394,136.9302598953247,128.56123085021972,0.0802590001643865,0.1485921434622128,0.2169036888583938,0.1130030243179854,1101870.0,350739.0,77.0,96.0,55676.0,295063.0,1046194.0,99266363.0,0.0210778108390899,0.0323533362490032,0.0856022625877861,0.0330822783775183,152.70366018468684,143.92114309831098,0.0398558842836413,0.0766565538283185,0.1587391194021765,0.0505286467550618
segformer,mitb2,s-5,Qc,16237424.0,17016364.0,748.0,799.0,15104726.0,1911638.0,1132698.0,82514234.0,0.602092156197158,0.6707735726385252,0.6887013176833137,0.7013504962111002,66.21875466225661,50.70294809851599,0.832259320068442,0.90845145220749,0.8876588441573064,0.9302415210688592,9341265.0,13303104.0,453.0,672.0,8875050.0,4428054.0,466215.0,86893977.0,0.3815289194702626,0.4531579875633428,0.4050846335302966,0.5879481528811956,97.3263416343383,77.83475334447849,0.6445525737329493,0.7838637499680384,0.6671412927388977,0.9500908067590418
segformer,mitb2,s-5,Qca,7202703.0,7165848.0,431.0,442.0,4548442.0,2617406.0,2654261.0,90843187.0,0.2955777450755597,0.3663921992775645,0.4569229086630335,0.3788254508394025,108.43376653452954,92.17285853408906,0.4631763252322352,0.6331107430387378,0.6347388334220877,0.6314909833155692,3590038.0,5807308.0,248.0,427.0,1680250.0,4127058.0,1909788.0,92946200.0,0.1292550923248333,0.1769025340254145,0.2605398639133421,0.1899883097429789,143.4634438820605,127.14258854344206,0.21773086663688,0.3576009652086876,0.2893337153806893,0.4680312576078582
segformer,mitb2,s-5,Qr,62099929.0,62862585.0,1433.0,1467.0,56726039.0,6136546.0,5373890.0,32426821.0,0.7348854091860478,0.7921906289205881,0.8284651728006955,0.8100967356049436,74.62947912680484,58.3735985443282,0.831315495121927,0.9078888889831394,0.9023815835763038,0.9134638302082438,75325588.0,70734374.0,1511.0,1526.0,65510133.0,5224241.0,9815455.0,20113467.0,0.7554529239695283,0.8198934648225606,0.8894342725305433,0.8178230445748027,77.23278188134383,59.47954853875432,0.8132870524157165,0.8970306729232204,0.9261428255518316,0.8696929521479474
segformer,mitb2,s-5,af1,6362496.0,6475732.0,570.0,645.0,4357984.0,2117748.0,2004512.0,92183052.0,0.1996506154679063,0.2516532047410687,0.3206561257718739,0.2764727985040324,119.75675225087168,106.19122205201651,0.5138984208473246,0.6789074006163467,0.6729716424336276,0.6849487999678113,1372643.0,2232579.0,432.0,668.0,606491.0,1626088.0,766152.0,97664565.0,0.1018672649993433,0.1451041506762932,0.2130512036721032,0.1623287264115298,123.51281326974345,111.76629824805678,0.202249218085917,0.3364514029926589,0.271654888807966,0.4418417607491532
segformer,mitb2,sds-101,Qaf,10183.0,0.0,10.0,0.0,0.0,0.0,10183.0,100653113.0,0.0,0.0,0.0,0.0,,,0.0,0.0,0.0,0.0,10275.0,0.0,6.0,0.0,0.0,0.0,10275.0,100653021.0,0.0,0.0,0.0,0.0,,,0.0,0.0,0.0,0.0
segformer,mitb2,sds-101,Qal,8361713.0,3865030.0,947.0,372.0,2816442.0,1048588.0,5545271.0,91252995.0,0.087238965635243,0.1101260346125894,0.1658024111743068,0.1048568435403871,142.85137854091457,130.9268580905727,0.2992935082522865,0.460701922008175,0.7286986129473768,0.3368259589871119,9921617.0,3144102.0,842.0,311.0,2194980.0,949122.0,7726637.0,89792557.0,0.0744212525292539,0.0971228649356537,0.1804460897027155,0.0924708090048782,152.90516331029494,138.9080346647159,0.2019163554566069,0.3359906944271494,0.6981262058292002,0.2212320834396248
segformer,mitb2,sds-101,Qat,388848.0,18365.0,61.0,25.0,715.0,17650.0,388133.0,100256798.0,0.0008594216778874,0.0016771394592256,0.0437809648231053,0.0009020110831046,155.98389148712158,143.59307670593262,0.0017589262431795,0.0035116757077991,0.0389327525183773,0.001838764761552,1101870.0,68615.0,77.0,30.0,7932.0,60683.0,1093938.0,99500743.0,0.0072054781205952,0.0123137364536523,0.0228142736665904,0.0145020064339041,108.7303079877581,102.72127205984933,0.0068229147402311,0.0135533560874338,0.1156015448517088,0.0071986713496147
segformer,mitb2,sds-101,Qc,16237424.0,19683060.0,748.0,791.0,13955061.0,5727999.0,2282363.0,78697873.0,0.428568560377917,0.5110869288339517,0.5310547591021635,0.5819769161515692,96.1106683711211,82.31570055513154,0.6353194746124398,0.7769973812156874,0.7089883890004908,0.8594381103800701,9341265.0,14601290.0,453.0,614.0,7660093.0,6941197.0,1681172.0,84380834.0,0.2812698879349928,0.3610973992670062,0.3550580636269828,0.4931188125299194,112.26241501833084,96.075074036161,0.4704505375169922,0.6398726451709101,0.5246175509150219,0.8200273731662682
segformer,mitb2,sds-101,Qca,7202703.0,3088267.0,431.0,286.0,1419789.0,1668478.0,5782914.0,91792115.0,0.1004958655519297,0.1395490405748187,0.2227523004629764,0.1476917034598565,146.37088632583618,132.67420182319788,0.160045094334114,0.2759290912324105,0.4597364800388049,0.1971189149406826,3590038.0,2037270.0,248.0,209.0,313534.0,1723736.0,3276504.0,95349522.0,0.0300632798032013,0.0466608001734929,0.102792702804276,0.0502449848194133,177.15840029972856,162.36439940749958,0.0590040148489566,0.1114330333438297,0.153899090449474,0.087334451613047
segformer,mitb2,sds-101,Qr,62099929.0,70542203.0,1433.0,1460.0,57259427.0,13282776.0,4840502.0,25280591.0,0.652734988747013,0.7090457903393758,0.722843773793992,0.761936045590806,89.77287838318972,75.21035411368253,0.7595830767813386,0.8633671087253031,0.8117045479852678,0.9220530187723726,75325588.0,79870430.0,1511.0,1502.0,68043683.0,11826747.0,7281905.0,13510961.0,0.7161471492390016,0.776115849432775,0.7968940374088712,0.8267177791903274,80.79003166345301,66.6887552647794,0.7807442336456045,0.8768740831997378,0.8519258378851848,0.9033276049567645
segformer,mitb2,sds-101,af1,6362496.0,3466371.0,570.0,261.0,2023110.0,1443261.0,4339386.0,92857539.0,0.0884125206723072,0.116533679032938,0.1770468154318735,0.1259108054975103,131.5168822457393,120.14578191439313,0.259181780831763,0.4116669805380417,0.58363920076645,0.3179742667028788,1372643.0,941589.0,432.0,179.0,181475.0,760114.0,1191168.0,98530539.0,0.0252291470834828,0.0366967054911958,0.0594241216366413,0.0472876357952935,152.1544882785315,143.1306576235541,0.0850893936815117,0.1568338870087355,0.1927327103438973,0.1322084474987305
segformer,mitb2,sds-11,Qaf,10183.0,0.0,10.0,0.0,0.0,0.0,10183.0,100653113.0,0.0,0.0,0.0,0.0,,,0.0,0.0,0.0,0.0,10275.0,0.0,6.0,0.0,0.0,0.0,10275.0,100653021.0,0.0,0.0,0.0,0.0,,,0.0,0.0,0.0,0.0
segformer,mitb2,sds-11,Qal,8361713.0,7284188.0,947.0,891.0,5311371.0,1972817.0,3050342.0,90328766.0,0.2431312688645397,0.299118849376518,0.3873957017401871,0.2938888023360316,122.66164912056334,111.39571545034084,0.5139441271156018,0.6789472846594133,0.7291644586877769,0.6352013038476685,9921617.0,7436323.0,842.0,1040.0,5226110.0,2210213.0,4695507.0,88531466.0,0.1986242118500345,0.2491217274426272,0.3481280999418601,0.2390597309797286,132.27932330098446,118.53735634428344,0.4307767253580045,0.6021578597460298,0.7027814687447008,0.5267397441364648
segformer,mitb2,sds-11,Qat,388848.0,211223.0,61.0,89.0,38000.0,173223.0,350848.0,100101225.0,0.0156267282101348,0.0234354010445083,0.0743756843981548,0.0202401659241541,124.78999252319336,115.47708625793456,0.0676071172503118,0.1266516795512531,0.1799046505352163,0.0977245607538164,1101870.0,418397.0,77.0,96.0,66814.0,351583.0,1035056.0,99209843.0,0.0221791935300151,0.0331301448007473,0.0777802330235686,0.0291494411566344,167.30266632080077,156.2619564819336,0.0459691507052515,0.0878977179666466,0.1596904375509384,0.0606369172406908
segformer,mitb2,sds-11,Qc,16237424.0,16671633.0,748.0,767.0,13987501.0,2684132.0,2249923.0,81741740.0,0.5039931851933255,0.5802964095919873,0.622483538005206,0.5998076970480731,80.09978567288773,64.62284839634404,0.7392362974799747,0.8500699974478151,0.8390000547636816,0.861435964226838,9341265.0,13544731.0,453.0,646.0,8016452.0,5528279.0,1324813.0,85793752.0,0.3095372454506022,0.3879493348968963,0.3712625588271211,0.5070188362413319,106.84422066542987,88.2617930323225,0.5391188862281183,0.7005552216298561,0.5918502183616641,0.8581762748407202
segformer,mitb2,sds-11,Qca,7202703.0,7734982.0,431.0,486.0,3909115.0,3825867.0,3293588.0,89634726.0,0.206631278517777,0.2665209599256239,0.3126479776481722,0.3107095809555795,127.42057533322134,112.60697963969686,0.35445347855615,0.5233896684794197,0.5053812665627405,0.5427288894183198,3590038.0,4978257.0,248.0,413.0,1070062.0,3908195.0,2519976.0,93165063.0,0.0724761494462158,0.1041547578792363,0.1923723968226328,0.1108870657217632,158.42750959193452,143.92735368647473,0.1427085554690018,0.2497724459767083,0.2149471190418654,0.2980642544730724
segformer,mitb2,sds-11,Qr,62099929.0,63725412.0,1433.0,1453.0,56063520.0,7661892.0,6036409.0,30901475.0,0.6923818237226257,0.7509429425784636,0.7864167801720764,0.776919901254412,81.76227815109989,65.32101582201139,0.8036418659426909,0.8911324150514323,0.8797670856957347,0.9027952350798985,75325588.0,72662469.0,1511.0,1515.0,65340393.0,7322076.0,9985195.0,18015632.0,0.7260263458753324,0.7909798812271187,0.8437402155680418,0.8060329424517507,81.33601398522349,63.26762934065057,0.7905897134612299,0.883049542301917,0.89923166524936,0.8674395346240111
segformer,mitb2,sds-11,af1,6362496.0,5035858.0,570.0,673.0,3921874.0,1113984.0,2440622.0,93186816.0,0.2104633776046289,0.2635079587458775,0.3704601192068116,0.2601918450787447,105.57307657122335,92.60207880345408,0.5245615583804143,0.6881474290059776,0.7787896322731896,0.6164049454805158,1372643.0,1623119.0,432.0,638.0,651727.0,971392.0,720916.0,98319261.0,0.1326359954237528,0.1836344211022517,0.2679877549314617,0.1948215798623574,112.5317223924537,99.7727832780328,0.2780363774431695,0.4350993169684374,0.4015275528165217,0.4747971613886494
segformer,mitb2,sds-201,Qaf,10183.0,0.0,10.0,0.0,0.0,0.0,10183.0,100653113.0,0.0,0.0,0.0,0.0,,,0.0,0.0,0.0,0.0,10275.0,0.0,6.0,0.0,0.0,0.0,10275.0,100653021.0,0.0,0.0,0.0,0.0,,,0.0,0.0,0.0,0.0
segformer,mitb2,sds-201,Qal,8361713.0,4628068.0,947.0,256.0,2151359.0,2476709.0,6210354.0,89824874.0,0.0544786988614259,0.0715550633403983,0.0970271640912317,0.0838260146519895,160.66460456848145,147.1981044946715,0.1984937475215488,0.3312386867800158,0.4648503435991001,0.2572868741129957,9921617.0,4005427.0,842.0,203.0,1988989.0,2016438.0,7932628.0,88725241.0,0.0479933309736511,0.0647297227343305,0.0882873158936974,0.0802980553890394,153.60697980154129,139.57012330918084,0.1666091335648897,0.2856297431098803,0.4965735238714873,0.2004702459286626
segformer,mitb2,sds-201,Qat,388848.0,0.0,61.0,0.0,0.0,0.0,388848.0,100274448.0,0.0,0.0,0.0,0.0,,,0.0,0.0,0.0,0.0,1101870.0,0.0,77.0,0.0,0.0,0.0,1101870.0,99561426.0,0.0,0.0,0.0,0.0,,,0.0,0.0,0.0,0.0
segformer,mitb2,sds-201,Qc,16237424.0,19031069.0,748.0,725.0,12577245.0,6453824.0,3660179.0,77972048.0,0.3640045659122522,0.4517429875234983,0.4708815200422662,0.519902969727506,105.93170335856216,92.17660272177396,0.5542773583894548,0.7132283763868221,0.6608795859023999,0.7745837640256238,9341265.0,10472797.0,453.0,527.0,5862823.0,4609974.0,3478442.0,86712057.0,0.2284246771321435,0.3034181826350718,0.3571391874984737,0.3711469044008333,120.34482844209292,104.30660663997276,0.4202367259280699,0.5917840572013957,0.5598144411660037,0.6276262369175909
segformer,mitb2,sds-201,Qca,7202703.0,4666414.0,431.0,279.0,2178983.0,2487431.0,5023720.0,90973162.0,0.1162912732998691,0.1569927800226317,0.1944446932833046,0.1819217900848438,134.3482905984512,121.33146495537216,0.2248661370420677,0.3671685096709384,0.4669502105899734,0.3025229556181894,3590038.0,2955428.0,248.0,189.0,566159.0,2389269.0,3023879.0,94683989.0,0.042443982535274,0.0624544047321023,0.1060397795109148,0.082112294040601,162.17686502323593,150.19838594835858,0.0946863909145324,0.1729927250405089,0.1915658239686434,0.1577027875470956
segformer,mitb2,sds-201,Qr,62099929.0,68622620.0,1433.0,1405.0,55557216.0,13065404.0,6542713.0,25497963.0,0.613921915115483,0.6710047181468841,0.6894951835797829,0.7246099811752788,93.58939648833665,79.09539926087758,0.7391335045372579,0.8500020298716788,0.8096049961368423,0.8946421822801118,75325588.0,81704933.0,1511.0,1508.0,68183678.0,13521255.0,7141910.0,11816453.0,0.7025784157869277,0.7616984651698447,0.7699292880280858,0.826008702670418,81.72684922282544,68.04276531826366,0.7674293840693923,0.8684130647442735,0.8345111549139879,0.9051861367481128
segformer,mitb2,sds-201,af1,6362496.0,3715125.0,570.0,271.0,1757647.0,1957478.0,4604849.0,92343322.0,0.068020504530211,0.0925380395094322,0.149951441862921,0.1070046047743758,146.61233949661255,133.566757115225,0.2112563092144278,0.3488218102268383,0.4731057501429965,0.276251175639246,1372643.0,1524711.0,432.0,202.0,127675.0,1397036.0,1244968.0,97893617.0,0.0165758208277376,0.0268617484078701,0.043944716564869,0.0395581654772624,159.3238684188488,149.3855202918829,0.0460973997347707,0.0881321371154508,0.0837371803574579,0.0930139883421982
segformer,mitb2,sds-21,Qaf,10183.0,0.0,10.0,0.0,0.0,0.0,10183.0,100653113.0,0.0,0.0,0.0,0.0,,,0.0,0.0,0.0,0.0,10275.0,0.0,6.0,0.0,0.0,0.0,10275.0,100653021.0,0.0,0.0,0.0,0.0,,,0.0,0.0,0.0,0.0
segformer,mitb2,sds-21,Qal,8361713.0,6714057.0,947.0,841.0,4841093.0,1872964.0,3520620.0,90428619.0,0.2134450553880227,0.26644444888148,0.3600536216174329,0.2615780237871654,125.94327621865165,113.78224086978548,0.4730088697474283,0.6422349239872989,0.7210384123935796,0.5789594787575225,9921617.0,6431646.0,842.0,923.0,4456119.0,1975527.0,5465498.0,88766152.0,0.1725866015144297,0.220606015294289,0.3289791303419906,0.2083704826424196,135.64397037413812,122.58889868951611,0.3745536743944597,0.544982246050834,0.6928427030965324,0.4491323339733836
segformer,mitb2,sds-21,Qat,388848.0,72321.0,61.0,30.0,20069.0,52252.0,368779.0,100222196.0,0.0141193259914871,0.022730636713095,0.0851745963096618,0.0183191183488816,118.1189852627841,105.73498223044656,0.0454976195873951,0.0870353384550999,0.2774989283887114,0.051611426572851,1101870.0,62459.0,77.0,33.0,4559.0,57900.0,1097311.0,99503526.0,0.0042096477961737,0.0073906584756866,0.0398097824381322,0.0043140640862438,181.4794044494629,174.2732842763265,0.0039309518266552,0.0078311198982418,0.0729918826750348,0.0041375116846814
segformer,mitb2,sds-21,Qc,16237424.0,16457114.0,748.0,777.0,13718221.0,2738893.0,2519203.0,81686979.0,0.4888462081552379,0.567934061382661,0.6264840021124771,0.5856593828812469,84.40807265017001,69.16043600899532,0.7229127232644775,0.8391750940172331,0.8335739182459331,0.8448520528872068,9341265.0,14275422.0,453.0,605.0,8282582.0,5992840.0,1058683.0,85329191.0,0.3235832991539329,0.4049396822956855,0.3749291275611572,0.5454635659724391,108.5904965688347,90.57061923794846,0.5401412081109397,0.7014177729501179,0.5801987499914188,0.886665992239809
segformer,mitb2,sds-21,Qca,7202703.0,6206837.0,431.0,391.0,3178544.0,3028293.0,4024159.0,90432300.0,0.1867209693746669,0.2470598372007285,0.3036116680282009,0.2839022739150588,126.09287739786608,111.12593664300852,0.3106778655763329,0.4740720412482456,0.5121036689057566,0.4412987735298818,3590038.0,3768937.0,248.0,323.0,920964.0,2847973.0,2669074.0,94225285.0,0.0774194545313881,0.1134687180104776,0.2212434082653279,0.1162243406227365,150.29110627058077,135.5433620010934,0.1430510137370066,0.2502968144340754,0.2443564325962466,0.256533217754241
segformer,mitb2,sds-21,Qr,62099929.0,67293372.0,1433.0,1480.0,57504838.0,9788534.0,4595091.0,28774833.0,0.6965171068268838,0.7559712504836867,0.7764071754562071,0.7986643205816363,81.22866235443608,64.76115932147725,0.7999174777182259,0.8888379468733084,0.8545394039698293,0.926004891245528,75325588.0,74788711.0,1511.0,1521.0,66626801.0,8161910.0,8698787.0,17175798.0,0.7320654335061931,0.7950054271336171,0.8386709071961226,0.8189670142902136,80.07216724673694,63.41590048316966,0.7980452474453121,0.8876809397084817,0.8908670855418273,0.8845175028703394
segformer,mitb2,sds-21,af1,6362496.0,3919595.0,570.0,575.0,3060131.0,859464.0,3302365.0,93441336.0,0.1711185357649276,0.2158351065338846,0.3343324519978863,0.20947267969674,120.15875431130694,107.62679460098606,0.4237258306609286,0.5952351520716944,0.7807263250412352,0.4809639173054097,1372643.0,1336121.0,432.0,539.0,400521.0,935600.0,972122.0,98355053.0,0.0880670816825794,0.1239566531082458,0.2176542529659124,0.1253674705027616,133.1144247121744,123.02930595157864,0.1735176928945522,0.2957223294461976,0.2997640183785749,0.2917881779894699
segformer,mitb2,sds-51,Qaf,10183.0,0.0,10.0,0.0,0.0,0.0,10183.0,100653113.0,0.0,0.0,0.0,0.0,,,0.0,0.0,0.0,0.0,10275.0,0.0,6.0,0.0,0.0,0.0,10275.0,100653021.0,0.0,0.0,0.0,0.0,,,0.0,0.0,0.0,0.0
segformer,mitb2,sds-51,Qal,8361713.0,5521562.0,947.0,586.0,3961956.0,1559606.0,4399757.0,90741977.0,0.1416378351237959,0.1772768899511465,0.2725563680609592,0.1753242921110075,136.56298668556607,125.00115365883738,0.3993376283939666,0.5707523621047628,0.7175426084140684,0.473821093835677,9921617.0,5354391.0,842.0,620.0,3737582.0,1616809.0,6184035.0,89124870.0,0.120701913555365,0.1534848432719895,0.2532849796224444,0.1498117492480868,143.12164489201135,130.3925129670363,0.3239247710216281,0.4893401469808081,0.6980405427993585,0.3767109736245614
segformer,mitb2,sds-51,Qat,388848.0,89167.0,61.0,46.0,9004.0,80163.0,379844.0,100194285.0,0.0064055497259687,0.0117791791947282,0.0692737290797674,0.0090258922994942,156.6891357421875,145.5308687845866,0.0191978439738087,0.0376724579772601,0.1009790617605167,0.02315557750072,1101870.0,63183.0,77.0,37.0,2739.0,60444.0,1099131.0,99500982.0,0.0013244021760809,0.0024565737277163,0.0218841262021154,0.0014818364716978,194.0312452316284,187.9880208969116,0.0023565060732297,0.00470193201511,0.0433502682683633,0.0024857741838873
segformer,mitb2,sds-51,Qc,16237424.0,16035338.0,748.0,724.0,13332362.0,2702976.0,2905062.0,81722896.0,0.4754046331685403,0.5520543051844068,0.6204643378708737,0.5610070073627866,83.5669476812737,67.7204946867281,0.7039113218305844,0.826229995437019,0.8314362940151309,0.8210884928545316,9341265.0,9873764.0,453.0,521.0,6207360.0,3666404.0,3133905.0,87655627.0,0.2919664597567419,0.3748824246720722,0.4632160151154072,0.4237165247768978,109.51952932371988,92.48158095019036,0.4772077149257103,0.6460942629854995,0.6286721051870391,0.6645095712411542
segformer,mitb2,sds-51,Qca,7202703.0,3058602.0,431.0,277.0,1818950.0,1239652.0,5383753.0,92220941.0,0.1212242815750884,0.163494085401893,0.2646719137739297,0.1687258744461167,140.92156893235665,126.11022145659835,0.2154552846924821,0.3545260568709341,0.5946998007586473,0.2525371377939643,3590038.0,1170960.0,248.0,143.0,179441.0,991519.0,3410597.0,96081739.0,0.0209104665173524,0.0309052605537188,0.0859702808098427,0.0291113018888693,179.47619264022163,162.887458856555,0.0391659429316278,0.0753795737784388,0.1532426385188221,0.0499830363912582
segformer,mitb2,sds-51,Qr,62099929.0,70273404.0,1433.0,1470.0,58100467.0,12172937.0,3999462.0,26390430.0,0.6832888571647162,0.7399283405910528,0.7446080452691778,0.8003512536192056,86.01670996108274,70.35573191075832,0.7822569685139119,0.8778273642169303,0.8267774676177634,0.935596351486972,75325588.0,82541217.0,1511.0,1524.0,70237985.0,12303232.0,5087603.0,13034476.0,0.7532930301343678,0.812671945208867,0.8137972107340374,0.8749876154363013,75.37616100034529,59.55831337277296,0.801539778807931,0.8898385572571764,0.8509443833375997,0.9324585026803908
segformer,mitb2,sds-51,af1,6362496.0,5685223.0,570.0,445.0,3440947.0,2244276.0,2921549.0,92056524.0,0.1510258069896397,0.1930992051490892,0.2675785253988247,0.2155408344311778,126.95925754461533,115.59091739012644,0.3997953007236627,0.5712196640708502,0.6052439807550205,0.5408171572917295,1372643.0,1659781.0,432.0,356.0,417423.0,1242358.0,955220.0,98048295.0,0.0600254532828345,0.0849813901344814,0.1266113321284812,0.101458951750671,137.90633662626706,127.1360392111508,0.1596263251906978,0.2753064874832807,0.2514928174259134,0.3041016491542229
segformer,mitb2,sds-5,Qaf,10183.0,121.0,10.0,1.0,0.0,121.0,10183.0,100652992.0,0.0,0.0,0.0,0.0,,,0.0,0.0,0.0,0.0,10275.0,9.0,6.0,1.0,0.0,9.0,10275.0,100653012.0,0.0,0.0,0.0,0.0,,,0.0,0.0,0.0,0.0
segformer,mitb2,sds-5,Qal,8361713.0,7926724.0,947.0,995.0,5456635.0,2470089.0,2905078.0,89831494.0,0.2556874270107538,0.3157611187062479,0.3869014388995981,0.3293248458338395,120.17503942418794,108.54980037398931,0.5037605931127619,0.6700010565777429,0.6883846340556325,0.6525738206991797,9921617.0,8472104.0,842.0,1139.0,5522163.0,2949941.0,4399454.0,87791738.0,0.1985432685634733,0.2527340041973085,0.3254083970412209,0.253386341852565,133.41371746371735,119.6670258779566,0.4290205583504343,0.6004400088486718,0.6518053838810288,0.556578932647773
segformer,mitb2,sds-5,Qat,388848.0,144164.0,61.0,54.0,37784.0,106380.0,351064.0,100168068.0,0.0196717071242402,0.0317699343954422,0.0771584698208132,0.0291076386299896,143.2658529842601,133.61799980612363,0.0762961706527094,0.1417754196903634,0.2620903970478067,0.0971690737768999,1101870.0,185138.0,77.0,67.0,36695.0,148443.0,1065175.0,99412983.0,0.0174796447991543,0.0264352978237213,0.0848370749022691,0.0269431527797883,164.50036506652833,150.27485485076903,0.0293486510977651,0.0570237325642109,0.1982035022523739,0.0333024766987031
segformer,mitb2,sds-5,Qc,16237424.0,15698349.0,748.0,763.0,13502623.0,2195726.0,2734801.0,82230146.0,0.4930343745844526,0.5702920794174177,0.6264876744824263,0.5741804210137061,80.42615121603012,65.21478410801255,0.7325184789360473,0.8456111583708965,0.8601301321559356,0.8315742078300105,9341265.0,13824845.0,453.0,659.0,7981709.0,5843136.0,1359556.0,85478895.0,0.2900278063216013,0.364614498010229,0.3393172776540618,0.4764913062054199,107.21225059060228,88.76424194438196,0.5256518844569502,0.6890849607465388,0.5773452794588294,0.8544569712988551
segformer,mitb2,sds-5,Qca,7202703.0,6593755.0,431.0,468.0,3495662.0,3098093.0,3707041.0,90362500.0,0.1997790371439698,0.2659302745462965,0.3195204630134474,0.3155372453247557,127.37808962566096,113.21481671856672,0.3393584340472328,0.5067477464143333,0.5301473894616952,0.4853264114874652,3590038.0,3752378.0,248.0,400.0,749676.0,3002702.0,2840362.0,94070556.0,0.0563960995560778,0.0843694969803061,0.1693194473874076,0.0821920539846442,158.73929484776087,144.26753051757814,0.1137123563192238,0.2042041747566468,0.1997869084617807,0.2088211879651413
segformer,mitb2,sds-5,Qr,62099929.0,65207978.0,1433.0,1470.0,57056453.0,8151525.0,5043476.0,30411842.0,0.7090728173709488,0.7689417966011752,0.7942687126428651,0.7976519587580445,78.72868589909055,61.6963351908792,0.8121746917864504,0.8963536412549772,0.8749919066651629,0.9187845126199742,75325588.0,72984221.0,1511.0,1519.0,65719040.0,7265181.0,9606548.0,18072527.0,0.7313556622082619,0.7973586967715118,0.8486762245088723,0.8123916860268738,81.6794235355948,63.62265535888468,0.7957189501407839,0.8862399654226512,0.9004554559813689,0.8724663390613028
segformer,mitb2,sds-5,af1,6362496.0,5092205.0,570.0,615.0,3988975.0,1103230.0,2373521.0,93197570.0,0.2215485169566856,0.2744835491407792,0.4012031903272871,0.2687968108138744,104.41178685158984,92.73458094405224,0.5343050361076739,0.6964782406803984,0.7833492563634025,0.6269512782404892,1372643.0,1444601.0,432.0,555.0,680939.0,763662.0,691704.0,98526991.0,0.1538943653078598,0.211511523157849,0.3214211031028762,0.2085631009011523,99.9931921229643,88.73599598127252,0.3187461528199391,0.4834078979314535,0.471368218629227,0.4960787327804826
unet,resnet18,dem,Qaf,10183.0,0.0,10.0,0.0,0.0,0.0,10183.0,100653113.0,0.0,0.0,0.0,0.0,,,0.0,0.0,0.0,0.0,10275.0,0.0,6.0,0.0,0.0,0.0,10275.0,100653021.0,0.0,0.0,0.0,0.0,,,0.0,0.0,0.0,0.0
unet,resnet18,dem,Qal,8361713.0,6167841.0,947.0,960.0,5298606.0,869235.0,3063107.0,91432348.0,0.2984924332335963,0.3659951256216489,0.4730843252309225,0.3566154620151379,107.49296694793958,92.14233050074353,0.5740045334455356,0.7293556292230305,0.8590698106517337,0.6336747027792032,9921617.0,1357609.0,842.0,927.0,686099.0,671510.0,9235518.0,90070169.0,0.0542370190117168,0.0825763520391833,0.2428107006045959,0.0697699563051133,162.4689316535264,150.4908218115903,0.0647683162865884,0.1216571066135211,0.5053730492358256,0.0691519336011458
unet,resnet18,dem,Qat,388848.0,49168.0,61.0,38.0,4247.0,44921.0,384601.0,100229527.0,0.0034807483741511,0.0064764367298777,0.0413108482077885,0.0036428213136511,177.5583984375,170.01637802124023,0.0097909255848158,0.0193919856808883,0.086377318581191,0.0109220055137225,1101870.0,0.0,77.0,0.0,0.0,0.0,1101870.0,99561426.0,0.0,0.0,0.0,0.0,,,0.0,0.0,0.0,0.0
unet,resnet18,dem,Qc,16237424.0,16913467.0,748.0,850.0,14296296.0,2617171.0,1941128.0,81808701.0,0.5186792576162073,0.5934728915480764,0.6247508915332366,0.6263430462920067,84.95749650203007,65.55242213296219,0.7582393575677441,0.8624984468743239,0.8452611164819135,0.8804534512370927,9341265.0,21539837.0,453.0,1017.0,8124292.0,13415545.0,1216973.0,77906486.0,0.1637627735040046,0.2163556274206175,0.1862377522500303,0.3453802828794899,138.27927522595866,116.32099617664144,0.3570048701905056,0.5261659379901663,0.3771751847518623,0.869720749812793
unet,resnet18,dem,Qca,7202703.0,7453195.0,431.0,606.0,4392672.0,3060523.0,2810031.0,90400070.0,0.2371216912845599,0.301626386752628,0.373836388882346,0.3206384181658369,124.0860843758834,108.24858946298298,0.4280010982901477,0.5994408530954568,0.5893676470292271,0.6098643800806447,3590038.0,11294370.0,248.0,990.0,1049948.0,10244422.0,2540090.0,86828836.0,0.0347540171765682,0.0520057181653345,0.0779068258022983,0.055549850163864,157.9096641031901,140.85221154954698,0.0758936742019565,0.1410802498829647,0.0929620687121105,0.2924615282623749
unet,resnet18,dem,Qr,62099929.0,65015679.0,1433.0,1536.0,57075698.0,7939981.0,5024231.0,30623386.0,0.7016575749263723,0.7628727255584972,0.7859091587251067,0.7955530636641134,89.02375599244884,57.51558190372052,0.8149025034441078,0.898012429756069,0.8778759043645457,0.9190944163559348,75325588.0,65019055.0,1511.0,1532.0,55706415.0,9312640.0,19619173.0,16025068.0,0.586254021454297,0.6648413992849598,0.8189500194829407,0.6763191856200178,98.6849818606209,80.28800033099144,0.6581708563180222,0.7938516755498819,0.8567706036330427,0.7395417212010347
unet,resnet18,dem,af1,6362496.0,5063946.0,570.0,580.0,3509428.0,1554518.0,2853068.0,92746282.0,0.1604163642695096,0.2054110890508362,0.2932207927159718,0.2096724137711097,128.6594595641376,115.49284433426068,0.443276720238211,0.6142643528055365,0.6930223979481613,0.5515803860623252,1372643.0,1452425.0,432.0,560.0,258265.0,1194160.0,1114378.0,98096493.0,0.0421236940421952,0.0620755920762925,0.1133943851399497,0.0638801999427,156.50688312346475,148.15675412562857,0.100617382790966,0.1828380768179739,0.1778164104859114,0.1881516169899966
unet,resnet18,ep-101,Qaf,10183.0,0.0,10.0,0.0,0.0,0.0,10183.0,100653113.0,0.0,0.0,0.0,0.0,,,0.0,0.0,0.0,0.0,10275.0,0.0,6.0,0.0,0.0,0.0,10275.0,100653021.0,0.0,0.0,0.0,0.0,,,0.0,0.0,0.0,0.0
unet,resnet18,ep-101,Qal,8361713.0,6203796.0,947.0,865.0,5545286.0,658510.0,2816427.0,91643073.0,0.2984318222627591,0.3633102785177881,0.5336711057265652,0.3324212412596281,100.75737098986362,87.24961326937047,0.6147615197540016,0.7614270122657574,0.8938536986064661,0.6631758349036854,9921617.0,7827361.0,842.0,919.0,6376489.0,1450872.0,3545128.0,89290807.0,0.2854351546484194,0.3511988471397885,0.4902783961820712,0.3262564811615213,114.91700569412411,100.3339379581474,0.5606942332500827,0.7185190043054873,0.8146409754194294,0.6426864693527274
unet,resnet18,ep-101,Qat,388848.0,210779.0,61.0,78.0,71278.0,139501.0,317570.0,100134947.0,0.0442835087451385,0.0637539231684058,0.1012113159522414,0.0537682127261567,133.67388025919595,127.14404332196273,0.134907040611414,0.2377411290685709,0.3381646179173447,0.1833055589844875,1101870.0,159818.0,77.0,74.0,33656.0,126162.0,1068214.0,99435264.0,0.0151427917326145,0.0233970062427033,0.1074029195588082,0.0176803308449962,203.0839601599652,193.93931015678075,0.0274064519491348,0.0533507491551001,0.2105895456081292,0.0305444380916079
unet,resnet18,ep-101,Qc,16237424.0,15945076.0,748.0,823.0,12973696.0,2971380.0,3263728.0,81454492.0,0.3971951018251539,0.4668881918105795,0.5299675055388647,0.4820773844552218,105.17001843734606,86.75733476630329,0.6754036326259563,0.806257810922085,0.8136490537893956,0.7989996442785506,9341265.0,1043340.0,453.0,246.0,804765.0,238575.0,8536500.0,91083456.0,0.0419825499446305,0.0601631418291314,0.2195386356632798,0.0509560001890158,181.7998239296634,163.18506728710773,0.0840061003106523,0.1549919327697105,0.7713353269308183,0.086151607946033
unet,resnet18,ep-101,Qca,7202703.0,6799021.0,431.0,464.0,3709363.0,3089658.0,3493340.0,90370935.0,0.2054040663128536,0.2744226398218321,0.3574928656550279,0.3049561357315284,129.97496242975976,114.38648232083646,0.3603996206506942,0.5298437535263515,0.5455731053044255,0.5149959674860951,3590038.0,1501950.0,248.0,182.0,530655.0,971295.0,3059383.0,96101963.0,0.051138282342164,0.0728126588294025,0.1050864262548066,0.0845341069322364,172.34346992091128,156.79472335012335,0.1163377021585576,0.2084274354142233,0.3533106960950764,0.1478131986346662
unet,resnet18,ep-101,Qr,62099929.0,65673139.0,1433.0,1534.0,57084400.0,8588739.0,5015529.0,29974628.0,0.697079938206608,0.7622740148414636,0.776750309470877,0.8046933253345437,89.72078407018732,60.67777083457473,0.8075466919252178,0.8935278911828274,0.8692199104416191,0.9192345453406237,75325588.0,88818110.0,1511.0,1536.0,72970270.0,15847840.0,2355318.0,9489868.0,0.7795185823673213,0.8367762501731401,0.8085321008344787,0.9446274717823449,77.46057022414722,57.25361053948368,0.8003457981200399,0.8891023035194443,0.8215697226612906,0.968731501969822
unet,resnet18,ep-101,af1,6362496.0,5831485.0,570.0,610.0,4124984.0,1706501.0,2237512.0,92594299.0,0.2224713969789334,0.2751505103225724,0.3859969029272059,0.2776519915410955,105.5388866943305,92.6808459016886,0.5112139712036081,0.6765606736635066,0.7073642477001999,0.6483279517975336,1372643.0,1312717.0,432.0,468.0,555342.0,757375.0,817301.0,98533278.0,0.1025262464375432,0.1419390816862016,0.256664168233768,0.1392124435492614,126.1463997694437,113.21433836690495,0.2607217403796588,0.413607114129949,0.4230477703876769,0.4045786122101668
unet,resnet18,ep-11,Qaf,10183.0,0.0,10.0,0.0,0.0,0.0,10183.0,100653113.0,0.0,0.0,0.0,0.0,,,0.0,0.0,0.0,0.0,10275.0,0.0,6.0,0.0,0.0,0.0,10275.0,100653021.0,0.0,0.0,0.0,0.0,,,0.0,0.0,0.0,0.0
unet,resnet18,ep-11,Qal,8361713.0,7608786.0,947.0,1126.0,6215817.0,1392969.0,2145896.0,90908614.0,0.3266863504407831,0.3968854785758747,0.5097933185650313,0.383792256864099,98.28563853047528,84.78333074564537,0.6372136990216596,0.7784123714606538,0.8169262481557504,0.7433664609153651,9921617.0,6857086.0,842.0,821.0,4711272.0,2145814.0,5210345.0,88595865.0,0.1763432923238811,0.2191853154789529,0.3355606620256413,0.2193935183027268,135.3067462381327,118.26415351021964,0.3904121763778885,0.5615776141934212,0.6870661969238828,0.4748492105671888
unet,resnet18,ep-11,Qat,388848.0,49675.0,61.0,82.0,25403.0,24272.0,363445.0,100250176.0,0.017669836295001,0.0273464134255683,0.0867549023795418,0.0198252493014811,126.11007881164552,115.07928743362427,0.0614906080557707,0.1158570930145055,0.5113839959738299,0.0653288688639262,1101870.0,46697.0,77.0,53.0,9182.0,37515.0,1092688.0,99523911.0,0.0049246136179611,0.0091163380420766,0.1112730272079461,0.0050417766558163,194.2351870329484,183.37925819728684,0.0080587334395309,0.0159886188615901,0.1966293337901792,0.0083331064463139
unet,resnet18,ep-11,Qc,16237424.0,17766297.0,748.0,866.0,14402401.0,3363896.0,1835023.0,81061976.0,0.4567660374603642,0.5267091190062314,0.5449777895592455,0.566048170026345,92.54246379106296,73.06447860436316,0.7347668932500464,0.8471073503985049,0.81065857449079,0.8869880468724596,9341265.0,73776.0,453.0,55.0,48074.0,25702.0,9293191.0,91296329.0,0.0026670445187731,0.0041599039701069,0.0245445080456189,0.0028034265397262,167.12476303998162,150.26429344626035,0.0051322909539448,0.0102121700797691,0.6516211234005639,0.0051464121829323
unet,resnet18,ep-11,Qca,7202703.0,6147513.0,431.0,506.0,3631289.0,2516224.0,3571414.0,90944369.0,0.2082439775986625,0.2735474109957002,0.3795220042831471,0.2727728608705329,127.12482409367615,111.3544863393937,0.3736306487331369,0.5440045314622625,0.5906923661649841,0.5041564257196222,3590038.0,92267.0,248.0,26.0,0.0,92267.0,3590038.0,96980991.0,0.0,0.0,0.0,0.0,,,0.0,0.0,0.0,0.0
unet,resnet18,ep-11,Qr,62099929.0,63236882.0,1433.0,1536.0,56559801.0,6677081.0,5540128.0,31886286.0,0.7063337110798026,0.768658169539511,0.8044086379556082,0.7867669265108456,91.1030608025449,57.365858804156375,0.8223649297926735,0.9025249732897704,0.8944116030262214,0.9107868867289688,75325588.0,92210739.0,1511.0,1536.0,73146031.0,19064708.0,2179557.0,6273000.0,0.7645622918957619,0.8242217847619789,0.7929901047213738,0.9482773929454804,80.25860384802878,62.365777138918936,0.7749316836552774,0.8731960680981147,0.7932485065541011,0.9710648524907632
unet,resnet18,ep-11,af1,6362496.0,5854143.0,570.0,779.0,4218287.0,1635856.0,2144209.0,92664944.0,0.2014670834617646,0.2548502017751178,0.3662631672155748,0.2537613883425597,109.54539531608548,96.12939239358194,0.5273945182707638,0.6905806089547215,0.7205643934560533,0.6629924796809302,1372643.0,1382731.0,432.0,641.0,454963.0,927768.0,917680.0,98362885.0,0.0770979990070736,0.1108116893392508,0.2263252086110673,0.1032866289019897,136.95355061973845,126.89611436497596,0.1977746585284107,0.3302368389917303,0.3290321834109454,0.3314503479783163
unet,resnet18,ep-201,Qaf,10183.0,0.0,10.0,0.0,0.0,0.0,10183.0,100653113.0,0.0,0.0,0.0,0.0,,,0.0,0.0,0.0,0.0,10275.0,0.0,6.0,0.0,0.0,0.0,10275.0,100653021.0,0.0,0.0,0.0,0.0,,,0.0,0.0,0.0,0.0
unet,resnet18,ep-201,Qal,8361713.0,6869833.0,947.0,953.0,5811173.0,1058660.0,2550540.0,91242923.0,0.2992002412984021,0.3635119251989719,0.4842150810979246,0.3570405922774728,100.28243840950122,86.78665178001162,0.6168729200000892,0.7630444079675169,0.8458972729031404,0.6949739843976945,9921617.0,9917167.0,842.0,1141.0,7154611.0,2762556.0,2767006.0,87979123.0,0.2863768995167686,0.3514734359665913,0.427043238985518,0.3532056590552981,118.0449354830516,102.2236477457376,0.564058137649179,0.7212751547675502,0.7214369789275505,0.7211134031882102
unet,resnet18,ep-201,Qat,388848.0,246620.0,61.0,111.0,70641.0,175979.0,318207.0,100098469.0,0.0457243743909284,0.0642413094961889,0.106922244807159,0.0532698255308896,147.5966471647605,138.8050764034956,0.1250666133169979,0.2223274814782176,0.2864366231449193,0.1816673867423774,1101870.0,362145.0,77.0,134.0,108042.0,254103.0,993828.0,99307323.0,0.0360350818440554,0.0542399553054502,0.1329748424125372,0.0395514308151955,133.5645516546149,125.23713172109504,0.0796785776707943,0.1475968483929468,0.298339063082467,0.098053309374064
unet,resnet18,ep-201,Qc,16237424.0,16845932.0,748.0,682.0,13174307.0,3671625.0,3063117.0,80754247.0,0.3981520134716191,0.4654460025616659,0.5194639728937164,0.4989755239601534,103.25822230266924,84.72329718205107,0.6617245755937413,0.7964311117650821,0.7820467873193362,0.8113544981026547,9341265.0,2775620.0,453.0,352.0,2060050.0,715570.0,7281215.0,90606461.0,0.0948388273113994,0.1292018488048121,0.3110282428996272,0.1152473044357863,167.6125165153952,146.94636540452973,0.2048407873848979,0.3400296363297992,0.7421945367161211,0.220532229842532
unet,resnet18,ep-201,Qca,7202703.0,4511629.0,431.0,431.0,2661255.0,1850374.0,4541448.0,91610219.0,0.1612672390536837,0.221587609058406,0.3400824962736806,0.2176412050030974,135.00991832657363,119.5867605840923,0.2939613790979575,0.4543588144846842,0.5898656560634751,0.3694800410345949,3590038.0,1728709.0,248.0,254.0,623588.0,1105121.0,2966450.0,95968137.0,0.0596143472609535,0.0871559559565138,0.1597643205756448,0.0866174108286197,157.29651749222367,142.61137472082066,0.1328150974226858,0.2344868067610661,0.3607246795151758,0.173699554155137
unet,resnet18,ep-201,Qr,62099929.0,65750248.0,1433.0,1533.0,57155930.0,8594318.0,4943999.0,29969049.0,0.687312037081058,0.7520294647957128,0.7775877807619483,0.7906029701920929,91.55561215984088,63.35860691107185,0.808494784589756,0.8941079526233272,0.8692884321896398,0.920386398509409,75325588.0,84548127.0,1511.0,1536.0,71338524.0,13209603.0,3987064.0,12128105.0,0.7734587799265759,0.8340782871312058,0.8227080120386745,0.9180316860455,79.00477362846713,57.122453661173246,0.8057646139827044,0.8924359329487027,0.8437623224935544,0.947068929617914
unet,resnet18,ep-201,af1,6362496.0,6439034.0,570.0,611.0,4369474.0,2069560.0,1993022.0,92231240.0,0.2124808635536956,0.263022351580938,0.3583743969885656,0.2816130813152239,109.15334999706332,98.41816850532292,0.5181979341693177,0.6826487146458274,0.6785915402838376,0.6867546950127749,1372643.0,1331528.0,432.0,452.0,580392.0,751136.0,792251.0,98539517.0,0.1159912297134542,0.1620749524278965,0.2961966334458284,0.1638183124968511,120.63824245946628,109.11967392170683,0.273282672067103,0.4292568776160975,0.4358841871894545,0.4228280769289611
unet,resnet18,ep-21,Qaf,10183.0,0.0,10.0,0.0,0.0,0.0,10183.0,100653113.0,0.0,0.0,0.0,0.0,,,0.0,0.0,0.0,0.0,10275.0,0.0,6.0,0.0,0.0,0.0,10275.0,100653021.0,0.0,0.0,0.0,0.0,,,0.0,0.0,0.0,0.0
unet,resnet18,ep-21,Qal,8361713.0,7989139.0,947.0,1108.0,6439993.0,1549146.0,1921720.0,90752437.0,0.3392031404012875,0.4110691787546691,0.5078989804053313,0.4064809513266448,95.83240969808024,82.8686428246941,0.6497916073672323,0.7877256793713258,0.8060934976847943,0.7701762784730832,9921617.0,7538743.0,842.0,922.0,5061348.0,2477395.0,4860269.0,88264284.0,0.2100054673064141,0.2647476125116741,0.3716389236335637,0.2678700387344721,123.98771498827328,109.08653650987868,0.4082057505872242,0.5797529947836128,0.6713782390512583,0.5101333784603861
unet,resnet18,ep-21,Qat,388848.0,56279.0,61.0,91.0,24159.0,32120.0,364689.0,100242328.0,0.0143857287947044,0.0233931609370287,0.1106638229555553,0.0157290137204755,140.89103669386645,130.4918989768395,0.0573891602212044,0.1085487961862569,0.4292720197587021,0.0621296753487223,1101870.0,68363.0,77.0,49.0,9372.0,58991.0,1092498.0,99502435.0,0.0048732693159134,0.0091379550503236,0.0848274777565047,0.0054189178082987,190.89479667262023,181.89009054083573,0.008073317994144,0.0160173230459233,0.1370917016514781,0.0085055405810122
unet,resnet18,ep-21,Qc,16237424.0,16870266.0,748.0,811.0,13925991.0,2944275.0,2311433.0,81481597.0,0.4482559060329033,0.5189498597561238,0.5570412501608308,0.5436592327119149,94.7551595979662,74.9419954492085,0.7260040416649224,0.8412541617974555,0.8254754845003629,0.8576478017695418,9341265.0,201561.0,453.0,77.0,125958.0,75603.0,9215307.0,91246428.0,0.0073922588724993,0.0108743795824694,0.0491956300815159,0.0098506646471938,161.32298284769058,143.5403795838356,0.0133757848150786,0.0263984693842264,0.6249125574887999,0.0134840409730373
unet,resnet18,ep-21,Qca,7202703.0,6563755.0,431.0,509.0,3748524.0,2815231.0,3454179.0,90645362.0,0.2119287124310596,0.2772630577772942,0.359490966640448,0.2891609329368798,122.08267896901006,107.36868085446564,0.3741813431791425,0.5445880123994131,0.5710944421295432,0.5204329541284709,3590038.0,245431.0,248.0,62.0,593.0,244838.0,3589445.0,96828420.0,5.113519117480394e-05,0.000100699848816,0.0006711295393646,5.443368534572787e-05,296.1012756347656,275.4447387695312,0.0001546334223062,0.0003092190290157,0.0024161576980902,0.0001651793100797
unet,resnet18,ep-21,Qr,62099929.0,64383825.0,1433.0,1535.0,57039001.0,7344824.0,5060928.0,31218543.0,0.7085420616476945,0.7709615570795078,0.7991727251003016,0.7902247439181915,93.31057555910098,57.19942948440531,0.8213579649422902,0.901918217892236,0.8859212853538913,0.9185034817028536,75325588.0,91551998.0,1511.0,1536.0,72964228.0,18587770.0,2361360.0,6749938.0,0.7642108633878403,0.8240653804004978,0.7947835344890942,0.946221118356334,81.36281392607447,62.13984554386707,0.7769313072587608,0.8744640877055831,0.7969703512095935,0.9686512901830916
unet,resnet18,ep-21,af1,6362496.0,4800032.0,570.0,642.0,3661346.0,1138686.0,2701150.0,93162114.0,0.2030025368241479,0.2574157081606844,0.389118575214469,0.2524752013745395,107.47142649252652,95.64555204942788,0.4881025417060938,0.6560065963552342,0.76277533149779,0.5754574934113907,1372643.0,1057200.0,432.0,428.0,446917.0,610283.0,925726.0,98680370.0,0.0795344235413755,0.1119539658108413,0.2303809991698216,0.1125768993568328,134.5004321588463,122.9481804228399,0.2253825911809114,0.3678566886831783,0.4227364737041241,0.3255886636219323
unet,resnet18,ep-51,Qaf,10183.0,0.0,10.0,0.0,0.0,0.0,10183.0,100653113.0,0.0,0.0,0.0,0.0,,,0.0,0.0,0.0,0.0,10275.0,0.0,6.0,0.0,0.0,0.0,10275.0,100653021.0,0.0,0.0,0.0,0.0,,,0.0,0.0,0.0,0.0
unet,resnet18,ep-51,Qal,8361713.0,8718036.0,947.0,1119.0,6487471.0,2230565.0,1874242.0,90071018.0,0.3393477616682459,0.4136969463378951,0.4891676919641714,0.4330352681520637,102.09427963057256,87.18114298447418,0.612471745926608,0.7596681895032532,0.7441436351031356,0.7758543016245595,9921617.0,11431453.0,842.0,1199.0,7561696.0,3869757.0,2359921.0,86871922.0,0.2875846145116411,0.3529775026994758,0.4005376834175534,0.3819850545198358,110.80498145026608,95.03763828630332,0.5482917075557519,0.7082537546123344,0.6614816156791267,0.7621435094702809
unet,resnet18,ep-51,Qat,388848.0,195933.0,61.0,126.0,59418.0,136515.0,329430.0,100137933.0,0.0266600293645751,0.0377849531651008,0.0688409172464162,0.0340051017337827,166.45243891963253,157.05489356429487,0.1130989430165428,0.2032145367240043,0.3032567255133132,0.1528052092334279,1101870.0,156179.0,77.0,82.0,14844.0,141335.0,1087026.0,99420091.0,0.0052851925303237,0.0085703935948366,0.0696678820189896,0.0052910870337171,193.9167141914368,186.39335536956787,0.0119401064184909,0.0235984448936408,0.095044788351827,0.0134716436603229
unet,resnet18,ep-51,Qc,16237424.0,15502000.0,748.0,774.0,13030215.0,2471785.0,3207209.0,81954087.0,0.4266619899996354,0.4984756031893865,0.5763245252286692,0.5061863878495709,94.48716137007624,76.62090815615039,0.6964599625777872,0.821074446719638,0.8405505741194684,0.8024804303933925,9341265.0,334745.0,453.0,94.0,207188.0,127557.0,9134077.0,91194474.0,0.0159556206666765,0.0236837273438324,0.0835748797752941,0.0214810381114901,176.58338957566482,160.67336251185492,0.0218810745412681,0.042825090093954,0.6189427773379736,0.0221798653608478
unet,resnet18,ep-51,Qca,7202703.0,6376689.0,431.0,484.0,3798781.0,2577908.0,3403922.0,90882685.0,0.2215865067117221,0.2907490771253506,0.3553657940278314,0.3210819082796821,128.19503159054443,110.92543299625376,0.3883991501144458,0.5594920597328658,0.595729382442832,0.5274104735402806,3590038.0,523599.0,248.0,81.0,81270.0,442329.0,3508768.0,96630929.0,0.0094152153000237,0.0139236721564523,0.0298156769011759,0.0127606824174074,204.1778862476349,188.0949306488037,0.0201544155083106,0.0395124800754174,0.1552142001799086,0.0226376433898471
unet,resnet18,ep-51,Qr,62099929.0,65166180.0,1433.0,1536.0,57471054.0,7695126.0,4628875.0,30868241.0,0.7109987424599234,0.772775401031808,0.7918555783805393,0.8067362184304964,91.68926907367668,58.76221452330012,0.8234258716466374,0.903163528005716,0.8819153432040976,0.9254608648586378,75325588.0,87324321.0,1511.0,1536.0,71410038.0,15914283.0,3915550.0,9423425.0,0.7682320001682305,0.8286507793214545,0.8124721233224742,0.9286267611799608,81.94222450051222,61.97555389047695,0.7826626366010535,0.8780827292070603,0.8177565789489506,0.9480183281144782
unet,resnet18,ep-51,af1,6362496.0,4704458.0,570.0,557.0,3757142.0,947316.0,2605354.0,93353484.0,0.2207603132066486,0.2727111240006112,0.4046053231227511,0.2567703658370146,100.76945215310806,89.4944036593804,0.5139861326118921,0.6789839372242805,0.7986344016675248,0.5905138486531072,1372643.0,892999.0,432.0,350.0,425966.0,467033.0,946677.0,98823620.0,0.0906463375150934,0.1243785631404518,0.2911836711001825,0.1127123320797722,129.31877591641464,117.7648366894491,0.2315440327535935,0.3760223371565322,0.4770061332655467,0.3103254087188001
unet,resnet18,ep-5,Qaf,10183.0,0.0,10.0,0.0,0.0,0.0,10183.0,100653113.0,0.0,0.0,0.0,0.0,,,0.0,0.0,0.0,0.0,10275.0,0.0,6.0,0.0,0.0,0.0,10275.0,100653021.0,0.0,0.0,0.0,0.0,,,0.0,0.0,0.0,0.0
unet,resnet18,ep-5,Qal,8361713.0,8307896.0,947.0,1138.0,6410611.0,1897285.0,1951102.0,90404298.0,0.3375398147499573,0.4072096916157038,0.5153391670121289,0.4068294854627216,98.83013246207555,85.57254582301114,0.6248769129304831,0.7691375364593135,0.7716287011777712,0.7666624051794172,9921617.0,25360817.0,842.0,1315.0,7534991.0,17825826.0,2386626.0,72915853.0,0.180358469496527,0.2343638772862198,0.2712635278973155,0.3180399152343265,146.11433017407893,128.89121725639325,0.2715562295235637,0.4271242171104182,0.2971115244433963,0.7594519119212121
unet,resnet18,ep-5,Qat,388848.0,64661.0,61.0,92.0,19443.0,45218.0,369405.0,100229230.0,0.0157145079035835,0.025601317592198,0.128492812921293,0.0169752042139007,125.37146615982056,115.80227054868426,0.0447927273732566,0.0857447150993695,0.3006912976910348,0.0500015430193803,1101870.0,85847.0,77.0,208.0,5425.0,80422.0,1096445.0,99481004.0,0.0016936988992159,0.003214740964767,0.0384046837656957,0.0017923688026891,178.8219811974502,168.10848510556104,0.0045885449618199,0.0091351727726386,0.0631938215662748,0.0049234483196747
unet,resnet18,ep-5,Qc,16237424.0,16346001.0,748.0,758.0,13860387.0,2485614.0,2377037.0,81940258.0,0.4701912654718805,0.5395595753885744,0.588536305660108,0.5596748537023686,88.98753588664823,70.41454663509276,0.7402851503052016,0.85076304900421,0.847937486361343,0.8536075057225826,9341265.0,31141.0,453.0,62.0,19695.0,11446.0,9321570.0,91310585.0,0.0007941681624766,0.0012557217969994,0.0292003397878847,0.0007949585994173,244.24565923781623,226.59705897739957,0.0021058065410125,0.0042027628764695,0.632445971548762,0.0021083868191299
unet,resnet18,ep-5,Qca,7202703.0,6826064.0,431.0,515.0,4051468.0,2774596.0,3151235.0,90685997.0,0.2263017776685265,0.2934513127542781,0.3638741447597948,0.3123555336802555,121.54496228863768,105.71869634839022,0.4060686163660125,0.5775943103196454,0.593529155308242,0.5624927197470172,3590038.0,110752.0,248.0,31.0,0.0,110752.0,3590038.0,96962506.0,0.0,0.0,0.0,0.0,,,0.0,0.0,0.0,0.0
unet,resnet18,ep-5,Qr,62099929.0,63825816.0,1433.0,1536.0,56799316.0,7026500.0,5300613.0,31536867.0,0.7033017720548477,0.765155901564564,0.7985913708502798,0.7849482588973539,94.08205589163327,57.56845131106753,0.8216729378570966,0.9021080796464614,0.8899113173891894,0.9146438154542818,75325588.0,72827364.0,1511.0,1536.0,57824279.0,15003085.0,17501309.0,10334623.0,0.622501853430825,0.7013669752746168,0.8187776404125012,0.7584332774160766,97.26725610560096,76.37368027158797,0.6401541955564873,0.7806024546848044,0.7939911020258814,0.7676578508753228
unet,resnet18,ep-5,af1,6362496.0,5292858.0,570.0,670.0,3970928.0,1321930.0,2391568.0,92978870.0,0.1975977787179167,0.2481221913926623,0.3746544364177979,0.2455158111424974,112.9016848235163,101.2540394239622,0.51675011250027,0.6813912301591183,0.7502426855207527,0.6241148128030257,1372643.0,2247375.0,432.0,1045.0,433034.0,1814341.0,939609.0,97476312.0,0.0486408345874805,0.0717522081648233,0.1204138163044126,0.0718168818271969,158.26399733602386,147.68610613493576,0.1358757998157505,0.2392441142557854,0.1926843539685188,0.3154745990035282
unet,resnet18,nhd,Qaf,10183.0,0.0,10.0,0.0,0.0,0.0,10183.0,100653113.0,0.0,0.0,0.0,0.0,,,0.0,0.0,0.0,0.0,10275.0,0.0,6.0,0.0,0.0,0.0,10275.0,100653021.0,0.0,0.0,0.0,0.0,,,0.0,0.0,0.0,0.0
unet,resnet18,nhd,Qal,8361713.0,4673944.0,947.0,584.0,2161221.0,2512723.0,6200492.0,89788860.0,0.0967886366057129,0.1367042510831952,0.2004264416290748,0.177927624842497,143.72507301287703,132.98513919208827,0.1987432727545594,0.3315860489425274,0.4623977095147054,0.258466297515832,9921617.0,4432105.0,842.0,575.0,2796060.0,1636045.0,7125557.0,89105634.0,0.1189780342011453,0.1671432679598489,0.2641660090522854,0.1684228924444593,142.87941799484767,130.63916147672214,0.2419226310650025,0.3895937234955505,0.6308650178639721,0.2818149501235534
unet,resnet18,nhd,Qat,388848.0,0.0,61.0,0.0,0.0,0.0,388848.0,100274448.0,0.0,0.0,0.0,0.0,,,0.0,0.0,0.0,0.0,1101870.0,0.0,77.0,0.0,0.0,0.0,1101870.0,99561426.0,0.0,0.0,0.0,0.0,,,0.0,0.0,0.0,0.0
unet,resnet18,nhd,Qc,16237424.0,416282.0,748.0,236.0,127131.0,289151.0,16110293.0,84136721.0,0.0056283970014556,0.0105212210418845,0.0854685492024692,0.0064736389260907,178.35218998302113,161.3452688968543,0.0076925194724254,0.01526759269078,0.3053963419028447,0.007829505468355,9341265.0,416902.0,453.0,203.0,7872.0,409030.0,9333393.0,90913001.0,0.0009742574446089,0.0018214002852764,0.0095918815973879,0.0012500992800673,181.92818366156683,168.83504853425202,0.0008073601875635,0.001613417765857,0.018882135369943,0.000842712416359
unet,resnet18,nhd,Qca,7202703.0,0.0,431.0,0.0,0.0,0.0,7202703.0,93460593.0,0.0,0.0,0.0,0.0,,,0.0,0.0,0.0,0.0,3590038.0,0.0,248.0,0.0,0.0,0.0,3590038.0,97073258.0,0.0,0.0,0.0,0.0,,,0.0,0.0,0.0,0.0
unet,resnet18,nhd,Qr,62099929.0,95573070.0,1433.0,1536.0,61137004.0,34436066.0,962925.0,4127301.0,0.618354011071574,0.686996605597263,0.6270726238109697,0.915155364680686,106.57748221169795,91.70848275952962,0.6333078557899569,0.7754911035845776,0.6396886068429108,0.9844939436243156,75325588.0,95814289.0,1511.0,1536.0,73682854.0,22131435.0,1642734.0,3206273.0,0.7497089964684468,0.8118659565001659,0.7661268885363673,0.9595187587159064,80.05908604586543,66.19785671514994,0.7560548407065543,0.861083404892245,0.7690173852879084,0.9781915542431612
unet,resnet18,nhd,af1,6362496.0,0.0,570.0,0.0,0.0,0.0,6362496.0,94300800.0,0.0,0.0,0.0,0.0,,,0.0,0.0,0.0,0.0,1372643.0,0.0,432.0,0.0,0.0,0.0,1372643.0,99290653.0,0.0,0.0,0.0,0.0,,,0.0,0.0,0.0,0.0
unet,resnet18,nir,Qaf,10183.0,0.0,10.0,0.0,0.0,0.0,10183.0,100653113.0,0.0,0.0,0.0,0.0,,,0.0,0.0,0.0,0.0,10275.0,0.0,6.0,0.0,0.0,0.0,10275.0,100653021.0,0.0,0.0,0.0,0.0,,,0.0,0.0,0.0,0.0
unet,resnet18,nir,Qal,8361713.0,3080953.0,947.0,283.0,2328226.0,752727.0,6033487.0,91548856.0,0.0709335370578518,0.0882586668306042,0.1455299278248532,0.0864797872254401,145.40782712571163,132.58746588077952,0.2554436696055929,0.4069376839278539,0.7556837121501042,0.2784388796888867,9921617.0,119552.0,842.0,39.0,18780.0,100772.0,9902837.0,90640907.0,0.0016618643292607,0.0024933037259182,0.0172729881379152,0.0017271570870443,220.32065979003903,206.40063568115235,0.0018738047385708,0.0037406003225321,0.1570864561027837,0.0018928366212886
unet,resnet18,nir,Qat,388848.0,0.0,61.0,0.0,0.0,0.0,388848.0,100274448.0,0.0,0.0,0.0,0.0,,,0.0,0.0,0.0,0.0,1101870.0,0.0,77.0,0.0,0.0,0.0,1101870.0,99561426.0,0.0,0.0,0.0,0.0,,,0.0,0.0,0.0,0.0
unet,resnet18,nir,Qc,16237424.0,19501573.0,748.0,692.0,13378775.0,6122798.0,2858649.0,78303074.0,0.3519745566623473,0.4232774709738848,0.4478471248969706,0.4832192726496392,109.74179871986652,92.1319211824187,0.5983292563016592,0.7486933670802233,0.6860356854290677,0.8239468896051492,9341265.0,121134.0,453.0,22.0,48260.0,72874.0,9293005.0,91249157.0,0.0026131366299061,0.0044649170478041,0.0146786808800482,0.0033081048998051,166.23097631666394,138.68584558698865,0.005126331786688,0.0102003730766373,0.3984017699407268,0.005166323833014
unet,resnet18,nir,Qca,7202703.0,2444136.0,431.0,360.0,1143947.0,1300189.0,6058756.0,92160404.0,0.0731562899985928,0.1057637248761634,0.2211018172334372,0.1003458273818803,160.28143596266167,144.94008993432226,0.134536226027568,0.2371651480863317,0.4680373759888975,0.1588219033882141,3590038.0,16203.0,248.0,13.0,0.0,16203.0,3590038.0,97057055.0,0.0,0.0,0.0,0.0,,,0.0,0.0,0.0,0.0
unet,resnet18,nir,Qr,62099929.0,70332519.0,1433.0,1536.0,56608520.0,13723999.0,5491409.0,24839368.0,0.6214628203019809,0.6834119613196018,0.701531241876296,0.7441751495834504,105.49405069577467,82.50312126681094,0.7465785734550708,0.8549040790969898,0.8048697928763222,0.911571412585673,75325588.0,55742393.0,1511.0,1536.0,47007227.0,8735166.0,28318361.0,16602542.0,0.4755251679792754,0.5244369328429173,0.7719404330919133,0.5549446433138883,97.32827510350909,82.40808855658884,0.5592053932801982,0.7172953553011547,0.8432940257875187,0.6240539005151875
unet,resnet18,nir,af1,6362496.0,5304115.0,570.0,369.0,3694405.0,1609710.0,2668091.0,92691090.0,0.1674193658345923,0.2078784302825859,0.2868856732874378,0.2208125061710881,114.28266846836674,103.00522405821232,0.4634106293791204,0.6333295933154881,0.6965167610430769,0.5806534102339711,1372643.0,44664014.0,432.0,916.0,652163.0,44011851.0,720480.0,55278802.0,0.0145493079773315,0.0247733003503485,0.0228643356594919,0.1795372771652017,209.5316763187277,196.0302772324661,0.0143697316532822,0.0283323352518841,0.0146015313357191,0.4751147967825574
unet,resnet18,osm,Qaf,10183.0,0.0,10.0,0.0,0.0,0.0,10183.0,100653113.0,0.0,0.0,0.0,0.0,,,0.0,0.0,0.0,0.0,10275.0,0.0,6.0,0.0,0.0,0.0,10275.0,100653021.0,0.0,0.0,0.0,0.0,,,0.0,0.0,0.0,0.0
unet,resnet18,osm,Qal,8361713.0,0.0,947.0,0.0,0.0,0.0,8361713.0,92301583.0,0.0,0.0,0.0,0.0,,,0.0,0.0,0.0,0.0,9921617.0,0.0,842.0,0.0,0.0,0.0,9921617.0,90741679.0,0.0,0.0,0.0,0.0,,,0.0,0.0,0.0,0.0
unet,resnet18,osm,Qat,388848.0,0.0,61.0,0.0,0.0,0.0,388848.0,100274448.0,0.0,0.0,0.0,0.0,,,0.0,0.0,0.0,0.0,1101870.0,0.0,77.0,0.0,0.0,0.0,1101870.0,99561426.0,0.0,0.0,0.0,0.0,,,0.0,0.0,0.0,0.0
unet,resnet18,osm,Qc,16237424.0,0.0,748.0,0.0,0.0,0.0,16237424.0,84425872.0,0.0,0.0,0.0,0.0,,,0.0,0.0,0.0,0.0,9341265.0,0.0,453.0,0.0,0.0,0.0,9341265.0,91322031.0,0.0,0.0,0.0,0.0,,,0.0,0.0,0.0,0.0
unet,resnet18,osm,Qca,7202703.0,0.0,431.0,0.0,0.0,0.0,7202703.0,93460593.0,0.0,0.0,0.0,0.0,,,0.0,0.0,0.0,0.0,3590038.0,0.0,248.0,0.0,0.0,0.0,3590038.0,97073258.0,0.0,0.0,0.0,0.0,,,0.0,0.0,0.0,0.0
unet,resnet18,osm,Qr,62099929.0,97263014.0,1433.0,1536.0,61167070.0,36095944.0,932859.0,2467423.0,0.6135101432491865,0.6805748904793442,0.6243442528849906,0.9130848969847042,107.22882734023852,92.2947636584843,0.6229087652186768,0.7676448344707087,0.6288831435965988,0.9849780987672304,75325588.0,100469053.0,1511.0,1536.0,75283027.0,25186026.0,42561.0,151682.0,0.7489389781452095,0.809798398666544,0.7493377340894464,0.9830170343241964,80.83072508462291,67.9120254745395,0.7489982898891664,0.8564883044415443,0.7493155827795053,0.9994349728806632
unet,resnet18,osm,af1,6362496.0,3400282.0,570.0,294.0,2317588.0,1082694.0,4044908.0,93218106.0,0.1049014311584402,0.1314358747045813,0.2306463225522433,0.1383409534221468,139.56849418967832,126.28944092385044,0.3112866159224949,0.4747804364700293,0.6815869977843014,0.3642576749753556,1372643.0,194243.0,432.0,87.0,148114.0,46129.0,1224529.0,99244524.0,0.030695891278196,0.0398500362721068,0.1001782979955999,0.0372647773756498,152.97860605066472,141.27238397164777,0.1043959142131364,0.1890552343948442,0.7625191126578564,0.1079042402139522
unet,resnet18,plc-100,Qaf,10183.0,0.0,10.0,0.0,0.0,0.0,10183.0,100653113.0,0.0,0.0,0.0,0.0,,,0.0,0.0,0.0,0.0,10275.0,0.0,6.0,0.0,0.0,0.0,10275.0,100653021.0,0.0,0.0,0.0,0.0,,,0.0,0.0,0.0,0.0
unet,resnet18,plc-100,Qal,8361713.0,6520772.0,947.0,674.0,4189847.0,2330925.0,4171866.0,89970658.0,0.1575778674725967,0.208995896014053,0.2817062680981967,0.2476904726303795,118.26776946367944,106.71783204318425,0.3918440893631674,0.5630574463874817,0.6425384908412685,0.5010751983475157,9921617.0,4456653.0,842.0,640.0,3075579.0,1381074.0,6846038.0,89360605.0,0.1290714152593544,0.1780365834315121,0.3339233526910704,0.1650090193071009,140.01512489398155,126.2901839099654,0.2721103319554608,0.4278093261567629,0.690109595698835,0.3099876764039571
unet,resnet18,plc-100,Qat,388848.0,0.0,61.0,0.0,0.0,0.0,388848.0,100274448.0,0.0,0.0,0.0,0.0,,,0.0,0.0,0.0,0.0,1101870.0,0.0,77.0,0.0,0.0,0.0,1101870.0,99561426.0,0.0,0.0,0.0,0.0,,,0.0,0.0,0.0,0.0
unet,resnet18,plc-100,Qc,16237424.0,14920731.0,748.0,834.0,7887430.0,7033301.0,8349994.0,77392571.0,0.1856507788702678,0.2396422221637325,0.3116595030937721,0.2615749781322939,142.84812735813844,127.45461885323256,0.3389421687549485,0.5062835074798235,0.5286222236698724,0.4857562381816229,9341265.0,7216988.0,453.0,633.0,1738424.0,5478564.0,7602841.0,85843467.0,0.0529708516317996,0.0763646821986513,0.1408478890614381,0.0900705796718334,178.0743357236268,160.4167971689193,0.1173039176093057,0.2099767409037656,0.2408794361304189,0.1861015611911234
unet,resnet18,plc-100,Qca,7202703.0,4013456.0,431.0,404.0,1613753.0,2399703.0,5588950.0,91060890.0,0.0857242344500699,0.1230627452032779,0.2226358806344274,0.1245876106191971,154.42307482910155,140.31896194458008,0.1680571515097362,0.2877550148852205,0.402085633927468,0.2240482496640497,3590038.0,1101370.0,248.0,199.0,214168.0,887202.0,3375870.0,96186056.0,0.0172124634356299,0.0260139056269893,0.0718527288540967,0.0218770433753307,191.94736900976147,176.6718996338925,0.0478348268129472,0.0913022273910092,0.1944559957144284,0.0596561930542239
unet,resnet18,plc-100,Qr,62099929.0,75208337.0,1433.0,1536.0,55911926.0,19296411.0,6188003.0,19266956.0,0.6138185188672954,0.6930744558918983,0.6915026955865263,0.8163618647878366,108.19586296008336,86.4040637209294,0.686909583403873,0.8144000012351769,0.7434272346694756,0.9003541050747417,75325588.0,87888285.0,1511.0,1536.0,69906399.0,17981886.0,5419189.0,7355822.0,0.7232259343760461,0.7923834380162589,0.7848361159254864,0.900998776790099,80.79799525726717,64.85736877282355,0.74920471001069,0.8566232479514777,0.7954006498135673,0.9280564660178956
unet,resnet18,plc-100,af1,6362496.0,0.0,570.0,0.0,0.0,0.0,6362496.0,94300800.0,0.0,0.0,0.0,0.0,,,0.0,0.0,0.0,0.0,1372643.0,0.0,432.0,0.0,0.0,0.0,1372643.0,99290653.0,0.0,0.0,0.0,0.0,,,0.0,0.0,0.0,0.0
unet,resnet18,plc-10,Qaf,10183.0,0.0,10.0,0.0,0.0,0.0,10183.0,100653113.0,0.0,0.0,0.0,0.0,,,0.0,0.0,0.0,0.0,10275.0,0.0,6.0,0.0,0.0,0.0,10275.0,100653021.0,0.0,0.0,0.0,0.0,,,0.0,0.0,0.0,0.0
unet,resnet18,plc-10,Qal,8361713.0,8312888.0,947.0,1219.0,5925335.0,2387553.0,2436378.0,89914030.0,0.2649028223825717,0.3377658006476949,0.4351785887772447,0.3452452069708648,109.99197713811914,96.7758891623476,0.5512315910686367,0.7107018632709712,0.7127889850073765,0.7086269284774543,9921617.0,9591471.0,842.0,1377.0,6512917.0,3078554.0,3408700.0,87663125.0,0.233284017783133,0.2974936025386656,0.3758689112349186,0.2966965260070521,122.47924752021903,107.30889197427835,0.5009870254783572,0.6675434457119243,0.6790321317762417,0.6564370505331943
unet,resnet18,plc-10,Qat,388848.0,400165.0,61.0,145.0,72846.0,327319.0,316002.0,99947129.0,0.027038758449342,0.0408983839697193,0.0612168621229029,0.0393227637456408,158.24407744407654,150.8034256696701,0.1017164990847106,0.1846509499843475,0.1820399085377282,0.187337982965066,1101870.0,721388.0,77.0,185.0,82626.0,638762.0,1019244.0,98922664.0,0.016175588186482,0.0249933235390271,0.0764017895552086,0.0203724281111446,168.42456188201905,159.84317617416383,0.0474689652953639,0.0906355545951258,0.1145375304274537,0.0749870674398976
unet,resnet18,plc-10,Qc,16237424.0,18118071.0,748.0,879.0,12725481.0,5392590.0,3511943.0,79033282.0,0.3368701645024399,0.404413106510804,0.4397339388956918,0.4565821707183692,116.17256798552162,95.842311954607,0.5883251393179866,0.7408119720004034,0.7023640099434426,0.7837130446307247,9341265.0,9227876.0,453.0,872.0,4235783.0,4992093.0,5105482.0,86329938.0,0.115416157162603,0.1575778155492203,0.223997105737563,0.1715799322689337,143.6224001060505,124.1820564558284,0.2955192356180596,0.4562174416145582,0.4590203639494072,0.4534485425689133
unet,resnet18,plc-10,Qca,7202703.0,6514360.0,431.0,574.0,3205857.0,3308503.0,3996846.0,90152090.0,0.1716398470555414,0.2330645473385157,0.3107404364038316,0.2578650546113982,138.28246281411913,123.49850637382931,0.3049942128429411,0.467426153834826,0.4921215591401151,0.4450908221538497,3590038.0,3804353.0,248.0,524.0,889242.0,2915111.0,2700796.0,94158147.0,0.0523780248056184,0.0764935300245685,0.1298660257218845,0.0795290154469318,160.4782612981023,145.04391146479426,0.136698175552935,0.2405179818053981,0.2337432935376922,0.2476970995850183
unet,resnet18,plc-10,Qr,62099929.0,63107376.0,1433.0,1529.0,54339356.0,8768020.0,7760573.0,29795347.0,0.6516962794763432,0.7236478474758394,0.7731081567562156,0.7525565016333269,95.34493684451454,66.881601236698,0.766769135649742,0.8679901863553409,0.8610618828455171,0.8750308877164739,75325588.0,76244388.0,1511.0,1535.0,66027790.0,10216598.0,9297798.0,15121110.0,0.7239702098479314,0.7985154601036197,0.8302754817870942,0.8447681704444693,89.07863509836456,66.16215005842444,0.771874008457067,0.871251572936846,0.8660019672529865,0.8765652118108922
unet,resnet18,plc-10,af1,6362496.0,4210436.0,570.0,503.0,2962303.0,1248133.0,3400193.0,93052667.0,0.153976234247109,0.197711682396826,0.3003638241533349,0.1965666526832461,126.10466480255128,113.031724783839,0.3892323486008843,0.5603560109910856,0.7035620539060563,0.4655881905466031,1372643.0,1073820.0,432.0,357.0,397559.0,676261.0,975084.0,98614392.0,0.0765529495045101,0.1137974552442564,0.2048854322050159,0.1121841702338618,134.4964132091226,123.85891703601295,0.194034957225912,0.3250071634028391,0.3702287161721704,0.2896302971712237
unet,resnet18,plc-200,Qaf,10183.0,0.0,10.0,0.0,0.0,0.0,10183.0,100653113.0,0.0,0.0,0.0,0.0,,,0.0,0.0,0.0,0.0,10275.0,0.0,6.0,0.0,0.0,0.0,10275.0,100653021.0,0.0,0.0,0.0,0.0,,,0.0,0.0,0.0,0.0
unet,resnet18,plc-200,Qal,8361713.0,6916889.0,947.0,483.0,3394099.0,3522790.0,4967614.0,88778793.0,0.1055739314301762,0.1437197233460669,0.1830818484499633,0.1872440630424932,128.41278824003615,117.7541150338579,0.2855903187537585,0.4442944452640366,0.4906973351748163,0.4059095307384982,9921617.0,5707896.0,842.0,489.0,2838890.0,2869006.0,7082727.0,87872673.0,0.0954445149629113,0.1315697263046356,0.2103628100118207,0.1449953580445369,140.35956957161082,127.36189671610131,0.22195087760776,0.3632729951342693,0.4973619000766657,0.2861317867843518
unet,resnet18,plc-200,Qat,388848.0,0.0,61.0,0.0,0.0,0.0,388848.0,100274448.0,0.0,0.0,0.0,0.0,,,0.0,0.0,0.0,0.0,1101870.0,0.0,77.0,0.0,0.0,0.0,1101870.0,99561426.0,0.0,0.0,0.0,0.0,,,0.0,0.0,0.0,0.0
unet,resnet18,plc-200,Qc,16237424.0,2083740.0,748.0,412.0,678386.0,1405354.0,15559038.0,83020518.0,0.0249344751710631,0.0382972626542934,0.1294148597362086,0.0366623729849807,185.41887752943305,168.0214328841859,0.0384512008256296,0.0740549017518756,0.3255617303502356,0.0417791639856174,9341265.0,1947494.0,453.0,362.0,279456.0,1668038.0,9061809.0,89653993.0,0.013268573226783,0.0211744610464261,0.0673865407438785,0.0219391493887853,184.17249969743256,168.8555124396952,0.0253836232865968,0.0495104909228729,0.1434951789325153,0.0299162907807454
unet,resnet18,plc-200,Qca,7202703.0,585635.0,431.0,158.0,110696.0,474939.0,7092007.0,92985654.0,0.0089863217276695,0.0145987036392981,0.0614916930608089,0.0098541715115679,183.60963537886337,170.5310425629487,0.0144179684335372,0.0284260903930979,0.1890187574171625,0.0153686747877845,3590038.0,287350.0,248.0,119.0,16658.0,270692.0,3573380.0,96802566.0,0.0016439919211755,0.0029719977806793,0.0225126750464009,0.0016821517739688,187.43462670367697,175.77287723707116,0.0043147280436601,0.0085923822944724,0.057971115364538,0.0046400623057471
unet,resnet18,plc-200,Qr,62099929.0,91077032.0,1433.0,1536.0,59443111.0,31633921.0,2656818.0,6929446.0,0.6051609726672353,0.676931023928951,0.6308177618447152,0.8830285548131277,107.30281868117386,90.40434168321804,0.6341690968630863,0.7761364452190692,0.6526685125180627,0.9572170525347944,75325588.0,92720556.0,1511.0,1536.0,71759603.0,20960953.0,3565985.0,4376755.0,0.72759662013965,0.7947852165957746,0.7623177148436943,0.9288350717151465,83.1889936766192,67.50294740163751,0.7452713770245418,0.8540464100146208,0.773934131715086,0.9526590486090862
unet,resnet18,plc-200,af1,6362496.0,0.0,570.0,0.0,0.0,0.0,6362496.0,94300800.0,0.0,0.0,0.0,0.0,,,0.0,0.0,0.0,0.0,1372643.0,0.0,432.0,0.0,0.0,0.0,1372643.0,99290653.0,0.0,0.0,0.0,0.0,,,0.0,0.0,0.0,0.0
unet,resnet18,plc-20,Qaf,10183.0,0.0,10.0,0.0,0.0,0.0,10183.0,100653113.0,0.0,0.0,0.0,0.0,,,0.0,0.0,0.0,0.0,10275.0,0.0,6.0,0.0,0.0,0.0,10275.0,100653021.0,0.0,0.0,0.0,0.0,,,0.0,0.0,0.0,0.0
unet,resnet18,plc-20,Qal,8361713.0,6982700.0,947.0,1268.0,4926587.0,2056113.0,3435126.0,90245470.0,0.2296430843784571,0.3005832605775063,0.4236624607863494,0.3019876887283547,120.71891642382386,106.92666990569698,0.4728997201527459,0.6421343064736331,0.7055418391166741,0.5891839387455656,9921617.0,8075172.0,842.0,1400.0,5311121.0,2764051.0,4610496.0,87977628.0,0.2114536897945953,0.2791570727874753,0.3800591676842151,0.270660653588456,126.6345376612361,111.1490155678776,0.4186709757814882,0.5902298460019729,0.6577099534226639,0.5353080047335026
unet,resnet18,plc-20,Qat,388848.0,0.0,61.0,0.0,0.0,0.0,388848.0,100274448.0,0.0,0.0,0.0,0.0,,,0.0,0.0,0.0,0.0,1101870.0,0.0,77.0,0.0,0.0,0.0,1101870.0,99561426.0,0.0,0.0,0.0,0.0,,,0.0,0.0,0.0,0.0
unet,resnet18,plc-20,Qc,16237424.0,19375612.0,748.0,862.0,12486957.0,6888655.0,3750467.0,77537217.0,0.2973508139995591,0.3608534249582973,0.3888361987274084,0.4224435473364619,120.61524796679736,101.58113735458716,0.5399513250819562,0.701257651832885,0.6444677463607343,0.7690232761058651,9341265.0,6738581.0,453.0,691.0,2948651.0,3789930.0,6392614.0,87532101.0,0.087344861101469,0.1219940731031604,0.1994878752678521,0.1266852936317715,155.63858512458677,137.21827802688944,0.2245531347299312,0.3667511492336431,0.4375774365552629,0.3156586393812829
unet,resnet18,plc-20,Qca,7202703.0,5551793.0,431.0,417.0,2831470.0,2720323.0,4371233.0,90740270.0,0.1538317464779222,0.2102078793157462,0.2835888703693459,0.2308379876049002,142.56275582313538,127.89619926826374,0.2853434023049017,0.4439955918289519,0.510010009378952,0.3931121413724819,3590038.0,2014175.0,248.0,241.0,591420.0,1422755.0,2998618.0,95650503.0,0.0436078043850299,0.0638872549809295,0.1242080292800055,0.0668011963658962,168.88765805906004,154.06080101631784,0.1179821309198285,0.2110626416233644,0.2936289051348567,0.164739203317625
unet,resnet18,plc-20,Qr,62099929.0,64537546.0,1433.0,1536.0,54127557.0,10409989.0,7972372.0,28153378.0,0.6394922238282703,0.7157005835141584,0.7564291361765356,0.754831306620242,105.28519094264848,71.36584390773693,0.7464848739726888,0.8548426443278342,0.8386987165579552,0.8716202719007939,75325588.0,82280503.0,1511.0,1536.0,69495000.0,12785503.0,5830588.0,12552205.0,0.7479923895846715,0.8164858790254831,0.8134133298302165,0.8922083036401697,87.02665379661191,64.45111911932733,0.7887202304645167,0.8818821602522964,0.8446107822165355,0.9225948558144678
unet,resnet18,plc-20,af1,6362496.0,4215645.0,570.0,317.0,2370265.0,1845380.0,3992231.0,92455420.0,0.0961206441801181,0.1275863254414801,0.1944658485339268,0.1374865041555542,147.3601273942638,134.3909742724788,0.2887793382843503,0.4481439602667425,0.5622544118397066,0.37253697291126,1372643.0,1554865.0,432.0,224.0,239221.0,1315644.0,1133422.0,97975009.0,0.0274933786795137,0.0419964456166754,0.0689198130624011,0.0573444222029198,170.18863637823807,159.4971329036512,0.0889864065853087,0.1634297839664315,0.1538532284153286,0.174277652674439
unet,resnet18,plc-50,Qaf,10183.0,0.0,10.0,0.0,0.0,0.0,10183.0,100653113.0,0.0,0.0,0.0,0.0,,,0.0,0.0,0.0,0.0,10275.0,0.0,6.0,0.0,0.0,0.0,10275.0,100653021.0,0.0,0.0,0.0,0.0,,,0.0,0.0,0.0,0.0
unet,resnet18,plc-50,Qal,8361713.0,6436111.0,947.0,760.0,4502499.0,1933612.0,3859214.0,90367971.0,0.1675387153708182,0.2177475268343932,0.3870634702114654,0.2156256990670395,118.04435642875067,106.9211518870722,0.4373343240742764,0.6085352819441561,0.6995682641272035,0.5384661013837715,9921617.0,6624920.0,842.0,780.0,4427182.0,2197738.0,5494435.0,88543941.0,0.1544927462048774,0.2084073255813205,0.3927336784931358,0.199044446967555,135.41529637827,121.39058902230062,0.3652984832938716,0.5351188590095921,0.6682619563707939,0.4462157730942446
unet,resnet18,plc-50,Qat,388848.0,0.0,61.0,0.0,0.0,0.0,388848.0,100274448.0,0.0,0.0,0.0,0.0,,,0.0,0.0,0.0,0.0,1101870.0,0.0,77.0,0.0,0.0,0.0,1101870.0,99561426.0,0.0,0.0,0.0,0.0,,,0.0,0.0,0.0,0.0
unet,resnet18,plc-50,Qc,16237424.0,17830025.0,748.0,836.0,11040122.0,6789903.0,5197302.0,77635969.0,0.2622662002445926,0.3195123286801619,0.3631955442988516,0.357140941427838,121.72641354451136,104.66817845707446,0.4794356722341242,0.6481331783897292,0.6191871295749726,0.679918317092662,9341265.0,6673106.0,453.0,522.0,2253994.0,4419112.0,7087271.0,86902919.0,0.0752689552287287,0.1047271516469793,0.1786813280624491,0.1223209436556327,170.81659141725856,153.71329118365702,0.1638032155659688,0.2814964134401532,0.3377728452088128,0.2412943000760603
unet,resnet18,plc-50,Qca,7202703.0,4492944.0,431.0,356.0,2371198.0,2121746.0,4831505.0,91338847.0,0.1333433773600935,0.1832077631415472,0.2743849791630164,0.1891629420927604,142.61972144631778,127.64660911560058,0.2542989939673647,0.4054838522400684,0.5277604172230947,0.3292094648356318,3590038.0,798783.0,248.0,157.0,211767.0,587016.0,3378271.0,96486242.0,0.0223359579966439,0.0336470855882706,0.1090582250171302,0.0303982448166863,187.55325988984444,172.15590982034172,0.0506976926800563,0.0965029104627415,0.2651120517086618,0.0589873979049803
unet,resnet18,plc-50,Qr,62099929.0,67122836.0,1433.0,1536.0,53682485.0,13440351.0,8417444.0,25123016.0,0.6197138259009852,0.6990530759305926,0.7273831461164212,0.7694496201537788,108.35449490244372,75.85437923208119,0.7106471540746209,0.8308518239800858,0.7997648520095307,0.8644532427726286,75325588.0,81961021.0,1511.0,1536.0,67045926.0,14915095.0,8279662.0,10422613.0,0.7099392139274036,0.7836866421655486,0.7991217887063158,0.8608889345702361,84.1304059713428,64.14420381624284,0.7429678474397186,0.8525319024456812,0.8180220936974418,0.8900816811413407
unet,resnet18,plc-50,af1,6362496.0,4781380.0,570.0,353.0,1253506.0,3527874.0,5108990.0,90772926.0,0.0341689926996934,0.0481204582458127,0.0814495887661464,0.066108073889387,177.6054282530895,166.77462720080635,0.1267400511810983,0.2249676862879666,0.2621640614215979,0.1970148193413402,1372643.0,4605466.0,432.0,390.0,161135.0,4444331.0,1211508.0,94846322.0,0.0082457755216613,0.0134658694569277,0.0167448496403733,0.0339419762972218,179.1031044836967,168.15765100909817,0.0277008286438962,0.0539083512863348,0.0349877732242513,0.1173903192599969
unet,resnet18,plc-5,Qaf,10183.0,0.0,10.0,0.0,0.0,0.0,10183.0,100653113.0,0.0,0.0,0.0,0.0,,,0.0,0.0,0.0,0.0,10275.0,0.0,6.0,0.0,0.0,0.0,10275.0,100653021.0,0.0,0.0,0.0,0.0,,,0.0,0.0,0.0,0.0
unet,resnet18,plc-5,Qal,8361713.0,6441239.0,947.0,1056.0,5248867.0,1192372.0,3112846.0,91109211.0,0.2373123430792665,0.2992822441511867,0.4618836534710914,0.2753606666339119,110.55734361491454,98.11041507819138,0.5493845826157083,0.70916490170339,0.8148846829002929,0.6277262804882205,9921617.0,6322002.0,842.0,1200.0,4798945.0,1523057.0,5122672.0,89218622.0,0.1846202074705253,0.24049014597501,0.4063484988103363,0.2085167562640754,132.5863849633405,118.1109038388648,0.4193168804982999,0.5908714061810979,0.7590862831109513,0.4836857742039427
unet,resnet18,plc-5,Qat,388848.0,0.0,61.0,0.0,0.0,0.0,388848.0,100274448.0,0.0,0.0,0.0,0.0,,,0.0,0.0,0.0,0.0,1101870.0,0.0,77.0,0.0,0.0,0.0,1101870.0,99561426.0,0.0,0.0,0.0,0.0,,,0.0,0.0,0.0,0.0
unet,resnet18,plc-5,Qc,16237424.0,17344529.0,748.0,861.0,13131201.0,4213328.0,3106223.0,80212544.0,0.3516633567179483,0.4183901949492395,0.4551201002430861,0.4533314678448261,111.38861192975726,91.16344338271831,0.6420889070485036,0.7820391506116395,0.7570802873920647,0.8086997666624952,9341265.0,9659017.0,453.0,781.0,5073411.0,4585606.0,4267854.0,86736425.0,0.1539951408822571,0.2071243353132924,0.2642510229986393,0.2415834680526033,135.43173964470262,114.95998156099714,0.3642893655006928,0.5340353369492095,0.5252512755697604,0.5431181965183516
unet,resnet18,plc-5,Qca,7202703.0,5484596.0,431.0,460.0,2884926.0,2599670.0,4317777.0,90860923.0,0.1619137612895074,0.2213604231175206,0.3382292174821744,0.2245826453457156,138.5008234392646,122.72201457052874,0.2943089392741941,0.4547738647918678,0.5260051971011174,0.4005337996027325,3590038.0,5060068.0,248.0,463.0,1064804.0,3995264.0,2525234.0,93077994.0,0.0614329125753983,0.0900602864068366,0.1407932826032662,0.1054016780021302,169.69254014803016,150.79792981562406,0.1403772717289305,0.2461944396981956,0.2104327451725945,0.2965996460204599
unet,resnet18,plc-5,Qr,62099929.0,66396216.0,1433.0,1536.0,56461324.0,9934892.0,5638605.0,28628475.0,0.6694037435094297,0.7377350868336995,0.7597547754791236,0.7867228602949959,102.10944998305906,66.23000307949955,0.7838059873849065,0.8788018348721668,0.8503696054004042,0.9092011039175262,75325588.0,78777044.0,1511.0,1536.0,67236700.0,11540344.0,8088888.0,13797364.0,0.7271246196406859,0.7977814648370535,0.8156223975414841,0.8578620128054316,84.76999968838645,63.13955014892795,0.7740284188742717,0.872622344308824,0.8535062574828272,0.8926143397645964
unet,resnet18,plc-5,af1,6362496.0,4996716.0,570.0,389.0,3497577.0,1499139.0,2864919.0,92801661.0,0.1557429737807181,0.1952888721968299,0.289891231321945,0.1982721151242538,122.9291936838586,110.93545062305984,0.4448918068569706,0.6158133152194007,0.6999751436743653,0.5497177522783512,1372643.0,845165.0,432.0,301.0,303978.0,541187.0,1068665.0,98749466.0,0.0462873090564889,0.0654208721625119,0.1338394341147372,0.0733762945884265,154.92517954357982,143.95490761198235,0.1588322891792897,0.2741247213464826,0.3596670472629605,0.2214545224067729
unet,resnet18,prc-100,Qaf,10183.0,0.0,10.0,0.0,0.0,0.0,10183.0,100653113.0,0.0,0.0,0.0,0.0,,,0.0,0.0,0.0,0.0,10275.0,0.0,6.0,0.0,0.0,0.0,10275.0,100653021.0,0.0,0.0,0.0,0.0,,,0.0,0.0,0.0,0.0
unet,resnet18,prc-100,Qal,8361713.0,6581995.0,947.0,736.0,4713626.0,1868369.0,3648087.0,90433214.0,0.185134068636846,0.2389929766004174,0.3339289992383532,0.2558335781039919,122.35370201622412,106.0350906012074,0.4607613115906598,0.6308509240143075,0.7161394075808323,0.5637153535405963,9921617.0,5291953.0,842.0,796.0,3419224.0,1872729.0,6502393.0,88868950.0,0.1363601107511752,0.185005312141771,0.3083556286187964,0.1745054222547075,139.12032820732247,123.93346068629243,0.2899036538354903,0.4494966007321095,0.646117605352882,0.3446236636628888
unet,resnet18,prc-100,Qat,388848.0,10699.0,61.0,14.0,416.0,10283.0,388432.0,100264165.0,0.0003262154075881,0.0006376617181469,0.0140845070422535,0.0003262154075881,182.6807518005371,175.83888816833496,0.0010422643192335,0.0020823582707416,0.0388821385176184,0.0010698267703575,1101870.0,2198.0,77.0,4.0,0.0,2198.0,1101870.0,99559228.0,0.0,0.0,0.0,0.0,,,0.0,0.0,0.0,0.0
unet,resnet18,prc-100,Qc,16237424.0,16788851.0,748.0,758.0,13044778.0,3744073.0,3192646.0,80681799.0,0.4299565610032734,0.5165975542899591,0.550199154262173,0.5513994756667611,90.9146665498882,74.09319734287833,0.6528428775882007,0.7899636274451176,0.7769905159084443,0.803377309110115,9341265.0,9868580.0,453.0,482.0,6430878.0,3437702.0,2910387.0,87884329.0,0.2838711001960539,0.3647322673636319,0.3919229487344537,0.4171565764737633,114.5759545821648,96.8959915334528,0.5032392680879448,0.6695398114872868,0.6516518080615448,0.6884375938376655
unet,resnet18,prc-100,Qca,7202703.0,6946428.0,431.0,455.0,4106799.0,2839629.0,3095904.0,90620964.0,0.2405275831193233,0.3152590199349245,0.3801883077879241,0.3543927727501448,125.00729031725363,108.37918895347552,0.4089487382014456,0.5805019403665144,0.5912101874517378,0.5701746969158662,3590038.0,4734957.0,248.0,396.0,1496662.0,3238295.0,2093376.0,93834963.0,0.1080581005262248,0.1520340075957985,0.2181876715577343,0.1819742429625916,152.10141350293944,136.08036828376876,0.2191840966162605,0.3595586543895822,0.316087770174048,0.4168930802403763
unet,resnet18,prc-100,Qr,62099929.0,70324749.0,1433.0,1536.0,58578782.0,11745967.0,3521147.0,26817400.0,0.686082978878647,0.7521784442163977,0.7586205836409642,0.8173907083103131,96.80109781214014,62.18554169243229,0.7932571093727402,0.8847109599919133,0.8329753441423587,0.9432986952368336,75325588.0,80743001.0,1511.0,1536.0,69607635.0,11135366.0,5717953.0,14202342.0,0.7457119278431416,0.8113149451123528,0.8268141278730354,0.8648169387239998,80.1605163928612,60.322522660109634,0.805075953707381,0.8920133826544687,0.8620887772055933,0.9240901644206216
unet,resnet18,prc-100,af1,6362496.0,10574.0,570.0,11.0,2833.0,7741.0,6359663.0,94293059.0,8.712106424829217e-05,0.0001697528815787,0.0032363844954449,8.739303635514278e-05,187.3372370402018,180.1560287475586,0.0004447244270503,0.0008890534703055,0.2679213164365425,0.0004452655058643,1372643.0,22607.0,432.0,10.0,0.0,22607.0,1372643.0,99268046.0,0.0,0.0,0.0,0.0,161.67412567138672,156.29822921752927,0.0,0.0,0.0,0.0
unet,resnet18,prc-10,Qaf,10183.0,0.0,10.0,0.0,0.0,0.0,10183.0,100653113.0,0.0,0.0,0.0,0.0,,,0.0,0.0,0.0,0.0,10275.0,0.0,6.0,0.0,0.0,0.0,10275.0,100653021.0,0.0,0.0,0.0,0.0,,,0.0,0.0,0.0,0.0
unet,resnet18,prc-10,Qal,8361713.0,7556912.0,947.0,1065.0,5980807.0,1576105.0,2380906.0,90725478.0,0.3142227792833185,0.3871028987021321,0.4917554775399723,0.3822734896464705,102.98408369982944,89.54164991104135,0.6018229555019019,0.7514225631924868,0.7914353111429642,0.7152609758311484,9921617.0,10756087.0,842.0,1291.0,7190514.0,3565573.0,2731103.0,87176106.0,0.2707899888747925,0.3326890897154902,0.4017436289399513,0.3401909196101003,119.04507098330058,103.10712333290044,0.5331365540190358,0.6954847598166605,0.668506493114085,0.7247320673636163
unet,resnet18,prc-10,Qat,388848.0,291800.0,61.0,102.0,68815.0,222985.0,320033.0,100051463.0,0.0301529897329981,0.0428880904279927,0.0839261324527159,0.0435583612398564,136.96382996131635,128.68086676762022,0.1124735017561981,0.2022043699533385,0.2358293351610692,0.1769714644282599,1101870.0,879153.0,77.0,183.0,182115.0,697038.0,919755.0,98864388.0,0.0300935419128191,0.0435782430566508,0.0825521347112953,0.0351382710431194,149.64474391937256,141.00065326690674,0.1012364167595007,0.183859551353013,0.2071482438210413,0.1652781181083067
unet,resnet18,prc-10,Qc,16237424.0,17068273.0,748.0,839.0,14444231.0,2624042.0,1793193.0,81801830.0,0.5229659117485177,0.5974738088243197,0.6471989899330196,0.6148554161806287,78.67891441618843,61.90879379747286,0.7658063800555057,0.867372990272505,0.8462620090503591,0.8895641944190162,9341265.0,11247257.0,453.0,633.0,7610837.0,3636420.0,1730428.0,87685611.0,0.329885860755273,0.4082056999418788,0.4128534548721423,0.4685474880573498,100.21401403449302,82.02675071760666,0.5864556737199277,0.739328155755911,0.6766838350008362,0.8147544256586233
unet,resnet18,prc-10,Qca,7202703.0,5117894.0,431.0,471.0,3217181.0,1900713.0,3985522.0,91559880.0,0.2097217699689113,0.2795942685537326,0.3926832432850802,0.2711960137962093,116.22106584289372,101.55925903376745,0.353403711310128,0.5222443360496248,0.6286142307753931,0.4466630097062172,3590038.0,2233592.0,248.0,380.0,892561.0,1341031.0,2697477.0,95732227.0,0.0823768197099655,0.1192574904940424,0.2347367231061593,0.1059087750418795,153.44334417676168,137.58902668826795,0.1810076070726246,0.3065308063870816,0.3996078961600865,0.2486216023340142
unet,resnet18,prc-10,Qr,62099929.0,63952282.0,1433.0,1535.0,57329764.0,6622518.0,4770165.0,31940849.0,0.7241124590291967,0.7821811307129956,0.8018034215919514,0.809841353695775,88.01661743255903,57.03827923265938,0.8342218081960906,0.909619332262248,0.8964459469952926,0.9231856609691133,75325588.0,74044315.0,1511.0,1536.0,68047599.0,5996716.0,7277989.0,19340992.0,0.7806625889813054,0.845601192827786,0.8762710028967623,0.8582818713392536,79.65042032460201,55.6997722911961,0.8367642781001384,0.9111286495245298,0.9190117971919924,0.9033795926027156
unet,resnet18,prc-10,af1,6362496.0,6676135.0,570.0,613.0,4586324.0,2089811.0,1776172.0,92210989.0,0.2242202466424244,0.276460638047397,0.3470192987166626,0.2994856409362856,110.555445490252,98.31134633971872,0.5426120939525741,0.7034977828577249,0.6869729267008531,0.7208372311746837,1372643.0,1502892.0,432.0,555.0,655011.0,847881.0,717632.0,98442772.0,0.1242978458869064,0.1719871844004539,0.2509228704946022,0.1876550601849045,118.49310734536913,108.1334309210012,0.2949803740018122,0.4555750495125255,0.4358337126021031,0.4771896261445984
unet,resnet18,prc-200,Qaf,10183.0,0.0,10.0,0.0,0.0,0.0,10183.0,100653113.0,0.0,0.0,0.0,0.0,,,0.0,0.0,0.0,0.0,10275.0,0.0,6.0,0.0,0.0,0.0,10275.0,100653021.0,0.0,0.0,0.0,0.0,,,0.0,0.0,0.0,0.0
unet,resnet18,prc-200,Qal,8361713.0,6704902.0,947.0,571.0,3928718.0,2776184.0,4432995.0,89525399.0,0.1363193968341635,0.1829420546358072,0.2288963475924859,0.2140884662483078,127.34003985565876,112.85645109182032,0.3527342729062766,0.5215130273123724,0.5859471174970193,0.4698460710143962,9921617.0,4777309.0,842.0,537.0,2134292.0,2643017.0,7787325.0,88098662.0,0.0795070887893803,0.112588832595404,0.1809255053667872,0.1271893739246182,142.0077612807111,128.9327366810827,0.1698650354638264,0.2904010810041496,0.4467561131172382,0.2151153385582209
unet,resnet18,prc-200,Qat,388848.0,0.0,61.0,0.0,0.0,0.0,388848.0,100274448.0,0.0,0.0,0.0,0.0,,,0.0,0.0,0.0,0.0,1101870.0,0.0,77.0,0.0,0.0,0.0,1101870.0,99561426.0,0.0,0.0,0.0,0.0,,,0.0,0.0,0.0,0.0
unet,resnet18,prc-200,Qc,16237424.0,17487979.0,748.0,623.0,12062582.0,5425397.0,4174842.0,79000475.0,0.3613194535356541,0.4470277273071841,0.4625329188158761,0.5086843200315065,106.47593446047802,89.26050649662574,0.5568333874890994,0.7153410146055186,0.6897642088888601,0.742887664939956,9341265.0,8371871.0,453.0,399.0,4779688.0,3592183.0,4561577.0,87729848.0,0.2013504527830366,0.270215687904737,0.3218615176983206,0.3116500600625205,139.61057089617154,121.87672818349508,0.3695602286412718,0.5396772203408815,0.5709223183204806,0.5116745965348376
unet,resnet18,prc-200,Qca,7202703.0,5765173.0,431.0,439.0,3111007.0,2654166.0,4091696.0,90806427.0,0.172139324075877,0.2362956973707282,0.3350584131665313,0.2641768134974826,132.52493304684532,119.06238477933007,0.3156181744933406,0.4798020894092448,0.539620753791777,0.4319221547799486,3590038.0,3475949.0,248.0,315.0,988370.0,2487579.0,2601668.0,94585679.0,0.0972092032373497,0.1469990492441562,0.2142810905507887,0.1854934120706161,153.361126796872,139.21072151146683,0.1626245944751043,0.2797542650446427,0.284345368703626,0.2753090635809426
unet,resnet18,prc-200,Qr,62099929.0,70705242.0,1433.0,1535.0,57225582.0,13479660.0,4874347.0,25083707.0,0.6364505495781937,0.7061131905014941,0.7199170240984111,0.7769659383475934,99.72349517876172,72.45564052855644,0.7571565651144253,0.8617974973278714,0.809354163585212,0.9215080100977248,75325588.0,84038167.0,1511.0,1536.0,70089782.0,13948385.0,5235806.0,11389323.0,0.72671173928322,0.7930423363444893,0.7883495603286809,0.8690645763333293,81.88029308795613,63.53733448253256,0.7851088020917362,0.8796201118629515,0.8340232123339862,0.930491003933484
unet,resnet18,prc-200,af1,6362496.0,0.0,570.0,0.0,0.0,0.0,6362496.0,94300800.0,0.0,0.0,0.0,0.0,,,0.0,0.0,0.0,0.0,1372643.0,0.0,432.0,0.0,0.0,0.0,1372643.0,99290653.0,0.0,0.0,0.0,0.0,,,0.0,0.0,0.0,0.0
unet,resnet18,prc-20,Qaf,10183.0,0.0,10.0,0.0,0.0,0.0,10183.0,100653113.0,0.0,0.0,0.0,0.0,,,0.0,0.0,0.0,0.0,10275.0,0.0,6.0,0.0,0.0,0.0,10275.0,100653021.0,0.0,0.0,0.0,0.0,,,0.0,0.0,0.0,0.0
unet,resnet18,prc-20,Qal,8361713.0,7878851.0,947.0,1063.0,6162255.0,1716596.0,2199458.0,90584987.0,0.309998313152467,0.3803685684477738,0.4813489751820956,0.3825940602640271,107.02487907315243,90.90397424892625,0.6114373949042443,0.7588720440989611,0.7821260993512886,0.7369608356565216,9921617.0,11095026.0,842.0,1269.0,7577650.0,3517376.0,2343967.0,87224303.0,0.2769866844826165,0.3400176034627359,0.4027596514453587,0.3471954979046043,116.69092793178436,101.6710463195925,0.5638554912559297,0.7211094559678252,0.6829772188005688,0.7637515134881744
unet,resnet18,prc-20,Qat,388848.0,9317.0,61.0,30.0,184.0,9133.0,388664.0,100265315.0,0.0002226678234701,0.0004419662283997,0.0301447280676874,0.0002228457616846,177.62586669921876,164.9138656616211,0.0004623336289923,0.0009242399507741,0.0197488461951271,0.0004731926099658,1101870.0,4414.0,77.0,44.0,14.0,4400.0,1101856.0,99557026.0,1.7483390790099166e-05,3.4893575745324164e-05,0.0083333333333333,1.7483390790099166e-05,330.3407287597656,321.83453369140625,1.2655138438175128e-05,2.5309956575345933e-05,0.0031717263253285,1.2705673083031574e-05
unet,resnet18,prc-20,Qc,16237424.0,16240152.0,748.0,802.0,14003874.0,2236278.0,2233550.0,82189594.0,0.5170704339615071,0.5940902740942972,0.6613706807930193,0.5975560856123803,79.667350747835,62.553868263660576,0.7580437315704237,0.8623718715953432,0.8622994415323206,0.8624443138271194,9341265.0,10776955.0,453.0,600.0,7615465.0,3161490.0,1725800.0,88160541.0,0.342658212152496,0.4227760636035353,0.446960628638789,0.4709408160723746,100.79211306126318,81.54060834144877,0.6091029537090026,0.7570714506551772,0.7066434813915433,0.8152498617692572
unet,resnet18,prc-20,Qca,7202703.0,6242573.0,431.0,469.0,3842820.0,2399753.0,3359883.0,91060840.0,0.2315734262929916,0.3011572104548139,0.3973549083243314,0.3133852687102104,117.73076011023818,103.13146831444534,0.4001913677084279,0.5716238179119566,0.6155827092450501,0.5335247059333142,3590038.0,3782035.0,248.0,412.0,1260458.0,2521577.0,2329580.0,94551681.0,0.0970518282922909,0.1373101506490596,0.233969410079819,0.1356288811912786,150.00954794520655,131.89558186022762,0.206239758230844,0.3419548341423097,0.3332750754554096,0.3510987905977596
unet,resnet18,prc-20,Qr,62099929.0,65699952.0,1433.0,1535.0,57793680.0,7906272.0,4306249.0,30657095.0,0.7207407209950092,0.7780661282623403,0.7952635176641949,0.8169166567364609,85.22415945701306,54.504215131667806,0.8255508679866802,0.9044402787824192,0.879660916647245,0.9306561364989644,75325588.0,74271586.0,1511.0,1536.0,68438248.0,5833338.0,6887340.0,19504370.0,0.7862386995784808,0.8464116192085953,0.8780068608129644,0.8595277330662535,77.18205505802803,54.80716417689421,0.8432621200531905,0.9149671236436592,0.9214593586300958,0.9085657320059686
unet,resnet18,prc-20,af1,6362496.0,4592451.0,570.0,459.0,3053905.0,1538546.0,3308591.0,92762254.0,0.1323649991891028,0.1698598260566894,0.258821919197932,0.1665099127291705,130.3212492775917,119.59443603475889,0.3865192717618764,0.5575389821602971,0.664983687359974,0.4799853705212545,1372643.0,733280.0,432.0,288.0,264833.0,468447.0,1107810.0,98822206.0,0.0367634617362999,0.0545299883152819,0.111817360465708,0.0561302391923283,165.6219395516624,155.69146834628685,0.1438457652803502,0.2515125196885166,0.3611621754309404,0.1929365465018945
unet,resnet18,prc-50,Qaf,10183.0,0.0,10.0,0.0,0.0,0.0,10183.0,100653113.0,0.0,0.0,0.0,0.0,,,0.0,0.0,0.0,0.0,10275.0,0.0,6.0,0.0,0.0,0.0,10275.0,100653021.0,0.0,0.0,0.0,0.0,,,0.0,0.0,0.0,0.0
unet,resnet18,prc-50,Qal,8361713.0,7115773.0,947.0,977.0,5592203.0,1523570.0,2769510.0,90778013.0,0.2615374694646652,0.3304438298786898,0.450871790205916,0.3286773877499259,106.25370140200349,92.90591863121082,0.5657099548895059,0.7226242039566374,0.7858883356734399,0.6687867665393443,9921617.0,7427496.0,842.0,1102.0,5386558.0,2040938.0,4535059.0,88700741.0,0.2101114222338675,0.2672902780733811,0.3826328253128213,0.2570644168319905,124.35087148853808,111.06316643367612,0.4502849098708428,0.6209606220214255,0.7252185662570535,0.5429113016557684
unet,resnet18,prc-50,Qat,388848.0,21864.0,61.0,22.0,7475.0,14389.0,381373.0,100260059.0,0.0158908757557337,0.0234519437811261,0.0702477393520844,0.0172674001974833,124.73130056593152,115.32386461893718,0.0185374853994053,0.0364002025750404,0.3418862056348335,0.0192234497798625,1101870.0,6026.0,77.0,9.0,0.0,6026.0,1101870.0,99555400.0,0.0,0.0,0.0,0.0,318.91064453125,307.9352111816406,0.0,0.0,0.0,0.0
unet,resnet18,prc-50,Qc,16237424.0,16574263.0,748.0,819.0,13853010.0,2721253.0,2384414.0,81704619.0,0.4940497209085016,0.5770964093037434,0.6262033887843876,0.5924640850054198,81.80521525457395,64.40628543272086,0.7306949741271503,0.8443948645493297,0.8358145396872247,0.8531531848894258,9341265.0,11074717.0,453.0,589.0,7637599.0,3437118.0,1703666.0,87884913.0,0.3321775394847324,0.4112908005426868,0.4305463963908232,0.4645727645076367,102.88983995774213,84.6745206490685,0.5976968290901908,0.748198053858002,0.6896428143491161,0.817619348128974
unet,resnet18,prc-50,Qca,7202703.0,6861441.0,431.0,464.0,4436625.0,2424816.0,2766078.0,91035777.0,0.2586633002243801,0.3312620704117941,0.4093854927653735,0.3564726254447316,114.19538957997084,101.34443895411422,0.4608274468219694,0.6309129087415487,0.6466025139617174,0.6159666725116946,3590038.0,3837072.0,248.0,384.0,1496294.0,2340778.0,2093744.0,94732480.0,0.1231290076508679,0.1701178122342304,0.2665695040314869,0.1726142684174085,144.15289256883705,128.76408962120755,0.2522914216188801,0.4029276528824805,0.3899572382274818,0.4167905743616084
unet,resnet18,prc-50,Qr,62099929.0,68448295.0,1433.0,1536.0,58440304.0,10007991.0,3659625.0,28555376.0,0.7107415304131189,0.7720036495938368,0.7790784361858201,0.8256638279337286,88.6211053052318,58.05546480338222,0.8104561052378157,0.8953059981880719,0.8537875779082591,0.9410687732026232,75325588.0,77340100.0,1511.0,1536.0,69441033.0,7899067.0,5884555.0,17438641.0,0.7784266426035819,0.8412717222255802,0.8606942483185472,0.8707034800160613,77.45398818949529,55.621977600808336,0.8343805450440137,0.9097136875969144,0.8978658289813435,0.9218784060470924
unet,resnet18,prc-50,af1,6362496.0,1641660.0,570.0,235.0,871596.0,770064.0,5490900.0,93530736.0,0.0288883301873392,0.0403572591768365,0.0941466209798384,0.0384903800878161,187.9642001964428,173.07935870841698,0.1221996029476092,0.2177858602456024,0.5309235773546288,0.1369896342567445,1372643.0,977885.0,432.0,197.0,70819.0,907066.0,1301824.0,98383587.0,0.0058110005498542,0.0091791941331778,0.0151931908248897,0.0144734525664473,191.81494765985207,182.19542894207063,0.0310649297783181,0.0602579505540882,0.0724205811521804,0.0515931673421275
unet,resnet18,prc-5,Qaf,10183.0,0.0,10.0,0.0,0.0,0.0,10183.0,100653113.0,0.0,0.0,0.0,0.0,,,0.0,0.0,0.0,0.0,10275.0,0.0,6.0,0.0,0.0,0.0,10275.0,100653021.0,0.0,0.0,0.0,0.0,,,0.0,0.0,0.0,0.0
unet,resnet18,prc-5,Qal,8361713.0,7120640.0,947.0,989.0,5750275.0,1370365.0,2611438.0,90931218.0,0.2954336401606244,0.364361237148554,0.4890954885463777,0.3443383266590256,107.2941948984571,91.84727596611248,0.590857882561155,0.7428166765090551,0.8075503044670141,0.6876910269462728,9921617.0,9609034.0,842.0,1205.0,6658778.0,2950256.0,3262839.0,87791423.0,0.2549956088626588,0.3187092266891236,0.4191845347733778,0.31121614064743,118.34622060174472,103.62600848656292,0.5173122823694734,0.6818797796345857,0.6929705941304818,0.6711383839952701
unet,resnet18,prc-5,Qat,388848.0,0.0,61.0,0.0,0.0,0.0,388848.0,100274448.0,0.0,0.0,0.0,0.0,,,0.0,0.0,0.0,0.0,1101870.0,14.0,77.0,3.0,7.0,7.0,1101863.0,99561419.0,4.187306607306329e-06,8.371843561482279e-06,0.0126582278481012,4.187306607306329e-06,190.9790496826172,180.4587860107422,6.352796183240053e-06,1.2705511650954184e-05,0.5,6.352836541515787e-06
unet,resnet18,prc-5,Qc,16237424.0,17311702.0,748.0,876.0,14568269.0,2743433.0,1669155.0,81682439.0,0.5042998730652996,0.5763425832273953,0.6056585602358585,0.5992820377292073,81.6116645975975,63.55561513920962,0.7675243009311961,0.8684738314792463,0.8415272513355417,0.897203214007345,9341265.0,13868619.0,453.0,759.0,8216945.0,5651674.0,1124320.0,85670357.0,0.2833232835887815,0.3518600244196801,0.3205587684998617,0.4596507104892843,113.37957144956994,92.2672108878492,0.5480543207705975,0.7080556714544545,0.5924847311761899,0.8796394278505106
unet,resnet18,prc-5,Qca,7202703.0,4584121.0,431.0,438.0,3032723.0,1551398.0,4169980.0,91909195.0,0.2098987864473388,0.277939422004811,0.4215309847830132,0.2600749761758095,123.5783683148826,107.59036865757732,0.3464345453633674,0.514595449970238,0.6615713241426219,0.4210534572923526,3590038.0,2814580.0,248.0,436.0,885522.0,1929058.0,2704516.0,95144200.0,0.0611334022547298,0.0887171495681098,0.1887983713286782,0.0765431337881876,156.97485962415996,141.7204814810502,0.1604469282650637,0.2765260941401969,0.3146195880024728,0.2466608988539954
unet,resnet18,prc-5,Qr,62099929.0,66493478.0,1433.0,1534.0,58704886.0,7788592.0,3395043.0,30774775.0,0.7374585762213529,0.793983928225616,0.7949563331918064,0.8387971266018086,92.12165638606862,56.07942688373611,0.8399789430370117,0.9130310389863144,0.8828668279316055,0.945329357783968,75325588.0,73222243.0,1511.0,1536.0,67205923.0,6016320.0,8119665.0,19321388.0,0.7699720781877204,0.8382221855913485,0.8728441204727156,0.851119649925522,78.83071594629597,55.29392032525462,0.826215227211046,0.9048388326854804,0.9178348032851166,0.8922057535083563
unet,resnet18,prc-5,af1,6362496.0,5153355.0,570.0,788.0,4133571.0,1019784.0,2228925.0,93281016.0,0.2068625469292908,0.255802329263693,0.3752020460524446,0.2486368314516958,111.76076592284105,100.4355633945704,0.559931484581999,0.7178924076040928,0.8021126043131125,0.6496775793650794,1372643.0,1148806.0,432.0,738.0,684709.0,464097.0,687934.0,98826556.0,0.1510150315281982,0.2054429030517733,0.2962981456663781,0.1982784333419017,110.67344130833112,95.48551397485885,0.3727849341768568,0.5431075544260463,0.5960179525524762,0.4988252590076225
unet,resnet18,rgb,Qaf,10183.0,0.0,10.0,0.0,0.0,0.0,10183.0,100653113.0,0.0,0.0,0.0,0.0,,,0.0,0.0,0.0,0.0,10275.0,0.0,6.0,0.0,0.0,0.0,10275.0,100653021.0,0.0,0.0,0.0,0.0,,,0.0,0.0,0.0,0.0
unet,resnet18,rgb,Qal,8361713.0,5360967.0,947.0,384.0,3373066.0,1987901.0,4988647.0,90313682.0,0.0931982660207367,0.1178215448274813,0.1541824035419717,0.1337141432140398,146.83233840291092,134.57660201119214,0.3259122514134343,0.4916045553783955,0.62918984578715,0.4033941370625851,9921617.0,8448740.0,842.0,327.0,1701912.0,6746828.0,8219705.0,83994851.0,0.0381760627388742,0.0544869870289582,0.0611644435088476,0.0929043612696943,164.39574218908123,149.5361054277173,0.1021038255218168,0.1852889413090883,0.2014397413105386,0.1715357486587115
unet,resnet18,rgb,Qat,388848.0,0.0,61.0,0.0,0.0,0.0,388848.0,100274448.0,0.0,0.0,0.0,0.0,,,0.0,0.0,0.0,0.0,1101870.0,0.0,77.0,0.0,0.0,0.0,1101870.0,99561426.0,0.0,0.0,0.0,0.0,,,0.0,0.0,0.0,0.0
unet,resnet18,rgb,Qc,16237424.0,17375528.0,748.0,670.0,12473269.0,4902259.0,3764155.0,79523613.0,0.345333843709049,0.4177863747889137,0.4643284759359579,0.4590677386852306,107.78988397163258,91.40022089774148,0.5900404939847017,0.7421703990771177,0.7178641708039031,0.7681802852472166,9341265.0,1259144.0,453.0,134.0,134319.0,1124825.0,9206946.0,90197206.0,0.0064114580023081,0.0110350541465787,0.018189825785786,0.019168919112471,166.9965697307976,148.41277741412728,0.0128337325591505,0.0253422297196268,0.1066748521217589,0.0143791017597723
unet,resnet18,rgb,Qca,7202703.0,4769513.0,431.0,437.0,1994568.0,2774945.0,5208135.0,90685648.0,0.1009528094943094,0.1429291673067456,0.2262509677852043,0.1509611701512276,144.81712758022806,129.87992246600166,0.1999036245816649,0.3331994678345262,0.4181911234962563,0.2769193731853167,3590038.0,83599.0,248.0,42.0,0.0,83599.0,3590038.0,96989659.0,0.0,0.0,0.0,0.0,,,0.0,0.0,0.0,0.0
unet,resnet18,rgb,Qr,62099929.0,69153035.0,1433.0,1536.0,56261385.0,12891650.0,5838544.0,25671717.0,0.6124504388288111,0.6742344919544981,0.7016146349174429,0.7368562643679274,104.9537432413374,81.42764450092875,0.7502360365021785,0.8572969826418548,0.8135779579305521,0.9059814706068344,75325588.0,68969683.0,1511.0,1535.0,57736509.0,11233174.0,17589079.0,14104534.0,0.5898799127094989,0.6528336240773408,0.7773819043937067,0.6914568972520078,96.5696800066146,80.1110805502001,0.6670209654800747,0.8002550409292346,0.8371288149896238,0.7664926425798362
unet,resnet18,rgb,af1,6362496.0,4004253.0,570.0,560.0,3288891.0,715362.0,3073605.0,93585438.0,0.1760698966860322,0.2272950055616909,0.4006430273106393,0.2050879487468655,114.81545468022053,101.28271716818176,0.4646732104543493,0.6345076937813388,0.821349450197078,0.5169183603416018,1372643.0,21902130.0,432.0,789.0,270633.0,21631497.0,1102010.0,77659156.0,0.0262814922657819,0.0385124075687408,0.0903837823420065,0.0741861776161628,178.24841872657217,164.6021480947975,0.0117645345576926,0.0232554792263709,0.0123564694392737,0.1971619714667251
unet,resnet18,s-100,Qaf,10183.0,0.0,10.0,0.0,0.0,0.0,10183.0,100653113.0,0.0,0.0,0.0,0.0,,,0.0,0.0,0.0,0.0,10275.0,0.0,6.0,0.0,0.0,0.0,10275.0,100653021.0,0.0,0.0,0.0,0.0,,,0.0,0.0,0.0,0.0
unet,resnet18,s-100,Qal,8361713.0,5692849.0,947.0,669.0,4038718.0,1654131.0,4322995.0,90647452.0,0.1583769278217588,0.2007406860083439,0.2961385834180793,0.1974622574735427,131.6791077794958,121.29468510992646,0.403232917765093,0.5747198667592772,0.7094370498848643,0.4830012701942772,9921617.0,4089178.0,842.0,542.0,2676127.0,1413051.0,7245490.0,89328628.0,0.0979697623270448,0.1253244417937546,0.2138099699277137,0.1190127250102901,161.49784559840606,148.94609912611995,0.236101048570633,0.3820093006856498,0.6544413082531502,0.2697269003631162
unet,resnet18,s-100,Qat,388848.0,0.0,61.0,0.0,0.0,0.0,388848.0,100274448.0,0.0,0.0,0.0,0.0,,,0.0,0.0,0.0,0.0,1101870.0,0.0,77.0,0.0,0.0,0.0,1101870.0,99561426.0,0.0,0.0,0.0,0.0,,,0.0,0.0,0.0,0.0
unet,resnet18,s-100,Qc,16237424.0,18602450.0,748.0,747.0,14338870.0,4263580.0,1898554.0,80162292.0,0.4832043204396652,0.5714853205944385,0.5627536816606589,0.6431325999520375,80.55832512516038,65.93709084043827,0.6994228185117177,0.823129842547651,0.7708054584207994,0.8830754188595432,9341265.0,10489393.0,453.0,439.0,6711310.0,3778083.0,2629955.0,87543948.0,0.3076506492290161,0.3959383833958266,0.4058627598377946,0.4662830403587948,103.54086516434002,86.82965875630724,0.511558196337196,0.6768620587375366,0.6398187197295401,0.7184583672553985
unet,resnet18,s-100,Qca,7202703.0,4490349.0,431.0,378.0,3252046.0,1238303.0,3950657.0,92222290.0,0.2165828720487138,0.2806037554477894,0.4303866512707207,0.2706139297280837,122.02960840439954,108.74029755118669,0.3852675854039198,0.5562356175274,0.7242301210885835,0.4515035535964762,3590038.0,1370579.0,248.0,201.0,700600.0,669979.0,2889438.0,96403279.0,0.0816553617730416,0.114462865068448,0.2649674320738148,0.1138211075437706,170.15947354180472,156.1041879245213,0.1644594376031832,0.2824648627378409,0.5111708263441946,0.19515113767598
unet,resnet18,s-100,Qr,62099929.0,71861139.0,1433.0,1534.0,58162126.0,13699013.0,3937803.0,24864354.0,0.6569156410440512,0.7212988358636953,0.7351236812841586,0.7845339363865389,98.27173221993712,75.03000683749521,0.7673210794947507,0.8683437190871007,0.8093682734419225,0.9365892511728958,75325588.0,84700436.0,1511.0,1536.0,71349423.0,13351013.0,3976165.0,11986695.0,0.7479709425247639,0.8087267951524097,0.7936208355751072,0.876066552810793,78.421374978489,61.644500315544384,0.8046025918381784,0.8917227487949085,0.842373739374848,0.9472136214854372
unet,resnet18,s-100,af1,6362496.0,16509.0,570.0,30.0,370.0,16139.0,6362126.0,94284661.0,6.5363145461183e-05,0.0001278290916644,0.0060828821796949,6.562260492179338e-05,245.05258433024088,237.711062113444,5.800614081225842e-05,0.00011600555259,0.022412017687322,5.815327821031243e-05,1372643.0,13710.0,432.0,25.0,1.0,13709.0,1372642.0,99276944.0,6.316720585648889e-07,1.2629850405371112e-06,0.0004444444510671,6.323910525275555e-07,226.1320037841797,218.60833086286272,7.21317529747135e-07,1.442634018897063e-06,7.293946024799416e-05,7.285215456604521e-07
unet,resnet18,s-10,Qaf,10183.0,0.0,10.0,0.0,0.0,0.0,10183.0,100653113.0,0.0,0.0,0.0,0.0,,,0.0,0.0,0.0,0.0,10275.0,0.0,6.0,0.0,0.0,0.0,10275.0,100653021.0,0.0,0.0,0.0,0.0,,,0.0,0.0,0.0,0.0
unet,resnet18,s-10,Qal,8361713.0,7403629.0,947.0,982.0,5931974.0,1471655.0,2429739.0,90829928.0,0.3127651888058838,0.3786585451510292,0.4813493167263779,0.3735415762935691,109.94936373307532,96.0183788940464,0.6032494665103554,0.7525335003833091,0.8012251829474437,0.70942090454432,9921617.0,10156166.0,842.0,1154.0,6943401.0,3212765.0,2978216.0,87528914.0,0.2722884164958947,0.3297771104854127,0.3956394661380928,0.3334906661376909,125.28471911227751,110.42760214753984,0.5286431443824308,0.6916501687462207,0.6836635990392438,0.699825542550171
unet,resnet18,s-10,Qat,388848.0,22307.0,61.0,53.0,5742.0,16565.0,383106.0,100257883.0,0.0032253613930733,0.0059401203935831,0.0762385240535146,0.0032302857083796,187.6952317181756,176.0799876942354,0.0141633346735304,0.0279310722233707,0.2574079885237817,0.014766695469695,1101870.0,30962.0,77.0,86.0,4033.0,26929.0,1097837.0,99534497.0,0.0042522012682383,0.0075141231641642,0.0869452252903645,0.0050306736391955,169.93984307845437,162.6978557308515,0.0035728238596951,0.0071202084686873,0.1302564433822104,0.0036601413959904
unet,resnet18,s-10,Qc,16237424.0,16484591.0,748.0,847.0,14900060.0,1584531.0,1337364.0,82841341.0,0.5854392055754037,0.6530720038686615,0.6918801269286682,0.6680310773342948,68.3556296805513,51.915561965178384,0.8360508148516815,0.9107055295952892,0.9038780519334692,0.9176369355139092,9341265.0,12137115.0,453.0,671.0,8766227.0,3370888.0,575038.0,87951143.0,0.393345513645007,0.464358883697906,0.4352682377919473,0.5627942989226814,89.78740484289337,71.43625346048152,0.6895942017060367,0.8162838165634466,0.7222661233744593,0.9384410997868062
unet,resnet18,s-10,Qca,7202703.0,6176245.0,431.0,483.0,4234766.0,1941479.0,2967937.0,91519114.0,0.2854080412834519,0.3553603678655556,0.4592226684877499,0.3629708085837271,116.88654411438458,100.97836750978864,0.4631104236551722,0.6330491754658139,0.685653823642035,0.5879412215108689,3590038.0,3682331.0,248.0,404.0,1556291.0,2126040.0,2033747.0,94947218.0,0.1318998770698466,0.1782522214229154,0.2822994957145158,0.1758384779826842,135.30632506476508,118.10804312240674,0.2722655289168552,0.428001109404652,0.4226374543733304,0.433502653732356
unet,resnet18,s-10,Qr,62099929.0,64200874.0,1433.0,1536.0,57648799.0,6552075.0,4451130.0,32011292.0,0.7259613431477625,0.779555462746463,0.8106281413292832,0.8006229522750156,92.29968897296428,58.260306887084255,0.839724926310964,0.9128809576927236,0.8979441463678516,0.9283231064563696,75325588.0,73159053.0,1511.0,1536.0,68228925.0,4930128.0,7096663.0,20407580.0,0.7922418661824319,0.8515707110307934,0.8971023650087773,0.8543810898946731,75.9144073457295,52.05176418684398,0.8501441193297684,0.9190031311049874,0.9326108280816592,0.9057868224009084
unet,resnet18,s-10,af1,6362496.0,6375650.0,570.0,488.0,4202785.0,2172865.0,2159711.0,92127935.0,0.1792727940328176,0.2206925119420586,0.2987827326259141,0.2428033518859734,114.38992664533502,102.44905386812546,0.4923968652292504,0.6598738937361842,0.6591931803031847,0.6605560144949404,1372643.0,1497669.0,432.0,380.0,417754.0,1079915.0,954889.0,98210738.0,0.0618997044273458,0.0873364115143484,0.1585839297206953,0.0968541628484647,144.30646824180533,134.9371064781049,0.1703339941399958,0.2910861258288297,0.2789361334179982,0.3043427897858365
unet,resnet18,s-200,Qaf,10183.0,0.0,10.0,0.0,0.0,0.0,10183.0,100653113.0,0.0,0.0,0.0,0.0,,,0.0,0.0,0.0,0.0,10275.0,0.0,6.0,0.0,0.0,0.0,10275.0,100653021.0,0.0,0.0,0.0,0.0,,,0.0,0.0,0.0,0.0
unet,resnet18,s-200,Qal,8361713.0,5653896.0,947.0,455.0,3040496.0,2613400.0,5321217.0,89688183.0,0.0890118858451674,0.1150972997908728,0.1685983885605325,0.1196112264395234,148.9690018774758,137.1766571044922,0.277035507515959,0.4338728342093447,0.5377700615646273,0.3636211862330123,9921617.0,2817821.0,842.0,325.0,1469881.0,1347940.0,8451736.0,89393739.0,0.0524101053430376,0.0704657401239898,0.1186115956266898,0.0722884442803295,162.28595401929772,148.75641673544175,0.1304293505059693,0.230760729005471,0.5216374638417416,0.1481493389635983
unet,resnet18,s-200,Qat,388848.0,0.0,61.0,0.0,0.0,0.0,388848.0,100274448.0,0.0,0.0,0.0,0.0,,,0.0,0.0,0.0,0.0,1101870.0,0.0,77.0,0.0,0.0,0.0,1101870.0,99561426.0,0.0,0.0,0.0,0.0,,,0.0,0.0,0.0,0.0
unet,resnet18,s-200,Qc,16237424.0,17914734.0,748.0,618.0,12928478.0,4986256.0,3308946.0,79439616.0,0.3888381253376534,0.4731639486285269,0.4852158352918506,0.5357000375086843,97.51027072068962,80.61153567593871,0.609153455008745,0.7571104584372091,0.7216673158529733,0.7962148429455312,9341265.0,7788476.0,453.0,337.0,4835989.0,2952487.0,4505276.0,88369544.0,0.213100538871497,0.2803056705100905,0.3212421843478067,0.3156034952885733,130.06814960531287,112.98981955889109,0.3933696563913116,0.5646307203360518,0.62091595326223,0.5177017245522957
unet,resnet18,s-200,Qca,7202703.0,5267409.0,431.0,452.0,2767765.0,2499644.0,4434938.0,90960949.0,0.1508002533401999,0.2024631430488513,0.316045740742096,0.2044387509825928,138.95562097938563,124.16635498952706,0.2852675749486181,0.4439037917221593,0.5254509380228496,0.3842675451146604,3590038.0,1730775.0,248.0,220.0,661145.0,1069630.0,2928893.0,96003628.0,0.0755787047266355,0.1121912296679464,0.2054388336318242,0.1270696936017148,171.5935878753662,159.0219695784829,0.1418867181095305,0.2485127742696463,0.381993615576837,0.1841610033097142
unet,resnet18,s-200,Qr,62099929.0,71825031.0,1433.0,1535.0,56313118.0,15511913.0,5786811.0,23051454.0,0.6058011256523533,0.6717667084362162,0.6880931899802647,0.7502542797252497,104.11732350164952,84.1996954315701,0.7255737855055676,0.8409652390413258,0.7840319344937003,0.9068145311406072,75325588.0,88326224.0,1511.0,1536.0,72007059.0,16319165.0,3318529.0,9018543.0,0.7381421927803112,0.8002672420770599,0.7749371684002616,0.893601190629885,81.19326699971364,66.50413142569722,0.7857193853749598,0.8800031984980404,0.8152398657956894,0.9559442005285108
unet,resnet18,s-200,af1,6362496.0,2226.0,570.0,3.0,0.0,2226.0,6362496.0,94298574.0,0.0,0.0,0.0,0.0,,,0.0,0.0,0.0,0.0,1372643.0,0.0,432.0,0.0,0.0,0.0,1372643.0,99290653.0,0.0,0.0,0.0,0.0,,,0.0,0.0,0.0,0.0
unet,resnet18,s-20,Qaf,10183.0,0.0,10.0,0.0,0.0,0.0,10183.0,100653113.0,0.0,0.0,0.0,0.0,,,0.0,0.0,0.0,0.0,10275.0,0.0,6.0,0.0,0.0,0.0,10275.0,100653021.0,0.0,0.0,0.0,0.0,,,0.0,0.0,0.0,0.0
unet,resnet18,s-20,Qal,8361713.0,8275204.0,947.0,1071.0,6072499.0,2202705.0,2289214.0,90098878.0,0.3053599923235157,0.3733494026415803,0.4588179543993027,0.3820685413541761,110.4899722011142,98.1409135471105,0.5748067711822837,0.7300029206132362,0.7338186466460525,0.726226671496618,9921617.0,10050080.0,842.0,1198.0,6917637.0,3132443.0,3003980.0,87609236.0,0.2550057560408144,0.3101812564911421,0.3810002094478675,0.3110597266305062,123.33626403253544,109.60993453812978,0.5299222617331313,0.6927440367235693,0.6883166104150414,0.6972287884122115
unet,resnet18,s-20,Qat,388848.0,15722.0,61.0,56.0,1340.0,14382.0,387508.0,100260066.0,0.0013481839362179,0.0025881408296697,0.070909878654966,0.0013594555457176,155.2914548601423,148.3114994594029,0.0033231654390794,0.0066243171762612,0.0852308866556417,0.0034460766160556,1101870.0,7644.0,77.0,41.0,0.0,7644.0,1101870.0,99553782.0,0.0,0.0,0.0,0.0,246.30802307128903,242.15845642089843,0.0,0.0,0.0,0.0
unet,resnet18,s-20,Qc,16237424.0,15838369.0,748.0,834.0,14465485.0,1372884.0,1771939.0,83052988.0,0.5793196684314387,0.652637010391724,0.7052262450775338,0.653762736270437,66.39573289690576,50.410387649509566,0.8214214652009494,0.9019565003427974,0.913319105016432,0.8908731458881655,9341265.0,10735164.0,453.0,623.0,8385025.0,2350139.0,956240.0,88971892.0,0.4214641265417361,0.4971994046186266,0.4994255942695206,0.5487296204360893,81.61200315302068,63.90578235658732,0.7171957277329566,0.8353104030602255,0.7810802890389006,0.8976327082038674
unet,resnet18,s-20,Qca,7202703.0,6708349.0,431.0,521.0,4520963.0,2187386.0,2681740.0,91273207.0,0.2838063693126773,0.3539213607489893,0.421878382155688,0.3876996335700692,115.45109110472973,99.81216549550292,0.4814611448304696,0.6499814679723719,0.6739307987703085,0.6276758877882372,3590038.0,3777268.0,248.0,395.0,1679408.0,2097860.0,1910630.0,94975398.0,0.1497365392061799,0.2014408069069031,0.2863209352007492,0.2105947940149481,134.8303030521498,118.18598404280635,0.2952598657711513,0.4559083062383998,0.4446091725554025,0.46779671970046
unet,resnet18,s-20,Qr,62099929.0,65199030.0,1433.0,1534.0,57701388.0,7497642.0,4398541.0,31065725.0,0.7206863622832873,0.7766331838592037,0.8029726413161481,0.806136136568511,91.93953542266787,57.30809473908205,0.829071865166099,0.9065492515143034,0.8850037799642111,0.929169951224904,75325588.0,75243636.0,1511.0,1536.0,69632164.0,5611472.0,5693424.0,19726236.0,0.80324811391633,0.860716384763748,0.8860595206654504,0.8731721148390837,76.02954105538772,52.54409054081461,0.8603248499513079,0.9249189462515924,0.9254226364074166,0.9244158040956812
unet,resnet18,s-20,af1,6362496.0,4626622.0,570.0,380.0,3049532.0,1577090.0,3312964.0,92723710.0,0.127133893324341,0.1637810910041226,0.2433351366223421,0.1668321212560248,127.85476397376024,114.28856590503956,0.3840920672689986,0.5550094193182746,0.6591271126104532,0.4792980616412175,1372643.0,849504.0,432.0,268.0,214263.0,635241.0,1158380.0,98655412.0,0.0263921313512378,0.0386959674971473,0.0698553045009581,0.039382260562281,164.98020750577334,154.70614867913918,0.1067108458456763,0.1928432277432591,0.25222129619166,0.1560952119378454
unet,resnet18,s-50,Qaf,10183.0,0.0,10.0,0.0,0.0,0.0,10183.0,100653113.0,0.0,0.0,0.0,0.0,,,0.0,0.0,0.0,0.0,10275.0,0.0,6.0,0.0,0.0,0.0,10275.0,100653021.0,0.0,0.0,0.0,0.0,,,0.0,0.0,0.0,0.0
unet,resnet18,s-50,Qal,8361713.0,6505067.0,947.0,788.0,5265757.0,1239310.0,3095956.0,91062273.0,0.239827475939879,0.2928698382284773,0.4169977954461019,0.2733890961236614,114.74666595830352,103.14314862482271,0.548457909120726,0.7083924023897575,0.8094854365066494,0.6297462015259313,9921617.0,6267979.0,842.0,704.0,5103786.0,1164193.0,4817831.0,89577486.0,0.206373472984105,0.2552890124591483,0.3769929923513527,0.2347744267257411,132.85049926747178,119.55898016624734,0.4603890920013964,0.6305019594065225,0.8142634172833062,0.5144107054323908
unet,resnet18,s-50,Qat,388848.0,145099.0,61.0,59.0,50098.0,95001.0,338750.0,100179447.0,0.0418354183728356,0.0614257425730747,0.1425127068194009,0.0502735508307914,138.5837959713406,130.40899806552463,0.103540567408427,0.187651583396854,0.3452677137678412,0.1288369748590709,1101870.0,68179.0,77.0,54.0,23472.0,44707.0,1078398.0,99516719.0,0.0125264310153645,0.0205890489874449,0.1010730922222137,0.015254925913442,183.57649412609285,175.14686075846353,0.0204713682552501,0.0401213966252695,0.3442702298361665,0.0213019684717797
unet,resnet18,s-50,Qc,16237424.0,17376329.0,748.0,792.0,14763730.0,2612599.0,1473694.0,81813273.0,0.5596697402583257,0.6393562871026159,0.665239043118392,0.6805409344700606,67.48843823749013,53.55659814731933,0.7832207950091096,0.8784338957925942,0.8496460903796194,0.9092408992953562,9341265.0,11063696.0,453.0,527.0,7956983.0,3106713.0,1384282.0,88215318.0,0.3845288166842117,0.4713868445888747,0.4825863626454636,0.5379734377182572,86.97733534476608,71.18476387152926,0.6392189157146647,0.7799067099417637,0.7191975448349268,0.8518100064605811
unet,resnet18,s-50,Qca,7202703.0,6801365.0,431.0,493.0,4563369.0,2237996.0,2639334.0,91222597.0,0.288507583596519,0.3590194110678928,0.4400753661890469,0.3738013095645967,110.50798692438336,97.16437400711908,0.4833719409971656,0.6517204857902718,0.6709489933270748,0.6335633997403475,3590038.0,3587114.0,248.0,365.0,1404520.0,2182594.0,2185518.0,94890664.0,0.1282194814090642,0.1775356026482768,0.2787641492360733,0.1780653946377013,144.08575605878642,129.21734784631167,0.243306692683684,0.3913864440937017,0.3915459614609404,0.3912270566495396
unet,resnet18,s-50,Qr,62099929.0,67015768.0,1433.0,1534.0,57595596.0,9420172.0,4504333.0,29143195.0,0.6980844973036486,0.7610553437847903,0.7795542096929835,0.8012190435349688,91.80951173257262,63.78571524631703,0.8053064130879792,0.8921548245214522,0.859433499292286,0.9274663743979482,75325588.0,77630830.0,1511.0,1536.0,69840685.0,7790145.0,5484903.0,17547563.0,0.7724753166879168,0.8325223441893286,0.8473150618644922,0.8598494339926029,72.53939400170513,53.62326318424005,0.8402823686822325,0.9132102583626142,0.8996514013826723,0.9271840665883684
unet,resnet18,s-50,af1,6362496.0,2819668.0,570.0,237.0,1607999.0,1211669.0,4754497.0,93089131.0,0.0530840174598832,0.0712674779994678,0.1257815142151414,0.0737974911969932,167.63164960421048,155.99982656576694,0.2123004978106497,0.3502440165520895,0.5702795506421323,0.2527308465105518,1372643.0,2045498.0,432.0,245.0,108704.0,1936794.0,1263939.0,97353859.0,0.0103215449974883,0.0168084825032053,0.0220831908726119,0.0327584698043865,185.8253389926667,177.22872393181984,0.0328466745250022,0.0636041637837643,0.0531430487832302,0.0791932060994737
unet,resnet18,s-5,Qaf,10183.0,0.0,10.0,0.0,0.0,0.0,10183.0,100653113.0,0.0,0.0,0.0,0.0,,,0.0,0.0,0.0,0.0,10275.0,0.0,6.0,0.0,0.0,0.0,10275.0,100653021.0,0.0,0.0,0.0,0.0,,,0.0,0.0,0.0,0.0
unet,resnet18,s-5,Qal,8361713.0,7358659.0,947.0,991.0,5782972.0,1575687.0,2578741.0,90725896.0,0.2954411271150561,0.3560949975953163,0.4589254598126195,0.3515755307599236,114.67254672450424,100.28461478823029,0.5819401453096383,0.7357296633947339,0.7858730782334118,0.6916013501061326,9921617.0,9043587.0,842.0,1113.0,6395746.0,2647841.0,3525871.0,88093838.0,0.2538681962973191,0.3115718354529477,0.4000425974086808,0.3079655539832286,128.54873066075643,114.50362822914124,0.5088322821875056,0.6744716270913828,0.7072134099002974,0.6446273828147165
unet,resnet18,s-5,Qat,388848.0,142606.0,61.0,72.0,62903.0,79703.0,325945.0,100194745.0,0.033930973663369,0.052203428291794,0.126757705827879,0.0440953957073599,125.82691984910232,117.5956773024339,0.1342500602922627,0.2367203934865482,0.4410964475548013,0.1617675801341398,1101870.0,383503.0,77.0,103.0,89565.0,293938.0,1012305.0,99267488.0,0.0316450968313007,0.0486244810025722,0.1363936112931286,0.0448379220415774,163.25611079366584,154.17685087103592,0.0641671347348632,0.1205959715169186,0.2335444572793433,0.0812845435486945
unet,resnet18,s-5,Qc,16237424.0,16042059.0,748.0,851.0,14710860.0,1331199.0,1526564.0,83094673.0,0.5699980762561477,0.6339110144338495,0.6908649279996082,0.6375393190558882,70.56996735674755,52.3842670382662,0.83733710945929,0.9114681297714712,0.9170181957316078,0.905984840945214,9341265.0,11523738.0,453.0,692.0,8533559.0,2990179.0,807706.0,88331852.0,0.3787212581575815,0.4472108438027291,0.4340981874470682,0.5189781520156456,90.78765921217672,70.40492376156068,0.6920161985895569,0.8179782193177734,0.740520046533512,0.913533552468536
unet,resnet18,s-5,Qca,7202703.0,5839151.0,431.0,521.0,3962149.0,1877002.0,3240554.0,91583591.0,0.2589074228299388,0.3233963429484784,0.402076098196274,0.3439296922370342,121.54386467597854,105.22503859090132,0.4363741993820283,0.6076051763805974,0.6785488164289637,0.5500919585327897,3590038.0,3863102.0,248.0,489.0,1599466.0,2263636.0,1990572.0,94809622.0,0.1282984637997329,0.1730212228637309,0.2315066269500138,0.1743804124084268,134.7397195674755,117.38872112168208,0.2732413865206706,0.4292059454136109,0.4140366990051,0.4455289888296447
unet,resnet18,s-5,Qr,62099929.0,65856884.0,1433.0,1535.0,58520452.0,7336432.0,3579477.0,31226935.0,0.7289852566444707,0.7817396817167254,0.8049659370836562,0.8130233170941672,94.6570287376372,57.88269373535361,0.8427926112084129,0.9146906777054536,0.8886003777524609,0.9423594026975458,75325588.0,74356826.0,1511.0,1536.0,68898678.0,5458148.0,6426910.0,19879560.0,0.7895333121454087,0.848745570757122,0.8883914584313667,0.8568022385526698,77.42580044656144,51.320268739618896,0.8528780842718143,0.9205981672636572,0.9265951992087452,0.914678263115583
unet,resnet18,s-5,af1,6362496.0,5423937.0,570.0,571.0,4139469.0,1284468.0,2223027.0,93016332.0,0.2006708983973763,0.247404441010627,0.3689028153061147,0.2416948804298032,111.1290751484376,98.6493503335156,0.5413218893145044,0.7024125110625072,0.763185302484155,0.6506045740539562,1372643.0,1492540.0,432.0,547.0,481581.0,1010959.0,891062.0,98279694.0,0.0903232602371308,0.1294186262396181,0.2503799195803219,0.1255813214888028,126.65689754956648,114.51458993083553,0.2020391827159064,0.3361607269064489,0.3226586892143594,0.3508421344807062
unet,resnet18,sds-101,Qaf,10183.0,0.0,10.0,0.0,0.0,0.0,10183.0,100653113.0,0.0,0.0,0.0,0.0,,,0.0,0.0,0.0,0.0,10275.0,0.0,6.0,0.0,0.0,0.0,10275.0,100653021.0,0.0,0.0,0.0,0.0,,,0.0,0.0,0.0,0.0
unet,resnet18,sds-101,Qal,8361713.0,5620084.0,947.0,574.0,3276345.0,2343739.0,5085368.0,89957844.0,0.0925821644648428,0.1176959344564185,0.1701201146682198,0.1174936544903978,158.94055738294924,145.9749153723067,0.3060445275921091,0.4686586423762267,0.5829708239236282,0.3918270096091554,9921617.0,5343183.0,842.0,433.0,3157348.0,2185835.0,6764269.0,88555844.0,0.0917860953337594,0.1180195661061526,0.1785068348288969,0.1263915893202567,157.5152325259162,143.6707984363655,0.2607772469384971,0.4136769561343745,0.590911447352636,0.3182291757482676
unet,resnet18,sds-101,Qat,388848.0,0.0,61.0,0.0,0.0,0.0,388848.0,100274448.0,0.0,0.0,0.0,0.0,,,0.0,0.0,0.0,0.0,1101870.0,0.0,77.0,0.0,0.0,0.0,1101870.0,99561426.0,0.0,0.0,0.0,0.0,,,0.0,0.0,0.0,0.0
unet,resnet18,sds-101,Qc,16237424.0,21068447.0,748.0,878.0,14290291.0,6778156.0,1947133.0,77647716.0,0.4057237145261162,0.4867285141592443,0.4773852990293517,0.5817368515801038,99.4698402949742,84.19532418591636,0.6208964101708495,0.7661148562916544,0.6782792770629937,0.8800836265653961,9341265.0,16260080.0,453.0,690.0,7753737.0,8506343.0,1587528.0,82815688.0,0.2471181913189195,0.3196148112429166,0.2961754827495,0.4578701401913739,116.36172040007835,99.92477984982868,0.4344412427704597,0.6057288786975841,0.4768572479348195,0.8300521396192058
unet,resnet18,sds-101,Qca,7202703.0,3383969.0,431.0,449.0,1514353.0,1869616.0,5688350.0,91590977.0,0.0798440163299332,0.1126816846250597,0.2221118924107739,0.1048746989220648,159.03723140716554,144.95418073272705,0.1669201667181235,0.2860866946666525,0.4475079411188459,0.2102478749991496,3590038.0,2659479.0,248.0,388.0,475522.0,2183957.0,3114516.0,94889301.0,0.0302930444310287,0.0450265139559971,0.0970472809082518,0.0425316706195323,177.30799810091654,163.25869967142742,0.082355803910464,0.1521788003776931,0.178802690301371,0.1324559795745894
unet,resnet18,sds-101,Qr,62099929.0,66550876.0,1433.0,1536.0,55279728.0,11271148.0,6820201.0,27292219.0,0.6259701978625406,0.6863895887893156,0.7183410812138481,0.7212493744348288,102.41643189701765,77.15981847284894,0.7534266942817263,0.8593763249285536,0.8306386229987416,0.8901737713741992,75325588.0,74449405.0,1511.0,1536.0,64886809.0,9562596.0,10438779.0,15775112.0,0.6898489132539206,0.7566339743613923,0.8120122992949016,0.7789955544259328,81.20744048215789,62.94540655873297,0.7643797516035918,0.8664571795373077,0.8715557767049985,0.8614178889649026
unet,resnet18,sds-101,af1,6362496.0,4039920.0,570.0,403.0,2086616.0,1953304.0,4275880.0,92347496.0,0.088142911182359,0.1214462551125161,0.1956896002171151,0.1282056932680679,144.0502189882808,131.63182079656042,0.2509218595925828,0.4011791106988991,0.5164993366205272,0.3279555696380791,1372643.0,1951149.0,432.0,315.0,244616.0,1706533.0,1128027.0,97584120.0,0.0322462773783165,0.0486586662428926,0.0830741052491379,0.0623502456215714,166.96429088788156,156.51112565016135,0.0794420325437714,0.1471909192873681,0.1253702305667071,0.1782080264132771
unet,resnet18,sds-11,Qaf,10183.0,0.0,10.0,0.0,0.0,0.0,10183.0,100653113.0,0.0,0.0,0.0,0.0,,,0.0,0.0,0.0,0.0,10275.0,0.0,6.0,0.0,0.0,0.0,10275.0,100653021.0,0.0,0.0,0.0,0.0,,,0.0,0.0,0.0,0.0
unet,resnet18,sds-11,Qal,8361713.0,5717990.0,947.0,838.0,4487585.0,1230405.0,3874128.0,91071178.0,0.1964831760884826,0.2442053208393608,0.3479379395949515,0.2327182560272092,133.51790460629493,120.21099504069512,0.4678408876955016,0.6374544974421691,0.7848186163319628,0.5366824955604192,9921617.0,5289008.0,842.0,957.0,3539653.0,1749355.0,6381964.0,88992324.0,0.1345732460316367,0.1742635103334624,0.2928177474424322,0.1606696086469527,146.70432556269571,134.0102116728938,0.3032869070373916,0.4654184821465258,0.6692470497303086,0.3567617052744527
unet,resnet18,sds-11,Qat,388848.0,0.0,61.0,0.0,0.0,0.0,388848.0,100274448.0,0.0,0.0,0.0,0.0,,,0.0,0.0,0.0,0.0,1101870.0,0.0,77.0,0.0,0.0,0.0,1101870.0,99561426.0,0.0,0.0,0.0,0.0,,,0.0,0.0,0.0,0.0
unet,resnet18,sds-11,Qc,16237424.0,18051116.0,748.0,897.0,14341164.0,3709952.0,1896260.0,80715920.0,0.4567373410304093,0.5326122985153412,0.5547382449552131,0.5734024980223865,89.00614917631378,70.84866996981698,0.7189499009794571,0.8364989585441667,0.7944752003144847,0.8832166974268825,9341265.0,14863254.0,453.0,757.0,8199535.0,6663719.0,1141730.0,84658312.0,0.2656204091827567,0.3360040490144703,0.3076610321506697,0.4557978314573708,115.71667290270864,94.43412895245596,0.512311352513692,0.6775210034126272,0.5516648642349784,0.8777756545821149
unet,resnet18,sds-11,Qca,7202703.0,5684804.0,431.0,421.0,2911876.0,2772928.0,4290827.0,90687665.0,0.1623950768136272,0.2154871997837075,0.3157440493596498,0.2294178450558472,141.54395908632907,126.78756595070386,0.2918989284988588,0.4518912773432441,0.5122210018146623,0.4042754504801877,3590038.0,3452368.0,248.0,299.0,555132.0,2897236.0,3034906.0,94176022.0,0.040309431343762,0.0604092615888692,0.1295802774462139,0.0690272468544121,178.7575753579928,161.9200624180591,0.0855724607901562,0.1576540744739795,0.1607974584401199,0.1546312323156468
unet,resnet18,sds-11,Qr,62099929.0,66145203.0,1433.0,1536.0,57039744.0,9105459.0,5060185.0,29457908.0,0.6770497386858949,0.7385269620950178,0.7585215285034982,0.776364318562211,97.9982248317588,68.8147454436476,0.8010593805064302,0.8895424428273816,0.8623413552756048,0.9185154462898018,75325588.0,75915870.0,1511.0,1536.0,66285592.0,9630278.0,9039996.0,15707430.0,0.7191207674117805,0.7856144294089896,0.8279507853128886,0.8192439469974175,82.88183914376441,61.19752658068305,0.7802356108052622,0.8765532001152753,0.8731453910756737,0.8799877141350693
unet,resnet18,sds-11,af1,6362496.0,5064183.0,570.0,549.0,3908215.0,1155968.0,2454281.0,93144832.0,0.1796232170599978,0.2216594767475488,0.3540648246484015,0.2144014510072552,116.05691155329109,104.21021191321591,0.5198156165940278,0.6840508952776218,0.7717365268988107,0.6142581464884221,1372643.0,1142796.0,432.0,512.0,402353.0,740443.0,970290.0,98550210.0,0.072830600784351,0.103324244785,0.2529429292622441,0.0981767074612301,138.03247518539428,128.23508893045886,0.1904101394832013,0.3199067836667874,0.3520777111575469,0.2931228294611199
unet,resnet18,sds-201,Qaf,10183.0,0.0,10.0,0.0,0.0,0.0,10183.0,100653113.0,0.0,0.0,0.0,0.0,,,0.0,0.0,0.0,0.0,10275.0,0.0,6.0,0.0,0.0,0.0,10275.0,100653021.0,0.0,0.0,0.0,0.0,,,0.0,0.0,0.0,0.0
unet,resnet18,sds-201,Qal,8361713.0,3778801.0,947.0,302.0,1671522.0,2107279.0,6690191.0,90194304.0,0.0443160011196972,0.0600006207300242,0.0989610985907831,0.0641181765093413,172.00866350353274,157.3084994585086,0.1596640822726772,0.2753626411534141,0.4423418962787402,0.1999018622141181,9921617.0,2368388.0,842.0,188.0,1157109.0,1211279.0,8764508.0,89530400.0,0.0340768234798842,0.0490931243222484,0.0842768124532475,0.0495958880548614,152.70510004128622,140.44687243176114,0.1039360288643673,0.1883008184292846,0.4885639515147011,0.1166250420672356
unet,resnet18,sds-201,Qat,388848.0,0.0,61.0,0.0,0.0,0.0,388848.0,100274448.0,0.0,0.0,0.0,0.0,,,0.0,0.0,0.0,0.0,1101870.0,0.0,77.0,0.0,0.0,0.0,1101870.0,99561426.0,0.0,0.0,0.0,0.0,,,0.0,0.0,0.0,0.0
unet,resnet18,sds-201,Qc,16237424.0,20628538.0,748.0,839.0,13141262.0,7487276.0,3096162.0,76938596.0,0.3568453393082212,0.4440652995165995,0.446880502690507,0.5261429605690402,105.18262909500687,90.52161844889324,0.5539063507652362,0.7129211493246805,0.637042819030607,0.8093193846511614,9341265.0,12550308.0,453.0,638.0,6479554.0,6070754.0,2861711.0,85251277.0,0.2278443820182407,0.3032894118525473,0.331382009641662,0.3793686970207557,112.64975012427146,97.44440779884172,0.4204221393705782,0.591967877319734,0.5162864528902398,0.6936484512536578
unet,resnet18,sds-201,Qca,7202703.0,4190252.0,431.0,375.0,1919852.0,2270400.0,5282851.0,91190193.0,0.0951777548707051,0.1319919488962219,0.2093811257409935,0.1450141630384052,151.8459257979772,138.45162520947318,0.2026634778488104,0.3370244155269638,0.4581710121491499,0.2665460452832777,3590038.0,2196546.0,248.0,276.0,484046.0,1712500.0,3105992.0,95360758.0,0.0362947032099061,0.0546500036054256,0.1098396394220067,0.0548943406214409,176.6685570833976,163.0009737851327,0.0912857201589125,0.1672993945996463,0.2203668851005169,0.1348303277012666
unet,resnet18,sds-201,Qr,62099929.0,71256625.0,1433.0,1536.0,56472135.0,14784490.0,5627794.0,23778877.0,0.6129605020391485,0.6726097881733702,0.6848954675501583,0.7332711783788733,102.69798599217874,80.98787325466752,0.7345068836378928,0.8469345271174299,0.7925176781808008,0.9093751942937004,75325588.0,83227305.0,1511.0,1536.0,69179948.0,14047357.0,6145640.0,11290351.0,0.7130208750157294,0.7753720689973514,0.7772041432618361,0.8423487326894872,78.3216852196631,62.92287184843396,0.7740591741717809,0.8726418886598304,0.8312169665952779,0.9184123195958324
unet,resnet18,sds-201,af1,6362496.0,809080.0,570.0,203.0,428250.0,380830.0,5934246.0,93919970.0,0.0236726346327631,0.0371722939473589,0.1307979930813113,0.0283091039952364,173.52416391972895,163.4243068494997,0.0635072366366389,0.1194298157057807,0.5293048895041281,0.0673084902528819,1372643.0,320749.0,432.0,120.0,49943.0,270806.0,1322700.0,99019847.0,0.0091366907356266,0.0151523124599321,0.037540422997055,0.0140002016819668,176.83640525454567,168.13495738922603,0.0303891389389022,0.0589857516747451,0.1557074223146448,0.0363845515549199
unet,resnet18,sds-21,Qaf,10183.0,0.0,10.0,0.0,0.0,0.0,10183.0,100653113.0,0.0,0.0,0.0,0.0,,,0.0,0.0,0.0,0.0,10275.0,0.0,6.0,0.0,0.0,0.0,10275.0,100653021.0,0.0,0.0,0.0,0.0,,,0.0,0.0,0.0,0.0
unet,resnet18,sds-21,Qal,8361713.0,6447277.0,947.0,862.0,4842930.0,1604347.0,3518783.0,90697236.0,0.2111243162380145,0.2631335199626632,0.3708158967493403,0.2538055848067455,126.46645147363404,114.00495200718568,0.4859422881258993,0.6540527071731428,0.75115897765832,0.5791791705838265,9921617.0,7360391.0,842.0,982.0,4812670.0,2547721.0,5108947.0,88193958.0,0.1736096186849634,0.2208141734665606,0.3184303348863697,0.2159882423387123,140.80848229637027,128.2759410198604,0.3859603452885791,0.5569572702431338,0.6538606440880654,0.4850691172618334
unet,resnet18,sds-21,Qat,388848.0,86464.0,61.0,65.0,18271.0,68193.0,370577.0,100206255.0,0.0111812652724089,0.0187310593890322,0.0552406788969012,0.0129446629870021,161.27241917660362,151.56190149407638,0.0399767198128833,0.0768800282761638,0.2113133789785344,0.0469875118298152,1101870.0,184568.0,77.0,108.0,25198.0,159370.0,1076672.0,99402056.0,0.0099651950522056,0.015937884359433,0.0735006948651851,0.0108955006481956,155.4219517341027,146.49117117661697,0.0199787510703751,0.0391748378079627,0.1365242078800225,0.0228683964533021
unet,resnet18,sds-21,Qc,16237424.0,16047346.0,748.0,807.0,13770419.0,2276927.0,2467005.0,82148945.0,0.4859727681328444,0.5613893747069284,0.6304126815469582,0.5641217642628922,81.07544634710595,64.6096749674127,0.743770008465325,0.8530597554202802,0.8581119270438863,0.8480667253623481,9341265.0,13290766.0,453.0,670.0,7898421.0,5392345.0,1442844.0,85929686.0,0.2996135058332221,0.376769688204466,0.3607866949838822,0.4864631615312208,112.06299394260752,92.64050436345012,0.5360818563814299,0.6979860534832247,0.5942788399103558,0.8455408341375606
unet,resnet18,sds-21,Qca,7202703.0,6091183.0,431.0,505.0,3217589.0,2873594.0,3985114.0,90586999.0,0.1851017982453671,0.2461469228380546,0.3129439580489954,0.2642646864634679,137.81329053092074,122.83038035203158,0.3193225646286527,0.4840704967682136,0.5282371256946311,0.4467196551072562,3590038.0,4809197.0,248.0,497.0,911798.0,3897399.0,2678240.0,93175859.0,0.0573647769088113,0.0845662851365708,0.1692868607898418,0.0833342573486369,160.57823264533704,146.40824082379785,0.1217770513461415,0.217114534835613,0.189594645426253,0.2539800414368873
unet,resnet18,sds-21,Qr,62099929.0,66233241.0,1433.0,1536.0,57196416.0,9036825.0,4903513.0,29526542.0,0.6901436211197615,0.7496200450198222,0.7697881970705325,0.7886739488628365,94.93516438404995,65.33670589845661,0.8040346625880624,0.8913738513589277,0.8635605798001037,0.921038347725003,75325588.0,73531630.0,1511.0,1536.0,65418914.0,8112716.0,9906674.0,17224992.0,0.7187961595479765,0.786622697203209,0.8383944797052543,0.80831718954677,84.36637669379627,62.806593659695686,0.7840393543953147,0.8789484968071888,0.8896703908236496,0.8684819559589764
unet,resnet18,sds-21,af1,6362496.0,5757785.0,570.0,616.0,3957923.0,1799862.0,2404573.0,92500938.0,0.1901304256379833,0.2377945973707628,0.3268239686865747,0.2450659116066571,116.06538308545473,105.15406851100688,0.4848994616506651,0.653107465082699,0.6874037498795109,0.6220708036594443,1372643.0,1486744.0,432.0,538.0,504005.0,982739.0,868638.0,98307914.0,0.0820814512498646,0.118161867768015,0.2310663220630414,0.1256520630554589,141.7765842853206,129.75399043300365,0.2139801526886084,0.3525266079757654,0.3389991821053255,0.3671785016205962
unet,resnet18,sds-51,Qaf,10183.0,0.0,10.0,0.0,0.0,0.0,10183.0,100653113.0,0.0,0.0,0.0,0.0,,,0.0,0.0,0.0,0.0,10275.0,0.0,6.0,0.0,0.0,0.0,10275.0,100653021.0,0.0,0.0,0.0,0.0,,,0.0,0.0,0.0,0.0
unet,resnet18,sds-51,Qal,8361713.0,6142601.0,947.0,769.0,4154216.0,1988385.0,4207497.0,90313198.0,0.1514302640288803,0.1923934343843462,0.2797127669158835,0.1894930664094026,137.51223589946676,126.97238921060834,0.401369726161047,0.5728248850652295,0.6762959208973528,0.4968139901477125,9921617.0,7197819.0,842.0,818.0,4503366.0,2694453.0,5418251.0,88047226.0,0.148033500662975,0.1919379482848439,0.2893156838589537,0.1915875941284213,145.4878222462145,133.32914136155335,0.3569547410564462,0.5261114910561306,0.6256570219395625,0.4538943601632677
unet,resnet18,sds-51,Qat,388848.0,0.0,61.0,0.0,0.0,0.0,388848.0,100274448.0,0.0,0.0,0.0,0.0,,,0.0,0.0,0.0,0.0,1101870.0,0.0,77.0,0.0,0.0,0.0,1101870.0,99561426.0,0.0,0.0,0.0,0.0,,,0.0,0.0,0.0,0.0
unet,resnet18,sds-51,Qc,16237424.0,16524626.0,748.0,808.0,13530896.0,2993730.0,2706528.0,81432142.0,0.4515462132068834,0.5269747110342783,0.5920485022479397,0.5396101225352743,87.71414181053814,71.78078586548831,0.7035925145209695,0.8260103381809136,0.8188322083658656,0.8333154323000989,9341265.0,16298856.0,453.0,697.0,8315630.0,7983226.0,1025635.0,83338805.0,0.2767351517037856,0.3494641630912971,0.3215994043228785,0.5056203474314586,118.36529592789591,101.30740977302362,0.479992745530013,0.6486420247392748,0.5101971573955866,0.8902038428414139
unet,resnet18,sds-51,Qca,7202703.0,7049825.0,431.0,514.0,3250427.0,3799398.0,3952276.0,89661195.0,0.1574451427048489,0.2088155861836521,0.2592701944967677,0.2428589587655368,143.7861279264281,128.51690064200872,0.2954369351817439,0.456119363526246,0.461064920051207,0.4512787768702944,3590038.0,6917588.0,248.0,563.0,1261652.0,5655936.0,2328386.0,91417322.0,0.0631956799652951,0.0899470934888231,0.1316473710649646,0.1053961353619553,164.76590800541703,150.51644862595424,0.1364542015800607,0.2401402562291425,0.1823832237479306,0.351431377606588
unet,resnet18,sds-51,Qr,62099929.0,65252490.0,1433.0,1536.0,55845577.0,9406913.0,6254352.0,29156454.0,0.6574997575804579,0.7169086091189266,0.761701271622106,0.7483963976779838,99.83008366020428,70.36507243729103,0.7809822869817129,0.8770242047777671,0.855838252302709,0.8992856819530342,75325588.0,68386389.0,1511.0,1536.0,61379603.0,7006786.0,13945985.0,18330922.0,0.6696627742817327,0.7358679267103317,0.8418236992982884,0.7401360566971178,88.31869394174875,66.45886517281093,0.7455099375611348,0.8542030286035242,0.8975412197886337,0.8148572700156022
unet,resnet18,sds-51,af1,6362496.0,5693754.0,570.0,600.0,3230770.0,2462984.0,3131726.0,91837816.0,0.1404877316720502,0.1801469109945263,0.2445658812373747,0.1958234609280753,127.43589047988256,116.27649595472548,0.3660730067939647,0.5359494038361845,0.5674235311184853,0.5077834233608949,1372643.0,1862644.0,432.0,458.0,411477.0,1451167.0,961166.0,97839486.0,0.0578113197562439,0.082274828659314,0.1395026896187725,0.0940686928942644,149.475613925768,139.28998141288758,0.1457169568774103,0.2543681596099511,0.2209101685560955,0.2997698600437258
unet,resnet18,sds-5,Qaf,10183.0,0.0,10.0,0.0,0.0,0.0,10183.0,100653113.0,0.0,0.0,0.0,0.0,,,0.0,0.0,0.0,0.0,10275.0,0.0,6.0,0.0,0.0,0.0,10275.0,100653021.0,0.0,0.0,0.0,0.0,,,0.0,0.0,0.0,0.0
unet,resnet18,sds-5,Qal,8361713.0,7237118.0,947.0,920.0,5084777.0,2152341.0,3276936.0,90149242.0,0.2252592467656359,0.2798659259190367,0.3771931343960348,0.2849027491607852,124.66329483283047,111.51432698758352,0.4836171661283079,0.6519433411388328,0.7025969453586358,0.6081023110934326,9921617.0,6664516.0,842.0,950.0,4424226.0,2240290.0,5497391.0,88501389.0,0.1507436645711126,0.1936253464484386,0.3074715364542352,0.1860856096353005,143.3662780793508,127.86272177696227,0.3637773253816198,0.5334849298507374,0.6638480573833119,0.4459178377879331
unet,resnet18,sds-5,Qat,388848.0,62.0,61.0,18.0,0.0,62.0,388848.0,100274386.0,0.0,0.0,0.0,0.0,166.71414756774902,160.2930564880371,0.0,0.0,0.0,0.0,1101870.0,115.0,77.0,15.0,0.0,115.0,1101870.0,99561311.0,0.0,0.0,0.0,0.0,,,0.0,0.0,0.0,0.0
unet,resnet18,sds-5,Qc,16237424.0,16492417.0,748.0,828.0,13969619.0,2522798.0,2267805.0,81903074.0,0.4794674006068094,0.5505739917841324,0.5986325917901382,0.5678274097900621,83.43448961564224,65.96007210599245,0.7446403885838878,0.8536319501216031,0.8470328515220056,0.8603346811661752,9341265.0,14247218.0,453.0,711.0,8159420.0,6087798.0,1181845.0,85234233.0,0.274540743167146,0.346014685230209,0.3202266916759479,0.4616641688893179,111.59471430995248,92.0651933518323,0.5288344470432197,0.6918138822237954,0.5727026848329266,0.8734812683292894
unet,resnet18,sds-5,Qca,7202703.0,6201263.0,431.0,506.0,3404262.0,2797001.0,3798441.0,90663592.0,0.1792590997539605,0.2380796124387821,0.3023990695800854,0.2605155099823462,133.58379540706704,118.36259277905424,0.3404362769137966,0.5079484683861478,0.5489626871171244,0.4726367309605852,3590038.0,7988327.0,248.0,604.0,1484773.0,6503554.0,2105265.0,90569704.0,0.0780388433955221,0.1120179509087821,0.1432493964149349,0.1332238292489141,155.574580848217,138.37300557323866,0.1471005564718684,0.256473690369927,0.1858678293965682,0.4135814161298571
unet,resnet18,sds-5,Qr,62099929.0,65648380.0,1433.0,1535.0,57196395.0,8451985.0,4903534.0,30111382.0,0.6856461512379006,0.7440511562746793,0.7713843600859693,0.7746583645417073,95.41128022323018,64.08837280028862,0.8106994092321861,0.895454436113123,0.8712537156286263,0.9210380095603652,75325588.0,70152574.0,1511.0,1535.0,63348228.0,6804346.0,11977360.0,18533362.0,0.6890024730034057,0.7522527600322775,0.848541442902056,0.7580302345372184,89.75315588767955,66.63965046934734,0.7713171667713747,0.870896732940577,0.9030064670185872,0.8409921473165267
unet,resnet18,sds-5,af1,6362496.0,5084056.0,570.0,584.0,3943594.0,1140462.0,2418902.0,93160338.0,0.2118204541045753,0.2615365123918871,0.4087874160679495,0.2482524824927986,103.9029376518464,93.0714964441099,0.5256052346287957,0.6890448756970659,0.7756787100692832,0.6198187000824833,1372643.0,1610546.0,432.0,633.0,569329.0,1041217.0,803314.0,98249436.0,0.1176967626209431,0.163026161909239,0.2851201158834386,0.1573441676879196,110.67336142593746,98.0615290336156,0.2358583347832931,0.3816915388196993,0.3535006140774619,0.4147684430693195
deeplabv3p,resnet50,ep-ms,Qaf,10183.0,0.0,10.0,0.0,0.0,0.0,10183.0,100653113.0,0.0,0.0,0.0,0.0,,,0.0,0.0,0.0,0.0,10275.0,0.0,6.0,0.0,0.0,0.0,10275.0,100653021.0,0.0,0.0,0.0,0.0,,,0.0,0.0,0.0,0.0
deeplabv3p,resnet50,ep-ms,Qal,8361713.0,8199411.0,947.0,1054.0,6680436.0,1518975.0,1681277.0,90782608.0,0.3790777487805514,0.4544653719280571,0.5222970698329915,0.4669283253565966,94.58585920857922,80.39812779930479,0.6761104085059664,0.8067611836008233,0.8147458396706788,0.7989315108040661,9921617.0,15800339.0,842.0,1215.0,8734159.0,7066180.0,1187458.0,83675499.0,0.3038813105283404,0.3759158344880227,0.3717599665012768,0.473265784553859,120.2955566906717,104.006572845173,0.5141431228545997,0.6791209035580342,0.5527830130733271,0.8803160815419503
deeplabv3p,resnet50,ep-ms,Qat,388848.0,539226.0,61.0,109.0,172118.0,367108.0,216730.0,99907340.0,0.0812566813583262,0.1109196669133307,0.1551398110482119,0.112181011381624,125.78964019403224,115.39860339281036,0.2276825635354438,0.3709143882923129,0.3191945492242585,0.4426356828375097,1101870.0,2041255.0,77.0,231.0,137221.0,1904034.0,964649.0,97657392.0,0.0160816102817899,0.0247680056541147,0.0632360257387369,0.0264655587197506,178.57966283162435,167.10828094482423,0.0456504931627889,0.0873150129250348,0.0672238402355413,0.1245346547233339
deeplabv3p,resnet50,ep-ms,Qc,16237424.0,15833644.0,748.0,706.0,13838003.0,1995641.0,2399421.0,82430231.0,0.5075000256846617,0.5806247098573755,0.6397347248955092,0.5847964977942407,79.57938286811114,62.670793905481695,0.7589510046720066,0.8629586641766965,0.8739619887879253,0.8522289619338634,9341265.0,126494.0,453.0,81.0,54879.0,71615.0,9286386.0,91250416.0,0.0041683955679702,0.0066387661925751,0.0654616716032427,0.0049680700719378,224.93248046071903,206.07339869047465,0.0058302028709597,0.0115928172654162,0.4338466646639366,0.0058749002410273
deeplabv3p,resnet50,ep-ms,Qca,7202703.0,5329902.0,431.0,371.0,3621076.0,1708826.0,3581627.0,91751767.0,0.2539251051621028,0.3247378305782278,0.433960495316348,0.334808619055804,120.3889201275714,106.39845027861656,0.4063361068566348,0.5778648573062025,0.6793888518025285,0.5027384858156723,3590038.0,472780.0,248.0,80.0,79681.0,393099.0,3510357.0,96680159.0,0.0084223722858945,0.0111227722847562,0.0175710280251035,0.0131826742543178,185.02981145758375,175.86096974423057,0.0200045843263739,0.0392244988576894,0.1685371631625703,0.0221950296904935
deeplabv3p,resnet50,ep-ms,Qr,62099929.0,66689016.0,1433.0,1488.0,58544638.0,8144378.0,3555291.0,30418989.0,0.7389145118773133,0.7972154524700369,0.807156797144734,0.8405595497709417,73.33307593106046,54.9435495616015,0.8334431714160124,0.909156263373382,0.8778752710941184,0.9427488717418664,75325588.0,81576149.0,1511.0,1527.0,67497599.0,14078550.0,7827989.0,11259158.0,0.7231800714425264,0.7839828454582951,0.8301523764180008,0.8586330098212837,79.16322932836223,62.37567940069006,0.7549717553341883,0.8603805195604686,0.8274183058089688,0.8960779569354308
deeplabv3p,resnet50,ep-ms,af1,6362496.0,4072097.0,570.0,612.0,3189598.0,882499.0,3172898.0,93418301.0,0.1856644937427669,0.2388020588884206,0.4161446610544888,0.2229237367472695,111.21886079045204,99.79936872242182,0.4402484749816943,0.6113507254188064,0.7832814395138427,0.5013123780352868,1372643.0,646279.0,432.0,356.0,396119.0,250160.0,976524.0,99040493.0,0.0845057812118165,0.1187281215794372,0.2777198178723641,0.1035013098550534,126.19487596286956,115.69352176824512,0.244095555652781,0.392406442646125,0.6129225922550477,0.2885812261454726
deeplabv3p,resnet50,plc-ms,Qaf,10183.0,0.0,10.0,0.0,0.0,0.0,10183.0,100653113.0,0.0,0.0,0.0,0.0,,,0.0,0.0,0.0,0.0,10275.0,0.0,6.0,0.0,0.0,0.0,10275.0,100653021.0,0.0,0.0,0.0,0.0,,,0.0,0.0,0.0,0.0
deeplabv3p,resnet50,plc-ms,Qal,8361713.0,7579013.0,947.0,979.0,5944642.0,1634371.0,2417071.0,90667212.0,0.313286524178693,0.3879771500571702,0.4753602319971052,0.3991328586505405,99.46491723927583,86.73043975644298,0.5946970833778508,0.7458433198086462,0.7843556938086793,0.7109359051189631,9921617.0,8953835.0,842.0,1193.0,6516222.0,2437613.0,3405395.0,88304066.0,0.2578808766614526,0.3216785183243925,0.403309380953893,0.3154885563519528,113.69675908320032,97.9739452018892,0.5272352727475741,0.6904440751935371,0.7277576591482867,0.6567701615573348
deeplabv3p,resnet50,plc-ms,Qat,388848.0,142652.0,61.0,50.0,45442.0,97210.0,343406.0,100177238.0,0.0472425908137242,0.0733024474087192,0.203362138876908,0.0562977375013233,137.9767121887207,128.1704522705078,0.0934909002629315,0.1709952963311382,0.3185514398676499,0.1168631444677611,1101870.0,136856.0,77.0,49.0,44684.0,92172.0,1057186.0,99469254.0,0.0175453092554508,0.0258799181391106,0.1132283326907211,0.020698852326342,188.0426139831543,180.02859942118326,0.0374224692263756,0.0721450910047904,0.3265037703863915,0.0405528782887273
deeplabv3p,resnet50,plc-ms,Qc,16237424.0,17298503.0,748.0,731.0,13335598.0,3962905.0,2901826.0,80462967.0,0.406488005713594,0.4792209598680181,0.5213298614407329,0.5197731997242221,97.76868532409668,80.30220624694824,0.6601673665810096,0.7953021844304468,0.770910523297883,0.8212877855502203,9341265.0,13589245.0,453.0,657.0,6223106.0,7366139.0,3118159.0,83955892.0,0.2006824094789956,0.2636380078890733,0.2982736938153491,0.3550428462203159,131.9136262046492,112.32237137635944,0.3724759394098568,0.5427795544015375,0.4579434692655846,0.6661952101776365
deeplabv3p,resnet50,plc-ms,Qca,7202703.0,4692544.0,431.0,332.0,2776123.0,1916421.0,4426580.0,91544172.0,0.1808618085488053,0.2456912303744061,0.3792426044725486,0.2421111186590083,135.2141277570251,120.72566086518847,0.3044286929314702,0.4667617242416235,0.5916029769779463,0.3854279428153569,3590038.0,3719934.0,248.0,290.0,1193196.0,2526738.0,2396842.0,94546520.0,0.096264335635604,0.1376573852353233,0.2012003936123738,0.1576931956296804,157.48934539346135,141.67612467373118,0.1950694287317371,0.3264570644046242,0.320757303758615,0.3323630557670977
deeplabv3p,resnet50,plc-ms,Qr,62099929.0,65834676.0,1433.0,1506.0,57044409.0,8790267.0,5055520.0,29773100.0,0.6930256941374233,0.7594434738723671,0.7878319011071466,0.7958296974873731,83.44370050909481,63.783308856770425,0.8046868568398372,0.8917744968220287,0.866479680100499,0.9185905671486356,75325588.0,73264168.0,1511.0,1533.0,65202680.0,8061488.0,10122908.0,17276220.0,0.7218998190333021,0.7899718233714029,0.8514484563103379,0.8164416287697529,82.74808926866544,62.20410085892835,0.7819278853236201,0.8776201234222365,0.8899668389054797,0.8656112979828315
deeplabv3p,resnet50,plc-ms,af1,6362496.0,5115908.0,570.0,442.0,3705740.0,1410168.0,2656756.0,92890632.0,0.1564993831839612,0.1964723857120511,0.2881368915379114,0.1984355197179996,121.65501701220488,108.72932697870792,0.4767657523855398,0.6456890696650859,0.7243562628569552,0.5824349437704951,1372643.0,999258.0,432.0,341.0,336759.0,662499.0,1035884.0,98628154.0,0.0435831379032286,0.0653445104603327,0.1400429578642771,0.0647078344732822,152.08494976869562,141.32892158350992,0.1654719916349817,0.2839570454247458,0.3370090607230565,0.2453361871950682
deeplabv3p,resnet50,prc-ms,Qaf,10183.0,0.0,10.0,0.0,0.0,0.0,10183.0,100653113.0,0.0,0.0,0.0,0.0,,,0.0,0.0,0.0,0.0,10275.0,0.0,6.0,0.0,0.0,0.0,10275.0,100653021.0,0.0,0.0,0.0,0.0,,,0.0,0.0,0.0,0.0
deeplabv3p,resnet50,prc-ms,Qal,8361713.0,7444077.0,947.0,1005.0,6136223.0,1307854.0,2225490.0,90993729.0,0.3584508285696531,0.4349210366911167,0.5287350859720746,0.4294310090873096,96.35343810133224,83.71764841841123,0.6345912903855985,0.7764525531466634,0.8243094476319899,0.7338475979742428,9921617.0,9193242.0,842.0,1150.0,6691979.0,2501263.0,3229638.0,88240416.0,0.2999207597349032,0.3659078345211883,0.4537601926430988,0.3600765316611429,110.0382054107641,95.45971550723308,0.538681771054699,0.7001860699050932,0.7279237291915083,0.6744847135300627
deeplabv3p,resnet50,prc-ms,Qat,388848.0,170862.0,61.0,61.0,68124.0,102738.0,320724.0,100171710.0,0.0538596791812604,0.0752024407065802,0.1545305916230485,0.058218665018847,126.58800597812818,113.8504986970321,0.1385800246548925,0.2434260599238891,0.398707729044492,0.1751944204419207,1101870.0,218369.0,77.0,63.0,63669.0,154700.0,1038201.0,99406726.0,0.0263185385627351,0.0390286783075367,0.0906645239589094,0.0348267846651758,154.58447828746978,145.20883959815615,0.0506688843438885,0.0964507183926546,0.2915661105743031,0.0577826785373955
deeplabv3p,resnet50,prc-ms,Qc,16237424.0,16924463.0,748.0,834.0,14510946.0,2413517.0,1726478.0,82012355.0,0.5448149256220902,0.6221300454139161,0.657421054786894,0.6430185145377977,76.54360603385872,59.40538690740412,0.7780275536767823,0.8751580391067614,0.8573947663804754,0.8936729126491986,9341265.0,12764888.0,453.0,641.0,8302204.0,4462684.0,1039061.0,86859347.0,0.3539909504610338,0.4352421317455054,0.4139291731400478,0.5397973589040339,103.28097018680056,84.8344463797303,0.6014368786787028,0.7511215542568623,0.650393798989854,0.8887665642715413
deeplabv3p,resnet50,prc-ms,Qca,7202703.0,5977822.0,431.0,400.0,4267954.0,1709868.0,2934749.0,91750725.0,0.3178075654047742,0.4003672645392097,0.4950083359626679,0.412586532001346,105.87079169284338,92.94176774463436,0.4788690042413126,0.6476151746611004,0.7139647182535713,0.5925489361424454,3590038.0,3411754.0,248.0,294.0,1488447.0,1923307.0,2101591.0,95149951.0,0.1564342770774066,0.2160791056168484,0.3430451635251966,0.2338762847444007,142.6296195332597,125.08267941358612,0.269971677810839,0.4251617300256848,0.43627031726203,0.414604803626034
deeplabv3p,resnet50,prc-ms,Qr,62099929.0,65354372.0,1433.0,1495.0,58729385.0,6624987.0,3370544.0,31938380.0,0.7598776785040428,0.8147039444918003,0.8253735613126044,0.8473188356724964,68.91141942024231,52.08364960101613,0.8545573922563979,0.9215755692701182,0.898629781034389,0.9457238670917,75325588.0,73921445.0,1511.0,1533.0,68204114.0,5717331.0,7121474.0,19620377.0,0.7866785489658987,0.8475764946959926,0.8807162773316113,0.863336163431292,73.99781223541068,55.671766645470704,0.8415801755610506,0.9139761458440516,0.9226566661406578,0.9054574389781066
deeplabv3p,resnet50,prc-ms,af1,6362496.0,4791700.0,570.0,554.0,3907291.0,884409.0,2455205.0,93416391.0,0.2072639189378019,0.2560183798465362,0.3777650378445988,0.2456965733199368,109.74476101325484,97.14661267825537,0.539166858127711,0.7005957220045264,0.8154289709288979,0.6141129204639185,1372643.0,1153598.0,432.0,593.0,581789.0,571809.0,790854.0,98718844.0,0.1234152608381472,0.1703529724414651,0.2929449396315157,0.1620866168783764,115.6679530027436,104.68767039078038,0.2992046088049486,0.4605965939116656,0.5043255969583859,0.4238458215282488
deeplabv3p,resnet50,s-ms,Qaf,10183.0,0.0,10.0,0.0,0.0,0.0,10183.0,100653113.0,0.0,0.0,0.0,0.0,,,0.0,0.0,0.0,0.0,10275.0,0.0,6.0,0.0,0.0,0.0,10275.0,100653021.0,0.0,0.0,0.0,0.0,,,0.0,0.0,0.0,0.0
deeplabv3p,resnet50,s-ms,Qal,8361713.0,6615777.0,947.0,886.0,5703307.0,912470.0,2658406.0,91389113.0,0.3303272689373198,0.3986559172013145,0.5062534794819511,0.3835924766732371,103.82323760165757,89.59075104495697,0.6149659759786926,0.7615838167810495,0.862076669150124,0.6820739960819033,9921617.0,8081792.0,842.0,1051.0,5927446.0,2154346.0,3994171.0,88587333.0,0.2512909338213291,0.3101707408559506,0.3998187782130356,0.3008828424458871,130.15233942607924,115.01892726683204,0.4908466513188224,0.6584804022393759,0.7334321398026576,0.5974274153094198
deeplabv3p,resnet50,s-ms,Qat,388848.0,155756.0,61.0,69.0,67876.0,87880.0,320972.0,100186568.0,0.0413181646465906,0.0601290975671226,0.1255244377338997,0.051557564698856,130.27030629697057,119.88114265773608,0.1423788827171888,0.2492673575662316,0.4357841752484655,0.1745566390980537,1101870.0,356649.0,77.0,89.0,83460.0,273189.0,1018410.0,99288237.0,0.0304916986774247,0.0463386402728193,0.123820604150858,0.0401512575588319,164.38860766092935,154.68071581522625,0.0606955774261322,0.1144448581060651,0.2340115912283505,0.0757439625364153
deeplabv3p,resnet50,s-ms,Qc,16237424.0,15606065.0,748.0,779.0,14499430.0,1106635.0,1737994.0,83319237.0,0.6028521645052928,0.6717176858466578,0.7398010890445617,0.6619382213069032,61.56322564338816,46.08549476920188,0.8359882770232735,0.9106684258122596,0.9290894277321028,0.8929636868508207,9341265.0,11639114.0,453.0,607.0,8549528.0,3089586.0,791737.0,88232445.0,0.424661422871959,0.5023557320244658,0.4756583547753532,0.5942059091011875,89.58750502123648,70.6996865983976,0.687766911533249,0.8150022456696325,0.7345514443797011,0.91524306397474
deeplabv3p,resnet50,s-ms,Qca,7202703.0,7216709.0,431.0,439.0,4952915.0,2263794.0,2249788.0,91196799.0,0.3385572937040424,0.4131313767681794,0.4789975657240152,0.4668537465399575,105.79407584195756,89.71445767354157,0.523204623632163,0.6869787755561738,0.6863121403398696,0.6876467070764961,3590038.0,2916543.0,248.0,286.0,1438272.0,1478271.0,2151766.0,95594987.0,0.1629735575423782,0.217767060802891,0.3221131261470714,0.2227053211962209,139.39621438530727,123.0968288002214,0.2837774887048125,0.4420976239287577,0.4931427378235123,0.4006286284434872
deeplabv3p,resnet50,s-ms,Qr,62099929.0,66482800.0,1433.0,1492.0,59172420.0,7310380.0,2927509.0,31252987.0,0.7612861601190514,0.8142664716734016,0.8199372983919437,0.8572209549084224,71.20986479152454,53.416107514768505,0.8525018956478064,0.920378972513486,0.8900410331694815,0.952858094249995,75325588.0,76127154.0,1511.0,1533.0,69710686.0,6416468.0,5614902.0,18921240.0,0.7988919729084203,0.8569140168894325,0.8803136339585573,0.8771251996209715,70.78733295514301,53.16416970272582,0.8528129754896304,0.9205602365389992,0.9157138069288654,0.9254582387063476
deeplabv3p,resnet50,s-ms,af1,6362496.0,4586189.0,570.0,507.0,3589049.0,997140.0,2773447.0,93303660.0,0.185388064474126,0.2312154352330858,0.3404204851183124,0.2274843604700789,118.63498931602692,105.73613343171672,0.4876666454699662,0.6556127973359358,0.7825776478030015,0.5640945000201179,1372643.0,1542044.0,432.0,480.0,526732.0,1015312.0,845911.0,98275341.0,0.0812998580854098,0.1140869836514747,0.2061691988394192,0.1199959203621052,126.8288677395798,116.71724321898512,0.2205786959972026,0.3614329771944637,0.3415803958901302,0.3837356107888213
deeplabv3p,resnet50,sds-ms,Qaf,10183.0,0.0,10.0,0.0,0.0,0.0,10183.0,100653113.0,0.0,0.0,0.0,0.0,,,0.0,0.0,0.0,0.0,10275.0,0.0,6.0,0.0,0.0,0.0,10275.0,100653021.0,0.0,0.0,0.0,0.0,,,0.0,0.0,0.0,0.0
deeplabv3p,resnet50,sds-ms,Qal,8361713.0,6190045.0,947.0,859.0,4944979.0,1245066.0,3416734.0,91056517.0,0.2401529876308047,0.2964754082725298,0.4071207449773941,0.2866582843420338,124.01135298139172,112.26934204150362,0.5147384987205389,0.6796400819749752,0.7988599436676147,0.5913834880484418,9921617.0,6205266.0,842.0,963.0,4540457.0,1664809.0,5381160.0,89076870.0,0.1742234102974375,0.2196138099318049,0.3238723768377622,0.2030233246448378,140.52125657228083,128.17609586746863,0.3918772708685146,0.5630917022216878,0.7317102925160662,0.457632762885324
deeplabv3p,resnet50,sds-ms,Qat,388848.0,280432.0,61.0,89.0,48826.0,231606.0,340022.0,100042842.0,0.0303760745162621,0.0474233430527691,0.1010796852234719,0.04391487812301,139.53749350345495,132.25977186723188,0.0786939885954478,0.1459060482907004,0.1741099446568152,0.1255657737727852,1101870.0,356656.0,77.0,95.0,59425.0,297231.0,1042445.0,99264195.0,0.0181513867407504,0.0294062562935453,0.0861890140438585,0.0236226079395107,168.4020889401436,156.75272792577744,0.0424737027562699,0.0814863773426047,0.1666171324749899,0.0539310444970822
deeplabv3p,resnet50,sds-ms,Qc,16237424.0,15874599.0,748.0,772.0,14047835.0,1826764.0,2189589.0,82599108.0,0.5477806151569703,0.6251058006152302,0.6893621787863697,0.6206044724294311,71.60471796470388,56.15386602234944,0.7776621346057736,0.8749268147945709,0.8849253452008456,0.8651517014028827,9341265.0,14391886.0,453.0,584.0,8532589.0,5859297.0,808676.0,85462734.0,0.361399715485715,0.4467755532924061,0.4132357684890948,0.6056471768506738,99.76333436856324,80.89748271415974,0.5613337848955848,0.7190439229919364,0.5928749713553874,0.9134297121428416
deeplabv3p,resnet50,sds-ms,Qca,7202703.0,5326554.0,431.0,387.0,3444446.0,1882108.0,3758257.0,91578485.0,0.2300151149747956,0.2954269114635925,0.3795592802792456,0.313787674144627,124.17407570262948,109.90870183371868,0.379143385591621,0.5498244628552196,0.6466556051060404,0.4782157476158603,3590038.0,2851833.0,248.0,361.0,951241.0,1900592.0,2638797.0,95172666.0,0.0872588004165782,0.1259028188375349,0.2306063925938802,0.1207114532775551,150.8401362382246,137.01546096801758,0.1732480607871956,0.2953306578166498,0.3335542438845472,0.2649668332201497
deeplabv3p,resnet50,sds-ms,Qr,62099929.0,68297207.0,1433.0,1484.0,59133112.0,9164095.0,2966817.0,29399272.0,0.7367451570348652,0.7928287062297502,0.7962758964503666,0.8389818055274713,75.16098932720462,58.01272557942647,0.8297750910052455,0.906969490495558,0.8658203548499428,0.9522251144602758,75325588.0,75826015.0,1511.0,1524.0,67871953.0,7954062.0,7453635.0,17383646.0,0.7499593436851633,0.8113777624137584,0.8500971392221583,0.8370654314189272,77.88561260271072,60.36863183840116,0.8149884515604953,0.8980646139756785,0.8951011470139899,0.901047768787414
deeplabv3p,resnet50,sds-ms,af1,6362496.0,4694459.0,570.0,621.0,3701586.0,992873.0,2660910.0,93307927.0,0.1994899810521645,0.2507327580746181,0.3677471778832194,0.2395123526819031,112.1342403874443,102.08185272752954,0.5032495310568376,0.6695488947906544,0.7885010818072966,0.5817820553443177,1372643.0,1031640.0,432.0,581.0,486274.0,545366.0,886369.0,98745287.0,0.1063841431185217,0.151031186044452,0.2654939686954606,0.1364200436052799,118.127296051383,107.10097648501396,0.253530614298473,0.4045064578504277,0.4713601643984336,0.3542610860944907
segformer,mitb0,ep-ms,Qaf,10183.0,0.0,10.0,0.0,0.0,0.0,10183.0,100653113.0,0.0,0.0,0.0,0.0,,,0.0,0.0,0.0,0.0,10275.0,0.0,6.0,0.0,0.0,0.0,10275.0,100653021.0,0.0,0.0,0.0,0.0,,,0.0,0.0,0.0,0.0
segformer,mitb0,ep-ms,Qal,8361713.0,8355171.0,947.0,1097.0,6624882.0,1730289.0,1736831.0,90571294.0,0.3639410867456158,0.4404800901984352,0.512390952115452,0.4488576341361573,96.44665569497285,83.07961097638282,0.6564487402994966,0.7925977113916685,0.7929080087050283,0.7922876568473469,9921617.0,12636458.0,842.0,1327.0,7992213.0,4644245.0,1929404.0,86097434.0,0.2917102673182957,0.3551665125219921,0.3877348210163315,0.3851444409385689,123.55207129531766,107.7727775313099,0.5486948180615744,0.7085899838527888,0.6324725647012794,0.8055353275579978
segformer,mitb0,ep-ms,Qat,388848.0,228253.0,61.0,61.0,97862.0,130391.0,290986.0,100144057.0,0.0600261650403569,0.0851283983829872,0.1553963830400454,0.0780291292994087,132.97223804615163,121.77736197577582,0.1884719753331317,0.3171668819204636,0.4287435433488278,0.2516716043286837,1101870.0,617605.0,77.0,125.0,76865.0,540740.0,1025005.0,99020686.0,0.0238094418357848,0.0370559377296822,0.1122396504782008,0.0301767768002164,159.86999159148246,150.43020629882812,0.0467944308143746,0.0894051963535381,0.1244565701378712,0.0697586829662301
segformer,mitb0,ep-ms,Qc,16237424.0,16650721.0,748.0,762.0,14158445.0,2492276.0,2078979.0,81933596.0,0.498805530403652,0.5750815063915936,0.6206507153919942,0.5947916912925263,80.39717424022618,65.58630579549875,0.7559354928269006,0.8610059947132925,0.8503202353819994,0.8719637425246763,9341265.0,7975434.0,453.0,519.0,6198329.0,1777105.0,3142936.0,89544926.0,0.3249728249952342,0.4128846420671383,0.5134090036938151,0.4035141451970809,99.99244175705256,82.20087479843812,0.5574854047850539,0.7158788173196289,0.7771776432480038,0.6635427856933723
segformer,mitb0,ep-ms,Qca,7202703.0,8430696.0,431.0,477.0,4805051.0,3625645.0,2397652.0,89834948.0,0.2676083454200927,0.3383963038651662,0.3930638780609416,0.3726597053246482,119.00988393022836,104.41074586879311,0.4437473749458366,0.6147160959686374,0.5699471312926003,0.6671177473234701,3590038.0,7359530.0,248.0,447.0,2186432.0,5173098.0,1403606.0,91900160.0,0.1499692272716276,0.204004222209543,0.2173515265580871,0.2730290953014504,139.00793579949274,121.04171079847548,0.2495033741345564,0.3993640662353072,0.2970885369038512,0.6090275367558784
segformer,mitb0,ep-ms,Qr,62099929.0,60989412.0,1433.0,1467.0,55505857.0,5483555.0,6594072.0,33079812.0,0.7143204254697518,0.7782107207448551,0.8186809183271015,0.7915618869371678,75.16728423972344,58.40537411845418,0.8212932171416318,0.9018791805864004,0.9100900497286316,0.893815144297508,75325588.0,70826244.0,1511.0,1529.0,65234827.0,5591417.0,10090761.0,19746291.0,0.7489915384897293,0.8170468902407166,0.876782932951238,0.8233396109775906,78.6421295784923,59.7340024954132,0.806194285119673,0.8926994086533243,0.9210544469928408,0.8660380719497337
segformer,mitb0,ep-ms,af1,6362496.0,6009043.0,570.0,604.0,4070896.0,1938147.0,2291600.0,92362653.0,0.1830216395929259,0.2338158867461705,0.3187175174051377,0.2480063412423133,116.85356700450107,103.51015856854636,0.4904314039285872,0.6581066429972859,0.6774616190964186,0.639826885549319,1372643.0,1248025.0,432.0,559.0,516246.0,731779.0,856397.0,98558874.0,0.090848138613588,0.1324242398755633,0.2085678306640721,0.1415631221388524,125.78948804356108,111.82027275290264,0.2453148655545323,0.3939804660491142,0.4136503675807776,0.3760963338610257
segformer,mitb0,plc-ms,Qaf,10183.0,0.0,10.0,0.0,0.0,0.0,10183.0,100653113.0,0.0,0.0,0.0,0.0,,,0.0,0.0,0.0,0.0,10275.0,0.0,6.0,0.0,0.0,0.0,10275.0,100653021.0,0.0,0.0,0.0,0.0,,,0.0,0.0,0.0,0.0
segformer,mitb0,plc-ms,Qal,8361713.0,7068487.0,947.0,940.0,5853605.0,1214882.0,2508108.0,91086701.0,0.3114536364862679,0.3877558092805271,0.50559440199137,0.365371542741611,102.44678320947446,90.76023961744812,0.611240738487949,0.7587205609778227,0.8281270093585799,0.7000485426849737,9921617.0,9387468.0,842.0,1247.0,6611587.0,2775881.0,3310030.0,87965798.0,0.2515063037824546,0.3158331363339203,0.403510683950775,0.3026942221102425,116.2295429224697,101.09860356354808,0.5206999835715667,0.6848161888561783,0.7042992849616105,0.6663820020466422
segformer,mitb0,plc-ms,Qat,388848.0,104874.0,61.0,40.0,46109.0,58765.0,342739.0,100215683.0,0.0442738291097058,0.0663035093457438,0.1224471709006522,0.0607425899385805,116.7748514811198,107.56489912668864,0.1030108598275742,0.1867812250618769,0.4396609264450674,0.1185784676788873,1101870.0,143392.0,77.0,68.0,45362.0,98030.0,1056508.0,99463396.0,0.0171264387717208,0.0275192676135627,0.1039246044945248,0.0188556015202852,164.86955388387045,155.236434618632,0.037804817068089,0.0728553509221352,0.3163495871457264,0.041168195885177
segformer,mitb0,plc-ms,Qc,16237424.0,16352426.0,748.0,778.0,12851453.0,3500973.0,3385971.0,80924899.0,0.4098308391586266,0.4887556704230857,0.5385305384392117,0.5173921741291804,102.08454946925622,86.3845231449331,0.6510889916744506,0.7886782541189972,0.7859049782582719,0.7914711717819279,9341265.0,8970530.0,453.0,663.0,4901811.0,4068719.0,4439454.0,87253312.0,0.1738330995550938,0.2341140957943014,0.314493088942757,0.2586158032783605,130.93982668933327,112.67199231672656,0.3655344406078337,0.5353719829213903,0.5464349375120534,0.5247480935397936
segformer,mitb0,plc-ms,Qca,7202703.0,8437061.0,431.0,509.0,4197141.0,4239920.0,3005562.0,89220673.0,0.2080714314721366,0.2732456913806316,0.3097808703957527,0.3240383142539477,129.59856337221996,114.92347384472282,0.3667988537243602,0.5367268969020249,0.4974648162434762,0.582717488142993,3590038.0,6670108.0,248.0,527.0,1381994.0,5288114.0,2208044.0,91785144.0,0.0745379776681179,0.1066931814295234,0.1397197551991874,0.1357326992618031,152.14716504725016,137.2221269467982,0.1556623495520238,0.2693907084752985,0.2071921474135051,0.3849524712551789
segformer,mitb0,plc-ms,Qr,62099929.0,64163182.0,1433.0,1479.0,55992237.0,8170945.0,6107692.0,30392422.0,0.6916779369837852,0.7602670501290321,0.7833252842785751,0.7983231239594851,79.17736563831568,62.9270291891457,0.796805757674225,0.8869136291121482,0.872653681670588,0.9016473593713772,75325588.0,74114356.0,1511.0,1527.0,65363011.0,8751345.0,9962577.0,16586363.0,0.7237233462594489,0.7966133908068426,0.8391607353805123,0.831316592197458,84.53906137321857,64.95351262200386,0.7774190692707594,0.8747729589620296,0.8819210545390154,0.8677398044340523
segformer,mitb0,plc-ms,af1,6362496.0,4537266.0,570.0,425.0,3380348.0,1156918.0,2982148.0,93143882.0,0.1545773993742465,0.1967393833158844,0.3002146705954523,0.1977162503189106,121.72607498724484,109.02896302417643,0.4495493930777052,0.6202608827605594,0.7450186962809763,0.5312927505180357,1372643.0,1377442.0,432.0,431.0,379107.0,998335.0,993536.0,98292318.0,0.0619091485992872,0.0926769234082062,0.1708902458911614,0.0984073889027866,137.14165328193633,125.44858108569623,0.159894777598105,0.2757056600068725,0.2752253815405657,0.276187617610697
segformer,mitb0,prc-ms,Qaf,10183.0,0.0,10.0,0.0,0.0,0.0,10183.0,100653113.0,0.0,0.0,0.0,0.0,,,0.0,0.0,0.0,0.0,10275.0,0.0,6.0,0.0,0.0,0.0,10275.0,100653021.0,0.0,0.0,0.0,0.0,,,0.0,0.0,0.0,0.0
segformer,mitb0,prc-ms,Qal,8361713.0,8104497.0,947.0,1029.0,6297888.0,1806609.0,2063825.0,90494974.0,0.3349488953160361,0.4096777526506933,0.4950200787374267,0.4155660253611218,97.56009729683691,85.04100629261562,0.6193635488726655,0.764946882130132,0.7770856106184011,0.7531815550234743,9921617.0,10193051.0,842.0,1198.0,7220806.0,2972245.0,2700811.0,87769434.0,0.3049776196692038,0.3722717312213836,0.4385268890874455,0.375023212983776,114.50189149044358,100.19933452356196,0.5600188678923351,0.7179642239185852,0.7084047749785614,0.7277851987231517
segformer,mitb0,prc-ms,Qat,388848.0,346527.0,61.0,114.0,84252.0,262275.0,304596.0,100012173.0,0.0379058061920011,0.0552936955337167,0.1003199913220046,0.0516034760294631,118.46915146400188,110.08388394322888,0.1293949069530641,0.2291402345741968,0.2431325697564691,0.2166707813850142,1101870.0,415401.0,77.0,124.0,58509.0,356892.0,1043361.0,99204534.0,0.0158609528691399,0.0234856144756655,0.0649240198056342,0.0194477220554707,168.32186336517333,158.84774017333984,0.0401086674865399,0.0771239943292925,0.1408494442719204,0.053099730458221
segformer,mitb0,prc-ms,Qc,16237424.0,15407447.0,748.0,771.0,13701245.0,1706202.0,2536179.0,82719670.0,0.5265648227095783,0.6035993836783876,0.6847049559059436,0.5983150201832909,75.77674004487824,60.48550216252344,0.7635716994993097,0.8659378007892653,0.8892612124513555,0.8438065668544469,9341265.0,9872055.0,453.0,581.0,7188669.0,2683386.0,2152596.0,88638645.0,0.337718004776942,0.4187933603186741,0.4553454170587878,0.4428874097674535,96.65765815716613,79.78910496816681,0.5978276625242596,0.748300553990669,0.7281836456543243,0.7695605466711415
segformer,mitb0,prc-ms,Qca,7202703.0,7451734.0,431.0,461.0,4750509.0,2701225.0,2452194.0,90759368.0,0.3102549819062122,0.3965743646729959,0.453055263506767,0.4506491967128329,108.7672017166878,94.09182053948992,0.479659080720296,0.6483372919751199,0.637503834677942,0.6595453123639834,3590038.0,3774799.0,248.0,340.0,1516654.0,2258145.0,2073384.0,94815113.0,0.1598818032196291,0.2255431323477805,0.3204085343385404,0.2505248942485711,137.62231481560755,121.355096325076,0.2593376438459603,0.4118635619498436,0.4017840420112435,0.4224618235238735
segformer,mitb0,prc-ms,Qr,62099929.0,63610329.0,1433.0,1462.0,57520762.0,6089567.0,4579167.0,32473800.0,0.7443928682570196,0.8024481998247387,0.8212835953528911,0.8346246661201615,70.56125800063036,54.43650310635144,0.8435428529930769,0.9151323514108132,0.9042676386723296,0.9262613166594764,75325588.0,74957887.0,1511.0,1531.0,68690641.0,6267246.0,6634947.0,19070462.0,0.7867360621555344,0.8475714135068051,0.869879782829747,0.8732055474088992,72.67856848587724,54.72553962990839,0.8418710030344086,0.914147626676852,0.9163897722997448,0.9119164260622832
segformer,mitb0,prc-ms,af1,6362496.0,5742762.0,570.0,636.0,4143977.0,1598785.0,2218519.0,92702015.0,0.2001679760738607,0.2496761343969231,0.3401677494420635,0.2604720594707138,113.21187331073256,98.33343969712774,0.5205163591135648,0.6846573612887887,0.7215999896913715,0.6513131010219888,1372643.0,1450103.0,432.0,576.0,635957.0,814146.0,736686.0,98476507.0,0.1172673799915819,0.1637431655802082,0.2468425095823687,0.1740541830286889,115.51481085303443,102.10192745286712,0.2908177240694004,0.4505945628830933,0.4385598816084098,0.4633083766135841
segformer,mitb0,s-ms,Qaf,10183.0,0.0,10.0,0.0,0.0,0.0,10183.0,100653113.0,0.0,0.0,0.0,0.0,,,0.0,0.0,0.0,0.0,10275.0,0.0,6.0,0.0,0.0,0.0,10275.0,100653021.0,0.0,0.0,0.0,0.0,,,0.0,0.0,0.0,0.0
segformer,mitb0,s-ms,Qal,8361713.0,7423755.0,947.0,931.0,5991213.0,1432542.0,2370500.0,90869041.0,0.3404654931319902,0.4104793242320152,0.5172838833570134,0.3973760765249012,99.80966740744005,86.55023077907941,0.6117068628497012,0.7590795534221728,0.8070326943709754,0.7165054576735652,9921617.0,8177604.0,842.0,1061.0,5984692.0,2192912.0,3936925.0,88548767.0,0.2542342212869226,0.3121029427017876,0.4127944405950512,0.2986548579086318,125.67650096968742,109.99982126856928,0.4940094658240531,0.6613203960546147,0.7318393015851586,0.6031972409336099
segformer,mitb0,s-ms,Qat,388848.0,205363.0,61.0,70.0,90571.0,114792.0,298277.0,100159656.0,0.0580606271241262,0.080089342208768,0.1359867124097808,0.0706803922677074,116.543696975708,109.88000183105468,0.1798328170915733,0.3048445754117645,0.4410288123956116,0.2329213471587869,1101870.0,98450.0,77.0,58.0,4189.0,94261.0,1097681.0,99467165.0,0.0031263183320536,0.0053563460579238,0.0543171280906314,0.0032198121200688,210.9517347547743,200.0904066297743,0.0035021247672704,0.0069798053852306,0.0425495175215845,0.0038017188960585
segformer,mitb0,s-ms,Qc,16237424.0,16079866.0,748.0,783.0,14741491.0,1338375.0,1495933.0,83087497.0,0.618950992163756,0.6890199434855308,0.7325404839162165,0.6929513886618677,62.52083508784954,47.63658042477067,0.838738028353647,0.9122974729626152,0.916767030272516,0.9078712854945464,9341265.0,11934904.0,453.0,617.0,8647700.0,3287204.0,693565.0,88034827.0,0.4202267408910548,0.4977374081093345,0.4730656809535705,0.5925808897330648,85.76423620906743,68.9526347534223,0.6847781785741407,0.8129001043373927,0.7245722294875602,0.9257525613500956
segformer,mitb0,s-ms,Qca,7202703.0,8183110.0,431.0,467.0,5428001.0,2755109.0,1774702.0,90705484.0,0.3625539903766761,0.4409514109131809,0.4889305549423333,0.4948447988966572,101.3158646096354,86.31285493918087,0.5450997668965833,0.7055852037198165,0.6633176139633953,0.753606111483425,3590038.0,4327894.0,248.0,325.0,1891348.0,2436546.0,1698690.0,94636712.0,0.2049936233240507,0.2736229257213629,0.3551458388306359,0.3109341119892302,139.24042591681848,121.88352107570182,0.3138341720616521,0.4777378739802261,0.4370134758383638,0.5268323065104046
segformer,mitb0,s-ms,Qr,62099929.0,62653031.0,1433.0,1452.0,57073696.0,5579335.0,5026233.0,32984032.0,0.751072285224913,0.8060643817330446,0.8419846562119407,0.8242101805569947,71.33919090109103,54.5422385108794,0.8432966410509428,0.9149874439852972,0.9109486817964162,0.9190621779937944,75325588.0,73592529.0,1511.0,1530.0,68206039.0,5386490.0,7119549.0,19951218.0,0.7886931996045341,0.8488951735893651,0.8936052855001453,0.8553678582738441,72.09951073077632,54.59795311008294,0.8450536857693095,0.9160207014973202,0.9268065648348626,0.905482994702942
segformer,mitb0,s-ms,af1,6362496.0,6118171.0,570.0,659.0,4186430.0,1931741.0,2176066.0,92369059.0,0.1899581338432701,0.2406228477831553,0.3291448065361109,0.258131575720593,120.5075035067033,106.0302191116004,0.50473961619375,0.6708663887915606,0.6842616853958479,0.6579854824270224,1372643.0,2531915.0,432.0,741.0,695193.0,1836722.0,677450.0,97453931.0,0.0957706152820991,0.1363266181482842,0.1923687286014632,0.1561214959748205,127.3862270096134,114.05964717217265,0.2166138784463593,0.3560930584204409,0.2745720136734448,0.5064630788923267
segformer,mitb0,sds-ms,Qaf,10183.0,0.0,10.0,0.0,0.0,0.0,10183.0,100653113.0,0.0,0.0,0.0,0.0,,,0.0,0.0,0.0,0.0,10275.0,0.0,6.0,0.0,0.0,0.0,10275.0,100653021.0,0.0,0.0,0.0,0.0,,,0.0,0.0,0.0,0.0
segformer,mitb0,sds-ms,Qal,8361713.0,5761598.0,947.0,794.0,4473619.0,1287979.0,3888094.0,91013604.0,0.2148054644681324,0.2689149168468782,0.3798210308496537,0.2532363373807382,129.3712577057181,117.82344546229204,0.4636022579788039,0.6335085306837752,0.7764545530597587,0.5350122636354536,9921617.0,5045680.0,842.0,878.0,3641322.0,1404358.0,6280295.0,89337321.0,0.158235220650406,0.2056128641659578,0.3198443308917835,0.1843802187051682,140.85272180993124,127.83720088005066,0.3215018574559806,0.4865704208314968,0.7216712118089138,0.3670089260651766
segformer,mitb0,sds-ms,Qat,388848.0,130131.0,61.0,58.0,22257.0,107874.0,366591.0,100166574.0,0.0138166878887822,0.0232017523907486,0.079372277754603,0.0225457062140034,148.8393006324768,139.9485204219818,0.0448077596724123,0.0857722566809061,0.1710353413099107,0.0572383039130971,1101870.0,188626.0,77.0,56.0,22692.0,165934.0,1079178.0,99395492.0,0.0165491729054007,0.024965237872675,0.0745827322106131,0.0333828753156756,213.98324054220447,205.6330158399499,0.0178986657243548,0.0351678734378099,0.1203015490971552,0.0205940809714394
segformer,mitb0,sds-ms,Qc,16237424.0,16409224.0,748.0,758.0,14130186.0,2279038.0,2107238.0,82146834.0,0.5352797840530541,0.6124859498954539,0.6627668319482952,0.6258871912286325,71.57487686086584,57.382476279647264,0.7631147894235951,0.8656439092920045,0.8611123841078652,0.8702233802603172,9341265.0,11951437.0,453.0,549.0,7932751.0,4018686.0,1408514.0,87303345.0,0.3689744292998424,0.4575358033974976,0.4466447832440641,0.5484109719525097,90.2670021216454,73.3195197713119,0.5937709651779411,0.7451145467587909,0.6637487190870855,0.8492159252520938
segformer,mitb0,sds-ms,Qca,7202703.0,6804423.0,431.0,461.0,3800723.0,3003700.0,3401980.0,90456893.0,0.2236041019172782,0.2900412171583282,0.3515038797929135,0.3322469309083577,125.35719210555754,111.21098137189108,0.3723861383878336,0.5426842023124515,0.5585665382648903,0.527680094542285,3590038.0,3608970.0,248.0,321.0,1163242.0,2445728.0,2426796.0,94627530.0,0.1088465209451346,0.1513895684567722,0.2301843514982117,0.1584933911886313,145.55714440607764,131.98620119199649,0.1927248339316004,0.3231673030506425,0.3223196646134492,0.3240194114936945
segformer,mitb0,sds-ms,Qr,62099929.0,66357514.0,1433.0,1472.0,57783621.0,8573893.0,4316308.0,29989474.0,0.7081576103213634,0.76745400725768,0.7882479682325566,0.8009362263084189,77.60120104178893,62.22130132920392,0.8176099631345819,0.8996539188468823,0.8707924320371616,0.9304941556374404,75325588.0,78428447.0,1511.0,1523.0,69079817.0,9348630.0,6245771.0,15989078.0,0.7506271901320977,0.8098555511841851,0.8363762014286563,0.8472619023335762,75.01956572151184,58.69212250185013,0.8158305872987218,0.898575663396411,0.8808005212700437,0.9170830103576488
segformer,mitb0,sds-ms,af1,6362496.0,5200406.0,570.0,565.0,4000878.0,1199528.0,2361618.0,93101272.0,0.1910661657451225,0.2390096993639987,0.3517463807004193,0.2363780640576539,109.21148303019535,97.61305786479603,0.5290750201268867,0.6920197023204037,0.7693395477199281,0.6288220849176173,1372643.0,1440136.0,432.0,539.0,549557.0,890579.0,823086.0,98400074.0,0.0967243102072777,0.1355546875561473,0.2401139959837613,0.1378269789738462,120.37676153829544,109.31734065605424,0.2428206335922857,0.3907573257621732,0.3816007654832599,0.4003641150685211
segformer,mitb2,ep-ms,Qaf,10183.0,0.0,10.0,0.0,0.0,0.0,10183.0,100653113.0,0.0,0.0,0.0,0.0,,,0.0,0.0,0.0,0.0,10275.0,0.0,6.0,0.0,0.0,0.0,10275.0,100653021.0,0.0,0.0,0.0,0.0,,,0.0,0.0,0.0,0.0
segformer,mitb2,ep-ms,Qal,8361713.0,8322302.0,947.0,1094.0,6582474.0,1739828.0,1779239.0,90561755.0,0.380623695750485,0.4578083209601962,0.5375521642883786,0.464176934232183,93.95641397659423,81.43124745679378,0.6516306769432505,0.7890755312794911,0.7909438998969276,0.7872159687853434,9921617.0,12338260.0,842.0,1321.0,8096789.0,4241471.0,1824828.0,86500208.0,0.3064689388726197,0.3704566030733106,0.4036278205183872,0.3996790525686272,120.73723902773324,103.70683539298273,0.5716824607740911,0.7274783234426677,0.6562342664200624,0.8160755449439341
segformer,mitb2,ep-ms,Qat,388848.0,366729.0,61.0,102.0,151772.0,214957.0,237076.0,100059491.0,0.0838915402637212,0.1107749848961248,0.1459170061280019,0.1066909867768117,120.09319975716728,111.00834797450474,0.251359296461606,0.4017380094947305,0.4138532813058144,0.3903118956507427,1101870.0,721543.0,77.0,170.0,164416.0,557127.0,937454.0,99004299.0,0.0386001352548724,0.0573970072530777,0.1457094282366153,0.0442291278174862,129.0389909290132,119.92119643801736,0.0991056644466506,0.1803387383988158,0.227867223436441,0.1492154246871228
segformer,mitb2,ep-ms,Qc,16237424.0,16906425.0,748.0,848.0,14238003.0,2668422.0,1999421.0,81757450.0,0.500133215546654,0.5772424772993585,0.5943579641160324,0.6147475764773476,86.3118210203071,70.74377104922434,0.7531005488990019,0.8591641242391612,0.842165212337913,0.8768634113391385,9341265.0,5295947.0,453.0,520.0,4360292.0,935655.0,4980973.0,90386376.0,0.2351083988865366,0.3153297114870348,0.5208079392479413,0.2705539098690961,112.26119535168012,94.8455501149098,0.4242800372095919,0.5957817649973233,0.8233262153114448,0.4667774653647016
segformer,mitb2,ep-ms,Qca,7202703.0,7842545.0,431.0,485.0,4679002.0,3163543.0,2523701.0,90297050.0,0.273894870726713,0.3462557356860357,0.3958544495866411,0.3797574672203603,115.43796531907444,100.41330481945784,0.4513689912433102,0.6219906777209655,0.5966178071021588,0.6496175116480577,3590038.0,4968571.0,248.0,387.0,1645695.0,3322876.0,1944343.0,93750382.0,0.122677627669302,0.1686345158638927,0.188431238600564,0.2196629923802128,139.4404360103607,119.85612178802492,0.2380609682110901,0.3845706703040178,0.3312209888919772,0.4584060113012731
segformer,mitb2,ep-ms,Qr,62099929.0,61242565.0,1433.0,1466.0,55849781.0,5392784.0,6250148.0,33170583.0,0.7248080011313007,0.7860068342792139,0.8208160220139606,0.8018380194628362,73.08261255687003,56.75978157147605,0.8274934954829865,0.9056048599114592,0.9119438580013752,0.8993533792929135,75325588.0,76540742.0,1511.0,1531.0,68568837.0,7971905.0,6756751.0,17365803.0,0.7757601938508875,0.8399697145024712,0.8587027540562153,0.882645297252212,74.92843818348764,56.30332694401015,0.8231800805817769,0.9030156585729042,0.89584756050575,0.910299392551705
segformer,mitb2,ep-ms,af1,6362496.0,5982730.0,570.0,583.0,4309417.0,1673313.0,2053079.0,92627487.0,0.2098682412803835,0.2609718602984782,0.3666249372553021,0.2668128885474134,107.95395148246364,94.26173747507414,0.5362766835299345,0.6981511719591039,0.7203094573881823,0.6773154749331081,1372643.0,798233.0,432.0,420.0,459739.0,338494.0,912904.0,98952159.0,0.108545640030424,0.1514222771836779,0.2994533091847203,0.1407102360711015,120.6429842652453,110.5632814802927,0.2686745713522646,0.4235515985252036,0.5759458704413373,0.3349297668803906
segformer,mitb2,plc-ms,Qaf,10183.0,0.0,10.0,0.0,0.0,0.0,10183.0,100653113.0,0.0,0.0,0.0,0.0,,,0.0,0.0,0.0,0.0,10275.0,0.0,6.0,0.0,0.0,0.0,10275.0,100653021.0,0.0,0.0,0.0,0.0,,,0.0,0.0,0.0,0.0
segformer,mitb2,plc-ms,Qal,8361713.0,7748987.0,947.0,964.0,6287374.0,1461613.0,2074339.0,90839970.0,0.3426708297626786,0.4196809912837093,0.5271514842280077,0.4127118896840167,92.99788202445724,80.99378589269016,0.6400453369866784,0.7805215167559448,0.811380119749846,0.7519241571673173,9921617.0,9967852.0,842.0,1218.0,7100325.0,2867527.0,2821292.0,87874152.0,0.2774189261049392,0.3416460901255145,0.4135433331535365,0.3394870121409902,113.9992307673029,99.25746758003034,0.5551837558479286,0.713978336978227,0.7123224742903486,0.7156419160304213
segformer,mitb2,plc-ms,Qat,388848.0,67175.0,61.0,31.0,25764.0,41411.0,363084.0,100233037.0,0.0300265157726617,0.0449085774926994,0.0852137332161267,0.0341094082388549,154.8155005318778,148.1910001209804,0.0598802116864493,0.1129943007260598,0.3835355414960923,0.0662572521910875,1101870.0,73314.0,77.0,39.0,19003.0,54311.0,1082867.0,99507115.0,0.0086699452920583,0.0145396885299123,0.11369100689888,0.0091502063086954,189.02076864242557,180.92594957351685,0.0164360078569013,0.0323404675352966,0.2592001527675478,0.0172461361140606
segformer,mitb2,plc-ms,Qc,16237424.0,16528142.0,748.0,781.0,13180386.0,3347756.0,3057038.0,81078116.0,0.4183096536281029,0.4945119579410877,0.539535899802598,0.5276227962665822,98.7988836586384,83.05927677359004,0.6729775268851244,0.8045266790141822,0.7974511593620142,0.8117288801474913,9341265.0,10361806.0,453.0,667.0,5711385.0,4650421.0,3629880.0,86671610.0,0.2066447687136769,0.2715437273350564,0.33650364937505,0.318426691970447,128.99943180693455,109.7744331992522,0.4081984830134124,0.5797456650285633,0.551195901563878,0.6114145139871313
segformer,mitb2,plc-ms,Qca,7202703.0,7100387.0,431.0,449.0,3787933.0,3312454.0,3414770.0,90148139.0,0.2207524949663378,0.2908980413824117,0.362287522733015,0.328956710399607,126.44306306411973,110.48477052290048,0.3602355152662009,0.5296663867737671,0.533482611581594,0.5259043722891253,3590038.0,4789998.0,248.0,431.0,1158041.0,3631957.0,2431997.0,93441301.0,0.0794617727555512,0.1122195733925498,0.1554761662614547,0.129341795367361,156.34738278516474,141.26056496217288,0.1603491832935359,0.2763809129220924,0.2417623138882312,0.3225706803103477
segformer,mitb2,plc-ms,Qr,62099929.0,64822268.0,1433.0,1480.0,56539463.0,8282805.0,5560466.0,30280562.0,0.7047073972601462,0.7714212658437792,0.8042183482248123,0.8022200875961433,76.63632738716969,60.76135977787975,0.8033143895774211,0.8909310480971268,0.8722228447792045,0.9104593823287624,75325588.0,74352358.0,1511.0,1531.0,65983771.0,8368587.0,9341817.0,16969121.0,0.7355932268063031,0.8053226168887047,0.848039849440822,0.8377444806147719,83.58371309658195,64.69451362357364,0.7883914382333059,0.8816765964973892,0.8874469186303412,0.8759808287191864
segformer,mitb2,plc-ms,af1,6362496.0,4396337.0,570.0,423.0,3388630.0,1007707.0,2973866.0,93293093.0,0.1776394487645391,0.224302903582018,0.3366727255999684,0.22039363241282,119.66216159890766,105.83750520747132,0.4597743101512943,0.629925197277437,0.7707848602143103,0.5325944409238136,1372643.0,1117968.0,432.0,440.0,387508.0,730460.0,985135.0,98560193.0,0.0727307356969387,0.10647770569015,0.195448617134482,0.108469175361955,140.9167980071037,130.56421680988805,0.1842553598183255,0.3111750490140773,0.346618150072274,0.2823079271157905
segformer,mitb2,prc-ms,Qaf,10183.0,0.0,10.0,0.0,0.0,0.0,10183.0,100653113.0,0.0,0.0,0.0,0.0,,,0.0,0.0,0.0,0.0,10275.0,0.0,6.0,0.0,0.0,0.0,10275.0,100653021.0,0.0,0.0,0.0,0.0,,,0.0,0.0,0.0,0.0
segformer,mitb2,prc-ms,Qal,8361713.0,9172045.0,947.0,1037.0,6687776.0,2484269.0,1673937.0,89817314.0,0.3572083331268694,0.4349815154645355,0.5042586941482772,0.4615979892822436,96.98438341727534,84.4042940679395,0.6166132305954408,0.7628457059804293,0.7291477527639693,0.7998093213675236,9921617.0,11646479.0,842.0,1220.0,7719824.0,3926655.0,2201793.0,86815024.0,0.317894936882115,0.3857477126676544,0.4201784373257066,0.4114488784395909,111.97405771990768,94.97953125023054,0.5574575658248192,0.7158558641430379,0.6628461700742344,0.7780812341375403
segformer,mitb2,prc-ms,Qat,388848.0,209882.0,61.0,66.0,75256.0,134626.0,313592.0,100139822.0,0.0432368898764252,0.0624913883825334,0.1092646918438661,0.0551257925600601,123.51262067711872,116.21340917504352,0.1437626319549777,0.2513854324987891,0.3585633832343888,0.1935357774760317,1101870.0,71289.0,77.0,50.0,11776.0,59513.0,1090094.0,99501913.0,0.0085319292697006,0.0124922800914485,0.0612132021481484,0.0087842613099535,183.20999091012135,174.88989584786552,0.0101396352452205,0.0200757101126104,0.1651867749582684,0.0106872861589842
segformer,mitb2,prc-ms,Qc,16237424.0,14480795.0,748.0,735.0,13352316.0,1128479.0,2885108.0,83297393.0,0.5399415233583964,0.6172157339532721,0.7259921211216802,0.5886360743526244,75.34926015995167,60.66055881835796,0.7688811805524884,0.8693418065676268,0.9220706459831798,0.8223173823631138,9341265.0,9046934.0,453.0,556.0,7044398.0,2002536.0,2296867.0,89319495.0,0.3700885816058821,0.4559012159423293,0.5197478585385348,0.4660898332894909,93.2555070478776,75.6318920135498,0.6209909711921074,0.7661868353719687,0.7786503140179867,0.7541160645801185
segformer,mitb2,prc-ms,Qca,7202703.0,8320415.0,431.0,477.0,5311978.0,3008437.0,1890725.0,90452156.0,0.3464420355952534,0.4347601414909128,0.4570059320007438,0.5165431287231284,109.16442012541704,95.46131644457348,0.5202140015708334,0.6843957509051983,0.638427049612309,0.7374978532364863,3590038.0,5061396.0,248.0,352.0,2128521.0,2932875.0,1461517.0,94140383.0,0.2056732951437588,0.2780916642118245,0.304532130977915,0.3363973836324488,130.8788535902235,113.92480195787218,0.3263144855680276,0.4920620096044193,0.4205403015294595,0.5928965097305376
segformer,mitb2,prc-ms,Qr,62099929.0,62136748.0,1433.0,1456.0,57041187.0,5095561.0,5058742.0,33467806.0,0.7487225662788136,0.8063739832311552,0.8353575927464868,0.8246017977437757,67.2500137004927,51.57388538860867,0.8488841587433918,0.9182664632924784,0.9179944048568488,0.9185386830313446,75325588.0,73139756.0,1511.0,1525.0,67822607.0,5317149.0,7502981.0,20020559.0,0.7899467894731952,0.8509887062448243,0.8826825581708464,0.8659288240466245,73.94710443154521,55.96512288461096,0.8410256090390384,0.913649006195008,0.9273015212137158,0.9003926660353451
segformer,mitb2,prc-ms,af1,6362496.0,6343411.0,570.0,626.0,4479252.0,1864159.0,1883244.0,92436641.0,0.2189529488406605,0.2703033048957068,0.3561681324582383,0.2906375259083686,115.12863054659694,102.15313265108948,0.5444803507622479,0.7050660767468233,0.7061267195204599,0.7040086154867524,1372643.0,1697442.0,432.0,641.0,701733.0,995709.0,670910.0,98294944.0,0.1303424792756602,0.1813263789414803,0.2603201447982553,0.1987046746265054,114.78507274805114,102.9765778003737,0.2962959053383956,0.4571423918230277,0.4134061723463894,0.5112276098009461
segformer,mitb2,s-ms,Qaf,10183.0,0.0,10.0,0.0,0.0,0.0,10183.0,100653113.0,0.0,0.0,0.0,0.0,,,0.0,0.0,0.0,0.0,10275.0,0.0,6.0,0.0,0.0,0.0,10275.0,100653021.0,0.0,0.0,0.0,0.0,,,0.0,0.0,0.0,0.0
segformer,mitb2,s-ms,Qal,8361713.0,7666738.0,947.0,962.0,6150223.0,1516515.0,2211490.0,90785068.0,0.3512007566634772,0.4241979367082348,0.5134492763999879,0.4272216801068224,99.05985039792708,87.74802864314346,0.6226038718685173,0.7674132703153911,0.8021955360937076,0.7355218960516823,9921617.0,8437049.0,842.0,1122.0,5955801.0,2481248.0,3965816.0,88260431.0,0.2669932235626227,0.3264947999809794,0.4089599155303189,0.325562882515705,126.92093388391126,111.47479254088545,0.4801955838429266,0.6488272078156441,0.7059104433315487,0.6002853163955029
segformer,mitb2,s-ms,Qat,388848.0,242715.0,61.0,77.0,76526.0,166189.0,312322.0,100108259.0,0.0404599595899608,0.061414879374206,0.132195864550092,0.0545004246290773,135.79297024863106,127.78631394250051,0.1378754929851523,0.2423384523792559,0.3152915971406794,0.196801835164383,1101870.0,145432.0,77.0,53.0,14004.0,131428.0,1087866.0,99429998.0,0.005682377484398,0.0091839923263817,0.0295112362650574,0.0058604480038381,166.21426677703855,157.31111574172974,0.0113549198977051,0.0224548665840349,0.0962924253259255,0.012709303275341
segformer,mitb2,s-ms,Qc,16237424.0,16823596.0,748.0,746.0,15059918.0,1763678.0,1177506.0,82662194.0,0.6209013925577408,0.6883521061298883,0.7132671135357292,0.7166966184408271,59.5579095516037,44.34022177768942,0.8366108919331716,0.911037711480166,0.8951664079427489,0.9274819700464804,9341265.0,11518097.0,453.0,570.0,8534285.0,2983812.0,806980.0,88338219.0,0.4298054547594007,0.5092246240955786,0.4943119834984277,0.5981123383806534,84.11354826432522,66.70978359307084,0.6924325908876675,0.8182690343069937,0.7409457482429607,0.9136112721349838
segformer,mitb2,s-ms,Qca,7202703.0,6786271.0,431.0,467.0,4774908.0,2011363.0,2427795.0,91449230.0,0.33728558189728,0.4151242273496316,0.5021463661652698,0.4324230775934272,102.92207034911898,88.3370527496654,0.5182194266895852,0.682667363596501,0.7036129267457784,0.6629327906481775,3590038.0,3429183.0,248.0,355.0,1529976.0,1899207.0,2060062.0,95174051.0,0.1710485087548134,0.236184931857596,0.3422644724134301,0.2445733345756247,131.05406809290614,115.04432286253764,0.2787224836931126,0.435938973854791,0.4461634156007422,0.4261726477547034
segformer,mitb2,s-ms,Qr,62099929.0,63357930.0,1433.0,1454.0,57663982.0,5693948.0,4435947.0,32869419.0,0.7571180553042802,0.8107876033372946,0.8435285961390538,0.8266861293968581,66.25656340839859,50.93731653953925,0.8505780249151409,0.9192565927655436,0.9101304603859376,0.928567599489526,75325588.0,74915263.0,1511.0,1533.0,68939711.0,5975552.0,6385877.0,19362156.0,0.7950150650693862,0.8535913046875647,0.892024759078817,0.8651590100783818,72.41233454862915,53.99193551320758,0.8479550348248499,0.9177225839861624,0.92023585367377,0.915223004963466
segformer,mitb2,s-ms,af1,6362496.0,5786046.0,570.0,600.0,4145743.0,1640303.0,2216753.0,92660497.0,0.2020664820756103,0.2531301299971376,0.3608953937239872,0.2623691760127971,112.65406067577408,99.34374500792704,0.5180366269351511,0.682508732323599,0.7165070930995018,0.6515906650471764,1372643.0,2218272.0,432.0,690.0,645400.0,1572872.0,727243.0,97717781.0,0.0987185483808875,0.1419008782808638,0.2274108266010867,0.1545041980052207,127.7991526030946,113.81766964923376,0.2191127867282971,0.3594626996183424,0.2909471877208927,0.4701878055692558
segformer,mitb2,sds-ms,Qaf,10183.0,0.0,10.0,0.0,0.0,0.0,10183.0,100653113.0,0.0,0.0,0.0,0.0,,,0.0,0.0,0.0,0.0,10275.0,0.0,6.0,0.0,0.0,0.0,10275.0,100653021.0,0.0,0.0,0.0,0.0,,,0.0,0.0,0.0,0.0
segformer,mitb2,sds-ms,Qal,8361713.0,6220703.0,947.0,838.0,4887690.0,1333013.0,3474023.0,90968570.0,0.2473906536637354,0.3080642470660463,0.42961016209526,0.2966011483531742,120.18820562116385,108.95732335483326,0.504159684347964,0.6703539386066067,0.7857134474994225,0.5845321407228399,9921617.0,5794922.0,842.0,986.0,4303002.0,1491920.0,5618615.0,89249759.0,0.1728562401213574,0.2211195625076664,0.3404671247288191,0.2017482547923726,139.48752598061947,126.0971702135758,0.3770086345713866,0.5475762825390501,0.7425470092608667,0.4336996681085351
segformer,mitb2,sds-ms,Qat,388848.0,226629.0,61.0,63.0,67280.0,159349.0,321568.0,100115099.0,0.0366687925443762,0.0536412702075072,0.0786414939732778,0.05434176428687,153.29290851793792,141.58194732666016,0.1227296026793287,0.2186271785948134,0.296872862696301,0.1730239065135991,1101870.0,204543.0,77.0,68.0,36843.0,167700.0,1065027.0,99393726.0,0.016516006075484,0.0264432656815564,0.0683598635328837,0.0240328092110977,174.4807190730654,165.64730190408642,0.0290200619107256,0.0564032966603975,0.1801234948152711,0.0334367938141523
segformer,mitb2,sds-ms,Qc,16237424.0,16416949.0,748.0,801.0,14329320.0,2087629.0,1908104.0,82338243.0,0.5512407042560689,0.6273935883001918,0.675612668853034,0.6353416619749109,69.51712082452187,55.030984394199,0.781952445103433,0.8776355926356326,0.8728369686718281,0.8824872713799923,9341265.0,13962401.0,453.0,624.0,8423842.0,5538559.0,917423.0,85783472.0,0.3525221953849349,0.4351348932119481,0.3994139733109922,0.5785111591305799,101.213666006753,82.68708343657926,0.5661251100819472,0.7229628162367243,0.6033233109405753,0.90178814111365
segformer,mitb2,sds-ms,Qca,7202703.0,5038266.0,431.0,373.0,3308198.0,1730068.0,3894505.0,91730525.0,0.2303922387570568,0.3001219451160899,0.3929434187646572,0.313761962730891,118.7181467435259,104.94012291811964,0.3703439839664534,0.5405124381901465,0.6566143986839916,0.4592995157512395,3590038.0,3350198.0,248.0,351.0,1110927.0,2239271.0,2479111.0,94833987.0,0.1050483533159042,0.1503345019154587,0.2725563514511888,0.1504353607168862,146.01234267682446,131.12574925714608,0.1905761043032716,0.3201409865601112,0.331600400931527,0.3094471423422259
segformer,mitb2,sds-ms,Qr,62099929.0,66868212.0,1433.0,1471.0,58437937.0,8430275.0,3661992.0,30133092.0,0.7320647063798533,0.7886166950856883,0.7959814057956343,0.8286002074237913,74.67248738457334,58.554432058011706,0.8285519349979479,0.906238339901325,0.8739270163227932,0.9410306572170156,75325588.0,75680687.0,1511.0,1532.0,67723726.0,7956961.0,7601862.0,17380747.0,0.751640285365985,0.8161125159603415,0.8528789449023562,0.8399810436572872,77.93152218408864,60.34609877683756,0.8131802738170274,0.8969657188087051,0.8948614063188934,0.8990799514236782
segformer,mitb2,sds-ms,af1,6362496.0,5892537.0,570.0,646.0,4371404.0,1521133.0,1991092.0,92779667.0,0.2132059271029428,0.2655397816957915,0.3536223305184003,0.268758649627127,109.41089317964952,97.37473650588544,0.554491338950628,0.7134055044976215,0.7418543150429093,0.6870580350856016,1372643.0,1670545.0,432.0,695.0,665287.0,1005258.0,707356.0,98285395.0,0.1226558175451011,0.1694691533779498,0.2485716696345032,0.1765302444016784,115.49346573826902,103.36258646734166,0.2797790992980784,0.4372302992782569,0.3982454827616137,0.4846759135478052
unet,resnet18,ep-ms,Qaf,10183.0,0.0,10.0,0.0,0.0,0.0,10183.0,100653113.0,0.0,0.0,0.0,0.0,,,0.0,0.0,0.0,0.0,10275.0,0.0,6.0,0.0,0.0,0.0,10275.0,100653021.0,0.0,0.0,0.0,0.0,,,0.0,0.0,0.0,0.0
unet,resnet18,ep-ms,Qal,8361713.0,8500154.0,947.0,1108.0,6731989.0,1768165.0,1629724.0,90533418.0,0.3780676925280249,0.4540599701441759,0.517330514268104,0.4744896081409844,90.27556718821263,77.35751140970139,0.6645676285538681,0.7984867867834564,0.7919843569892969,0.8050968742887971,9921617.0,20315949.0,842.0,1311.0,8603372.0,11712577.0,1318245.0,79029102.0,0.2727787775261512,0.3397541758508159,0.3384604829442969,0.4359946444317036,120.87843680948728,104.87550132474551,0.3976747180874869,0.5690518873113001,0.4234787161554698,0.867134056878027
unet,resnet18,ep-ms,Qat,388848.0,73937.0,61.0,60.0,35802.0,38135.0,353046.0,100236313.0,0.0276889633387327,0.0426576644428731,0.1209540763029865,0.0320011930809557,116.63583133095187,109.11600414075347,0.0838487714967574,0.1547241159501712,0.4842230547628386,0.0920719664238982,1101870.0,194089.0,77.0,154.0,7749.0,186340.0,1094121.0,99375086.0,0.0029274149764595,0.005138561757104,0.0383853846894843,0.0030373970235121,183.8284156436012,174.89261990501768,0.0060153235885453,0.011958711656773,0.0399249828686839,0.0070325900514579
unet,resnet18,ep-ms,Qc,16237424.0,16653685.0,748.0,792.0,14267243.0,2386442.0,1970181.0,82039430.0,0.4957247088238916,0.566844015533678,0.6114513765978363,0.5829318741156452,84.22084606963502,65.34811688210132,0.766073112854227,0.8675440527104148,0.856701865082713,0.8786641895906642,9341265.0,649820.0,453.0,204.0,484475.0,165345.0,8856790.0,91156686.0,0.0290370909417822,0.0445663729671586,0.246070869558252,0.0328621215549328,193.3543053203159,174.57206230693393,0.0509619096607518,0.0969814589706723,0.7455526145701886,0.0518639606091894
unet,resnet18,ep-ms,Qca,7202703.0,6888346.0,431.0,499.0,4216149.0,2672197.0,2986554.0,90788396.0,0.2525841924864471,0.322295420893895,0.4015661086727634,0.340661070773082,117.18591060691855,101.87753424657826,0.4269561210746438,0.5984152067032057,0.6120698640863859,0.5853564974149288,3590038.0,1142052.0,248.0,167.0,273842.0,868210.0,3316196.0,96205048.0,0.0253332882823535,0.0393015994963347,0.0831957930717644,0.0389234505065503,184.77230150271689,170.9769294934395,0.0614236803336198,0.1157382890012658,0.2397806754858798,0.076278301232466
unet,resnet18,ep-ms,Qr,62099929.0,63049007.0,1433.0,1536.0,56877035.0,6171972.0,5222894.0,32391395.0,0.7107479526362303,0.7705657234037915,0.8153163182341577,0.7791285147196447,91.3833402479269,55.70760034366829,0.8330958149239173,0.908949557509622,0.902108339311355,0.9158953305727612,75325588.0,77023033.0,1511.0,1536.0,63722494.0,13300539.0,11603094.0,12037169.0,0.6953009560291245,0.7675988126044331,0.8326852554071138,0.8272783778100271,86.92351678473361,64.03838885753538,0.7190034830248195,0.8365352253500213,0.8273173818018825,0.8459607909068031
unet,resnet18,ep-ms,af1,6362496.0,5498167.0,570.0,706.0,4079838.0,1418329.0,2282658.0,92882471.0,0.2037877098999696,0.2555756955389304,0.3614089278527704,0.258650870812089,108.2694978505973,96.69980584001648,0.5243451690534101,0.6879612041923795,0.7420360276433946,0.6412323088297422,1372643.0,1338353.0,432.0,494.0,513132.0,825221.0,859511.0,98465432.0,0.0887163848133357,0.1221614415885274,0.2278222888536476,0.1252456038524942,128.74031084662607,116.53697614524754,0.2334684948659243,0.3785560731185143,0.3834055738657888,0.3738277177678391
unet,resnet18,plc-ms,Qaf,10183.0,0.0,10.0,0.0,0.0,0.0,10183.0,100653113.0,0.0,0.0,0.0,0.0,,,0.0,0.0,0.0,0.0,10275.0,0.0,6.0,0.0,0.0,0.0,10275.0,100653021.0,0.0,0.0,0.0,0.0,,,0.0,0.0,0.0,0.0
unet,resnet18,plc-ms,Qal,8361713.0,7931701.0,947.0,997.0,6300510.0,1631191.0,2061203.0,90670392.0,0.3376549007402313,0.4108727494813098,0.5046158544332177,0.4090008303768997,95.52785624357836,83.58066252217698,0.630498401665822,0.7733811956168302,0.7943453743402582,0.7534951271348347,9921617.0,9749285.0,842.0,1214.0,7151732.0,2597553.0,2769885.0,88144126.0,0.3003262358738009,0.3670165474027609,0.4341253257970791,0.3612503826416492,105.9154300211019,92.05079554161355,0.5712624718731354,0.7271381861391003,0.733564769108709,0.720823228713626
unet,resnet18,plc-ms,Qat,388848.0,194865.0,61.0,88.0,53647.0,141218.0,335201.0,100133230.0,0.0402473302451309,0.0559612618951995,0.1019774855803228,0.0474967101004689,125.17351818084715,118.13818804423016,0.1012081514377454,0.1838129354665734,0.2753034151848715,0.1379639344936839,1101870.0,209901.0,77.0,98.0,70894.0,139007.0,1030976.0,99422419.0,0.0251912538628352,0.0397568940146205,0.1297299125128322,0.0305975635839988,171.69605045933878,163.73973095801568,0.057132173454742,0.1080889880931961,0.3377497010495424,0.0643397133963171
unet,resnet18,plc-ms,Qc,16237424.0,16552342.0,748.0,843.0,13281670.0,3270672.0,2955754.0,81155200.0,0.4175377610652556,0.490506185853002,0.54690592636663,0.5196978557004395,98.96676251958398,79.13563954549677,0.6808286159756441,0.8101106912443352,0.8024042760837107,0.8179665690814011,9341265.0,11283944.0,453.0,764.0,5710246.0,5573698.0,3631019.0,85748333.0,0.1920372047431075,0.2538887163588575,0.3027752891779064,0.3124868659221398,130.40165873810096,110.77508375379774,0.3828535142862909,0.5537152132615966,0.5060505440296407,0.6112925818933517
unet,resnet18,plc-ms,Qca,7202703.0,5042026.0,431.0,440.0,2996061.0,2045965.0,4206642.0,91414628.0,0.1839475793175246,0.2488064191201495,0.3458071376637485,0.2528500497327339,129.01345836326527,114.89919134795852,0.3239451345858669,0.4893633823990714,0.594217681543094,0.4159634237313409,3590038.0,2473584.0,248.0,368.0,750336.0,1723248.0,2839702.0,95350010.0,0.0617757116333141,0.0925416000761026,0.1718657948877905,0.0899093645400961,165.38644389561244,148.67440992082868,0.1412188239067123,0.2474877226845604,0.3033396076300623,0.2090050300303228
unet,resnet18,plc-ms,Qr,62099929.0,65611197.0,1433.0,1535.0,57164756.0,8446441.0,4935173.0,30116926.0,0.7032218824885695,0.7691706416479722,0.7799038871667461,0.8122732348573062,91.20841398392204,60.67800741327117,0.8103146341902496,0.8952196694280183,0.8712652506553111,0.9205285242757684,75325588.0,75402902.0,1511.0,1536.0,66884370.0,8518532.0,8441218.0,16819176.0,0.7512817856492878,0.820212853072538,0.8508357406911955,0.8543265574886997,81.90879914683273,59.0587010563485,0.7977228456807705,0.8874814575532469,0.887026470148324,0.8879369119561337
unet,resnet18,plc-ms,af1,6362496.0,5331165.0,570.0,562.0,3850970.0,1480195.0,2511526.0,92820605.0,0.1915121978924607,0.2426848606119947,0.3452556862452653,0.2383213535954431,112.93586900215789,100.9439366797811,0.4910266131867238,0.6586423191163144,0.7223505556477805,0.6052608913231536,1372643.0,1543680.0,432.0,480.0,558688.0,984992.0,813955.0,98305661.0,0.0920727611832578,0.1308519499641604,0.1973024205455082,0.1455151072178348,125.28225211243132,115.49662935555872,0.2369696751193463,0.3831454883426836,0.3619195688225539,0.4070162453019467
unet,resnet18,prc-ms,Qaf,10183.0,0.0,10.0,0.0,0.0,0.0,10183.0,100653113.0,0.0,0.0,0.0,0.0,,,0.0,0.0,0.0,0.0,10275.0,0.0,6.0,0.0,0.0,0.0,10275.0,100653021.0,0.0,0.0,0.0,0.0,,,0.0,0.0,0.0,0.0
unet,resnet18,prc-ms,Qal,8361713.0,7119894.0,947.0,983.0,5965462.0,1154432.0,2396251.0,91147151.0,0.3307085605340894,0.4036341306912265,0.5206652038744353,0.3939142612941063,100.50598761216467,87.64151968233787,0.6268780057470751,0.7706515221578741,0.8378582602493801,0.7134258255455551,9921617.0,8278879.0,842.0,1143.0,6409351.0,1869528.0,3512266.0,88872151.0,0.2775941446899931,0.3399764067852727,0.4517218935998199,0.3213095499607017,117.5033832972354,101.79770453654706,0.5435732492476345,0.7043050914656391,0.774181021367748,0.6459986310699153
unet,resnet18,prc-ms,Qat,388848.0,190845.0,61.0,73.0,62622.0,128223.0,326226.0,100146225.0,0.043647505214577,0.0650389766468553,0.1312179549066262,0.0502575124835891,130.0402816489891,121.83880163122106,0.1211090933353446,0.2160522897464692,0.3281301579816081,0.161044932724355,1101870.0,687660.0,77.0,156.0,96935.0,590725.0,1004935.0,98970701.0,0.022190344562387,0.0341943776926975,0.0828358335492879,0.0291631036780941,172.06918080647787,160.31669330596924,0.0572700498347212,0.108335708258593,0.1409635575720559,0.0879731728788332
unet,resnet18,prc-ms,Qc,16237424.0,16480850.0,748.0,891.0,14320458.0,2160392.0,1916966.0,82265480.0,0.5134802656864973,0.5851560519949683,0.6198002769995706,0.597687114596938,78.75771747954064,62.00281370185607,0.7783781509718327,0.8753797954011877,0.8689150134853482,0.8819414951534185,9341265.0,12872792.0,453.0,733.0,8364995.0,4507797.0,976270.0,86814234.0,0.3192539598348268,0.3884744778041081,0.3611943656799502,0.4786802306514155,104.19851418371712,84.04897697482791,0.6040116651943648,0.7531262749528373,0.6498197904541609,0.8954884590042141
unet,resnet18,prc-ms,Qca,7202703.0,7698367.0,431.0,578.0,4940600.0,2757767.0,2262103.0,90702826.0,0.2844651235729905,0.3599016002741992,0.4064091214495954,0.4013923930284263,111.88406611933851,96.45074513223436,0.4960207701042219,0.6631201651961907,0.6417724694081225,0.6859369322877814,3590038.0,4415423.0,248.0,562.0,1831773.0,2583650.0,1758265.0,94489608.0,0.1214100554909778,0.1666858799831203,0.2220813792551767,0.1839655888373659,130.57505306704292,113.68131104419972,0.2967064419193195,0.4576308597343738,0.4148578743191762,0.5102377746419398
unet,resnet18,prc-ms,Qr,62099929.0,62956084.0,1433.0,1535.0,57500325.0,5455759.0,4599604.0,33107608.0,0.7287860896044857,0.7840132445805921,0.8138729939528844,0.8034886254220789,84.99640214676297,49.80620603196781,0.8511544579340232,0.9195931266415794,0.9133402420646112,0.9259322180545488,75325588.0,72985038.0,1511.0,1536.0,67733396.0,5251642.0,7592192.0,20086066.0,0.7791950225189387,0.8427902966015495,0.8835892455797042,0.8494582605604984,76.85714621326136,52.30451983241038,0.8406021899735198,0.9133990979176368,0.9280449508021082,0.8992083274544103
unet,resnet18,prc-ms,af1,6362496.0,6217256.0,570.0,612.0,4465710.0,1751546.0,1896786.0,92549254.0,0.2224465046780936,0.276590844772698,0.3854668027287798,0.2863019508080691,109.92651222660164,96.37587365647344,0.5503681149296491,0.7099837898235196,0.7182766802589439,0.7018802055042549,1372643.0,1423504.0,432.0,592.0,645170.0,778334.0,727473.0,98512319.0,0.1373702834629661,0.1871037297348541,0.2958755668981924,0.1898961186067944,115.2882859163117,104.10985631761496,0.2999427701923358,0.4614707309737292,0.4532266856995133,0.4700202456137539
unet,resnet18,s-ms,Qaf,10183.0,0.0,10.0,0.0,0.0,0.0,10183.0,100653113.0,0.0,0.0,0.0,0.0,,,0.0,0.0,0.0,0.0,10275.0,0.0,6.0,0.0,0.0,0.0,10275.0,100653021.0,0.0,0.0,0.0,0.0,,,0.0,0.0,0.0,0.0
unet,resnet18,s-ms,Qal,8361713.0,7412797.0,947.0,1090.0,6093809.0,1318988.0,2267904.0,90982595.0,0.3368243382639763,0.4048565879734351,0.5015457856975617,0.3959569541120426,101.06516000290056,88.03635319641658,0.6294801378536534,0.7726146802658213,0.8220660838277374,0.7287751923559204,9921617.0,9835271.0,842.0,1286.0,6994526.0,2840745.0,2927091.0,87900934.0,0.2771035775650758,0.3337037407117947,0.4005528545542039,0.3323817476512559,125.78733014089764,109.61675625994005,0.5480588938003795,0.7080594879112541,0.7111675926367459,0.7049784324470497
unet,resnet18,s-ms,Qat,388848.0,146783.0,61.0,86.0,43827.0,102956.0,345021.0,100171492.0,0.0300426644022662,0.0459430074053151,0.1190223998444921,0.035219307090821,127.16654593603953,118.48399652753558,0.0891147692983383,0.163646241535684,0.2985836234441318,0.1127098506357239,1101870.0,273501.0,77.0,100.0,67986.0,205515.0,1033884.0,99355911.0,0.0280877109595166,0.0440101211553805,0.1284201747870871,0.0347469414734535,178.41812370918893,169.7626826312091,0.0520015144735483,0.0988620524934726,0.2485767876534272,0.061700563587356
unet,resnet18,s-ms,Qc,16237424.0,15322873.0,748.0,821.0,14373366.0,949507.0,1864058.0,83476365.0,0.5905262278574047,0.6592401405906989,0.7366184282205057,0.6431246942615692,64.90826377955838,47.70114265346661,0.8362962532403254,0.9108511241196494,0.9380333570603894,0.8851998937762542,9341265.0,10061574.0,453.0,611.0,8093360.0,1968214.0,1247905.0,89353817.0,0.4180605731554703,0.4925192660144107,0.511858979614,0.5319396006470721,85.3265345102044,64.75335098949668,0.7156262459128312,0.8342449267346908,0.8043830915520772,0.8664094209938376
unet,resnet18,s-ms,Qca,7202703.0,7286872.0,431.0,540.0,4970419.0,2316453.0,2232284.0,91144140.0,0.3192126752281208,0.3929147140490608,0.4494374800239779,0.4376417752006883,110.65476452899664,91.31601057600416,0.5221491275066823,0.6860682939285658,0.6821059845706087,0.6900769058504842,3590038.0,4139700.0,248.0,385.0,1859221.0,2280479.0,1730817.0,94792779.0,0.1858056771588249,0.2469427095476895,0.3062256003693476,0.2712339663926376,135.428445248074,116.45360112508138,0.316704814925159,0.4810566671211883,0.4491197429765441,0.5178833761648205
unet,resnet18,s-ms,Qr,62099929.0,67107082.0,1433.0,1535.0,59237594.0,7869488.0,2862335.0,30693879.0,0.744562780825892,0.7971023886223553,0.803845237059198,0.8410928131581143,89.73492590264682,54.23709415998479,0.8466212316732609,0.9169408616688765,0.8827323768898192,0.9539075962550616,75325588.0,75552192.0,1511.0,1536.0,69748772.0,5803420.0,5576816.0,19534288.0,0.8078403788661603,0.864693923293468,0.8872106463008057,0.8786315433327067,77.81123124772077,52.40627313370266,0.8597266713775177,0.9245731478816828,0.923186609860373,0.9259638570627552
unet,resnet18,s-ms,af1,6362496.0,3386889.0,570.0,570.0,2764092.0,622797.0,3598404.0,93678003.0,0.1624029531389157,0.2084019510769316,0.3558563502702788,0.1873752691927951,119.8633456180622,106.9122544511572,0.3957016548912122,0.5670289972136704,0.8161153199883433,0.4344351650672943,1372643.0,801058.0,432.0,536.0,402951.0,398107.0,969692.0,98892546.0,0.0748860723469152,0.1057850954016796,0.2230190424684799,0.0954082877433393,128.67583206646583,117.83785114568822,0.2275595086827615,0.3707510830606417,0.5030235014193729,0.2935584853454248
unet,resnet18,sds-ms,Qaf,10183.0,0.0,10.0,0.0,0.0,0.0,10183.0,100653113.0,0.0,0.0,0.0,0.0,,,0.0,0.0,0.0,0.0,10275.0,0.0,6.0,0.0,0.0,0.0,10275.0,100653021.0,0.0,0.0,0.0,0.0,,,0.0,0.0,0.0,0.0
unet,resnet18,sds-ms,Qal,8361713.0,5836166.0,947.0,822.0,4690356.0,1145810.0,3671357.0,91155773.0,0.2275018036654434,0.2794436089800077,0.3996359508357479,0.2634413736292385,124.1540975133578,112.69930886355311,0.4933310179738718,0.6607122091968808,0.8036707660474359,0.5609324309504524,9921617.0,5655756.0,842.0,939.0,4290503.0,1365253.0,5631114.0,89376426.0,0.1711193836651827,0.2165535818232406,0.345208985815524,0.1949346410001983,140.26453875874074,127.37260688244324,0.380132224434232,0.5508634864171257,0.7586082214296374,0.4324398936181471
unet,resnet18,sds-ms,Qat,388848.0,2638.0,61.0,38.0,390.0,2248.0,388458.0,100272200.0,0.000390397051188,0.0007680400426929,0.0276754717086697,0.0003930403982739,167.715726852417,161.60286855697632,0.0009971976189989,0.0019924084130722,0.1478392721758908,0.0010029625972102,1101870.0,1514.0,77.0,28.0,96.0,1418.0,1101774.0,99560008.0,5.671439549308041e-05,0.0001129885590266,0.0394874781665235,5.671692666186061e-05,241.22625732421875,231.15616989135745,8.701263858575457e-05,0.0001740101360904,0.0634081902245706,8.712461542650221e-05
unet,resnet18,sds-ms,Qc,16237424.0,17006072.0,748.0,826.0,14497346.0,2508726.0,1740078.0,81917146.0,0.5272705448069236,0.6006155415495855,0.645268915762139,0.6234352398267065,73.71589842290322,56.574464269586514,0.7733505813193643,0.8721914205413294,0.8524805728212841,0.8928353413694192,9341265.0,14157618.0,453.0,658.0,8407992.0,5749626.0,933273.0,85572405.0,0.3179067187395238,0.3965188531215483,0.3695302407063523,0.5222568483203094,105.79097079581956,86.23980829991451,0.5571567643023861,0.7156078014431579,0.5938846492397238,0.900091368781423
unet,resnet18,sds-ms,Qca,7202703.0,5874912.0,431.0,472.0,3540605.0,2334307.0,3662098.0,91126286.0,0.1984399828052716,0.2587373362707749,0.336394432783352,0.2694162863977949,124.13486180776432,108.96407122670868,0.3712489553853881,0.5414756436857944,0.6026651973680627,0.491566152318095,3590038.0,3966247.0,248.0,437.0,1287346.0,2678901.0,2302692.0,94394357.0,0.0872032567038263,0.1224575788701975,0.2129226038514879,0.1208281035819614,148.1213252062868,134.67784849646057,0.2053530908499827,0.3407351628478809,0.3245753479296675,0.3585884049138199
unet,resnet18,sds-ms,Qr,62099929.0,66956660.0,1433.0,1536.0,58453535.0,8503125.0,3646394.0,30060242.0,0.7126568990259537,0.768598768722697,0.7851713601050013,0.8060500106815643,93.91155469159688,60.753086921225375,0.8279179396404014,0.9058589794280087,0.8730055382093431,0.9412818330275384,75325588.0,76003396.0,1511.0,1536.0,67986015.0,8017381.0,7339573.0,17320327.0,0.7472852081868844,0.8078099385317282,0.8472586283230138,0.8355784074495993,79.14093173031456,56.83943513053526,0.815737857862971,0.8985194138354884,0.8945128583464875,0.9025620218191992
unet,resnet18,sds-ms,af1,6362496.0,4986848.0,570.0,491.0,3852328.0,1134520.0,2510168.0,93166280.0,0.1826221818355815,0.2254807667302659,0.3563200551728728,0.2160705179264644,106.49280678850192,94.82973816982312,0.5138481763944481,0.6788635536996676,0.7724975776281932,0.6054743295712878,1372643.0,878765.0,432.0,448.0,421150.0,457615.0,951493.0,98833038.0,0.0828096571702237,0.1181500074237263,0.2697092235200228,0.1069304205151425,127.87817300088476,117.86218010656762,0.2301041711059315,0.3741214386730437,0.479252132253788,0.3068168489548994
deeplabv3p,resnet50,dem+rgb,Qaf,10183.0,0.0,10.0,0.0,0.0,0.0,10183.0,100653113.0,0.0,0.0,0.0,0.0,,,0.0,0.0,0.0,0.0,10275.0,0.0,6.0,0.0,0.0,0.0,10275.0,100653021.0,0.0,0.0,0.0,0.0,,,0.0,0.0,0.0,0.0
deeplabv3p,resnet50,dem+rgb,Qal,8361713.0,7783900.0,947.0,945.0,6189999.0,1593901.0,2171714.0,90707682.0,0.3172844619595448,0.3898245897626371,0.4735424763335946,0.4067874787361039,99.25569725082946,88.36516315671446,0.6217596423485282,0.7667716301635621,0.7952310538419044,0.7402788160751272,9921617.0,330839.0,842.0,256.0,243038.0,87801.0,9678579.0,90653878.0,0.0212062047353498,0.0330997758453422,0.1322608887200319,0.0235095033151053,158.59513639990303,148.11496521834005,0.024280932218037,0.0474106887169279,0.7346110948225572,0.0244958054720314
deeplabv3p,resnet50,dem+rgb,Qat,388848.0,201869.0,61.0,55.0,74447.0,127422.0,314401.0,100147026.0,0.0510680641624882,0.0730624413942375,0.1508614167105406,0.0680348656484663,105.03169651031494,91.86899490356446,0.1442016774168555,0.2520563992571739,0.3687886698799716,0.1914552730115623,1101870.0,0.0,77.0,0.0,0.0,0.0,1101870.0,99561426.0,0.0,0.0,0.0,0.0,,,0.0,0.0,0.0,0.0
deeplabv3p,resnet50,dem+rgb,Qc,16237424.0,15958691.0,748.0,781.0,14308856.0,1649835.0,1928568.0,82776037.0,0.5580822838168497,0.6326216441077253,0.6786581187748801,0.6426050956428614,76.14970531793423,61.02616333686653,0.7999468224840933,0.8888560622919877,0.8966184005943846,0.8812269729484185,9341265.0,2221646.0,453.0,347.0,1358994.0,862652.0,7982271.0,90459379.0,0.0848947991374491,0.1248190352036379,0.2871985758075342,0.1120294458974609,172.168721093851,156.3768289860557,0.1331835607835697,0.2350608769712056,0.6117059153438487,0.1454828655433712
deeplabv3p,resnet50,dem+rgb,Qca,7202703.0,6794139.0,431.0,424.0,4537760.0,2256379.0,2664943.0,91204214.0,0.3053885303616255,0.3818370732537346,0.4468957879237223,0.411311413821636,106.42347850187876,91.13981030633776,0.4797251995489626,0.6483976885643205,0.6678933121621444,0.6300079289677778,3590038.0,913932.0,248.0,178.0,177905.0,736027.0,3412133.0,96337231.0,0.0221036084413539,0.0344792349096789,0.1363357401421629,0.0277782778785384,182.6334311552722,170.73154208636043,0.0411239775639062,0.0789991940443653,0.1946589024128709,0.0495551857668358
deeplabv3p,resnet50,dem+rgb,Qr,62099929.0,64593954.0,1433.0,1478.0,58140681.0,6453273.0,3959248.0,32110094.0,0.7466667620564112,0.8023867340663177,0.8153976814523145,0.8358450558553547,70.39246682061277,52.79481137153699,0.8481103625181505,0.9178135458994496,0.9000947828646625,0.936243920665352,75325588.0,72024516.0,1511.0,1511.0,61476868.0,10547648.0,13848720.0,14790060.0,0.6480336071156159,0.7189957311930044,0.8203751669984809,0.7471339345485283,92.74803918228302,76.09719759725549,0.7159025426734821,0.834432638065868,0.8535547534953237,0.8161485310941085
deeplabv3p,resnet50,dem+rgb,af1,6362496.0,5330743.0,570.0,620.0,4228374.0,1102369.0,2134122.0,93198431.0,0.2205666634888016,0.2725905479932077,0.3799394321919709,0.2671512176287239,103.93409444491068,91.33466016337984,0.5664367674432157,0.7232168948227262,0.793205374935539,0.6645778637817611,1372643.0,25172363.0,432.0,1050.0,531631.0,24640732.0,841012.0,74649921.0,0.033111612588114,0.0505154685172778,0.0851778278984534,0.1324459960644016,178.56892468508553,164.12715250604293,0.0204368329753444,0.0400550672318552,0.0211196302865964,0.3873046378410118
deeplabv3p,resnet50,ep-ms+prc-ms+s-ms,Qaf,10183.0,0.0,10.0,0.0,0.0,0.0,10183.0,100653113.0,0.0,0.0,0.0,0.0,,,0.0,0.0,0.0,0.0,10275.0,0.0,6.0,0.0,0.0,0.0,10275.0,100653021.0,0.0,0.0,0.0,0.0,,,0.0,0.0,0.0,0.0
deeplabv3p,resnet50,ep-ms+prc-ms+s-ms,Qal,8361713.0,8216121.0,947.0,999.0,6803465.0,1412656.0,1558248.0,90888927.0,0.4077303121658372,0.4828089598641147,0.5610461670127458,0.4882345149514482,86.49045698032147,73.2668695125638,0.696051581437124,0.8207905809649197,0.8280629021894882,0.8136448835304441,9921617.0,11755509.0,842.0,1216.0,8108570.0,3646939.0,1813047.0,87094740.0,0.3303341335127842,0.3943977581332705,0.4350601565429793,0.4163291638678921,113.79200271254132,96.38951473722032,0.5976000688651025,0.7481222372375379,0.68976766552601,0.8172629521982153
deeplabv3p,resnet50,ep-ms+prc-ms+s-ms,Qat,388848.0,342984.0,61.0,82.0,148864.0,194120.0,239984.0,100080328.0,0.0793259731578555,0.1056065578182989,0.1708206272599372,0.1036161208017305,125.4818378795277,112.20283514080626,0.2553553539816937,0.4068256102493468,0.4340260770181699,0.3828333950541085,1101870.0,603165.0,77.0,164.0,132097.0,471068.0,969773.0,99090358.0,0.0322961317644655,0.0474117016739339,0.1335434646290891,0.0354410803023104,136.1164349736394,124.53605270385742,0.0839810596476148,0.1549493118909582,0.2190064078651778,0.1198843783749444
deeplabv3p,resnet50,ep-ms+prc-ms+s-ms,Qc,16237424.0,15696054.0,748.0,792.0,14590233.0,1105821.0,1647191.0,83320051.0,0.6066629741783532,0.6743190898541863,0.7430044739575454,0.6668238247273501,62.54799424367594,46.639023875344726,0.8412631546172588,0.9137891588257314,0.929547834124424,0.8985558916241887,9341265.0,11030172.0,453.0,596.0,8450758.0,2579414.0,890507.0,88742617.0,0.4281333574707955,0.5037203775867888,0.5022391493285613,0.5734602671779284,88.7947131275037,68.92967901973549,0.708915826019642,0.8296673425640028,0.766149249531195,0.9046695495738531
deeplabv3p,resnet50,ep-ms+prc-ms+s-ms,Qca,7202703.0,8183232.0,431.0,483.0,5601056.0,2582176.0,1601647.0,90878417.0,0.3898738496469234,0.472750674265442,0.5067852715445397,0.5253431125172747,100.826402440824,84.01362104164927,0.57241954652684,0.7280748293815098,0.684455237246115,0.7776325082403093,3590038.0,5226804.0,248.0,379.0,2285914.0,2940890.0,1304124.0,94132368.0,0.2319960691572249,0.3033824281124647,0.3444097740689265,0.3471798268360637,122.32349809687187,104.51481170654296,0.3500136580896313,0.5185335066682606,0.4373445034479961,0.6367381069504
deeplabv3p,resnet50,ep-ms+prc-ms+s-ms,Qr,62099929.0,63171298.0,1433.0,1460.0,58224480.0,4946818.0,3875449.0,33616549.0,0.7735156714292524,0.8239696134776147,0.8564403973838531,0.8404114273851878,63.83648650088209,46.659541224334255,0.8684161813249492,0.9295746739991618,0.9216920000599006,0.9375933424980244,75325588.0,71253989.0,1511.0,1530.0,67528231.0,3725758.0,7797357.0,21611950.0,0.7978503204811837,0.8547138395140877,0.9140933789689746,0.8485794981173463,71.97624156370789,53.63283442787337,0.8542325262874082,0.9213866267331362,0.9477115870663746,0.8964846182149949
deeplabv3p,resnet50,ep-ms+prc-ms+s-ms,af1,6362496.0,5053607.0,570.0,469.0,4027454.0,1026153.0,2335042.0,93274647.0,0.2134956729633656,0.2605779604702115,0.383799035654806,0.2575356678079025,104.32927785771234,91.34566311189108,0.5450866592796599,0.7055742226572412,0.7969464186669046,0.6329990620033396,1372643.0,793657.0,432.0,436.0,526011.0,267646.0,846632.0,99023007.0,0.125271933436261,0.1715124649426414,0.3392268351418976,0.1514613289278256,107.14600076155229,94.84609760197726,0.3206819042254139,0.4856307990583022,0.6627686771489447,0.3832103467544001
deeplabv3p,resnet50,ep-ms+prc-ms,Qaf,10183.0,0.0,10.0,0.0,0.0,0.0,10183.0,100653113.0,0.0,0.0,0.0,0.0,,,0.0,0.0,0.0,0.0,10275.0,0.0,6.0,0.0,0.0,0.0,10275.0,100653021.0,0.0,0.0,0.0,0.0,,,0.0,0.0,0.0,0.0
deeplabv3p,resnet50,ep-ms+prc-ms,Qal,8361713.0,7358879.0,947.0,888.0,6313016.0,1045863.0,2048697.0,91255720.0,0.372680301623482,0.4440125966227979,0.5631410725792617,0.4310443730871944,86.42747656420326,72.86657388758313,0.6710566037414951,0.8031524512562885,0.8578774022510766,0.7549907536888674,9921617.0,10262531.0,842.0,1103.0,7588610.0,2673921.0,2333007.0,88067758.0,0.3273743460668143,0.3913201419291422,0.4560391267715563,0.4002670790971169,109.08374913147426,92.04171428764076,0.6024839907592673,0.751937609652882,0.7394481926534497,0.7648561721340382
deeplabv3p,resnet50,ep-ms+prc-ms,Qat,388848.0,334599.0,61.0,79.0,147370.0,187229.0,241478.0,100087219.0,0.0944460484132702,0.1282114432548128,0.1859335656322184,0.1270049278469135,125.2339645930699,114.21024126325337,0.2558164967530382,0.4074106327070262,0.4404376582117699,0.3789912767971032,1101870.0,504476.0,77.0,109.0,114759.0,389717.0,987111.0,99171709.0,0.0305532373750776,0.0457459389134967,0.0972931675750053,0.0382182118797137,131.69560523655105,122.1475544805112,0.0769375168863767,0.1428820440926176,0.2274815848524013,0.1041493098096871
deeplabv3p,resnet50,ep-ms+prc-ms,Qc,16237424.0,15578440.0,748.0,721.0,14214727.0,1363713.0,2022697.0,83062159.0,0.5746875142325735,0.6470005582533486,0.72385233303532,0.6417102942401107,65.54647796285883,49.77833973060631,0.8076027702074019,0.8935622178923068,0.912461517327794,0.8754299327282455,9341265.0,8874215.0,453.0,496.0,7277805.0,1596410.0,2063460.0,89725621.0,0.4059486315744932,0.493782791061622,0.5773925747602077,0.4915276085531606,84.29974606553424,66.65312909035787,0.6653886680670252,0.7990791348896653,0.8201069052304908,0.7791027232393043
deeplabv3p,resnet50,ep-ms+prc-ms,Qca,7202703.0,6523931.0,431.0,432.0,4677974.0,1845957.0,2524729.0,91614636.0,0.3382878873927392,0.4215615914395651,0.5021031453783105,0.4441486511203635,103.79040602408872,88.04775758550949,0.5169797516980414,0.6815908401141897,0.7170483562747675,0.6494747874513221,3590038.0,3285253.0,248.0,300.0,1740125.0,1545128.0,1849913.0,95528130.0,0.2143072748507615,0.2871850698098384,0.3772581249579309,0.2925862144845239,125.04849360266395,107.93538232404131,0.3388644106149636,0.5061967558900416,0.5296776230019423,0.4847093540514056
deeplabv3p,resnet50,ep-ms+prc-ms,Qr,62099929.0,66124423.0,1433.0,1485.0,59419336.0,6705087.0,2680593.0,31858280.0,0.7701638698557456,0.8225408472254813,0.8255358218301124,0.8621912696740998,65.70787833461279,49.23004499828095,0.8635901777858753,0.9268026716173228,0.8985989337101664,0.9568342018555288,75325588.0,76967507.0,1511.0,1531.0,70873634.0,6093873.0,4451954.0,19243835.0,0.818207704335109,0.8729705343119627,0.8807041990607758,0.901649025514319,66.13015557473787,48.69678571432908,0.8704753523239364,0.9307530850298892,0.9208253815470469,0.9408971888808888
deeplabv3p,resnet50,ep-ms+prc-ms,af1,6362496.0,4743024.0,570.0,511.0,3913943.0,829081.0,2448553.0,93471719.0,0.2249177187831533,0.2755698736982333,0.4070624550201481,0.2647095783417224,105.90524335722849,94.73535968849696,0.5442398795146044,0.704864427780059,0.825199914653605,0.6151584221035267,1372643.0,769314.0,432.0,415.0,495302.0,274012.0,877341.0,99016641.0,0.1291620138020406,0.1768746214064736,0.3605887132470158,0.1578532069833924,105.42510979395388,94.44357134771684,0.3007928193823235,0.4624761374761491,0.6438229383580697,0.3608381786087132
deeplabv3p,resnet50,ep-ms+s-ms+sds-ms,Qaf,10183.0,0.0,10.0,0.0,0.0,0.0,10183.0,100653113.0,0.0,0.0,0.0,0.0,,,0.0,0.0,0.0,0.0,10275.0,0.0,6.0,0.0,0.0,0.0,10275.0,100653021.0,0.0,0.0,0.0,0.0,,,0.0,0.0,0.0,0.0
deeplabv3p,resnet50,ep-ms+s-ms+sds-ms,Qal,8361713.0,8075266.0,947.0,1016.0,6625825.0,1449441.0,1735888.0,90852142.0,0.3890343281034341,0.4613004971225967,0.5253332810983136,0.4743258220488938,90.77506246667346,77.13689785692887,0.6753359492675377,0.806209583890081,0.8205085751973991,0.7924004327821345,9921617.0,10439675.0,842.0,1149.0,7516962.0,2922713.0,2404655.0,87818966.0,0.3212095669973074,0.384688449835346,0.4371790031932255,0.3979415846035384,114.75900806717526,98.8083559489408,0.5852358200077388,0.7383580570427456,0.7200379322153228,0.7576347686067705
deeplabv3p,resnet50,ep-ms+s-ms+sds-ms,Qat,388848.0,220512.0,61.0,84.0,87025.0,133487.0,301823.0,100140961.0,0.0542451528677095,0.0766389208690573,0.1293558589803675,0.0693498254287987,106.09083457946775,94.6038404083252,0.1666076368614012,0.2856275436523566,0.3946497242780438,0.2238021026210755,1101870.0,130018.0,77.0,66.0,33414.0,96604.0,1068456.0,99464822.0,0.0163560313643932,0.0259844616352159,0.0976156797860899,0.0170143167309898,169.11166622764185,159.47166633605957,0.0278804546448233,0.0542484381697037,0.2569951852820378,0.0303248114568869
deeplabv3p,resnet50,ep-ms+s-ms+sds-ms,Qc,16237424.0,15742142.0,748.0,794.0,14614210.0,1127932.0,1623214.0,83297940.0,0.6131133788730949,0.6827951827756036,0.7440040894710508,0.6724511960796504,63.4435913792413,47.87922758286128,0.841572726755501,0.9139717530875808,0.9283495219392636,0.9000325421076644,9341265.0,11295134.0,453.0,617.0,8507642.0,2787492.0,833623.0,88534539.0,0.4221833442615842,0.4975629720590395,0.487049796943783,0.5701225300119502,85.25082926380878,65.70562777052164,0.7014438495222552,0.8245277676594642,0.7532130207574341,0.9107590888386102
deeplabv3p,resnet50,ep-ms+s-ms+sds-ms,Qca,7202703.0,7555582.0,431.0,467.0,5268866.0,2286716.0,1933837.0,91173877.0,0.3653050812221805,0.4430836002285289,0.4908567073937029,0.4904327699942475,102.83789031492556,85.3818954157699,0.5552358895734291,0.7140214462588302,0.6973474710485572,0.7315123225266958,3590038.0,3610616.0,248.0,340.0,1740068.0,1870548.0,1849970.0,95202710.0,0.1829105435038439,0.247833976572387,0.342570731958878,0.2756796696164952,136.017751529,120.066322703795,0.3186595724341673,0.483308321716333,0.4819310610710194,0.4846934767821399
deeplabv3p,resnet50,ep-ms+s-ms+sds-ms,Qr,62099929.0,63418391.0,1433.0,1472.0,58337710.0,5080681.0,3762219.0,33482686.0,0.773919229041108,0.8256949518043994,0.8514895332839416,0.8421562121694717,65.7700220252161,48.610192370364224,0.8683712458103611,0.9295489295905172,0.9198863149965442,0.9394166940190866,75325588.0,74158538.0,1511.0,1533.0,69149846.0,5008692.0,6175742.0,20329016.0,0.8041804734749932,0.8612411674109001,0.8971614396348232,0.8702722266521681,69.26615352066564,50.81100074576573,0.8607763211421077,0.9251797879863176,0.9324596717373258,0.9180126944379112
deeplabv3p,resnet50,ep-ms+s-ms+sds-ms,af1,6362496.0,5651403.0,570.0,720.0,4447631.0,1203772.0,1914865.0,93097028.0,0.2143628328410912,0.2652029584331268,0.369494368649311,0.2557806563811045,104.25458073831304,89.16994184887974,0.5878236139666213,0.7404142485299735,0.7869959017256423,0.6990387105940813,1372643.0,1029315.0,432.0,679.0,595090.0,434225.0,777553.0,98856428.0,0.1281494442657228,0.1767406293244983,0.3001595964322224,0.157168765791186,106.65695886531572,95.14183529039448,0.3293489065056219,0.4955040845843266,0.578141773898175,0.4335358866070785
deeplabv3p,resnet50,ep-ms+s-ms,Qaf,10183.0,0.0,10.0,0.0,0.0,0.0,10183.0,100653113.0,0.0,0.0,0.0,0.0,,,0.0,0.0,0.0,0.0,10275.0,0.0,6.0,0.0,0.0,0.0,10275.0,100653021.0,0.0,0.0,0.0,0.0,,,0.0,0.0,0.0,0.0
deeplabv3p,resnet50,ep-ms+s-ms,Qal,8361713.0,7695729.0,947.0,1074.0,6560383.0,1135346.0,1801330.0,91166237.0,0.3932720922550089,0.4668591250555883,0.563919580022866,0.4548857450432205,90.4371461364266,77.32214873335424,0.6907804826736361,0.817114332407366,0.8524706366349438,0.7845740460118639,9921617.0,11606516.0,842.0,1256.0,8026302.0,3580214.0,1895315.0,87161465.0,0.3269295594584777,0.3914711792123675,0.4280475739312604,0.4110147769275689,114.49866894468477,96.42678910086428,0.5944602624636615,0.7456570432744911,0.6915341347911811,0.8089711586327107
deeplabv3p,resnet50,ep-ms+s-ms,Qat,388848.0,275007.0,61.0,77.0,118351.0,156656.0,270497.0,100117792.0,0.0727362884402585,0.0974577118521901,0.1596261836174461,0.0941626676546918,116.7801010131836,108.45532417297365,0.2169571625505954,0.3565567782121095,0.4303563182028094,0.3043631444677612,1101870.0,470597.0,77.0,108.0,107287.0,363310.0,994583.0,99198116.0,0.0316498606300324,0.0481677837792391,0.106975722570879,0.0406950085858912,149.48363749186197,139.8061347730232,0.0732244502381959,0.1364569176968419,0.2279806288607874,0.0973681105756577
deeplabv3p,resnet50,ep-ms+s-ms,Qc,16237424.0,15388836.0,748.0,784.0,14430099.0,958737.0,1807325.0,83467135.0,0.6069994370929942,0.6747211970139227,0.7530976979847414,0.6602542157046475,60.92006376801733,46.17550690357502,0.8391465397422134,0.9125390735420502,0.9376991866051468,0.8886938593215279,9341265.0,11535123.0,453.0,620.0,8550677.0,2984446.0,790588.0,88337585.0,0.4088980574005227,0.48308094429312,0.4651928580777555,0.5711300569619769,87.75888866363455,68.45881345779453,0.6937268770945546,0.8191720713372448,0.7412731533075113,0.9153660665873412
deeplabv3p,resnet50,ep-ms+s-ms,Qca,7202703.0,7824692.0,431.0,489.0,5345743.0,2478949.0,1856960.0,90981644.0,0.3690727244850778,0.448579096837353,0.4891062928889705,0.5071939085542841,98.74859136405745,83.50398855272093,0.5521519467958568,0.711466358607064,0.6831889357434133,0.7421856766827676,3590038.0,4170248.0,248.0,399.0,1752747.0,2417501.0,1837291.0,94655757.0,0.1670035781197449,0.2235245115763973,0.3110837675048969,0.2381361251710803,132.56522555078178,117.167997914789,0.2917579061908711,0.4517222689988487,0.4202980254411728,0.4882251942737096
deeplabv3p,resnet50,ep-ms+s-ms,Qr,62099929.0,64046852.0,1433.0,1466.0,58579471.0,5467381.0,3520458.0,33095986.0,0.7747773205259432,0.8258683879790678,0.8418904054890628,0.849198360073919,65.88261725992366,49.061766356293326,0.8669794757257615,0.928750944504878,0.91463466463582,0.9433097902575702,75325588.0,71788330.0,1511.0,1530.0,67524678.0,4263652.0,7800910.0,21074056.0,0.7958700870564739,0.8573328171142071,0.9044228980157432,0.8537507052662404,71.10509064465958,53.16216092867567,0.8484146600721404,0.9179917021855132,0.940608006900286,0.8964374496485842
deeplabv3p,resnet50,ep-ms+s-ms,af1,6362496.0,5432180.0,570.0,650.0,4315685.0,1116495.0,2046811.0,93184305.0,0.2349411953571969,0.2892341862224268,0.4184531419664544,0.2791300253856417,98.91040256023408,86.7093836992979,0.5770410741235015,0.7318022131341293,0.7944664941147016,0.6783006229001951,1372643.0,1092482.0,432.0,673.0,628596.0,463886.0,744047.0,98826767.0,0.1327923561179777,0.1817214382786769,0.306365257964159,0.1700768479864345,107.90748008271338,94.37662850903791,0.3422739308772146,0.5099911769180062,0.5753833930444621,0.4579457295159775
deeplabv3p,resnet50,prc-ms+s-ms,Qaf,10183.0,0.0,10.0,0.0,0.0,0.0,10183.0,100653113.0,0.0,0.0,0.0,0.0,,,0.0,0.0,0.0,0.0,10275.0,0.0,6.0,0.0,0.0,0.0,10275.0,100653021.0,0.0,0.0,0.0,0.0,,,0.0,0.0,0.0,0.0
deeplabv3p,resnet50,prc-ms+s-ms,Qal,8361713.0,7943211.0,947.0,962.0,6613201.0,1330010.0,1748512.0,90971573.0,0.3888488745251639,0.4631440745107933,0.5431019463486986,0.4618627879279302,88.40021936249823,75.47285639182093,0.6823555522583549,0.8111906562704616,0.832560157346947,0.7908906942871634,9921617.0,10384519.0,842.0,1142.0,7456482.0,2928037.0,2465135.0,87813642.0,0.3230346448268368,0.3880108559258174,0.4562163618381572,0.3926000674502884,110.41073470728917,93.96090983218096,0.5802865976002155,0.7344067822652227,0.7180382644588545,0.7515389880500326
deeplabv3p,resnet50,prc-ms+s-ms,Qat,388848.0,155591.0,61.0,57.0,92925.0,62666.0,295923.0,100211782.0,0.0762883033805891,0.1021425655800039,0.1871747649882151,0.0851101364393759,109.91868063119742,99.90966327373798,0.2058075718582369,0.3413605564627074,0.5972389148472598,0.2389751265275891,1101870.0,34701.0,77.0,42.0,3008.0,31693.0,1098862.0,99529733.0,0.0028567654080688,0.005031826639814,0.0357142857142857,0.0028567654080688,168.19349452427454,158.22480664934432,0.0026535799068953,0.0052931141125367,0.0866833808823953,0.002729904616697
deeplabv3p,resnet50,prc-ms+s-ms,Qc,16237424.0,15670354.0,748.0,778.0,14550497.0,1119857.0,1686927.0,83306015.0,0.609248723084388,0.6787880511521986,0.74735269354073,0.6711534416835002,63.21618894991786,47.3135328654397,0.8382935668322705,0.9120344888948394,0.9285365857082744,0.8961087054202687,9341265.0,10365081.0,453.0,608.0,8227938.0,2137143.0,1113327.0,89184888.0,0.4183908778116882,0.4917478468220835,0.5066101902203138,0.5387317569611856,86.3343169908919,67.24323946979189,0.7168187435051969,0.8350546570125177,0.7938131887247191,0.8808162491910893
deeplabv3p,resnet50,prc-ms+s-ms,Qca,7202703.0,7473261.0,431.0,452.0,5318974.0,2154287.0,1883729.0,91306306.0,0.3925918571942707,0.4789674913554909,0.5243078743934441,0.5299208883907556,96.53075187428792,81.30650008265178,0.5684492555832591,0.7248551440982003,0.7117340074165749,0.738469155260185,3590038.0,3963788.0,248.0,314.0,1982791.0,1980997.0,1607247.0,95092261.0,0.2376490375547141,0.3166393332890119,0.3871231177283076,0.3487139745934359,121.5090564574514,103.84974374089924,0.3559107059998725,0.524976614499725,0.5002262986819679,0.552303624641299
deeplabv3p,resnet50,prc-ms+s-ms,Qr,62099929.0,63520181.0,1433.0,1480.0,58422106.0,5098075.0,3677823.0,33465292.0,0.7741265305675945,0.8255832576135487,0.8501921753923429,0.8428937514403673,64.38782720118552,47.75958305462795,0.8694024007022589,0.9301393861221744,0.9197408615696482,0.9407757293893202,75325588.0,74566254.0,1511.0,1530.0,69681305.0,4884949.0,5644283.0,20452759.0,0.8164030536979794,0.87104904284755,0.8967992454688503,0.8845818308104457,67.6189804042389,49.47333091090577,0.8687300647295255,0.9297544692258836,0.9344884751753788,0.9250681853290014
deeplabv3p,resnet50,prc-ms+s-ms,af1,6362496.0,5900698.0,570.0,604.0,4461011.0,1439687.0,1901485.0,92861113.0,0.2186855250049153,0.2695362218923657,0.3670638389752552,0.2683898940831592,102.62203245097886,89.0092637231273,0.5717644664320229,0.7275447163275733,0.7560141190076157,0.701141658870984,1372643.0,1348953.0,432.0,528.0,636459.0,712494.0,736184.0,98578159.0,0.1372308552617206,0.1890723071656306,0.2977426480251399,0.1917009726675366,112.0007915823323,100.2025883987451,0.3052360588297076,0.4677101230307511,0.4718170314310432,0.4636740944295057
segformer,mitb0,dem+rgb,Qaf,10183.0,0.0,10.0,0.0,0.0,0.0,10183.0,100653113.0,0.0,0.0,0.0,0.0,,,0.0,0.0,0.0,0.0,10275.0,0.0,6.0,0.0,0.0,0.0,10275.0,100653021.0,0.0,0.0,0.0,0.0,,,0.0,0.0,0.0,0.0
segformer,mitb0,dem+rgb,Qal,8361713.0,7905719.0,947.0,940.0,6304024.0,1601695.0,2057689.0,90699888.0,0.3127650385124688,0.3846503988521635,0.4628347742127274,0.3997638068141788,97.67883679051148,86.17206019037648,0.632717640389714,0.7750484526383759,0.7974004641450069,0.753915375952272,9921617.0,184740.0,842.0,133.0,167170.0,17570.0,9754447.0,90724109.0,0.0097022938763619,0.0154813147072253,0.0931507060601967,0.0098057801877648,169.02975344417072,155.942982798875,0.0168192831063546,0.0330821481964272,0.9048933636462054,0.016849068050097
segformer,mitb0,dem+rgb,Qat,388848.0,265351.0,61.0,75.0,100487.0,164864.0,288361.0,100109584.0,0.0579484324902296,0.082843253655093,0.1451271494939213,0.0769828425454241,128.86460851853894,119.08852472612936,0.1814788193140116,0.3072062170685067,0.3786946346537228,0.2584223141175986,1101870.0,0.0,77.0,0.0,0.0,0.0,1101870.0,99561426.0,0.0,0.0,0.0,0.0,,,0.0,0.0,0.0,0.0
segformer,mitb0,dem+rgb,Qc,16237424.0,16141239.0,748.0,728.0,14376873.0,1764366.0,1860551.0,82661506.0,0.5622527734181268,0.6363858067839373,0.6859935312985492,0.6405767407911369,71.78168785267306,56.65670440214917,0.7986357467785148,0.8880461185194707,0.8906920342360336,0.8854158763114149,9341265.0,6231787.0,453.0,598.0,3285332.0,2946455.0,6055933.0,88375576.0,0.1679483527603348,0.2416802455176908,0.3881257774607677,0.2571319000465489,140.36127224249688,121.68331952762838,0.2673670949533355,0.4219252590950059,0.5271893920636248,0.3517009741186017
segformer,mitb0,dem+rgb,Qca,7202703.0,6907805.0,431.0,454.0,4519089.0,2388716.0,2683614.0,91071877.0,0.3066630555610384,0.386775740098908,0.4469374372816929,0.4275107816254024,107.48931976536798,93.80464730049644,0.4711595854586271,0.6405281794248655,0.6542004298036785,0.6274157076864061,3590038.0,1569452.0,248.0,226.0,415294.0,1154158.0,3174744.0,95919100.0,0.0432999310707134,0.0643671472340734,0.1644697855034273,0.0554035694470911,172.3319154859663,159.06028740685267,0.0875372771276734,0.1609825777353963,0.2646108323159931,0.1156795554810283
segformer,mitb0,dem+rgb,Qr,62099929.0,64498219.0,1433.0,1458.0,57892215.0,6606004.0,4207714.0,31957363.0,0.7392358501265304,0.7962649913610644,0.8248187290713919,0.8177506802177663,71.92875603664974,56.43939463390924,0.8426086725290521,0.9145823365441332,0.8975785052297336,0.9322428532889304,75325588.0,80919644.0,1511.0,1533.0,67929846.0,12989798.0,7395742.0,12347910.0,0.7112049714099461,0.7829203830488041,0.8043599816955975,0.8361879723880369,82.56254467644806,68.05157746465515,0.7691734031485749,0.8695285626379946,0.8394728726191628,0.9018163389577524
segformer,mitb0,dem+rgb,af1,6362496.0,4944963.0,570.0,517.0,3851200.0,1093763.0,2511296.0,93207037.0,0.2142939816543843,0.2662536465988092,0.3780411194656755,0.2633344911875898,107.35539173136286,94.56383310333092,0.516505663228705,0.681178680373725,0.7788127029464124,0.6052970406582574,1372643.0,11757673.0,432.0,720.0,142079.0,11615594.0,1230564.0,87675059.0,0.0099919885754066,0.0165847561121722,0.0432509038754062,0.0621484042312962,203.94796483715376,191.00863629579544,0.0109390520052875,0.0216413679609843,0.012083938718146,0.1035076126858913
segformer,mitb0,ep-ms+prc-ms+s-ms,Qaf,10183.0,0.0,10.0,0.0,0.0,0.0,10183.0,100653113.0,0.0,0.0,0.0,0.0,,,0.0,0.0,0.0,0.0,10275.0,0.0,6.0,0.0,0.0,0.0,10275.0,100653021.0,0.0,0.0,0.0,0.0,,,0.0,0.0,0.0,0.0
segformer,mitb0,ep-ms+prc-ms+s-ms,Qal,8361713.0,8176671.0,947.0,1041.0,6713322.0,1463349.0,1648391.0,90838234.0,0.3906893673747964,0.4671143550534731,0.5441623483717024,0.474795982716456,89.88523672062617,77.41163860490688,0.6832854591655503,0.811847396940354,0.8210336455997802,0.8028644369879713,9921617.0,10604244.0,842.0,1226.0,7648800.0,2955444.0,2272817.0,87786235.0,0.3220245467182565,0.3858470495100943,0.4471899283849198,0.3949986465280785,111.26669394307666,96.07074695238562,0.5939864694280783,0.7452842051302988,0.7212961150271533,0.7709227235842706
segformer,mitb0,ep-ms+prc-ms+s-ms,Qat,388848.0,146169.0,61.0,61.0,74692.0,71477.0,314156.0,100202971.0,0.0671987530734875,0.0961835379509822,0.1941967864075432,0.0777993411453359,136.77418406804404,128.83254569371542,0.1622592733394884,0.2792135577000357,0.5109975439388653,0.1920853392585277,1101870.0,108337.0,77.0,63.0,35343.0,72994.0,1066527.0,99488432.0,0.0133467962397367,0.020894873028976,0.0712948338143893,0.0146489515052545,157.86873563130698,148.90152549743652,0.030082630840676,0.0584081896733368,0.3262320352234232,0.0320754716981132
segformer,mitb0,ep-ms+prc-ms+s-ms,Qc,16237424.0,15844893.0,748.0,806.0,14599293.0,1245600.0,1638131.0,83180272.0,0.6064039521762129,0.6762724855396354,0.7340714937440718,0.6703362134946566,64.10220669220466,47.98891890788784,0.8350553657079004,0.9101146279428634,0.9213879197543334,0.8991138619032182,9341265.0,10815530.0,453.0,602.0,8419725.0,2395805.0,921540.0,88926226.0,0.4318234432225253,0.5053233622173325,0.4990775808165871,0.5624512264636369,84.4058798404968,66.65201668949526,0.7173617436038126,0.8354229925938127,0.7784847344512936,0.9013474085147996
segformer,mitb0,ep-ms+prc-ms+s-ms,Qca,7202703.0,8626024.0,431.0,488.0,5725911.0,2900113.0,1476792.0,90560480.0,0.3877778777699327,0.4714369775725644,0.5011240628501662,0.5499743700290001,101.72554954963644,86.25589162698064,0.5667638606899305,0.7234834487953453,0.6637949303178382,0.7949669728156221,3590038.0,4791221.0,248.0,348.0,2303494.0,2487727.0,1286544.0,94585531.0,0.2472158192436064,0.322930318208759,0.3586633263469183,0.3761860510547269,118.23642954888282,102.46403653693922,0.3790034659122226,0.549677321748439,0.4807738987619231,0.641634991050234
segformer,mitb0,ep-ms+prc-ms+s-ms,Qr,62099929.0,63768731.0,1433.0,1468.0,58243067.0,5525664.0,3856862.0,33037703.0,0.7741602395202247,0.826087612731391,0.8514292119670579,0.846310915992465,63.76254059519761,47.74166159177939,0.8612577637581678,0.925457806573932,0.9133483775927737,0.9378926504086664,75325588.0,73359339.0,1511.0,1529.0,68926551.0,4432788.0,6399037.0,20904920.0,0.8100473790255669,0.8669023896404451,0.9036945137876152,0.8705014713782107,68.9221937148103,50.99032713002488,0.8641920066175871,0.9271491386615134,0.9395743192288032,0.9150482967354998
segformer,mitb0,ep-ms+prc-ms+s-ms,af1,6362496.0,4100808.0,570.0,546.0,3439391.0,661417.0,2923105.0,93639383.0,0.2044532916520627,0.2559629228951892,0.4122205110127493,0.239065384642836,110.13908695690525,97.0215293435276,0.4896687928794107,0.6574196831134793,0.8387105663079081,0.5405725991812018,1372643.0,984625.0,432.0,531.0,557878.0,426747.0,814765.0,98863906.0,0.1222616204035946,0.1686901053566011,0.2751025075132663,0.163963362235003,110.6784399091615,99.99603417486632,0.3100372904150851,0.4733259010006499,0.5665893106512632,0.4064261428499617
segformer,mitb0,ep-ms+prc-ms,Qaf,10183.0,0.0,10.0,0.0,0.0,0.0,10183.0,100653113.0,0.0,0.0,0.0,0.0,,,0.0,0.0,0.0,0.0,10275.0,0.0,6.0,0.0,0.0,0.0,10275.0,100653021.0,0.0,0.0,0.0,0.0,,,0.0,0.0,0.0,0.0
segformer,mitb0,ep-ms+prc-ms,Qal,8361713.0,8384698.0,947.0,998.0,6709871.0,1674827.0,1651842.0,90626756.0,0.3836405816919674,0.4593118993573609,0.5323465561964998,0.4753461771242049,89.34432283750972,76.79862760757067,0.6685442393494172,0.801350331124681,0.8002519589852849,0.8024517225118825,9921617.0,12218362.0,842.0,1217.0,8272287.0,3946075.0,1649330.0,86795604.0,0.3297084909840853,0.3953032251640853,0.4301631122599741,0.4266038655598582,112.7442115057255,97.22956244483194,0.5965150509544054,0.7472714405013663,0.6770373148217412,0.8337639923008517
segformer,mitb0,ep-ms+prc-ms,Qat,388848.0,150830.0,61.0,60.0,65538.0,85292.0,323310.0,100189156.0,0.0600618769789172,0.0862659475353268,0.1749308683823064,0.0688681202873434,119.8844854036967,109.25140603383382,0.1382249968363774,0.2428781606809986,0.4345156799045283,0.1685440069127268,1101870.0,68229.0,77.0,48.0,8812.0,59417.0,1093058.0,99502009.0,0.0041531497366068,0.0063598844977956,0.0306573386280601,0.0051841886749318,143.60528055826822,135.10678799947104,0.0075881328216022,0.0150619733885765,0.1291532925881956,0.007997313657691
segformer,mitb0,ep-ms+prc-ms,Qc,16237424.0,16785644.0,748.0,796.0,14626788.0,2158856.0,1610636.0,82267016.0,0.5544933562047828,0.6282864374466645,0.6632553876420474,0.6506609462609598,72.17702766739089,55.82118363421539,0.7950948778774839,0.8858527620752863,0.8713867635939377,0.9008071723692131,9341265.0,10062817.0,453.0,555.0,7665288.0,2397529.0,1675977.0,88924502.0,0.3830620769839132,0.4645122189013401,0.4977876589589475,0.5042684764505523,90.8172761454032,72.64995149351083,0.6529876919213337,0.7900696358632168,0.7617437542588721,0.8205835076940864
segformer,mitb0,ep-ms+prc-ms,Qca,7202703.0,6713242.0,431.0,459.0,4643325.0,2069917.0,2559378.0,91390676.0,0.3191919466065161,0.4006427607029402,0.4843131943249485,0.4224597295563586,106.58497607903402,92.32929944861782,0.5007565283598379,0.6673387973292507,0.6916665599124834,0.6446642323027897,3590038.0,4176084.0,248.0,360.0,1875688.0,2300396.0,1714350.0,94772862.0,0.18354227999934,0.2488412932092275,0.304585184611216,0.2714859706236874,127.6392834895366,111.17874785156936,0.3184295079106225,0.4830436606584342,0.4491499692056003,0.5224702356910985
segformer,mitb0,ep-ms+prc-ms,Qr,62099929.0,62548721.0,1433.0,1473.0,57587235.0,4961486.0,4512694.0,33601881.0,0.7588327226599089,0.8138067923079363,0.8459237161574863,0.8225494887367168,66.46147100051864,50.22085343160839,0.8587238280015416,0.9239929192975616,0.920678058309138,0.9273317365628552,75325588.0,72456155.0,1511.0,1530.0,68040615.0,4415540.0,7284973.0,20922168.0,0.7991766423339894,0.8600654327465111,0.8988194187564821,0.861958186249003,71.32085250416864,52.55453072365778,0.8532687799450241,0.9208257206710576,0.9390591454928846,0.9032868751054424
segformer,mitb0,ep-ms+prc-ms,af1,6362496.0,6080161.0,570.0,615.0,4421957.0,1658204.0,1940539.0,92642596.0,0.2136180301355028,0.2655478371621438,0.3618183914448148,0.2738176298843341,108.14359492776497,96.54130208777468,0.5513180894435648,0.7107737519406024,0.7272763007426941,0.6950035017703744,1372643.0,1681649.0,432.0,620.0,645482.0,1036167.0,727161.0,98254486.0,0.1197350078806609,0.1692895397356665,0.2506032265774853,0.1864721279679244,116.9238638948616,104.85424192864392,0.2679671705115804,0.4226720955298315,0.3838387202085572,0.4702475443359999
segformer,mitb0,ep-ms+s-ms+sds-ms,Qaf,10183.0,0.0,10.0,0.0,0.0,0.0,10183.0,100653113.0,0.0,0.0,0.0,0.0,,,0.0,0.0,0.0,0.0,10275.0,0.0,6.0,0.0,0.0,0.0,10275.0,100653021.0,0.0,0.0,0.0,0.0,,,0.0,0.0,0.0,0.0
segformer,mitb0,ep-ms+s-ms+sds-ms,Qal,8361713.0,8028367.0,947.0,1048.0,6596099.0,1432268.0,1765614.0,90869315.0,0.3924508358638616,0.4704277927183992,0.5523450017993686,0.4799868119365604,92.88371765112676,79.18393962480584,0.6734849700035154,0.8048891768679591,0.8215990873361918,0.7888454195928514,9921617.0,9789909.0,842.0,1248.0,7068415.0,2721494.0,2853202.0,88020185.0,0.2958208162670003,0.3585755057142621,0.4386520538273041,0.357680909879279,117.04902219287008,102.0690262496623,0.5590724466470317,0.7171859753526947,0.722010286306032,0.7124257064145895
segformer,mitb0,ep-ms+s-ms+sds-ms,Qat,388848.0,209131.0,61.0,70.0,79730.0,129401.0,309118.0,100145047.0,0.0516664665643189,0.0736873591211441,0.1592035238681288,0.0636630098651592,141.29275466655864,129.8233885271796,0.1538449664157576,0.2666648828805025,0.3812442918553442,0.20504155865531,1101870.0,362405.0,77.0,92.0,131348.0,231057.0,970522.0,99330369.0,0.0507811592673861,0.0732765828742456,0.1684133404991904,0.0650500875623735,144.37550359302097,131.10851934221057,0.098541030379008,0.1794034590497003,0.3624342931250948,0.1192046248650022
segformer,mitb0,ep-ms+s-ms+sds-ms,Qc,16237424.0,16990222.0,748.0,824.0,15180830.0,1809392.0,1056594.0,82616480.0,0.6164400416481783,0.6858412169589462,0.7007676409535727,0.7178884765487534,59.86358855454238,45.087309435530976,0.8411915985623171,0.9137469443366528,0.8935039224325615,0.9349284714127069,9341265.0,12765493.0,453.0,636.0,8837560.0,3927933.0,503705.0,87394098.0,0.4067209558197984,0.4820092536769577,0.4399148638617863,0.6027225933744467,90.48652563753171,71.25594463823069,0.6660206592742078,0.7995346943228854,0.6923007203873756,0.9460774316968849
segformer,mitb0,ep-ms+s-ms+sds-ms,Qca,7202703.0,7569312.0,431.0,490.0,5286815.0,2282497.0,1915888.0,91178096.0,0.3715608558271514,0.4511675448961686,0.5147261171844442,0.4800394662679991,97.57228406103032,81.68962295306356,0.5573751739552144,0.7157879273748368,0.6984538356986738,0.7340043036621113,3590038.0,4685193.0,248.0,404.0,1755115.0,2930078.0,1834923.0,94143180.0,0.1663033746498863,0.2254592645390457,0.296266584310914,0.2520443546133287,138.9571548944998,123.00805104767912,0.2691846280035508,0.4241851375508429,0.3746089008499756,0.4888847973196941
segformer,mitb0,ep-ms+s-ms+sds-ms,Qr,62099929.0,61949931.0,1433.0,1483.0,57340912.0,4609019.0,4759017.0,33954348.0,0.7645832600492407,0.817982368428354,0.8559864384686536,0.825135152124858,66.88776971269661,50.506212685645465,0.8595685244504231,0.9244816882501924,0.9256009017992288,0.9233651780825708,75325588.0,71534656.0,1511.0,1533.0,67021944.0,4512712.0,8303644.0,20824996.0,0.7858260104987669,0.8490011701670178,0.9047013717189866,0.8449714612847574,73.24194156642311,55.55420309309136,0.8394710809223143,0.9127309362226036,0.9369157237577266,0.8897633032748447
segformer,mitb0,ep-ms+s-ms+sds-ms,af1,6362496.0,5916333.0,570.0,593.0,4302544.0,1613789.0,2059952.0,92687011.0,0.2223742241907818,0.2780259760680399,0.3939708208259452,0.2859887891612502,108.63599633720686,96.54409270888227,0.5394170343712643,0.7008068929048528,0.7272315469734377,0.6762352384975959,1372643.0,1525640.0,432.0,608.0,667516.0,858124.0,705127.0,98432529.0,0.1344193623452249,0.1864884987042701,0.2965295234766155,0.1875524266633796,115.9916763418192,102.65840064178174,0.2992316095764372,0.4606285859593421,0.4375317899373377,0.4862997880730824
segformer,mitb0,ep-ms+s-ms,Qaf,10183.0,0.0,10.0,0.0,0.0,0.0,10183.0,100653113.0,0.0,0.0,0.0,0.0,,,0.0,0.0,0.0,0.0,10275.0,0.0,6.0,0.0,0.0,0.0,10275.0,100653021.0,0.0,0.0,0.0,0.0,,,0.0,0.0,0.0,0.0
segformer,mitb0,ep-ms+s-ms,Qal,8361713.0,8750552.0,947.0,1059.0,6885024.0,1865528.0,1476689.0,90436055.0,0.3958784634893442,0.4733561488880353,0.537375614507325,0.4935722869083496,92.2385189851504,77.75720307682069,0.6732044350964254,0.8046888006935377,0.7868102492277058,0.823398746166007,9921617.0,12707871.0,842.0,1258.0,8194159.0,4513712.0,1727458.0,86227967.0,0.3139958230366234,0.3778962904224812,0.4017696259900544,0.4136742957645515,117.54695353568354,102.00504579091374,0.5676461547914842,0.7242018909133074,0.6448097403569804,0.8258894694282192
segformer,mitb0,ep-ms+s-ms,Qat,388848.0,234026.0,61.0,83.0,83265.0,150761.0,305583.0,100123687.0,0.051346971716329,0.0746462473117217,0.1777370415359467,0.0657659381363742,145.18031553788617,137.35205609870678,0.1543061735441773,0.2673574430783754,0.3557938006888123,0.2141325145043821,1101870.0,463042.0,77.0,152.0,81759.0,381283.0,1020111.0,99180143.0,0.0207652517619769,0.0321473687648391,0.1000256467132996,0.0258195432573138,154.6712615069221,146.2506471521714,0.0551251286954211,0.1044902205363624,0.1765692960897715,0.074200223256827
segformer,mitb0,ep-ms+s-ms,Qc,16237424.0,16058447.0,748.0,770.0,14770694.0,1287753.0,1466730.0,83138119.0,0.6168689771576865,0.6845275337263526,0.735377351713807,0.6881252574221767,61.41376512753877,46.52296585350585,0.8428270938433318,0.9147109858099198,0.9198083725032687,0.909669785059502,9341265.0,10274097.0,453.0,561.0,8162005.0,2112092.0,1179260.0,89209939.0,0.4401419574078937,0.5183062866548128,0.5326773549198826,0.5626858804950773,82.91339273967654,64.98222205728432,0.7126299302466517,0.8322053908564114,0.7944255344289625,0.8737579974446715
segformer,mitb0,ep-ms+s-ms,Qca,7202703.0,6677991.0,431.0,456.0,4845626.0,1832365.0,2357077.0,91628228.0,0.3525335116692496,0.4326731202340362,0.5237783369124652,0.4480330006694063,99.91495927088268,85.45898701384542,0.5363131744000156,0.6981820937771556,0.7256113402968049,0.6727510491547409,3590038.0,3599041.0,248.0,334.0,1703451.0,1895590.0,1886587.0,95177668.0,0.192984691163663,0.2599048690097741,0.3483612335943604,0.2750904068060237,131.0872573723081,113.58515677301052,0.3105298062500775,0.4738996469506038,0.4733069170370663,0.4744938632961545
segformer,mitb0,ep-ms+s-ms,Qr,62099929.0,63777144.0,1433.0,1470.0,58188977.0,5588167.0,3910952.0,32975200.0,0.7694222902674768,0.8221287479760386,0.8414549177325887,0.8451733219095506,65.22509294921502,49.61019279743914,0.8596633741921179,0.9245365436801982,0.9123797860876304,0.9370216349200656,75325588.0,72739502.0,1511.0,1531.0,68212725.0,4526777.0,7112863.0,20810931.0,0.8013988803092787,0.8606588828617926,0.903270622268336,0.8637761921283434,73.94202406521741,55.89251972919588,0.8542355007268726,0.9213883569719236,0.937767280837309,0.9055717560412538
segformer,mitb0,ep-ms+s-ms,af1,6362496.0,5165136.0,570.0,492.0,3994149.0,1170987.0,2368347.0,93129813.0,0.2162107575769745,0.2668440690985024,0.4048840306377957,0.2593535329313081,104.67446551284168,92.42813584862684,0.530186236565477,0.6929695535041368,0.7732901902292602,0.6277644811093005,1372643.0,879743.0,432.0,435.0,497459.0,382284.0,875184.0,98908369.0,0.1071782049313871,0.1477189974187744,0.2882002387543911,0.1347045546342066,111.910082277262,99.9448620490308,0.2834642124715159,0.441717361056231,0.5654594580462703,0.3624095995827028
segformer,mitb0,prc-ms+s-ms,Qaf,10183.0,0.0,10.0,0.0,0.0,0.0,10183.0,100653113.0,0.0,0.0,0.0,0.0,,,0.0,0.0,0.0,0.0,10275.0,0.0,6.0,0.0,0.0,0.0,10275.0,100653021.0,0.0,0.0,0.0,0.0,,,0.0,0.0,0.0,0.0
segformer,mitb0,prc-ms+s-ms,Qal,8361713.0,8322600.0,947.0,1058.0,6692875.0,1629725.0,1668838.0,90671858.0,0.3892400515177329,0.4665026869007861,0.5508649550622127,0.4681979646485436,87.96974530624034,75.9454197648886,0.6698610350181826,0.8022955455223119,0.804180784850888,0.8004191246458711,9921617.0,11012353.0,842.0,1247.0,7501416.0,3510937.0,2420201.0,87230742.0,0.3137396426801371,0.3790344717133213,0.4371529388982143,0.3900892629840232,116.85231849416417,101.11986876193004,0.5584504629573795,0.7166739992462012,0.681181941770301,0.7560678869180296
segformer,mitb0,prc-ms+s-ms,Qat,388848.0,157082.0,61.0,67.0,64544.0,92538.0,324304.0,100181910.0,0.0495421508168482,0.0716490842979492,0.1775650639160006,0.0552264725813395,113.85952876164365,106.94986680837778,0.1340795120755485,0.2364552231971131,0.4108936733680498,0.1659877381393243,1101870.0,116777.0,77.0,59.0,20299.0,96478.0,1081571.0,99464948.0,0.0079211132266582,0.0132460126446353,0.0905469610140873,0.008388022518056,172.9344936170076,164.83244062724867,0.016939152900493,0.033313994946855,0.1738270378584824,0.0184223184223184
segformer,mitb0,prc-ms+s-ms,Qc,16237424.0,16048849.0,748.0,814.0,14703434.0,1345415.0,1533990.0,83080457.0,0.6093032980170606,0.6800827297229218,0.7289343497165014,0.6776185632268805,64.50398422921454,48.89127602427156,0.836237765698702,0.910816432729786,0.9161675083365792,0.9055275023920052,9341265.0,11073870.0,453.0,633.0,8490170.0,2583700.0,851095.0,88738331.0,0.4210972705802443,0.4935305356925668,0.481329686505862,0.5604093130158935,85.70026495456696,68.3125958756967,0.7119660309275541,0.8317525208625856,0.7666849981081592,0.9088886783535206
segformer,mitb0,prc-ms+s-ms,Qca,7202703.0,8882992.0,431.0,502.0,5818404.0,3064588.0,1384299.0,90396005.0,0.3851190197200356,0.4659133194237055,0.4957171118387362,0.5470449905042323,100.2486531093036,84.61659051077015,0.566693200767369,0.7234258762210771,0.6550049803039336,0.8078084019291091,3590038.0,5134418.0,248.0,362.0,2284127.0,2850291.0,1305911.0,94222967.0,0.2320011952261618,0.3046350672236019,0.3474646198912524,0.3568917567049012,120.61907698589825,103.520371126092,0.3546599870907216,0.5236147674995438,0.4448658056278238,0.6362403406314919
segformer,mitb0,prc-ms+s-ms,Qr,62099929.0,62681498.0,1433.0,1448.0,57603699.0,5077799.0,4496230.0,33485568.0,0.7720679100322679,0.8246504752347403,0.8589877192584514,0.8374935312278695,64.3717853850016,48.40744329999555,0.857482095851768,0.9232736054541194,0.9189904650970532,0.9275968576389194,75325588.0,72018370.0,1511.0,1522.0,67715252.0,4303118.0,7610336.0,21034590.0,0.8007650807205954,0.8593289701104684,0.9058594564687824,0.8580124838077036,73.22070900905639,55.88891709270946,0.8503874469591406,0.9191452831747604,0.9402497168430776,0.8989674531315972
segformer,mitb0,prc-ms+s-ms,af1,6362496.0,4570275.0,570.0,573.0,3628361.0,941914.0,2734135.0,93358886.0,0.2014884616556661,0.2526594622237395,0.3791477591060052,0.2444161279875162,112.92368894338608,100.54551492512226,0.4967356706428034,0.6637587122240098,0.793904305539601,0.5702732072444525,1372643.0,1307508.0,432.0,605.0,598017.0,709491.0,774626.0,98581162.0,0.1128261748209585,0.1556480562750378,0.243748684521994,0.1599514449767883,120.74205228787828,109.23767637689784,0.287213503069447,0.4462561997439696,0.4573715801356473,0.4356682691712266
segformer,mitb2,dem+rgb,Qaf,10183.0,19.0,10.0,1.0,0.0,19.0,10183.0,100653094.0,0.0,0.0,0.0,0.0,,,0.0,0.0,0.0,0.0,10275.0,0.0,6.0,0.0,0.0,0.0,10275.0,100653021.0,0.0,0.0,0.0,0.0,,,0.0,0.0,0.0,0.0
segformer,mitb2,dem+rgb,Qal,8361713.0,7832328.0,947.0,1030.0,6412411.0,1419917.0,1949302.0,90881666.0,0.3428139058122268,0.4173226420748832,0.4917609922434853,0.4281142692319228,94.52320602932332,83.63009537806423,0.6555564870067667,0.7919469884014744,0.818710733258362,0.766877672075088,9921617.0,757747.0,842.0,499.0,625916.0,131831.0,9295701.0,90609848.0,0.0421105001402782,0.0633403185687909,0.2593726815158374,0.044163352780191,160.7501899442811,148.8337622296983,0.0622588389575397,0.1172197145822541,0.8260224058953715,0.0630860876810705
segformer,mitb2,dem+rgb,Qat,388848.0,222491.0,61.0,65.0,81194.0,141297.0,307654.0,100133151.0,0.0750970899454377,0.1112715616089073,0.2023965010142072,0.1125025582311556,128.40681111812592,118.97895443439484,0.1531543257033453,0.2656267635469028,0.3649316152114018,0.2088065259432991,1101870.0,0.0,77.0,0.0,0.0,0.0,1101870.0,99561426.0,0.0,0.0,0.0,0.0,,,0.0,0.0,0.0,0.0
segformer,mitb2,dem+rgb,Qc,16237424.0,16236761.0,748.0,769.0,14494971.0,1741790.0,1742453.0,82684082.0,0.5659976269169219,0.6373670743002013,0.6872121522030911,0.6459360354280771,73.2594951502761,58.09068372235661,0.8062071567755965,0.8927072996597143,0.8927255257375531,0.8926890743260754,9341265.0,7433491.0,453.0,615.0,4480793.0,2952698.0,4860472.0,88369333.0,0.2121775126860552,0.2882897675889565,0.3907112007242047,0.3048214514426073,123.1312568823108,106.3979882284598,0.3644710009294806,0.5342304829948048,0.6027844790556685,0.479677324216795
segformer,mitb2,dem+rgb,Qca,7202703.0,6299595.0,431.0,405.0,4285652.0,2013943.0,2917051.0,91446650.0,0.3093528747285421,0.3868462373106048,0.4678007731564564,0.4066703044888932,105.6267651445556,92.4058022974481,0.4649904097434142,0.6348033497705353,0.6803059561765479,0.5950060692492805,3590038.0,5188946.0,248.0,371.0,1482277.0,3706669.0,2107761.0,93366589.0,0.1096572726385941,0.1531732157373035,0.1753075918140745,0.1954073262595961,137.50749661028385,123.82002798716228,0.2031432809348107,0.3376875957400082,0.285660517569464,0.4128861588651707
segformer,mitb2,dem+rgb,Qr,62099929.0,64702231.0,1433.0,1469.0,58203230.0,6499001.0,3896699.0,32064366.0,0.7501160580773857,0.8054826138177693,0.827465628316935,0.828925159762796,68.25641220189091,52.303482788046594,0.8484568199533141,0.9180163807935132,0.8995552255377407,0.9372511520906892,75325588.0,79926215.0,1511.0,1524.0,67407434.0,12518781.0,7918154.0,12818927.0,0.7084486563207282,0.7781454742315804,0.8012754141873337,0.8330313570634765,83.4468049384753,67.68763878981272,0.7673506539730509,0.868362655987963,0.8433707764092169,0.8948809533355385
segformer,mitb2,dem+rgb,af1,6362496.0,5369871.0,570.0,593.0,4230859.0,1139012.0,2131637.0,93161788.0,0.2454784890349136,0.3027044082601897,0.4080087451886817,0.3007967422619124,99.22916821346148,86.86405537134111,0.5640011315058252,0.7212285466351334,0.7878883868904858,0.6649684337719034,1372643.0,7356897.0,432.0,801.0,224774.0,7132123.0,1147869.0,92158530.0,0.0246187218668195,0.0360232684891716,0.0749448036803081,0.0647858602425472,185.9238309445589,172.68725139783777,0.0264291810027459,0.051497329756207,0.0305528268235915,0.1637527019042824
segformer,mitb2,ep-ms+prc-ms+s-ms,Qaf,10183.0,0.0,10.0,0.0,0.0,0.0,10183.0,100653113.0,0.0,0.0,0.0,0.0,,,0.0,0.0,0.0,0.0,10275.0,0.0,6.0,0.0,0.0,0.0,10275.0,100653021.0,0.0,0.0,0.0,0.0,,,0.0,0.0,0.0,0.0
segformer,mitb2,ep-ms+prc-ms+s-ms,Qal,8361713.0,7618797.0,947.0,978.0,6452165.0,1166632.0,1909548.0,91134951.0,0.3858892470568703,0.4603590895764627,0.568945149352088,0.4550810453610505,84.99723903010698,72.80270837844535,0.6771548469330193,0.8075042661341847,0.8468745131285162,0.7716319610586969,9921617.0,10055910.0,842.0,1161.0,7557171.0,2498739.0,2364446.0,88242940.0,0.3278843795227674,0.3931726118345342,0.4639583063951265,0.386539119170867,107.06621870048365,91.597808641491,0.6084504341099402,0.7565672167531047,0.7515153775242619,0.7616874346187723
segformer,mitb2,ep-ms+prc-ms+s-ms,Qat,388848.0,484897.0,61.0,130.0,128726.0,356171.0,260122.0,99918277.0,0.0641493939131108,0.0872104743448408,0.1411925321612263,0.0982213286877749,122.20184019992226,109.78739768580388,0.1727821706560504,0.2946534744118707,0.2654708113269416,0.3310445212525202,1101870.0,298227.0,77.0,134.0,39764.0,258463.0,1062106.0,99302963.0,0.0108470408721808,0.0173528328725149,0.0851097752919068,0.0118972315425462,153.23487267127405,143.68030408712534,0.0292310779787008,0.056801778733902,0.1333346745935143,0.0360877417481191
segformer,mitb2,ep-ms+prc-ms+s-ms,Qc,16237424.0,16112174.0,748.0,767.0,14811470.0,1300704.0,1425954.0,83125168.0,0.6164756282390553,0.683314214457733,0.7310254773458795,0.6822863051500938,61.40948166798784,46.29613112763154,0.8445297012315112,0.9157127702174228,0.9192719740985916,0.9121810208318758,9341265.0,10560078.0,453.0,568.0,8352144.0,2207934.0,989121.0,89114097.0,0.4495048118056335,0.5279080454849475,0.5313811530469398,0.5787500691034416,83.56827439374702,66.41269669144653,0.7231795036175236,0.8393548113813224,0.7909168852730065,0.8941127352665833
segformer,mitb2,ep-ms+prc-ms+s-ms,Qca,7202703.0,7095465.0,431.0,450.0,5190316.0,1905149.0,2012387.0,91555444.0,0.3965550114788543,0.481831000990345,0.5440221029296887,0.5184469035718853,101.19541890507048,85.1562642854579,0.569872676894618,0.7260113323609011,0.7314976537830854,0.7206066944590107,3590038.0,3461990.0,248.0,296.0,1905801.0,1556189.0,1684237.0,95517069.0,0.2485265111485137,0.3260784299635365,0.4113692493399901,0.3377538766828728,119.49805405963164,103.52548814782112,0.3703297580926764,0.5404972867379426,0.5504929245896146,0.5308581691892955
segformer,mitb2,ep-ms+prc-ms+s-ms,Qr,62099929.0,63600924.0,1433.0,1448.0,58351265.0,5249659.0,3748664.0,33313708.0,0.7789611441723043,0.8302104505437419,0.8551617250705663,0.8505012108642072,65.31027756018794,48.92113572621922,0.8663937929360459,0.928414781719898,0.9174593909987848,0.9396349712412716,75325588.0,74830040.0,1511.0,1529.0,69978253.0,4851787.0,5347335.0,20485921.0,0.8216408020202751,0.875891411962722,0.9021321492544412,0.8868669435471861,68.59776257472582,50.53548185752621,0.8727930167332119,0.9320763255040964,0.9351625764198442,0.929010378252872
segformer,mitb2,ep-ms+prc-ms+s-ms,af1,6362496.0,5751039.0,570.0,681.0,4313628.0,1437411.0,2048868.0,92863389.0,0.2286698043024069,0.2852618026461723,0.3982833205498802,0.2826520468982348,107.11893988756032,94.48408665185448,0.5530358246579093,0.7121997005828604,0.7500606412163089,0.6779773221075502,1372643.0,1457051.0,432.0,608.0,686913.0,770138.0,685730.0,98520515.0,0.1494172743694168,0.2052721959999248,0.2912824483859195,0.2162886434122725,110.99742852316962,95.7677230904674,0.3205707909487717,0.4855033795173612,0.4714406015987086,0.5004309204942582
segformer,mitb2,ep-ms+prc-ms,Qaf,10183.0,0.0,10.0,0.0,0.0,0.0,10183.0,100653113.0,0.0,0.0,0.0,0.0,,,0.0,0.0,0.0,0.0,10275.0,0.0,6.0,0.0,0.0,0.0,10275.0,100653021.0,0.0,0.0,0.0,0.0,,,0.0,0.0,0.0,0.0
segformer,mitb2,ep-ms+prc-ms,Qal,8361713.0,8070188.0,947.0,1049.0,6506925.0,1563263.0,1854788.0,90738320.0,0.387900630757868,0.4664068712365839,0.5364500905317395,0.4820453053865088,94.07410737177804,81.00542895412217,0.6556111571453674,0.7919868796677877,0.8062916254243395,0.7781808583958814,9921617.0,11217142.0,842.0,1276.0,7625151.0,3591991.0,2296466.0,87149688.0,0.3085393063959725,0.3715514159355935,0.4191565181140181,0.391797062502231,116.64610752493444,100.56414070454512,0.5642572287134568,0.72143790465656,0.6797766311597018,0.7685391403437565
segformer,mitb2,ep-ms+prc-ms,Qat,388848.0,515375.0,61.0,132.0,126258.0,389117.0,262590.0,99885331.0,0.0647989658281108,0.0873164783481705,0.1432203420912785,0.0813760023505507,133.15813382466635,124.52262830734252,0.1622926481268437,0.2792629694223659,0.2449827795294688,0.3246975682014566,1101870.0,454978.0,77.0,153.0,30626.0,424352.0,1071244.0,99137074.0,0.0091040429319117,0.015500858285306,0.1008195027048364,0.0097971156482089,169.97019619411893,159.6664442839446,0.0200665433993219,0.0393435968058538,0.0673131448113974,0.0277945674172089
segformer,mitb2,ep-ms+prc-ms,Qc,16237424.0,15415586.0,748.0,787.0,14045076.0,1370510.0,2192348.0,83055362.0,0.5493197167531957,0.6228911161105859,0.6942741555012983,0.6119332394281611,71.78719572191653,56.99580106095991,0.7976561020730768,0.8874401518212643,0.9110958221114656,0.8649817852881098,9341265.0,8593271.0,453.0,514.0,7101316.0,1491955.0,2239949.0,89830076.0,0.386325321989974,0.4707201143567977,0.5446269118114777,0.4651326412678814,88.94016991418881,69.83170900983787,0.6555129499816306,0.7919152187712021,0.8263810137024655,0.7602092436088688
segformer,mitb2,ep-ms+prc-ms,Qca,7202703.0,7611276.0,431.0,477.0,5023214.0,2588062.0,2179489.0,90872531.0,0.3337926909697345,0.4166481668947765,0.4599257013127911,0.4775032598532699,105.83513443053717,89.8970075208674,0.5130563342088182,0.6781721507773165,0.6599700234231421,0.6974067929775808,3590038.0,4570587.0,248.0,339.0,2103741.0,2466846.0,1486297.0,94606412.0,0.2032708694901122,0.27166942377407,0.3049661223166396,0.3273390991417991,127.55994307052258,109.73712655888048,0.3473305745990843,0.5155833039748794,0.4602780780674342,0.5859940758287239
segformer,mitb2,ep-ms+prc-ms,Qr,62099929.0,63269798.0,1433.0,1455.0,57945211.0,5324587.0,4154718.0,33238780.0,0.767956211077408,0.8212039365308444,0.8440569856084751,0.8397386354099016,65.49483455210967,49.35128777490063,0.8594086311275857,0.9243892028256552,0.9158431484165636,0.9330962520102076,75325588.0,74643792.0,1511.0,1526.0,69175733.0,5468059.0,6149855.0,19869649.0,0.8057821395205287,0.8652988263068772,0.8878689901506989,0.8796708977507067,71.01937169030656,52.615636481953615,0.8562026293973337,0.9225314260817776,0.9267446246567966,0.9183563625152186
segformer,mitb2,ep-ms+prc-ms,af1,6362496.0,5781073.0,570.0,590.0,4335893.0,1445180.0,2026603.0,92855620.0,0.230235639469034,0.2849271457399535,0.4125359998068177,0.2866663360977551,107.42241686286656,95.20647577472894,0.5553372091772251,0.714105218984633,0.7500152653322316,0.6814767349166113,1372643.0,1183526.0,432.0,520.0,644031.0,539495.0,728612.0,98751158.0,0.1578045915224553,0.2150639125884393,0.3376677607639052,0.2082334044515028,106.57758045772772,94.50218061522054,0.336811987419318,0.5039033021682057,0.544162950370334,0.4691904595732467
segformer,mitb2,ep-ms+s-ms+sds-ms,Qaf,10183.0,0.0,10.0,0.0,0.0,0.0,10183.0,100653113.0,0.0,0.0,0.0,0.0,,,0.0,0.0,0.0,0.0,10275.0,0.0,6.0,0.0,0.0,0.0,10275.0,100653021.0,0.0,0.0,0.0,0.0,,,0.0,0.0,0.0,0.0
segformer,mitb2,ep-ms+s-ms+sds-ms,Qal,8361713.0,6640719.0,947.0,831.0,6023042.0,617677.0,2338671.0,91683906.0,0.3727518438298439,0.442563649257858,0.5902425019425412,0.4128399270047208,84.8489372380313,73.0913319054618,0.6707629360123571,0.8029420829902778,0.9069864272227148,0.7203119743526237,9921617.0,7663015.0,842.0,965.0,6311905.0,1351110.0,3609712.0,89390569.0,0.2981543808349422,0.3633138952321664,0.4983743239848417,0.3332001902172938,110.34990162097252,95.1035988886346,0.5599270699982356,0.7178887792476977,0.8236842809259802,0.6361770465439253
segformer,mitb2,ep-ms+s-ms+sds-ms,Qat,388848.0,504352.0,61.0,102.0,173095.0,331257.0,215753.0,99943191.0,0.0893376104268245,0.1151463324753567,0.1517984478026628,0.1287709768484346,125.74323209963347,116.35260388725682,0.2403746675831996,0.3875839677563815,0.3432027631495463,0.4451482327284697,1101870.0,457871.0,77.0,93.0,150680.0,307191.0,951190.0,99254235.0,0.044955319331972,0.0619397048660098,0.1389639119201518,0.0559360834188653,159.1657196571087,148.50363882656754,0.106936463361061,0.1932115652534619,0.3290883240039225,0.1367493442965141
segformer,mitb2,ep-ms+s-ms+sds-ms,Qc,16237424.0,16167294.0,748.0,754.0,14842608.0,1324686.0,1394816.0,83101186.0,0.6219703123751347,0.6880916658316997,0.7266629253637072,0.6957915619365509,57.83909910603573,42.36820140777276,0.8451494723583898,0.9160769737295662,0.9180638392547325,0.9140986895458294,9341265.0,11072793.0,453.0,564.0,8403102.0,2669691.0,938163.0,88652340.0,0.4330958788240125,0.5101817299909264,0.5072727453006635,0.5812028800646046,81.30699015906637,63.850485645764245,0.6996197471708331,0.8232662021436404,0.7588963326597002,0.8995678850776635
segformer,mitb2,ep-ms+s-ms+sds-ms,Qca,7202703.0,6781845.0,431.0,445.0,4927198.0,1854647.0,2275505.0,91605946.0,0.3780257211656994,0.4646412946206932,0.5325966861482166,0.4926846047120758,96.56354994229648,82.72251458012539,0.5439999558369721,0.7046631753847175,0.7265276631948976,0.6840762419330632,3590038.0,3588106.0,248.0,328.0,1712988.0,1875118.0,1877050.0,95198140.0,0.2036693702731988,0.2720930255314145,0.3594956806784651,0.2937411783466732,126.72862978239316,110.30060685217916,0.3134380793521722,0.4772788063321103,0.4774073006761785,0.4771503811380269
segformer,mitb2,ep-ms+s-ms+sds-ms,Qr,62099929.0,64172109.0,1433.0,1473.0,58453994.0,5718115.0,3645935.0,32845252.0,0.7714795386361792,0.8225018761827956,0.8431636516394854,0.8463870652979664,63.99675008375989,48.29865350162679,0.86192391511616,0.925842251789743,0.9108940770514492,0.941289224340337,75325588.0,76477480.0,1511.0,1533.0,70555864.0,5921616.0,4769724.0,19416092.0,0.8131281129072992,0.8679823705409271,0.8877747140152713,0.88977336327362,64.61930187395866,48.623655958680914,0.8684097485988564,0.929570988644314,0.9225704612651986,0.9366785693063556
segformer,mitb2,ep-ms+s-ms+sds-ms,af1,6362496.0,6396977.0,570.0,498.0,4507534.0,1889443.0,1854962.0,92411357.0,0.2424507268360551,0.2969898516624742,0.4109456436425258,0.3055471387973562,105.27510035710458,91.52179709458964,0.5462393747699783,0.7065392120818783,0.704635017446522,0.7084537263363309,1372643.0,1404031.0,432.0,430.0,649402.0,754629.0,723241.0,98536024.0,0.1384748316285962,0.190522337434483,0.3258887444812946,0.1868315803020617,111.2339913710742,98.63431338860956,0.3052745488118115,0.4677553072488884,0.4625268245501702,0.4731033487949889
segformer,mitb2,ep-ms+s-ms,Qaf,10183.0,0.0,10.0,0.0,0.0,0.0,10183.0,100653113.0,0.0,0.0,0.0,0.0,,,0.0,0.0,0.0,0.0,10275.0,0.0,6.0,0.0,0.0,0.0,10275.0,100653021.0,0.0,0.0,0.0,0.0,,,0.0,0.0,0.0,0.0
segformer,mitb2,ep-ms+s-ms,Qal,8361713.0,8376566.0,947.0,1110.0,6801066.0,1575500.0,1560647.0,90726083.0,0.3938482417533765,0.472135360265847,0.5383562157365538,0.4896857926519279,92.67886366998708,79.36420361325145,0.684403765925114,0.8126362333905415,0.8119157659594636,0.8133579805956028,9921617.0,10684127.0,842.0,1242.0,7495535.0,3188592.0,2426082.0,87553087.0,0.3156676083682105,0.3805268125990489,0.4308649715111455,0.3917729901955622,117.22949601789064,100.52186678210391,0.57173268557351,0.7275189869387876,0.7015580215398038,0.7554751407961021
segformer,mitb2,ep-ms+s-ms,Qat,388848.0,397366.0,61.0,113.0,123684.0,273682.0,265164.0,100000766.0,0.0571698238417296,0.0773349544558096,0.1415103273072712,0.0737875677435331,120.86194336414336,110.9825422167778,0.1866843765565332,0.3146318941153426,0.3112596447607495,0.3180780150598691,1101870.0,274247.0,77.0,113.0,81033.0,193214.0,1020837.0,99368212.0,0.0206138864225666,0.0323416783401257,0.1410180020346483,0.0218832642787467,169.11717915534973,158.25380659103394,0.0625696865994792,0.1177705093389588,0.2954745174970009,0.0735413433526641
segformer,mitb2,ep-ms+s-ms,Qc,16237424.0,16947070.0,748.0,769.0,15113884.0,1833186.0,1123540.0,82592686.0,0.617501673301657,0.6865871631289139,0.7164045377823446,0.707436826501612,62.82758726922511,47.56548432829744,0.8363792921212952,0.9109003741325692,0.891828734996669,0.930805526787993,9341265.0,12021485.0,453.0,581.0,8751975.0,3269510.0,589290.0,88052521.0,0.4372110983684724,0.5155960696723917,0.4880301856038551,0.6087021561569617,85.80905830061738,69.00530609633024,0.6940077037295488,0.8193678248352857,0.7280277769343804,0.93691539636227
segformer,mitb2,ep-ms+s-ms,Qca,7202703.0,6782212.0,431.0,435.0,4798967.0,1983245.0,2403736.0,91477348.0,0.3496268306741741,0.4298314875673473,0.5237593967186153,0.4420253606808152,103.7137212267003,88.58222564962026,0.5224247949150158,0.6863062092261555,0.7075813908500649,0.6662730644315058,3590038.0,3850421.0,248.0,327.0,1783654.0,2066767.0,1806384.0,95006491.0,0.1936366235543195,0.2617548338281124,0.3661916458108096,0.2851815687205049,136.59186433765987,119.24685415503096,0.3153112048232173,0.4794473029150486,0.4632360980786257,0.4968342953472915
segformer,mitb2,ep-ms+s-ms,Qr,62099929.0,62919219.0,1433.0,1463.0,57844925.0,5074294.0,4255004.0,33489073.0,0.7696242851189038,0.8210933928178691,0.8581299837373638,0.8310228062632763,66.41732455357497,49.82485660963485,0.8611178874372689,0.9253770470424258,0.9193522411649768,0.9314813387306772,75325588.0,72488450.0,1511.0,1532.0,68116809.0,4371641.0,7208779.0,20966067.0,0.7993834806308946,0.8580372674709316,0.9029220491813268,0.8590745956976263,72.67334255745868,54.39871778977628,0.8546948225765791,0.921655479028318,0.9396918957433908,0.9042984038836842
segformer,mitb2,ep-ms+s-ms,af1,6362496.0,5240863.0,570.0,627.0,4156574.0,1084289.0,2205922.0,93216511.0,0.2303664391420431,0.2840031673688932,0.393424702077288,0.2803442086384318,106.3134133327839,94.62684324896613,0.558170270794712,0.7164432299302297,0.793108692213477,0.6532929843885167,1372643.0,1344566.0,432.0,621.0,695171.0,649395.0,677472.0,98641258.0,0.1424771150007707,0.1955038444166859,0.2842486264103019,0.200258099436325,115.13068846453668,100.76009840419914,0.3437971986678786,0.5116801836001573,0.5170225931638908,0.5064470514183221
segformer,mitb2,prc-ms+s-ms,Qaf,10183.0,0.0,10.0,0.0,0.0,0.0,10183.0,100653113.0,0.0,0.0,0.0,0.0,,,0.0,0.0,0.0,0.0,10275.0,0.0,6.0,0.0,0.0,0.0,10275.0,100653021.0,0.0,0.0,0.0,0.0,,,0.0,0.0,0.0,0.0
segformer,mitb2,prc-ms+s-ms,Qal,8361713.0,7624434.0,947.0,949.0,6401648.0,1222786.0,1960065.0,91078797.0,0.3946990920492522,0.4700260277049497,0.5673439100621339,0.4704884828986088,86.1596673426002,74.18316196718,0.6679168102578966,0.800899428736643,0.8396227182240675,0.7655904956316966,9921617.0,9980332.0,842.0,1157.0,7141365.0,2838967.0,2780252.0,87902712.0,0.3189317259196261,0.3842827075774341,0.4520040149894743,0.3909814872380807,112.35727739521346,96.99081301408287,0.5596424897167716,0.7176548387296139,0.7155438316080066,0.7197783385510648
segformer,mitb2,prc-ms+s-ms,Qat,388848.0,146709.0,61.0,50.0,52746.0,93963.0,336102.0,100180485.0,0.0505011528275435,0.0712220862764736,0.1494403399270156,0.0613958774236212,135.4158744017283,128.25076166788736,0.1092477180511628,0.1969762322217803,0.3595280453141934,0.1356468337242315,1101870.0,174809.0,77.0,58.0,25872.0,148937.0,1075998.0,99412489.0,0.0161412038317951,0.0244773921278939,0.1018403819879563,0.0166441732577337,178.97843313217163,170.3987512588501,0.0206842462506206,0.0405301567582767,0.1480015331018425,0.0234800838574423
segformer,mitb2,prc-ms+s-ms,Qc,16237424.0,15691516.0,748.0,771.0,14534773.0,1156743.0,1702651.0,83269129.0,0.6129035568146312,0.6820461697259326,0.7441075445437734,0.6706988124487676,64.04706825824142,48.26856459875327,0.8356119036916226,0.910445069582642,0.9262822661621732,0.8951403252141472,9341265.0,10702902.0,453.0,582.0,8420352.0,2282550.0,920913.0,89039481.0,0.4500404944490884,0.5253389107863888,0.5153559805512186,0.5832201979415538,84.5063252559928,65.91542473948279,0.7244051974330287,0.8401797889630435,0.7867354106390958,0.9014145300449136
segformer,mitb2,prc-ms+s-ms,Qca,7202703.0,8027101.0,431.0,478.0,5486499.0,2540602.0,1716204.0,90919991.0,0.3843076095107178,0.4668434504397433,0.4979437325723441,0.5297093452972506,99.68894746409384,84.61494823784491,0.5631045112515722,0.7204950240988,0.6834969436662127,0.7617277846941627,3590038.0,4007549.0,248.0,327.0,1971505.0,2036044.0,1618533.0,95037214.0,0.2383133646013863,0.312999212653584,0.3991066121396475,0.3433192646868909,123.27704475826688,107.56153427124023,0.3504223720877157,0.5189818820106963,0.4919478214739233,0.5491599253266957
segformer,mitb2,prc-ms+s-ms,Qr,62099929.0,64526316.0,1433.0,1470.0,58699493.0,5826823.0,3400436.0,32736544.0,0.7775099827640857,0.8294460520526774,0.8466869938044407,0.8563208087760761,64.03930387358588,48.66994202930034,0.8641586896426315,0.927129964250302,0.9096985019259428,0.9452425138843557,75325588.0,74697185.0,1511.0,1535.0,69437265.0,5259920.0,5888323.0,20077788.0,0.8131345894820091,0.8695222491461815,0.8949677787802557,0.8838565118924938,69.3106127159485,52.11835845258852,0.8616594561890706,0.9256896617955462,0.9295834240607594,0.921828383204921
segformer,mitb2,prc-ms+s-ms,af1,6362496.0,4647220.0,570.0,472.0,3748346.0,898874.0,2614150.0,93401926.0,0.2207724104350839,0.2725259595663964,0.4147155278659038,0.2580033380276999,105.24805307650304,93.75763165819777,0.516203691589879,0.6809160199954295,0.8065781262776456,0.5891313723419237,1372643.0,1100519.0,432.0,423.0,523792.0,576727.0,848851.0,98713926.0,0.1239911910112025,0.170695358843362,0.3142008368530925,0.1593034992615777,112.49443472280038,102.46268801206952,0.268698092204148,0.4235808248711568,0.4759499835986475,0.3815937574445795
unet,resnet18,dem+rgb,Qaf,10183.0,0.0,10.0,0.0,0.0,0.0,10183.0,100653113.0,0.0,0.0,0.0,0.0,,,0.0,0.0,0.0,0.0,10275.0,0.0,6.0,0.0,0.0,0.0,10275.0,100653021.0,0.0,0.0,0.0,0.0,,,0.0,0.0,0.0,0.0
unet,resnet18,dem+rgb,Qal,8361713.0,7874830.0,947.0,953.0,6172162.0,1702668.0,2189551.0,90598915.0,0.2953464431440933,0.3625476974780347,0.453862819884519,0.3726340827606011,101.51855019315084,89.61495979626973,0.6132679198055002,0.7602803133647353,0.7837835229458922,0.7381456407317496,9921617.0,15779.0,842.0,23.0,14986.0,793.0,9906631.0,90740886.0,0.0008935071188011,0.0016383969297748,0.0231550224433989,0.0008958700437101,196.27810859680176,180.86761894226075,0.0015103185617203,0.0030160818789952,0.9497433297420622,0.0015104392761784
unet,resnet18,dem+rgb,Qat,388848.0,245498.0,61.0,92.0,56868.0,188630.0,331980.0,100085818.0,0.0322691714726037,0.0486177138278319,0.1017539436189321,0.0394019288894866,129.2039698848018,119.77509442082156,0.0984764787576323,0.1792964722722299,0.231643434977067,0.1462473768670534,1101870.0,0.0,77.0,0.0,0.0,0.0,1101870.0,99561426.0,0.0,0.0,0.0,0.0,,,0.0,0.0,0.0,0.0
unet,resnet18,dem+rgb,Qc,16237424.0,16210934.0,748.0,780.0,14512087.0,1698847.0,1725337.0,82727025.0,0.5578666774076504,0.6273868718235592,0.6742971966262903,0.6381208562187815,74.4513353062645,58.661075020390086,0.8090916445229892,0.8944728112282292,0.8952036323138445,0.893743182416127,9341265.0,2242846.0,453.0,363.0,1072879.0,1169967.0,8268386.0,90152064.0,0.0677427604388926,0.0998207896232286,0.2652111598020554,0.1041538830869463,188.73299066225687,171.11325208707288,0.1020697668931672,0.1852328590428734,0.4783560708136002,0.1148537162793262
unet,resnet18,dem+rgb,Qca,7202703.0,6462987.0,431.0,489.0,4249730.0,2213257.0,2952973.0,91247336.0,0.2731901083968041,0.3462504654000729,0.4310035370294429,0.3643294138721408,113.40722076872927,97.97669277084904,0.4513326309797408,0.6219561544276213,0.6575489011505051,0.5900187748960356,3590038.0,162782.0,248.0,57.0,71846.0,90936.0,3518192.0,96982322.0,0.0126935533480183,0.0187588814473308,0.056568367551389,0.0134357248312238,175.72672121452564,164.00740779529917,0.0195182036058934,0.0382890732835574,0.4413632956960843,0.0200126015379224
unet,resnet18,dem+rgb,Qr,62099929.0,63837075.0,1433.0,1533.0,57693012.0,6144063.0,4406917.0,32419304.0,0.7288398022664244,0.7837739108671956,0.8095609511503962,0.8058452270238552,87.40486196313633,54.98433591740496,0.8453932765246207,0.9162201762398604,0.9037540018868344,0.9290350718436408,75325588.0,74473927.0,1511.0,1536.0,62792408.0,11681519.0,12533180.0,13656189.0,0.6514872353811315,0.7256130746920751,0.7999126945423285,0.7596852762401743,92.73417749600566,73.70903336741449,0.7216928612509781,0.8383526208345868,0.843146192626582,0.8336132470681809
unet,resnet18,dem+rgb,af1,6362496.0,6031972.0,570.0,651.0,4596407.0,1435565.0,1766089.0,92865235.0,0.2395904364179666,0.2955526729291819,0.3987700261572462,0.293678517051474,102.40336280832442,89.61330289926809,0.5894294748399634,0.7416868557811437,0.7620073501667448,0.7224219865914258,1372643.0,23767962.0,432.0,1246.0,517442.0,23250520.0,855201.0,76040133.0,0.0375810424709014,0.0561466515363905,0.0844356492621773,0.1107981284399293,176.16524950582155,163.0887495571253,0.0210144407523923,0.0411638462956639,0.0217705666139991,0.3769676456296357
unet,resnet18,ep-ms+prc-ms+s-ms,Qaf,10183.0,0.0,10.0,0.0,0.0,0.0,10183.0,100653113.0,0.0,0.0,0.0,0.0,,,0.0,0.0,0.0,0.0,10275.0,0.0,6.0,0.0,0.0,0.0,10275.0,100653021.0,0.0,0.0,0.0,0.0,,,0.0,0.0,0.0,0.0
unet,resnet18,ep-ms+prc-ms+s-ms,Qal,8361713.0,8483970.0,947.0,1130.0,6839216.0,1644754.0,1522497.0,90656829.0,0.3951948055069322,0.4701760858510967,0.5220841461879947,0.49125263968459,89.79007409254525,76.62841388621347,0.683479593746724,0.8119844116738989,0.8061339207941565,0.8179204428566252,9921617.0,12954694.0,842.0,1350.0,8423946.0,4530748.0,1497671.0,86210931.0,0.3187547174397858,0.3812706572221962,0.4006753479391106,0.4192339045758726,116.99035643828296,100.17643561380794,0.5828766433729012,0.7364776602311448,0.650262059451192,0.8490497063129931
unet,resnet18,ep-ms+prc-ms+s-ms,Qat,388848.0,280956.0,61.0,146.0,115412.0,165544.0,273436.0,100108904.0,0.0475783235939032,0.067719540759899,0.123956986895856,0.0571972195378686,113.25634775663676,104.5119413074694,0.2081776071804787,0.3446142453613295,0.4107831831318783,0.2968049212031436,1101870.0,406125.0,77.0,216.0,42725.0,363400.0,1059145.0,99198026.0,0.008635630513424,0.0137352960074021,0.0711827152515299,0.0090924751281005,172.41313380579794,162.15001260080646,0.0291584486135661,0.0566646441135414,0.1052016004924592,0.0387749916051802
unet,resnet18,ep-ms+prc-ms+s-ms,Qc,16237424.0,15970453.0,748.0,824.0,14763375.0,1207078.0,1474049.0,83218794.0,0.5979824971600997,0.6649533026258063,0.7307251800407182,0.6615160280201388,65.03594834235922,47.17108349121765,0.8463053287505714,0.9167555502028276,0.924418048755411,0.909219036221509,9341265.0,11023917.0,453.0,654.0,8414421.0,2609496.0,926844.0,88712535.0,0.3927921054835149,0.4627338338743996,0.4573487888356704,0.5300623581691591,92.71241002991086,69.34078823736195,0.7040908106186711,0.826353626498403,0.7632877678596456,0.900779605331826
unet,resnet18,ep-ms+prc-ms+s-ms,Qca,7202703.0,7390629.0,431.0,523.0,5262320.0,2128309.0,1940383.0,91332284.0,0.3544308956390024,0.4320076429962996,0.4966338389313087,0.4608182074214678,102.01023188716036,84.08444974355035,0.5639602649744744,0.7211951321329495,0.7120259994108756,0.7306034970482609,3590038.0,4460529.0,248.0,448.0,2018508.0,2442021.0,1571530.0,94631237.0,0.1747737634357781,0.2297333927727535,0.2877387273438138,0.2429212713448157,129.24247188731837,110.91740561964174,0.3346300160525618,0.5014573507679645,0.4525265949397482,0.562252544402037
unet,resnet18,ep-ms+prc-ms+s-ms,Qr,62099929.0,63381474.0,1433.0,1500.0,58424744.0,4956730.0,3675185.0,33606637.0,0.7706226042911077,0.820947876373182,0.8486331170276644,0.8364606039032219,67.51047210489382,45.95707398427319,0.8712743055093156,0.9312096072116758,0.9217952867426212,0.9408182093090638,75325588.0,70706486.0,1511.0,1536.0,67292966.0,3413520.0,8032622.0,21924188.0,0.7984429743286986,0.8591626581458058,0.9134471292184876,0.8482512336976527,75.53307727139017,53.034485977111,0.8546320590779363,0.9216189862509244,0.951722675059824,0.8933613103690607
unet,resnet18,ep-ms+prc-ms+s-ms,af1,6362496.0,5155814.0,570.0,678.0,4194833.0,960981.0,2167663.0,93339819.0,0.2372954751828211,0.2900881670122391,0.4237743904305811,0.2765674765517268,98.76784924789438,87.23817338594576,0.5727925410293498,0.7283764718956166,0.8136121667693986,0.6593061905264852,1372643.0,1111545.0,432.0,670.0,696469.0,415076.0,676174.0,98875577.0,0.159945984738863,0.2152494318164777,0.331569606988203,0.2023030780022172,101.70227497994738,88.80932386304767,0.3895852759857673,0.5607216523065082,0.6265774215168977,0.5073926723845894
unet,resnet18,ep-ms+prc-ms,Qaf,10183.0,0.0,10.0,0.0,0.0,0.0,10183.0,100653113.0,0.0,0.0,0.0,0.0,,,0.0,0.0,0.0,0.0,10275.0,0.0,6.0,0.0,0.0,0.0,10275.0,100653021.0,0.0,0.0,0.0,0.0,,,0.0,0.0,0.0,0.0
unet,resnet18,ep-ms+prc-ms,Qal,8361713.0,7496393.0,947.0,1059.0,6446556.0,1049837.0,1915157.0,91251746.0,0.3644288637603156,0.4368012339721875,0.5607154878146718,0.4168403319724132,93.3204936522704,81.78237256436394,0.6849622007002035,0.8130297527333971,0.8599543807268376,0.7709611654932428,9921617.0,10517636.0,842.0,1287.0,7768281.0,2749355.0,2153336.0,87992324.0,0.31876321305288,0.3824602291208498,0.4428059576718435,0.3845776051695828,111.35091988601496,94.53251698954188,0.6130769604731192,0.7601335528260255,0.7385957262639627,0.7829652162545682
unet,resnet18,ep-ms+prc-ms,Qat,388848.0,258753.0,61.0,102.0,93311.0,165442.0,295537.0,100109006.0,0.0501235619241085,0.0704667995898769,0.1217163552458469,0.0632757470638562,126.2571967153838,118.6518227259318,0.1683432860055205,0.288174354270608,0.3606180411434843,0.2399678023289305,1101870.0,383139.0,77.0,183.0,79954.0,303185.0,1021916.0,99258241.0,0.0162334174413669,0.0258202820963899,0.0945864593956893,0.0169904659183703,153.49153216131802,143.84065641205888,0.056904533986214,0.1076815022669896,0.2086814445932155,0.0725620989771933
unet,resnet18,ep-ms+prc-ms,Qc,16237424.0,16265286.0,748.0,828.0,14620718.0,1644568.0,1616706.0,82781304.0,0.5692184302913136,0.6397757458489798,0.6907476056216425,0.6485671506847748,69.317195101294,50.01750370118185,0.8176224438530114,0.8996614743816747,0.8988909263569052,0.9004333445994882,9341265.0,9742929.0,453.0,627.0,7707116.0,2035813.0,1634149.0,89286218.0,0.3796707479877258,0.4571331930901663,0.4831568650079701,0.4772527821124836,88.54671924408169,68.33714493932246,0.6774249064654386,0.8076962537689567,0.7910471276142934,0.825061273821051
unet,resnet18,ep-ms+prc-ms,Qca,7202703.0,5766213.0,431.0,457.0,4408830.0,1357383.0,2793873.0,92103210.0,0.3184226483996729,0.3997822522828166,0.5213446520877789,0.3989540610563305,105.39122937246152,90.639157407046,0.5150450591267424,0.6799072489944418,0.764597145474855,0.6121077045659109,3590038.0,2813995.0,248.0,348.0,1528142.0,1285853.0,2061896.0,95787405.0,0.1713079253492732,0.2310244529002071,0.3497870095250525,0.2320487390228506,125.06596869574652,108.06663304222954,0.3134077443486739,0.4772436369394099,0.5430507161526584,0.4256617896523658
unet,resnet18,ep-ms+prc-ms,Qr,62099929.0,65259070.0,1433.0,1535.0,59086837.0,6172233.0,3013092.0,32391134.0,0.7562666609146541,0.8085959820124793,0.8108832268664847,0.8452163357607787,80.52780912226925,49.352279236078765,0.8654601710137728,0.9278784768086942,0.9054195378512137,0.9514799445261846,75325588.0,75539075.0,1511.0,1536.0,70064397.0,5474678.0,5261191.0,19863030.0,0.8154200324860691,0.8718135268678301,0.883675657160893,0.8950723339647387,73.79508331893375,48.761559328916135,0.8671307715744401,0.9288377491023196,0.9275252179087444,0.9301540002581858
unet,resnet18,ep-ms+prc-ms,af1,6362496.0,5617581.0,570.0,795.0,4345771.0,1271810.0,2016725.0,93028990.0,0.2308666777126953,0.2875076671903894,0.3843076406132957,0.2867895770278622,102.9173611327704,90.16147456767588,0.5692424432554839,0.7254996775062464,0.7736018403650966,0.6830292702738044,1372643.0,1666522.0,432.0,854.0,811090.0,855432.0,561553.0,98435221.0,0.1470507296935262,0.1977242936312733,0.2447233963381883,0.2145126342166302,111.71449753717722,96.4208592739202,0.3640317314273532,0.5337584501006033,0.4866962452340863,0.5908965404697362
unet,resnet18,ep-ms+s-ms+sds-ms,Qaf,10183.0,0.0,10.0,0.0,0.0,0.0,10183.0,100653113.0,0.0,0.0,0.0,0.0,,,0.0,0.0,0.0,0.0,10275.0,0.0,6.0,0.0,0.0,0.0,10275.0,100653021.0,0.0,0.0,0.0,0.0,,,0.0,0.0,0.0,0.0
unet,resnet18,ep-ms+s-ms+sds-ms,Qal,8361713.0,7458781.0,947.0,1094.0,6432142.0,1026639.0,1929571.0,91274944.0,0.3969212849368567,0.4713673987645125,0.5601239067695427,0.4653283165900231,93.51709856758876,79.31227398266454,0.6851193904957974,0.8131404746274041,0.8623583397876945,0.7692373560297991,9921617.0,10194949.0,842.0,1279.0,7530274.0,2664675.0,2391343.0,88077004.0,0.3115923797887452,0.3732264136878994,0.4411788502453248,0.3738887281393691,116.77610723416608,99.9382082406142,0.5982916970303883,0.7486639618312588,0.7386279225133936,0.7589764853853963
unet,resnet18,ep-ms+s-ms+sds-ms,Qat,388848.0,172728.0,61.0,75.0,74762.0,97966.0,314086.0,100176482.0,0.0510330828360013,0.0713098215098491,0.1282875151765123,0.0601343847845901,132.4008608193233,124.25814556253368,0.1535740549778765,0.2662578172856389,0.4328308091334352,0.1922653581862321,1101870.0,178949.0,77.0,88.0,39182.0,139767.0,1062688.0,99421659.0,0.0125859064685167,0.0205941585873541,0.1134992083671557,0.0156217195335022,183.8737011613517,175.35512569032866,0.0315567271271716,0.0611827276141281,0.2189562389284097,0.0355595487670959
unet,resnet18,ep-ms+s-ms+sds-ms,Qc,16237424.0,16193350.0,748.0,840.0,14898267.0,1295083.0,1339157.0,83130789.0,0.6095597587241394,0.6757335134036624,0.7240589047904722,0.6814580609813315,63.72664193037144,46.32552806228151,0.8497510937825378,0.9187734464801858,0.9200237751916682,0.91752651159445,9341265.0,11345986.0,453.0,668.0,8526389.0,2819597.0,814876.0,88502434.0,0.3984815736832011,0.4696273754005044,0.4536333984049485,0.5450193458662748,90.67909647317212,69.3521509304175,0.7011336038514375,0.824313389923098,0.7514894694916775,0.912765990473453
unet,resnet18,ep-ms+s-ms+sds-ms,Qca,7202703.0,6679611.0,431.0,493.0,4814803.0,1864808.0,2387900.0,91595785.0,0.3366378506481838,0.4113350395892676,0.4936508711298006,0.4259812268730443,104.79693791544116,87.63598679465217,0.5309949996200721,0.693660005097133,0.7208208681613345,0.6684716834777167,3590038.0,3394878.0,248.0,371.0,1630463.0,1764415.0,1959575.0,95308843.0,0.1636580273145591,0.2199259723559225,0.3210710506228497,0.2239275742674726,130.1756243509789,115.09605554467468,0.3045059878198576,0.4668525720280673,0.4802714559993025,0.4541631592757514
unet,resnet18,ep-ms+s-ms+sds-ms,Qr,62099929.0,65502092.0,1433.0,1526.0,59151725.0,6350367.0,2948204.0,32213000.0,0.7637230016781742,0.8132776527897495,0.825085063187243,0.8450016753425754,78.04851978018297,48.66379037041571,0.8641558686612546,0.927128340702378,0.9030509285108024,0.9525248410509456,75325588.0,74547210.0,1511.0,1536.0,69666243.0,4880967.0,5659345.0,20456741.0,0.8147509661529284,0.8709092682220216,0.8945481272514826,0.8839396842510041,74.42027313120708,50.36808168548846,0.8685854042727555,0.9296716139242291,0.9345251552673802,0.9248682267173276
unet,resnet18,ep-ms+s-ms+sds-ms,af1,6362496.0,4656734.0,570.0,707.0,3809732.0,847002.0,2552764.0,93453798.0,0.212008047962016,0.2643572234138152,0.3963116886230979,0.2492377196829754,104.69721881955662,92.16358208284612,0.528432354097331,0.6914697306436112,0.8181124367421458,0.598779472710081,1372643.0,1001324.0,432.0,632.0,633098.0,368226.0,739545.0,98922427.0,0.1417962998749225,0.1923463917994646,0.3297953287144767,0.1755092238980048,100.9214799715714,89.38419443233447,0.3636678003916435,0.5333671445306527,0.63226088658616,0.4612255335145409
unet,resnet18,ep-ms+s-ms,Qaf,10183.0,0.0,10.0,0.0,0.0,0.0,10183.0,100653113.0,0.0,0.0,0.0,0.0,,,0.0,0.0,0.0,0.0,10275.0,0.0,6.0,0.0,0.0,0.0,10275.0,100653021.0,0.0,0.0,0.0,0.0,,,0.0,0.0,0.0,0.0
unet,resnet18,ep-ms+s-ms,Qal,8361713.0,8000706.0,947.0,1029.0,6589639.0,1411067.0,1772074.0,90890516.0,0.377941931241147,0.448163037423421,0.5414352333878171,0.4495570938761061,92.85935738025344,78.59713464332562,0.6742850038576536,0.8054602439895959,0.8236321894592802,0.7880728506228329,9921617.0,13218820.0,842.0,1266.0,8456239.0,4762581.0,1465378.0,85979098.0,0.3271740493003435,0.3895459843781102,0.4103908302942216,0.4291198153728655,115.03688038552995,97.34834888468474,0.5758733980568772,0.7308625156906069,0.6397120923047594,0.8523045185074167
unet,resnet18,ep-ms+s-ms,Qat,388848.0,466981.0,61.0,158.0,153784.0,313197.0,235064.0,99961251.0,0.0599115367627902,0.0817060671923016,0.1236986548666443,0.0828746511941842,127.79593641107732,119.28892256996848,0.2190514853036486,0.3593802032882737,0.3293153254629203,0.3954861539727605,1101870.0,811493.0,77.0,263.0,158980.0,652513.0,942890.0,98908913.0,0.0249011055469622,0.0376182541461599,0.078132648242875,0.032393666138124,149.6984182993571,139.23221506391252,0.0906187531456928,0.1661786080320357,0.1959105007683368,0.1442819933385971
unet,resnet18,ep-ms+s-ms,Qc,16237424.0,16638906.0,748.0,800.0,15033312.0,1605594.0,1204112.0,82820278.0,0.6082172991627539,0.6743043166984405,0.7188307262657743,0.6943153741689111,62.665553489647344,47.08458449864118,0.8425319079989719,0.9145371153045369,0.9035036317892534,0.9258434096442884,9341265.0,11764056.0,453.0,637.0,8458367.0,3305689.0,882898.0,88016342.0,0.3758459346258012,0.446314639073835,0.4377219884240549,0.5321854663555673,93.0746306771532,72.79735531938185,0.6688066549463214,0.8015388157327719,0.7190009126104125,0.9054841073452043
unet,resnet18,ep-ms+s-ms,Qca,7202703.0,6230093.0,431.0,529.0,4427797.0,1802296.0,2774906.0,91658297.0,0.2987861578770401,0.3726260024107968,0.4771285432828918,0.3697626863009272,112.736369430542,93.7759723002116,0.4917043300060333,0.6592517298706837,0.7107112205227113,0.6147410215303893,3590038.0,3123753.0,248.0,412.0,1372161.0,1751592.0,2217877.0,95321666.0,0.1367968518409811,0.190591588042898,0.3176897582936791,0.180307554448745,130.5186444505196,113.97602851800455,0.256880577651391,0.4087589262162018,0.4392668050258775,0.3822135030325584
unet,resnet18,ep-ms+s-ms,Qr,62099929.0,63139137.0,1433.0,1531.0,57874601.0,5264536.0,4225328.0,33298831.0,0.7418712366096474,0.7937354723594269,0.8332956344009986,0.8055776150068542,84.0526648890448,52.23001978385723,0.8591265587873369,0.9242260078815984,0.9166200830397792,0.931959213673175,75325588.0,70184813.0,1511.0,1536.0,66597136.0,3587677.0,8728452.0,21750031.0,0.784126907439107,0.8471955664629908,0.9100863334648844,0.8343965133952528,75.3994148489184,50.918124842296606,0.8439282799919633,0.9153591158064364,0.9488824313031936,0.8841236791938485
unet,resnet18,ep-ms+s-ms,af1,6362496.0,6187473.0,570.0,690.0,4569946.0,1617527.0,1792550.0,92683273.0,0.2435089525113451,0.2957951446165843,0.4171610795631167,0.2969393856417516,97.81723703434264,85.81974046474448,0.5726732867812536,0.7282800459507112,0.7385803542092224,0.7182630841732552,1372643.0,1560361.0,432.0,654.0,778748.0,781613.0,593895.0,98509040.0,0.1719044786674203,0.2298867194027277,0.3118406087457616,0.2367797883816011,101.43727832544046,87.82482506212641,0.3614927845158607,0.5310241649857962,0.4990819432169863,0.5673346966399858
unet,resnet18,prc-ms+s-ms,Qaf,10183.0,0.0,10.0,0.0,0.0,0.0,10183.0,100653113.0,0.0,0.0,0.0,0.0,,,0.0,0.0,0.0,0.0,10275.0,0.0,6.0,0.0,0.0,0.0,10275.0,100653021.0,0.0,0.0,0.0,0.0,,,0.0,0.0,0.0,0.0
unet,resnet18,prc-ms+s-ms,Qal,8361713.0,7513311.0,947.0,1064.0,6385269.0,1128042.0,1976444.0,91173541.0,0.3793661078647809,0.4536636742383391,0.5255900576631776,0.4671000569088777,99.1186076011038,84.63372999824198,0.6728592044789354,0.8044421224182087,0.8498608669333667,0.7636316864738123,9921617.0,9425965.0,842.0,1295.0,6709151.0,2716814.0,3212466.0,88024865.0,0.283365204458014,0.3436034511487701,0.4162409300400121,0.3462582511011753,120.22856761118408,104.6637129303756,0.5308531573262536,0.6935389652309006,0.7117733834148546,0.6762154797952793
unet,resnet18,prc-ms+s-ms,Qat,388848.0,203574.0,61.0,100.0,81314.0,122260.0,307534.0,100152188.0,0.0577254005521535,0.085862406797707,0.1973660107254982,0.0644897561483085,99.67955780029295,90.17483880784776,0.1590935770913388,0.2745137756531661,0.3994321475237505,0.2091151298193638,1101870.0,135931.0,77.0,104.0,24491.0,111440.0,1077379.0,99449986.0,0.0083739305610967,0.0141802549332151,0.0930793870738737,0.0086320158894801,160.2781550089518,148.57582489649454,0.0201852782883187,0.0395717890032404,0.1801722932958633,0.022226759962609
unet,resnet18,prc-ms+s-ms,Qc,16237424.0,16839100.0,748.0,856.0,15086506.0,1752594.0,1150918.0,82673278.0,0.5936031740197557,0.6630401687113571,0.6920241710311492,0.683743790460022,67.91624842582084,50.50376707569605,0.8386042748817706,0.9122183455552948,0.8959211596819308,0.9291194218984488,9341265.0,12517098.0,453.0,683.0,8756535.0,3760563.0,584730.0,87561468.0,0.3821452960404459,0.4539202084131322,0.4228268402691546,0.5618493276158196,94.715998845441,73.99382339098624,0.6683445241381585,0.8012068424337174,0.6995659057714496,0.937403552944917
unet,resnet18,prc-ms+s-ms,Qca,7202703.0,6445220.0,431.0,510.0,4845969.0,1599251.0,2356734.0,91861342.0,0.3481301523859355,0.4282456864750238,0.5291744143794755,0.4353002077316312,101.81603533759407,86.50828062879796,0.5505560469868395,0.7101401436687472,0.751870223204173,0.6727986701659086,3590038.0,3421277.0,248.0,401.0,1707686.0,1713591.0,1882352.0,95359667.0,0.1738647234298573,0.2362233785118628,0.3455920824890992,0.2368869621890989,127.03449924921586,108.38805055618286,0.3219844374483961,0.4871228863629718,0.4991370181367951,0.4756735165477357
unet,resnet18,prc-ms+s-ms,Qr,62099929.0,64209850.0,1433.0,1534.0,58694684.0,5515166.0,3405245.0,33048201.0,0.761206245071591,0.8131764987751702,0.832914090105909,0.832396832969121,86.820140053988,50.260037287747366,0.8680707170492032,0.9293767191216444,0.9141071658008856,0.9451650741822908,75325588.0,73913368.0,1511.0,1536.0,68424209.0,5489159.0,6901379.0,19848549.0,0.7960565433968441,0.858178462893496,0.8938329599963785,0.8666512806250163,77.91914452944742,53.815334736078015,0.8466797402706712,0.91697517637419,0.925735233713068,0.9083793544366358
unet,resnet18,prc-ms+s-ms,af1,6362496.0,5452241.0,570.0,661.0,4317593.0,1134648.0,2044903.0,93166152.0,0.2236763035693946,0.2745675414670739,0.3749759371072213,0.2738006413703572,109.90402671074158,96.7846515849744,0.5758983687654926,0.7308826256564154,0.7918932783785603,0.6786005052105337,1372643.0,1249657.0,432.0,599.0,637261.0,612396.0,735382.0,98678257.0,0.1259816928839632,0.1709428618107857,0.2657466578915466,0.1760223948437733,113.46160194509868,100.53161785981364,0.3210319797243278,0.4860321092170995,0.5099487299314932,0.4642583687091254
