MacroPrecision,MacroRecall,MacroF1,mAP,HammingLoss,SubsetAccuracy
0.5861754689710507,0.5351123751609304,0.5561174902868021,0.6418445777812528,0.13448660714285715,0.33984375
