patch_id,af1,Qal,Qaf,Qat,Qc,Qca,Qr
hv_256_50_1,0.0,0.08718046,0.0,0.0,0.39550337,0.40108255,0.11623362
hv_256_50_2,0.0,0.13167715,0.0,0.0,0.34428534,0.36378855,0.16024897
hv_256_50_3,0.0,0.14323534,0.0,0.0,0.49955952,0.20604077,0.15116435
hv_256_50_4,0.0,0.040810626,0.0,0.0,0.5951171,0.14984302,0.21422924
hv_256_50_5,0.0,0.0010463282,0.0,0.0,0.5902015,0.10154475,0.30720744
hv_256_50_6,0.0,0.005721878,0.0,0.0,0.4538975,0.39426523,0.14611536
hv_256_50_7,0.0,0.093950085,0.0,0.0,0.41088447,0.49516544,0.0
hv_256_50_8,0.0,0.1770389,0.0,0.0,0.5217994,0.30116174,0.0
hv_256_50_9,0.0,0.08881068,0.0,0.0,0.3827814,0.48106867,0.047339294
hv_256_50_10,0.0,0.0,0.0,0.0,0.43292767,0.38526663,0.18180569
hv_256_50_11,0.0,0.0,0.0,0.0,0.73382366,0.06948386,0.19669251
hv_256_50_12,0.0,0.0,0.0,0.0,0.8517502,0.08100982,0.06723999
hv_256_50_13,0.0,0.0,0.0,0.0,0.8147494,0.05971628,0.12553428
hv_256_50_14,0.0,0.0,0.0,0.0,0.82006973,0.004517612,0.17541265
hv_256_50_15,0.0,0.0,0.0,0.0,0.70561355,0.2394703,0.05491612
hv_256_50_16,0.0,0.0,0.0,0.0,0.5777459,0.42223024,2.3860392e-05
hv_256_50_17,0.0,0.0,0.0,0.0,0.6397893,0.36021075,0.0
hv_256_50_18,0.0,0.0,0.0,0.0,0.63538444,0.21357816,0.15103742
hv_256_50_19,0.0,0.0,0.0,0.0,0.5870679,0.07666458,0.33626753
hv_256_50_20,0.0,0.0,0.0,0.0,0.43543425,0.18949598,0.37506977
hv_256_50_21,0.0,0.0,0.0,0.0,0.4688952,0.27683148,0.25427333
hv_256_50_22,0.0,0.0,0.0,0.0,0.7585383,0.13423514,0.107226536
hv_256_50_23,0.0,0.023448568,0.0,0.0,0.4677623,0.09648465,0.4123045
hv_256_50_24,0.0,0.08996602,0.0,0.0,0.021435207,0.08560464,0.80299413
hv_256_50_25,0.0,0.26197892,0.0,0.0,0.0,0.0,0.7380211
hv_256_50_26,0.0,0.29498202,0.0,0.0,0.0,0.0,0.705018
hv_256_50_27,0.0,0.1460005,0.0,0.0,0.0,0.0,0.8539995
hv_256_50_28,0.0,0.04726667,0.0,0.0,0.0,0.0,0.95273334
hv_256_50_29,0.0,0.00078668824,0.0,0.0,0.0,0.0,0.99921334
hv_256_50_30,0.0,0.0,0.0,0.0,0.0,0.0,1.0
hv_256_50_31,0.0,0.0,0.0,0.0,0.0,0.0,1.0
hv_256_50_32,0.0002422102,0.0,0.0,0.0,0.0,0.0,0.99975777
hv_256_50_33,0.00064566603,0.0,0.0,0.0,0.0,0.0,0.99935436
hv_256_50_34,0.015181465,0.0026710313,0.0,0.0,0.0,0.0,0.9821475
hv_256_50_35,0.03775769,0.115713075,0.0,0.0,0.0,0.0,0.84652925
hv_256_50_36,0.022979682,0.19977945,0.0,0.0,0.0,0.0,0.7772409
hv_256_50_37,0.01874501,0.14571601,0.0,0.0,0.0,0.0,0.835539
hv_256_50_38,0.07140609,0.058978595,0.0,0.0,0.0,0.0,0.8696153
hv_256_50_39,0.081672974,0.0,0.0,0.0,0.0,0.0,0.918327
hv_256_50_40,0.07421631,0.00689597,0.0,0.0,0.0,0.0,0.9188877
hv_256_50_41,0.045204416,0.4353167,0.0,0.0,0.0,0.0,0.5194789
hv_256_50_42,0.0,0.76909924,0.0,0.0,0.0,0.0,0.2309008
hv_256_50_43,0.0,0.43614876,0.0,0.0,0.0,0.0,0.56385124
hv_256_50_44,0.0,0.09547028,0.0,0.0,0.0,0.0,0.90452975
hv_256_50_45,0.0,0.0029233643,0.0,0.0,0.0,0.0,0.99707663
hv_256_50_46,0.0,0.023946302,0.0,0.0,0.0,0.0,0.9760537
hv_256_50_47,0.0,0.021022938,0.0,0.0,0.0,0.0,0.9789771
hv_256_50_48,0.0,0.0,0.0,0.0,0.0018474286,0.0,0.99815255
hv_256_50_49,0.0,0.0,0.0,0.0,0.06117386,0.0,0.93882614
hv_256_50_50,0.0,0.00063819654,0.0,0.0,0.0776591,0.0,0.9217027
hv_256_50_51,0.0,0.085626535,0.0,0.0,0.018332671,0.0,0.8960408
hv_256_50_52,0.0,0.16967663,0.0,0.0,0.0,0.0,0.8303234
hv_256_50_53,0.0066681886,0.21464115,0.0,0.0,0.0025859324,0.0,0.77610475
hv_256_50_54,0.031074433,0.40365177,0.0,0.0,0.031375274,0.07247805,0.46142048
hv_256_50_55,0.043021042,0.5145802,0.0,0.0,0.028789343,0.24702054,0.1665889
hv_256_50_56,0.053860575,0.43620422,0.0,0.0,0.11314697,0.25489908,0.14188914
hv_256_50_57,0.035245776,0.39602044,0.0,0.0,0.29967487,0.12508267,0.14397626
hv_256_50_58,0.0,0.212252,0.0,0.0,0.4385171,0.18775009,0.16148081
hv_256_50_59,0.0,0.0115545215,0.0,0.0,0.46580088,0.23031557,0.29232904
hv_256_50_60,0.0,0.0,0.0,0.0,0.39217937,0.14774358,0.46007708
hv_256_50_61,0.0,0.07904838,0.0,0.0,0.33535546,0.07371684,0.5118793
hv_256_50_62,0.0,0.097161144,0.0,0.0,0.24738209,0.09404206,0.5614147
hv_256_50_63,0.0,0.101730034,0.012202306,0.0,0.29730403,0.10689469,0.48186892
hv_256_50_64,0.0,0.1479229,0.028832091,0.0,0.3246084,0.15891163,0.339725
hv_256_50_65,0.0,0.11427992,0.016629785,0.0,0.23650973,0.2258293,0.40675128
hv_256_50_66,0.0,0.13121489,0.0,0.0,0.1763385,0.09308957,0.599357
hv_256_50_67,0.0,0.10322722,0.0,0.0,0.057527397,5.4469165e-05,0.8391909
hv_256_50_68,0.0,0.027061379,0.0,0.0,0.0,0.0,0.9729386
hv_256_50_69,0.0,0.07525088,0.0,0.0,0.012007651,0.0,0.9127415
hv_256_50_70,0.0,0.033688605,0.0,0.0,0.5979282,0.36838317,0.0
hv_256_50_71,0.0,0.1437866,0.0,0.0,0.26972273,0.58649063,0.0
hv_256_50_72,0.0,0.17622402,0.0,0.0,0.17285235,0.6509236,0.0
hv_256_50_73,0.0,0.059619367,0.0,0.0,0.26719415,0.61560905,0.05757742
hv_256_50_74,0.0,0.011607023,0.0,0.0,0.4879607,0.42921382,0.07121843
hv_256_50_75,0.0,0.0109273605,0.0,0.0,0.5974939,0.37793776,0.013641014
hv_256_50_76,0.0,0.03141632,0.0,0.0,0.4567824,0.5118013,0.0
hv_256_50_77,0.0,0.11231071,0.0,0.0,0.35295004,0.53473926,0.0
hv_256_50_78,0.0,0.09182175,0.0,0.0,0.23747577,0.6663901,0.0043123686
hv_256_50_79,0.0,0.0,0.0,0.0,0.27848408,0.68185014,0.039665803
hv_256_50_80,0.0,0.0,0.0,0.0,0.5195457,0.28925273,0.1912016
hv_256_50_81,0.0,0.0,0.0,0.0,0.719655,0.09928023,0.1810648
hv_256_50_82,0.0,0.0,0.0,0.0,0.8168803,0.07337711,0.10974262
hv_256_50_83,0.0,0.0,0.0,0.0,0.8163415,0.0006333301,0.18302517
hv_256_50_84,0.0,0.0,0.0,0.0,0.82908756,0.07238943,0.098523036
hv_256_50_85,0.0,0.0,0.0,0.0,0.72449785,0.2754783,2.3860392e-05
hv_256_50_86,0.0,0.0,0.0,0.0,0.65519315,0.34480682,0.0
hv_256_50_87,0.0,0.0,0.0,0.0,0.8062753,0.1874541,0.0062706205
hv_256_50_88,0.0,0.0,0.0,0.0,0.7435539,0.10281351,0.15363261
hv_256_50_89,0.0,0.0,0.0,0.0,0.41652146,0.05644403,0.5270345
hv_256_50_90,0.0,0.0,0.0,0.0,0.33054695,0.0,0.6694531
hv_256_50_91,0.0,0.0,0.0,0.0,0.6171709,0.008655005,0.37417412
hv_256_50_92,0.0,0.030533522,0.0,0.0,0.47959962,0.0996294,0.39023745
hv_256_50_93,0.0,0.11020646,0.0,0.0,0.07264823,0.0909744,0.7261709
hv_256_50_94,0.0,0.18724814,0.0,0.0,0.0,0.0,0.8127519
hv_256_50_95,0.0,0.20673959,0.0,0.0,0.0,0.0,0.7932604
hv_256_50_96,0.0,0.21985684,0.0,0.0,0.0,0.0,0.78014314
hv_256_50_97,0.0,0.19276366,0.0,0.0,0.0,0.0,0.8072363
hv_256_50_98,0.0,0.099008046,0.0,0.0,0.0,0.0,0.900992
hv_256_50_99,0.0,0.026936831,0.0,0.0,0.0,0.0,0.9730632
hv_256_50_100,0.0,0.0,0.0,0.0,0.0,0.0,1.0
hv_256_50_101,0.0006901009,0.0,0.0,0.0,0.0,0.0,0.9993099
hv_256_50_102,0.049364846,0.0,0.0,0.0,0.0,0.0,0.95063514
hv_256_50_103,0.0767518,0.0,0.0,0.0,0.0,0.0,0.92324823
hv_256_50_104,0.028077051,0.07501915,0.0,0.0,0.0,0.0,0.8969038
hv_256_50_105,0.0,0.14320795,0.0,0.0,0.0,0.0,0.85679203
hv_256_50_106,0.0,0.12957399,0.0,0.0,0.0,0.0,0.870426
hv_256_50_107,0.04001295,0.061385185,0.0,0.0,0.0,0.0,0.8986019
hv_256_50_108,0.04001295,0.0,0.0,0.0,0.0,0.0,0.95998704
hv_256_50_109,0.030045131,0.0005208586,0.0,0.0,0.0,0.0,0.969434
hv_256_50_110,0.050488845,0.33706984,0.0,0.0,0.0,0.0,0.6124413
hv_256_50_111,0.020443713,0.75195456,0.0,0.0,0.0,0.0,0.22760175
hv_256_50_112,0.0,0.63192415,0.0,0.0,0.0,0.0,0.36807588
hv_256_50_113,0.0,0.26791114,0.0,0.0,0.0,0.0,0.73208886
hv_256_50_114,0.0,0.22925884,0.0,0.0,0.0,0.0,0.77074116
hv_256_50_115,0.0,0.20222957,0.0,0.0,0.0,0.0,0.79777044
hv_256_50_116,0.0,0.024363317,0.0,0.0,0.0,0.0,0.97563666
hv_256_50_117,0.0,0.0,0.0,0.0,0.0,0.0,1.0
hv_256_50_118,0.0,0.0009132525,0.0,0.0,0.0,0.0,0.99908674
hv_256_50_119,0.0,0.021707166,0.0,0.0,0.0,0.0,0.9782928
hv_256_50_120,0.0,0.10850406,0.0,0.0,0.0,0.0,0.89149594
hv_256_50_121,0.0,0.36747134,0.0,0.0,0.0,0.0,0.63252866
hv_256_50_122,5.3409285e-06,0.45769918,0.0,0.0,0.0021861403,0.0,0.54010934
hv_256_50_123,5.3409285e-06,0.3878752,0.0,0.0,0.0040273955,0.0,0.60809207
hv_256_50_124,0.00089116435,0.41563243,0.0,0.0,0.0018412553,0.0,0.5816352
hv_256_50_125,0.031809147,0.36644053,0.0,0.0,0.0,0.0,0.6017503
hv_256_50_126,0.030917984,0.26190007,0.0,0.0,0.06351901,0.021589875,0.62207305
hv_256_50_127,0.0,0.101154715,0.0,0.0,0.25433746,0.026191525,0.6183163
hv_256_50_128,0.0,0.0,0.0,0.0,0.32317463,0.00460165,0.67222375
hv_256_50_129,0.0,0.0,0.0,0.0,0.20090838,0.0,0.79909164
hv_256_50_130,0.0,0.0668189,0.0,0.0,0.08589288,0.0,0.8472882
hv_256_50_131,0.0,0.09657485,0.0,0.0,0.046271704,0.0,0.8571535
hv_256_50_132,0.0,0.030288728,0.007446922,0.0,0.110995,0.0,0.85126936
hv_256_50_133,0.0,0.023610184,0.007446922,0.0,0.14279789,0.002139397,0.8240056
hv_256_50_134,0.0,0.11858951,0.0,0.0,0.07245828,0.023575375,0.78537685
hv_256_50_135,0.0,0.1559874,0.0,0.0,0.011724351,0.021435978,0.8108523
hv_256_50_136,0.0,0.11697598,0.0,0.0,0.0,0.0,0.88302404
hv_256_50_137,0.0,0.056500692,0.0,0.0,0.0,0.0,0.9434993
hv_256_50_138,0.0,0.06472062,0.0,0.0,0.0,0.0,0.93527937
hv_256_50_139,0.0,0.02740485,0.0,0.0,0.73310226,0.14299174,0.09650118
hv_256_50_140,0.0,0.06050075,0.0,0.0,0.31188095,0.5865649,0.041053437
hv_256_50_141,0.0,0.100489266,0.0,0.0,0.058248527,0.8250528,0.01620939
hv_256_50_142,0.0,0.06401848,0.0,0.0,0.1349736,0.76828706,0.03272085
hv_256_50_143,0.0,0.019285334,0.0,0.0,0.40904456,0.5551587,0.016511459
hv_256_50_144,0.0,0.0052054827,0.0,0.0,0.6585795,0.26353577,0.07267921
hv_256_50_145,0.0,0.0052054827,0.0,0.0,0.54477346,0.28420162,0.16581945
hv_256_50_146,0.0,0.043512408,0.0,0.0,0.37674907,0.4865983,0.09314024
hv_256_50_147,0.0,0.043512408,0.0,0.0,0.39804292,0.5496639,0.0087808035
hv_256_50_148,0.0,0.0,0.0,0.0,0.4046865,0.5732497,0.022063805
hv_256_50_149,0.0,0.0,0.0,0.0,0.2653205,0.52319276,0.21148668
hv_256_50_150,0.0,0.0,0.0,0.0,0.47491765,0.3066759,0.21840642
hv_256_50_151,0.0,0.0,0.0,0.0,0.81389236,0.10465013,0.08145751
hv_256_50_152,0.0,0.0,0.0,0.0,0.8196875,0.0,0.18031251
hv_256_50_153,0.0,0.0,0.0,0.0,0.837845,0.0,0.16215493
hv_256_50_154,0.0,0.0,0.0,0.0,0.8557747,0.09426676,0.04995854
hv_256_50_155,0.0,0.0,0.0,0.0,0.80132943,0.11046112,0.08820942
hv_256_50_156,0.0,0.0,0.0,0.0,0.8550289,0.05829266,0.086678386
hv_256_50_157,0.0,0.0,0.0,0.0,0.7075494,0.28462112,0.007829479
hv_256_50_158,0.0,0.0,0.0,0.0,0.55007076,0.25423244,0.19569682
hv_256_50_159,0.0,0.0,0.0,0.0,0.5480076,0.011709609,0.44028276
hv_256_50_160,0.0,0.0,0.0,0.0,0.60851085,0.0,0.39148915
hv_256_50_161,0.0,0.036001764,0.0,0.0,0.57604975,0.086945005,0.30100352
hv_256_50_162,0.0,0.12840454,0.0,0.0,0.22065604,0.20988548,0.44105396
hv_256_50_163,0.0,0.113593005,0.0,0.0,0.00020227775,0.14664546,0.7395593
hv_256_50_164,0.0,0.02119023,0.0,0.0,0.0,0.02370498,0.95510477
hv_256_50_165,0.0,0.10756905,0.0,0.0,0.0,0.0,0.89243096
hv_256_50_166,0.0,0.25944027,0.0,0.0,0.0,0.0,0.7405597
hv_256_50_167,0.0,0.19829279,0.0,0.0,0.0,0.0,0.8017072
hv_256_50_168,0.0,0.046421546,0.0,0.0,0.017981144,0.0,0.9355973
hv_256_50_169,0.0,0.0,0.0,0.0,0.14279532,0.0,0.8572047
hv_256_50_170,0.0010725296,0.0,0.0,0.0,0.12503713,0.0,0.87389034
hv_256_50_171,0.080626644,0.0,0.0,0.0,0.00022294253,0.0,0.9191504
hv_256_50_172,0.09285315,0.0,0.0,0.0,0.0,0.0,0.9071469
hv_256_50_173,0.013299042,0.004090429,0.0,0.0,0.0,0.0,0.9826105
hv_256_50_174,0.0,0.015083571,0.0,0.0,0.0,0.0,0.98491645
hv_256_50_175,0.0,0.022675656,0.0,0.0,0.0,0.0,0.97732437
hv_256_50_176,0.04206398,0.020348141,0.0,0.0,0.0,0.0,0.93758786
hv_256_50_177,0.04206398,0.058521915,0.0,0.0,0.0,0.0,0.89941406
hv_256_50_178,0.0063248184,0.2296401,0.0,0.0,0.0,0.0,0.76403505
hv_256_50_179,0.03539923,0.51395786,0.0,0.0,0.0,0.0,0.45064294
hv_256_50_180,0.052554145,0.62565565,0.0,0.0,0.0,0.0,0.32179022
hv_256_50_181,0.023479734,0.553158,0.0,0.0,0.0,0.0,0.42336226
hv_256_50_182,0.0,0.37554416,0.0,0.0,0.0,0.0,0.6244558
hv_256_50_183,0.0,0.34876218,0.0,0.0,0.0,0.0,0.65123785
hv_256_50_184,0.0,0.23864385,0.0,0.0,0.0,0.0,0.7613561
hv_256_50_185,0.0,0.003749454,0.0,0.0,0.0,0.0,0.99625057
hv_256_50_186,0.0,0.0,0.0,0.0,0.0,0.0,1.0
hv_256_50_187,0.0,0.0073641217,0.0,0.0,0.0,0.0,0.9926359
hv_256_50_188,0.008783141,0.11223998,0.0,0.0,0.0,0.0,0.8789769
hv_256_50_189,0.008783141,0.40140724,0.0,0.0,0.0,0.0,0.5898096
hv_256_50_190,0.0,0.58455575,0.0,0.0,0.0,0.0,0.41544428
hv_256_50_191,0.0,0.34836143,0.0,0.0,0.037291724,0.0,0.6143468
hv_256_50_192,0.0,0.09102287,0.0,0.0,0.15591341,0.0,0.75306374
hv_256_50_193,0.01856003,0.14147556,0.0,0.0,0.14373964,0.0,0.69622475
hv_256_50_194,0.036216013,0.11078981,0.0,0.0,0.025117954,0.0,0.8278762
hv_256_50_195,0.017655984,0.0,0.0,0.0,0.0043121404,0.0,0.9780319
hv_256_50_196,0.0,0.0,0.0,0.0,0.036416665,0.0,0.96358335
hv_256_50_197,0.0,0.0,0.0,0.0,0.14403018,0.0,0.85596985
hv_256_50_198,0.0,0.0,0.0,0.0,0.26574168,0.0,0.73425835
hv_256_50_199,0.0,0.008224989,0.0,0.0,0.1686249,0.0,0.8231501
hv_256_50_200,0.0,0.054264028,0.0,0.0,0.014808869,0.0,0.9309271
hv_256_50_201,0.0,0.046039037,0.0,0.0,0.0,0.0,0.95396096
hv_256_50_202,0.0,0.007222833,0.0,0.0,0.00045859415,0.0,0.9923186
hv_256_50_203,0.0,0.05682724,0.0,0.0,0.00045859415,0.0,0.94271415
hv_256_50_204,0.0,0.04960441,0.0,0.0,0.0,0.0,0.9503956
hv_256_50_205,0.0,0.039905068,0.0,0.0,0.0,0.0,0.9600949
hv_256_50_206,0.0,0.039905068,0.0,0.0,0.0,0.0,0.9600949
hv_256_50_207,0.0,0.004290908,0.0,0.0,0.0,0.0,0.9957091
hv_256_50_208,0.0,0.06288665,0.0,0.0,0.621688,0.10874675,0.2066786
hv_256_50_209,0.0,0.24324924,0.0,0.0,0.28245702,0.4129709,0.06132285
hv_256_50_210,0.0,0.27145025,0.0,0.0,0.16559406,0.5463749,0.016580807
hv_256_50_211,0.0,0.09086379,0.0,0.0,0.45368266,0.39923322,0.056220345
hv_256_50_212,0.0,0.008642614,0.0,0.0,0.6649183,0.28679958,0.03963954
hv_256_50_213,0.0,0.0006884056,0.0,0.0,0.6296142,0.16245596,0.20724146
hv_256_50_214,0.0,0.0,0.0,0.0,0.50547737,0.043470353,0.45105228
hv_256_50_215,0.0,0.012679874,0.0,0.0,0.5886034,0.14640276,0.25231397
hv_256_50_216,0.0,0.012679874,0.0,0.0,0.58095753,0.18555304,0.22080961
hv_256_50_217,0.0,0.0,0.0,0.0,0.618966,0.16106342,0.21997063
hv_256_50_218,0.0,0.0,0.0,0.0,0.42181912,0.52816117,0.050019685
hv_256_50_219,0.0,0.0,0.0,0.0,0.3192742,0.6383703,0.042355515
hv_256_50_220,0.0,0.0,0.0,0.0,0.72822237,0.24943608,0.022341572
hv_256_50_221,0.0,0.0,0.0,0.0,0.87343127,0.028045349,0.09852343
hv_256_50_222,0.0,0.0,0.0,0.0,0.83702946,0.0,0.16297051
hv_256_50_223,0.0,0.0,0.0,0.0,0.6929553,0.0,0.3070447
hv_256_50_224,0.0,0.0,0.0,0.0,0.68175036,0.0,0.3182496
hv_256_50_225,0.0,0.0,0.0,0.0,0.769702,0.039965607,0.19033238
hv_256_50_226,0.0,0.0,0.0,0.0,0.6190179,0.2292965,0.15168558
hv_256_50_227,0.0,0.0,0.0,0.0,0.66534257,0.2719459,0.062711544
hv_256_50_228,0.0,0.0,0.0,0.0,0.8566973,0.08432318,0.058979545
hv_256_50_229,0.0,0.0,0.0,0.0,0.66076577,0.0017081951,0.337526
hv_256_50_230,0.0,0.0054682433,0.0,0.0,0.52349603,0.08020921,0.3908265
hv_256_50_231,0.0,0.018198078,0.0,0.0,0.44730866,0.30844972,0.22604355
hv_256_50_232,0.0,0.025820542,0.0,0.0,0.15665473,0.46625715,0.35126758
hv_256_50_233,0.0,0.013090707,0.0,0.0,0.019152468,0.31589618,0.65186065
hv_256_50_234,0.0,0.051281936,0.0,0.0,0.004399139,0.07787954,0.8664394
hv_256_50_235,0.0,0.13193466,0.0,0.0,0.0,0.0,0.86806536
hv_256_50_236,0.0,0.11030088,0.0,0.0,0.0,0.0,0.8896991
hv_256_50_237,0.0,0.029648162,0.0,0.0,0.038276207,0.0,0.9320756
hv_256_50_238,0.0,0.0,0.0,0.0,0.16370197,0.0,0.83629805
hv_256_50_239,0.00062463887,0.0,0.0,0.0,0.1256487,0.0,0.87372667
hv_256_50_240,0.03190746,0.0,0.0,0.0,0.00022294253,0.0,0.9678696
hv_256_50_241,0.031282824,0.00036382434,0.0,0.0,0.0,0.0,0.96835333
hv_256_50_242,0.0,0.0014233749,0.0,0.0,0.0,0.0,0.99857664
hv_256_50_243,0.0,0.0012531531,0.0,0.0,0.0,0.0,0.9987469
hv_256_50_244,0.0,0.00019360251,0.0,0.0,0.0,0.0,0.9998064
hv_256_50_245,0.046304774,0.008665627,0.0,0.0,0.0,0.0,0.9450296
hv_256_50_246,0.046304774,0.08135428,0.0,0.0,0.0,0.0,0.8723409
hv_256_50_247,0.0,0.44321394,0.0,0.0,0.0,0.0,0.55678606
hv_256_50_248,0.008630696,0.6964798,0.0,0.0,0.0,0.0,0.2948895
hv_256_50_249,0.03621975,0.5152235,0.0,0.0,0.0,0.0,0.44855672
hv_256_50_250,0.045484655,0.37539533,0.0,0.0,0.0,0.0,0.57912004
hv_256_50_251,0.033001453,0.24860151,0.0,0.0,0.0,0.0,0.718397
hv_256_50_252,0.03306061,0.1224267,0.0,0.0,0.0,0.0,0.8445127
hv_256_50_253,0.021448854,0.06036059,0.0,0.0,0.005229836,0.0,0.9129607
hv_256_50_254,0.0050823404,0.00040907582,0.0,0.0,0.04782185,0.0,0.94668674
hv_256_50_255,0.016962158,0.0,0.0,0.0,0.043391928,0.0,0.9396459
hv_256_50_256,0.050517287,0.015244285,0.0,0.0,0.0007999148,0.0,0.93343854
hv_256_50_257,0.05787943,0.31320366,0.0,0.0,0.0,0.0,0.6289169
hv_256_50_258,0.022736056,0.70608515,0.0,0.0,0.0,0.0,0.27117878
hv_256_50_259,0.0,0.5558537,0.0,0.0,0.0,0.0,0.44414625
hv_256_50_260,0.0,0.16638224,0.0,0.0,0.1266112,0.0,0.7070066
hv_256_50_261,0.0,0.01865767,0.0,0.0,0.4017837,0.0,0.5795586
hv_256_50_262,0.037341855,0.08913655,0.0,0.0,0.31918225,0.0,0.55433935
hv_256_50_263,0.0374068,0.08913317,0.0,0.0,0.04400978,0.0,0.82945025
hv_256_50_264,6.49403e-05,0.0,0.0,0.0,0.0,0.0,0.99993503
hv_256_50_265,0.0,0.035250574,0.0,0.0,0.060541503,0.0,0.90420794
hv_256_50_266,0.0,0.03772294,0.0,0.0,0.21363437,0.0,0.7486427
hv_256_50_267,0.0,0.0024723674,0.0,0.0,0.4115619,0.0,0.58596575
hv_256_50_268,0.0,0.0,0.0,0.0,0.35794702,0.0,0.64205295
hv_256_50_269,0.0,0.016566683,0.0,0.0,0.123826854,0.0,0.85960644
hv_256_50_270,0.0,0.021395374,0.0,0.0,0.032615993,0.0,0.94598866
hv_256_50_271,0.0,0.032302216,0.0,0.0,0.052930467,0.0,0.9147673
hv_256_50_272,0.0,0.037290577,0.0,0.0,0.044663332,0.0,0.9180461
hv_256_50_273,0.0,0.009817049,0.0,0.0,0.0,0.0,0.99018294
hv_256_50_274,0.0,0.0015451177,0.0,0.0,0.0,0.0,0.99845487
hv_256_50_275,0.0,0.032293014,0.0,0.0,0.005534008,0.0,0.962173
hv_256_50_276,0.0,0.030773213,0.0,0.0,0.005534008,0.0,0.9636928
hv_256_50_277,0.0,0.096320406,0.0,0.0,0.5198729,0.046549626,0.33725706
hv_256_50_278,0.0,0.24466884,0.0,0.0,0.31714156,0.31421787,0.12397172
hv_256_50_279,0.0,0.31935838,0.0,0.0,0.1812724,0.48521936,0.01414989
hv_256_50_280,0.0,0.2703912,0.0,0.0,0.48733103,0.2187783,0.023499498
hv_256_50_281,0.0,0.1905171,0.0,0.0,0.60382974,0.18252507,0.023128081
hv_256_50_282,0.0,0.084166005,0.0,0.0,0.5239877,0.23228239,0.15956387
hv_256_50_283,0.0,0.013201684,0.0,0.0,0.45911276,0.0730091,0.45467645
hv_256_50_284,0.0,0.0,0.0,0.0,0.47772115,0.027084855,0.495194
hv_256_50_285,0.0,0.0,0.0,0.0,0.47144794,0.005060286,0.52349174
hv_256_50_286,0.0,0.0,0.0,0.0,0.6193113,0.05003002,0.3306587
hv_256_50_287,0.0,0.0,0.0,0.0,0.47636738,0.51638424,0.0072483607
hv_256_50_288,0.0,0.0,0.0,0.0,0.25898585,0.7410141,0.0
hv_256_50_289,0.0,0.0,0.0,0.0,0.59520245,0.38514265,0.019654907
hv_256_50_290,0.0,0.0,0.0,0.0,0.84292555,0.110482745,0.046591684
hv_256_50_291,0.0,0.0,0.0,0.0,0.8627583,0.0017297422,0.13551198
hv_256_50_292,0.0,0.0,0.0,0.0,0.56089365,0.004615373,0.43449095
hv_256_50_293,0.0,0.0,0.0,0.0,0.6484853,0.0028856308,0.34862906
hv_256_50_294,0.0,0.0,0.0,0.0,0.8057512,0.0035918374,0.19065693
hv_256_50_295,0.0,0.0,0.0,0.0,0.704112,0.026622232,0.26926574
hv_256_50_296,0.0,0.043346256,0.0,0.0,0.58469725,0.2615363,0.110420205
hv_256_50_297,0.0,0.043346256,0.0,0.0,0.51468694,0.36679754,0.07516927
hv_256_50_298,0.0,0.0,0.0,0.0,0.5174425,0.19355857,0.28899887
hv_256_50_299,0.0,0.0,0.0,0.0,0.57349384,0.091888174,0.33461803
hv_256_50_300,0.0,0.0,0.0,0.0,0.7158491,0.13770881,0.1464421
hv_256_50_301,0.0,0.0,0.0,0.0,0.5720791,0.3450113,0.082909614
hv_256_50_302,0.0,0.0,0.0,0.0,0.39511195,0.33395216,0.2709359
hv_256_50_303,0.0,0.01792536,0.0,0.0,0.24995087,0.17785107,0.5542727
hv_256_50_304,0.0,0.017991366,0.0,0.0,0.12346676,0.09199476,0.7665471
hv_256_50_305,0.0,0.0102294525,0.0,0.0,0.050709367,0.014172173,0.924889
hv_256_50_306,0.0,0.010163446,0.0,0.0,0.020295065,0.0,0.9695415
hv_256_50_307,0.0,0.0,0.0,0.0,0.020906642,0.0,0.9790934
hv_256_50_308,0.0,0.0,0.0,0.0,0.00061157724,0.0,0.9993884
hv_256_50_309,0.0,0.0061480496,0.0,0.0,0.0,0.009850538,0.9840014
hv_256_50_310,0.0,0.03768559,0.0,0.0,0.0,0.045015536,0.91729885
hv_256_50_311,0.0,0.106318094,0.0,0.0,0.0,0.035164997,0.85851693
hv_256_50_312,0.0,0.16747487,0.0,0.0,0.0,0.0,0.83252513
hv_256_50_313,0.0,0.17945056,0.0,0.0,0.0,0.0,0.8205494
hv_256_50_314,0.04904002,0.16247615,0.0,0.0,0.0,0.0,0.78848386
hv_256_50_315,0.050183274,0.14465317,0.0,0.0,0.0,0.0,0.80516356
hv_256_50_316,0.0011432552,0.3317402,0.0,0.0,0.0,0.0,0.6671166
hv_256_50_317,0.0,0.6228469,0.0,0.0,0.0,0.0,0.37715307
hv_256_50_318,0.0041093207,0.6438637,0.0,0.0,0.0,0.0,0.35202703
hv_256_50_319,0.022004921,0.5407057,0.0,0.0,0.0,0.0,0.43728942
hv_256_50_320,0.033001453,0.29759255,0.0,0.0,0.0,0.0,0.669406
hv_256_50_321,0.03306061,0.040710516,0.0,0.0,0.0,0.0,0.9262289
hv_256_50_322,0.021448854,0.027041886,0.0,0.0,0.00523434,0.0,0.94627494
hv_256_50_323,0.01917109,0.04384309,0.0,0.0,0.048117727,0.0,0.8888681
hv_256_50_324,0.03381793,0.024800131,0.0,0.0,0.0436833,0.0,0.89769864
hv_256_50_325,0.073230185,0.16036887,0.0,0.0,0.0007999148,0.0,0.76560104
hv_256_50_326,0.088827424,0.47203243,0.0,0.0,0.0,0.0,0.43914014
hv_256_50_327,0.055478398,0.5300051,0.0,0.0,0.0,0.0,0.41451648
hv_256_50_328,0.043868676,0.32191145,0.0,0.0,0.0,0.0,0.6342199
hv_256_50_329,0.022375127,0.1302231,0.0,0.0,0.10331647,0.0,0.7440853
hv_256_50_330,0.01549695,0.018654292,0.0,0.0,0.41053355,0.0,0.55531526
hv_256_50_331,0.038561758,0.0,0.0,0.0,0.32610887,0.0,0.63532937
hv_256_50_332,0.023311477,0.0,0.0,0.0,0.018891826,0.0,0.9577967
hv_256_50_333,0.0,0.0,0.0,0.0,0.0027305915,0.0,0.9972694
hv_256_50_334,0.0,0.060710616,0.0,0.0,0.07926577,0.0,0.8600236
hv_256_50_335,0.0,0.07652415,0.0,0.0,0.25602213,0.0,0.6674537
hv_256_50_336,0.0,0.015813539,0.0,0.0,0.4549019,0.0,0.52928454
hv_256_50_337,0.0,0.0,0.0,0.0,0.3985743,0.0,0.6014257
hv_256_50_338,0.0,0.008407114,0.0,0.0,0.16796051,0.0,0.82363236
hv_256_50_339,0.0,0.054255623,0.0,0.0,0.11190596,0.0,0.8338384
hv_256_50_340,0.0,0.07568572,0.0,0.0,0.11482556,0.0,0.8094887
hv_256_50_341,0.0,0.035587683,0.0,0.0,0.04772074,0.0,0.9166916
hv_256_50_342,0.0,0.029689962,0.0,0.0,0.0,0.0,0.97031003
hv_256_50_343,0.0,0.054044288,0.0,0.0,0.009282042,0.0,0.9366737
hv_256_50_344,0.0,0.09379692,0.0,0.0,0.09653825,0.0,0.80966485
hv_256_50_345,0.0,0.06845056,0.0,0.0,0.08880602,0.0,0.8427434
hv_256_50_346,0.0,0.038326517,0.0,0.0,0.5684034,0.017654562,0.3756155
hv_256_50_347,0.0,0.032432158,0.0,0.0,0.6315916,0.22441229,0.11156392
hv_256_50_348,0.0,0.14796315,0.0,0.0,0.43117943,0.40044567,0.020411775
hv_256_50_349,0.0,0.2565241,0.0,0.0,0.549788,0.19368792,0.0
hv_256_50_350,0.0,0.19303378,0.0,0.0,0.555807,0.25115922,0.0
hv_256_50_351,0.0,0.13341889,0.0,0.0,0.33617195,0.5054076,0.025001619
hv_256_50_352,0.0,0.064438514,0.0,0.0,0.31342867,0.4526892,0.16944362
hv_256_50_353,0.0,0.008029836,0.0,0.0,0.31766343,0.19945629,0.47485045
hv_256_50_354,0.0,0.0035292006,0.0,0.0,0.45274258,0.0010154321,0.5427128
hv_256_50_355,0.0,0.0,0.0,0.0,0.7012676,0.07654403,0.2221884
hv_256_50_356,0.0,0.0,0.0,0.0,0.47232968,0.51778626,0.009884049
hv_256_50_357,0.0,0.0,0.0,0.0,0.23826464,0.7617354,0.0
hv_256_50_358,0.0,0.0,0.0,0.0,0.54774,0.4190907,0.033169363
hv_256_50_359,0.0,0.0,0.0,0.0,0.7773201,0.13640717,0.08627271
hv_256_50_360,0.0,0.0,0.0,0.0,0.7074258,0.15949214,0.1330821
hv_256_50_361,0.0,0.0,0.0,0.0,0.60407114,0.20342906,0.19249979
hv_256_50_362,0.0,0.0,0.0,0.0,0.6940941,0.18731704,0.11858887
hv_256_50_363,0.0,0.0,0.0,0.0,0.7116316,0.1055705,0.1827979
hv_256_50_364,0.0,0.0,0.0,0.0,0.7085866,0.032277685,0.25913572
hv_256_50_365,0.0,0.0490382,0.0,0.0,0.41876137,0.24660057,0.28559983
hv_256_50_366,0.0,0.0490382,0.0,0.0,0.1246666,0.34864587,0.47764933
hv_256_50_367,0.0,0.0,0.0,0.0,0.2727958,0.23296483,0.49423936
hv_256_50_368,0.0,0.0,0.0,0.0,0.40701085,0.22625917,0.36673
hv_256_50_369,0.0,0.0,0.0,0.0,0.4909455,0.3285119,0.18054262
hv_256_50_370,0.0,0.0,0.0,0.0,0.5357839,0.3797268,0.084489346
hv_256_50_371,0.0,0.0,0.0,0.0,0.48097432,0.25520653,0.26381916
hv_256_50_372,0.0,0.0,0.0,0.0,0.28345641,0.2649799,0.4515637
hv_256_50_373,0.0,0.0,0.0,0.0,0.12348151,0.22987027,0.6466482
hv_256_50_374,0.0,0.0,0.0,0.0,0.05072412,0.04126464,0.90801126
hv_256_50_375,0.0,0.0,0.0,0.0,0.0,0.0,1.0
hv_256_50_376,0.0,0.0,0.0,0.0,0.0,0.0,1.0
hv_256_50_377,0.0,0.0,0.0,0.0,0.0059153954,0.0,0.9940846
hv_256_50_378,0.0,0.0061480496,0.0,0.0,0.04006633,0.015049174,0.93873644
hv_256_50_379,0.0,0.037321765,0.0,0.0,0.11330089,0.17037515,0.6790022
hv_256_50_380,0.0,0.12390348,0.0,0.0,0.08185483,0.251536,0.54270566
hv_256_50_381,0.0,0.20573811,0.0,0.0,0.002704867,0.09621004,0.69534695
hv_256_50_382,0.0,0.21989523,0.0,0.0,0.0,0.0,0.78010476
hv_256_50_383,0.024006352,0.23912299,0.0,0.0,0.0,0.0,0.73687065
hv_256_50_384,0.09634963,0.25822997,0.0,0.0,0.022199575,0.0,0.6232208
hv_256_50_385,0.123334594,0.34235734,0.0,0.0,0.03894896,0.0,0.49535912
hv_256_50_386,0.062467236,0.49616927,0.0,0.0,0.02184777,0.0,0.41951573
hv_256_50_387,0.011475913,0.5138499,0.0,0.0,0.0050983867,0.0,0.46957576
hv_256_50_388,0.0,0.59386474,0.0,0.0,0.0,0.0,0.4061353
hv_256_50_389,0.0,0.48915765,0.0,0.0,0.0,0.0,0.5108424
hv_256_50_390,0.0,0.22657642,0.0,0.0,0.0,0.0,0.77342355
hv_256_50_391,0.0,0.20600042,0.0,0.0,4.50419e-06,0.0,0.7939951
hv_256_50_392,0.014088749,0.12621178,0.0,0.0,0.0002958782,0.0,0.8594036
hv_256_50_393,0.01685577,0.046730045,0.0,0.0,0.00029137402,0.0,0.93612283
hv_256_50_394,0.022712892,0.39698812,0.0,0.0,0.0,0.0,0.58029896
hv_256_50_395,0.039731137,0.5026187,0.0,0.0,0.0,0.0,0.4576502
hv_256_50_396,0.041525483,0.18458423,0.0,0.0,0.0,0.0,0.7738903
hv_256_50_397,0.046088833,0.096622065,0.0,0.0,0.026654044,0.0,0.8306351
hv_256_50_398,0.055719633,0.06301046,0.0,0.0,0.038464896,0.0,0.842805
hv_256_50_399,0.11249731,0.019941816,0.0,0.0,0.16063587,0.0,0.70692503
hv_256_50_400,0.08476478,0.00387905,0.0,0.0,0.17235549,0.0,0.7390007
hv_256_50_401,0.0036384845,0.0,0.0,0.0,0.042764008,0.0,0.95359755
hv_256_50_402,0.0,0.0,0.0,0.0,0.07624373,0.0,0.9237563
hv_256_50_403,0.0,0.025460044,0.0,0.0,0.12486774,0.0,0.8496722
hv_256_50_404,0.0,0.038801216,0.0,0.0,0.20689037,0.0,0.7543084
hv_256_50_405,0.0,0.013341171,0.0,0.0,0.32990795,0.0,0.6567509
hv_256_50_406,0.0,0.0,0.0,0.0,0.22937812,0.0,0.7706219
hv_256_50_407,0.0,0.028993249,0.0,0.0,0.061679702,0.0,0.90932703
hv_256_50_408,0.0,0.15094745,0.0,0.0,0.13006733,0.0,0.7189852
hv_256_50_409,0.0,0.14333282,0.0,0.0,0.109948024,0.0,0.7467191
hv_256_50_410,0.0,0.02137863,0.0,0.0,0.0030574095,0.0,0.97556394
hv_256_50_411,0.0,0.023939488,0.0,0.0,0.06388768,0.0,0.91217285
hv_256_50_412,0.0009784614,0.056208804,0.0,0.0,0.12527244,0.0,0.8175403
hv_256_50_413,0.0009784614,0.123261124,0.0,0.0,0.27347866,0.0,0.60228175
hv_256_50_414,0.0,0.122693345,0.0,0.0,0.29969335,0.0,0.5776133
hv_256_50_415,0.00066395925,0.00037770558,0.0,0.0,0.6129438,0.004581102,0.38143337
hv_256_50_416,0.0,0.000108470784,0.0,0.0,0.678771,0.027428033,0.2936925
hv_256_50_417,0.0,0.09066447,0.0,0.0,0.5306842,0.24507329,0.13357809
hv_256_50_418,0.0,0.090556,0.0,0.0,0.58938366,0.25279084,0.067269504
hv_256_50_419,0.0,0.0032050957,0.0,0.0,0.67788523,0.18292274,0.13598697
hv_256_50_420,0.0,0.08222747,0.0,0.0,0.3261127,0.5229424,0.068717465
hv_256_50_421,0.0,0.13695171,0.0,0.0,0.115751594,0.7472967,0.0
hv_256_50_422,0.0,0.062448096,0.0,0.0,0.33847916,0.39325535,0.2058174
hv_256_50_423,0.0,0.0045187506,0.0,0.0,0.49935418,0.021123905,0.47500315
hv_256_50_424,0.0,0.0,0.0,0.0,0.68557125,0.03173814,0.2826906
hv_256_50_425,0.0,0.0,0.0,0.0,0.6423992,0.34409598,0.013504861
hv_256_50_426,0.0,0.0,0.0,0.0,0.2676538,0.73234624,0.0
hv_256_50_427,0.0,0.0,0.0,0.0,0.38803676,0.5838789,0.028084401
hv_256_50_428,0.0,0.0,0.0,0.0,0.7074809,0.20170009,0.09081903
hv_256_50_429,0.0,0.0,0.0,0.0,0.6826828,0.1577624,0.15955481
hv_256_50_430,0.0,0.0,0.0,0.0,0.5922426,0.19979954,0.20795783
hv_256_50_431,0.0,0.0,0.0,0.0,0.6030968,0.28140888,0.1154943
hv_256_50_432,0.0,0.0,0.0,0.0,0.59720635,0.20156212,0.20123155
hv_256_50_433,0.0,0.0,0.0,0.0,0.63522565,0.11015941,0.25461495
hv_256_50_434,0.0,0.005691949,0.0,0.0,0.3355901,0.19935392,0.45936403
hv_256_50_435,0.0,0.005691949,0.0,0.0,0.0034895516,0.09693406,0.8938844
hv_256_50_436,0.0,0.0,0.0,0.0,0.0,0.04111444,0.95888555
hv_256_50_437,0.0,0.0,0.0,0.0,0.0048331986,0.13656543,0.8586014
hv_256_50_438,0.0,0.0,0.0,0.0,0.05788023,0.31944442,0.62267536
hv_256_50_439,0.0,0.0,0.0,0.0,0.12015722,0.4073326,0.47251016
hv_256_50_440,0.0,0.0,0.0,0.0,0.10501485,0.24530408,0.6496811
hv_256_50_441,0.0,0.0,0.0,0.0,0.037904665,0.16500838,0.79708695
hv_256_50_442,0.0,0.0,0.0,0.0,1.47529545e-05,0.13787551,0.8621097
hv_256_50_443,0.0,0.0,0.0,0.0,1.47529545e-05,0.027092466,0.97289276
hv_256_50_444,0.0,0.0,0.0,0.0,0.0,0.0,1.0
hv_256_50_445,0.0,0.0,0.0,0.0,0.0,0.0,1.0
hv_256_50_446,0.0,0.0,0.0,0.0,0.0064294618,0.0,0.99357057
hv_256_50_447,0.0,0.0,0.0,0.0,0.12833294,0.0051986366,0.8664684
hv_256_50_448,0.0,0.0,0.0,0.0,0.27436817,0.12545198,0.60017985
hv_256_50_449,0.0,0.019008761,0.0,0.0,0.23520392,0.3426676,0.4031197
hv_256_50_450,0.0,0.039516408,0.0,0.0,0.08353042,0.25735623,0.61959696
hv_256_50_451,0.0,0.046217036,0.0,0.0,0.00079115876,0.03494196,0.9180499
hv_256_50_452,0.0001022952,0.111286476,0.0,0.0,0.0,0.0057682446,0.88284296
hv_256_50_453,0.13154422,0.17581007,0.0,0.0,0.08099741,0.0057682446,0.6058801
hv_256_50_454,0.21131158,0.23453586,0.0,0.0,0.098151416,0.0,0.45600116
hv_256_50_455,0.09278049,0.19524553,0.0,0.0,0.022252392,0.0,0.6897216
hv_256_50_456,0.0129108485,0.06831504,0.0,0.0,0.0050983867,0.0,0.9136757
hv_256_50_457,0.0,0.16580915,0.0,0.0,0.0,0.0,0.83419085
hv_256_50_458,0.0,0.30771768,0.0,0.0,0.0,0.0,0.6922823
hv_256_50_459,0.0,0.45665127,0.0,0.0,0.0,0.0,0.5433488
hv_256_50_460,0.0,0.6106702,0.0,0.0,0.0,0.0,0.38932982
hv_256_50_461,0.0,0.3695534,0.0,0.0,0.0,0.0,0.6304466
hv_256_50_462,0.0,0.16951978,0.0,0.0,0.0,0.0,0.8304802
hv_256_50_463,0.0,0.494149,0.0,0.0,0.0,0.0,0.50585103
hv_256_50_464,0.0,0.50117564,0.0,0.0,0.0,0.0,0.49882436
hv_256_50_465,0.0,0.14076169,0.0,0.0,0.0055146078,0.0,0.8537237
hv_256_50_466,0.0022201592,0.073862076,0.0,0.0,0.07836111,0.0,0.8455566
hv_256_50_467,0.06089065,0.10189179,0.0,0.0,0.0728465,0.0,0.76437104
hv_256_50_468,0.14486861,0.061991014,0.0,0.0,0.0,0.0,0.79314035
hv_256_50_469,0.09430161,0.014533198,0.0,0.0,0.04264367,0.0,0.84852153
hv_256_50_470,0.008103492,0.011483224,0.0,0.0,0.070034795,0.0,0.9103785
hv_256_50_471,0.0,0.010442551,0.0,0.0,0.08167072,0.0,0.90788674
hv_256_50_472,0.0,0.0,0.0,0.0,0.22940105,0.0,0.77059895
hv_256_50_473,0.0,0.0,0.0,0.0,0.28084192,0.0,0.7191581
hv_256_50_474,0.0,0.0,0.0,0.0,0.18558429,0.0,0.8144157
hv_256_50_475,0.0,0.0,0.0,0.0,0.12432331,0.0,0.8756767
hv_256_50_476,0.0,0.020586135,0.0,0.0,0.05667178,0.0,0.92274207
hv_256_50_477,0.0,0.1277842,0.0,0.0,0.15465397,0.0,0.71756184
hv_256_50_478,0.0,0.20057853,0.0,0.0,0.16313058,0.0,0.6362909
hv_256_50_479,0.0,0.09338047,0.0,0.0,0.021022037,0.0,0.88559747
hv_256_50_480,0.0,0.056010302,0.0,0.0,0.2366956,0.0,0.7072941
hv_256_50_481,0.019526176,0.10131785,0.0,0.0,0.41492534,0.0,0.46423066
hv_256_50_482,0.024147531,0.122322485,0.0,0.0,0.39933673,0.0,0.45419323
hv_256_50_483,0.0046213544,0.10398335,0.0,0.0,0.42865926,0.0,0.46273604
hv_256_50_484,0.003855375,0.066035636,0.0,0.0,0.6035039,0.004581102,0.32202402
hv_256_50_485,0.0,0.009674464,0.0,0.0,0.4758895,0.0031018467,0.5113342
hv_256_50_486,0.0,0.14366747,0.0,0.0,0.39786765,0.1802102,0.27825466
hv_256_50_487,0.0,0.13909973,0.0,0.0,0.43084422,0.2673515,0.16270454
hv_256_50_488,0.0,0.011332573,0.0,0.0,0.5567348,0.15463866,0.27729398
hv_256_50_489,0.0,0.09128893,0.0,0.0,0.37390906,0.40896145,0.12584057
hv_256_50_490,0.0,0.1511312,0.0,0.0,0.07633385,0.77253497,0.0
hv_256_50_491,0.0,0.08920326,0.0,0.0,0.25747737,0.58633214,0.0669872
hv_256_50_492,0.0,0.040017813,0.0,0.0,0.50558776,0.17512226,0.27927217
hv_256_50_493,0.0,0.021989392,0.0,0.0,0.57316464,0.016794438,0.38805157
hv_256_50_494,0.0,0.0,0.0,0.0,0.6886012,0.11505626,0.19634259
hv_256_50_495,0.0,0.010226193,0.0,0.0,0.45479384,0.514404,0.020576002
hv_256_50_496,0.0,0.0544161,0.0,0.0,0.3019382,0.6436457,0.0
hv_256_50_497,0.0,0.04889565,0.0,0.0,0.5210138,0.40881595,0.021274596
hv_256_50_498,0.0,0.004705743,0.0,0.0,0.5542383,0.2604522,0.18060377
hv_256_50_499,0.0,0.0,0.0,0.0,0.44625977,0.14936359,0.40437663
hv_256_50_500,0.0,0.0,0.0,0.0,0.46494156,0.14945626,0.38560218
hv_256_50_501,0.0,0.0,0.0,0.0,0.5474471,0.09599162,0.35656127
hv_256_50_502,0.0,0.01055567,0.0,0.0,0.4825968,0.25994107,0.24690646
hv_256_50_503,0.0,0.058187317,0.0,0.0,0.19860338,0.40392274,0.3392866
hv_256_50_504,0.0,0.047631647,0.0,0.0,0.0,0.24407102,0.7082973
hv_256_50_505,0.0,0.0,0.0,0.0,0.0,0.13528004,0.86472
hv_256_50_506,0.0,0.0,0.0,0.0,0.0,0.03937011,0.9606299
hv_256_50_507,0.0,0.0,0.0,0.0,0.0,0.025326306,0.9746737
hv_256_50_508,0.0,0.0,0.0,0.0,0.0,0.053005416,0.9469946
hv_256_50_509,0.0,0.0,0.0,0.0,0.0,0.031858522,0.9681415
hv_256_50_510,0.0,0.0,0.0,0.0,0.0,0.0,1.0
hv_256_50_511,0.0,0.0,0.0,0.0,0.0,0.0,1.0
hv_256_50_512,0.0,0.0,0.0,0.0,0.0,0.0,1.0
hv_256_50_513,0.0,0.0,0.0,0.0,0.0,0.0,1.0
hv_256_50_514,0.0,0.0,0.0,0.0,0.0,0.0,1.0
hv_256_50_515,0.0,0.0,0.0,0.0,0.0005140662,0.0,0.9994859
hv_256_50_516,0.0,0.0,0.0,0.0,0.093548864,0.0016506095,0.90480053
hv_256_50_517,0.0,0.0,0.0,0.0,0.21092127,0.05056541,0.7385133
hv_256_50_518,0.0,0.0,0.0,0.0,0.24560593,0.17595235,0.57844174
hv_256_50_519,0.0,0.0,0.0,0.0,0.1382938,0.29437006,0.56733614
hv_256_50_520,0.0,0.0055787624,0.0,0.0,0.030160721,0.17937931,0.78488123
hv_256_50_521,0.0,0.07461699,0.0,0.0,0.01958638,0.18575288,0.7200437
hv_256_50_522,0.060241904,0.07937827,0.0,0.0,0.058797833,0.1846151,0.6169669
hv_256_50_523,0.08912023,0.01034004,0.0,0.0,0.059202455,0.01090902,0.83042824
hv_256_50_524,0.030313259,0.0,0.0,0.0,0.00040462118,0.0,0.9692821
hv_256_50_525,0.0014349349,0.0,0.0,0.0,0.0,0.0,0.9985651
hv_256_50_526,0.0,0.0,0.0,0.0,0.0,0.0,1.0
hv_256_50_527,0.0,0.07065437,0.0,0.0,0.0,0.0,0.9293456
hv_256_50_528,0.0,0.28280005,0.0,0.0,0.0,0.0,0.7171999
hv_256_50_529,0.0,0.50738674,0.0,0.0,0.0,0.0,0.49261323
hv_256_50_530,0.0,0.566954,0.0,0.0,0.0,0.0,0.43304598
hv_256_50_531,0.01944724,0.5367638,0.0,0.0,0.0,0.0,0.443789
hv_256_50_532,0.02915395,0.42528456,0.0,0.0,0.0,0.0,0.5455615
hv_256_50_533,0.009706711,0.2763007,0.0,0.0,0.0,0.0,0.7139926
hv_256_50_534,0.0,0.2067102,0.0,0.0,0.0071745533,0.0,0.7861153
hv_256_50_535,0.016978165,0.17490862,0.0,0.0,0.05336701,0.0,0.7547462
hv_256_50_536,0.04464693,0.11905497,0.0,0.0,0.046192456,0.0,0.79010564
hv_256_50_537,0.047990873,0.044403043,0.0,0.0,0.0,0.0,0.90760607
hv_256_50_538,0.028425602,0.010654149,0.0,0.0,0.019113202,0.0,0.94180703
hv_256_50_539,0.008103492,0.02976259,0.0,0.0,0.036544472,0.0,0.92558944
hv_256_50_540,0.0,0.04791815,0.0,0.0,0.03868341,0.0,0.91339844
hv_256_50_541,0.0,0.019196229,0.0,0.0,0.24840154,0.0,0.73240227
hv_256_50_542,0.0,0.0,0.0,0.0,0.4832856,0.0,0.5167144
hv_256_50_543,0.0,0.0,0.0,0.0,0.4729417,0.008144789,0.5189135
hv_256_50_544,0.0,0.0,0.0,0.0,0.4192768,0.052979805,0.5277434
hv_256_50_545,0.0,0.0,0.0,0.0,0.28861505,0.044835016,0.6665499
hv_256_50_546,0.0,0.026263673,0.0,0.0,0.31941682,0.0,0.65431947
hv_256_50_547,0.0,0.10497927,0.0,0.0,0.45752633,0.005843569,0.43165085
hv_256_50_548,0.0,0.16121641,0.0,0.0,0.28552854,0.03119346,0.52206165
hv_256_50_549,0.0,0.21381742,0.0,0.0,0.34822172,0.036186434,0.40177444
hv_256_50_550,0.018547716,0.17592414,0.0,0.0,0.43003097,0.0108365435,0.36466062
hv_256_50_551,0.02316907,0.063574895,0.0,0.0,0.23353794,0.0,0.67971814
hv_256_50_552,0.0046213544,0.018967351,0.0,0.0,0.24849102,0.0,0.7279203
hv_256_50_553,0.003191416,0.0721225,0.0,0.0,0.60349786,0.0,0.3211882
hv_256_50_554,0.0,0.015683942,0.0,0.0,0.54644907,0.0,0.43786702
hv_256_50_555,0.0,0.15569906,0.0,0.0,0.40074086,0.102987155,0.3405729
hv_256_50_556,0.0,0.16947614,0.0,0.0,0.39937192,0.30395347,0.12719846
hv_256_50_557,0.0,0.035168454,0.0,0.0,0.4684096,0.26511985,0.2313021
hv_256_50_558,0.0,0.06501522,0.0,0.0,0.45404986,0.34971178,0.13122313
hv_256_50_559,0.0,0.113940515,0.0,0.0,0.28511885,0.60094064,0.0
hv_256_50_560,0.0,0.09945699,0.0,0.0,0.34403273,0.55651027,0.0
hv_256_50_561,0.0,0.06067062,0.0,0.0,0.5484664,0.25788704,0.13297598
hv_256_50_562,0.0,0.027071033,0.0,0.0,0.4925648,0.016759118,0.46360505
hv_256_50_563,0.0,0.0,0.0,0.0,0.6363327,0.0061347648,0.35753256
hv_256_50_564,0.0,0.010226193,0.0,0.0,0.73800194,0.21245158,0.039320294
hv_256_50_565,0.0,0.0544161,0.0,0.0,0.40777367,0.51925343,0.01855674
hv_256_50_566,0.0,0.08378598,0.0,0.0,0.2233173,0.68675685,0.0061399215
hv_256_50_567,0.0,0.046640728,0.0,0.0,0.20802188,0.66773343,0.07760399
hv_256_50_568,0.0,0.017588869,0.0,0.0,0.3863355,0.38318235,0.21289329
hv_256_50_569,0.0,0.010544211,0.0,0.0,0.4980122,0.08926909,0.40217447
hv_256_50_570,0.0,0.0,0.0,0.0,0.54329336,0.0,0.45670667
hv_256_50_571,0.0,0.06522891,0.0,0.0,0.5179632,0.21339631,0.20341162
hv_256_50_572,0.0,0.1182925,0.0,0.0,0.22832184,0.5389367,0.114448965
hv_256_50_573,0.0,0.053063598,0.0,0.0,0.11205503,0.5841119,0.2507695
hv_256_50_574,0.0,0.0,0.0,0.0,0.09321678,0.5389658,0.36781743
hv_256_50_575,0.0,0.0,0.0,0.0,0.0016989518,0.47307682,0.5252242
hv_256_50_576,0.0,0.0042653345,0.0,0.0,0.0,0.23916729,0.75656736
hv_256_50_577,0.0,0.04657502,0.0,0.0,0.0,0.046484746,0.9069402
hv_256_50_578,0.0,0.07334584,0.0,0.0,0.0,0.0,0.92665416
hv_256_50_579,0.0,0.03403717,0.0,0.0,0.0,0.0,0.9659628
hv_256_50_580,0.0,0.003001018,0.0,0.0,0.02596265,0.0,0.9710363
hv_256_50_581,0.0,0.0,0.0,0.0,0.057214838,0.0,0.94278514
hv_256_50_582,0.0,0.0,0.0,0.0,0.031252187,0.0,0.9687478
hv_256_50_583,0.0,0.0,0.0,0.0,0.0,0.0,1.0
hv_256_50_584,0.0,0.0,0.0,0.0,0.0,0.0,1.0
hv_256_50_585,0.0,0.0,0.0,0.0,0.005282244,0.014490503,0.98022723
hv_256_50_586,0.0,0.01655297,0.0,0.0,0.07448347,0.25510028,0.6538633
hv_256_50_587,0.0,0.01655297,0.0,0.0,0.24245676,0.30788013,0.43311012
hv_256_50_588,0.0,0.0,0.0,0.0,0.25361687,0.1996609,0.5467222
hv_256_50_589,0.0,0.0,0.0,0.0,0.18334857,0.17400862,0.6426428
hv_256_50_590,0.0,0.07074928,0.0,0.0,0.104197286,0.4263389,0.3987145
hv_256_50_591,0.0,0.07074928,0.0,0.0,0.001210058,0.41564545,0.5123952
hv_256_50_592,0.0,0.0,0.0,0.0,0.0,0.030924615,0.9690754
hv_256_50_593,0.0,0.0,0.0,0.0,0.0,0.0,1.0
hv_256_50_594,0.0,0.0,0.0,0.0,0.0,0.0,1.0
hv_256_50_595,0.0,0.0,0.0,0.0,0.0,0.0,1.0
hv_256_50_596,0.0,0.0,0.0,0.0,0.0,0.0,1.0
hv_256_50_597,0.0,0.012014686,0.0,0.0,0.0,0.0,0.9879853
hv_256_50_598,0.0,0.07567511,0.0,0.0,0.0,0.0,0.92432487
hv_256_50_599,0.0,0.30450878,0.0,0.0,0.0,0.0,0.6954912
hv_256_50_600,0.01944724,0.6116464,0.0,0.0,0.0,0.0,0.36890635
hv_256_50_601,0.02915395,0.48516944,0.0,0.0,0.0,0.0,0.4856766
hv_256_50_602,0.009706711,0.14070386,0.0,0.0,0.0,0.0,0.84958947
hv_256_50_603,0.004276368,0.10831569,0.0,0.0,0.0016599459,0.0,0.885748
hv_256_50_604,0.021254532,0.119389504,0.0,0.0,0.0016599459,0.0,0.85769606
hv_256_50_605,0.017100783,0.039760128,0.0,0.0,0.0,0.0,0.94313914
hv_256_50_606,0.00012261806,0.002353848,0.0,0.0,0.0,0.0,0.99752355
hv_256_50_607,0.0,0.0,0.0,0.0,0.0,0.0,1.0
hv_256_50_608,0.0,0.025923157,0.0,0.0,0.04043802,0.0,0.9336388
hv_256_50_609,0.0,0.069608055,0.0,0.0,0.10421552,0.0,0.8261764
hv_256_50_610,0.0,0.043684896,0.0,0.0,0.26455197,0.0,0.69176316
hv_256_50_611,0.0,0.0,0.0,0.0,0.48901114,0.012590171,0.4983987
hv_256_50_612,0.0,0.0,0.0,0.0,0.5256166,0.1421011,0.33228233
hv_256_50_613,0.0,0.0,0.0,0.0,0.5192077,0.26644439,0.21434788
hv_256_50_614,0.0,0.0,0.0,0.0,0.4910624,0.13693348,0.37200412
hv_256_50_615,0.0,0.0,0.0,0.0,0.4880504,0.0,0.5119496
hv_256_50_616,0.0,0.0011911056,0.0,0.0,0.6700052,0.010296042,0.31850767
hv_256_50_617,0.0,0.16102107,0.0,0.0,0.5477563,0.0837686,0.20745406
hv_256_50_618,0.0,0.25683698,0.0,0.0,0.27103853,0.08430909,0.38781536
hv_256_50_619,0.0,0.098471545,0.0,0.0,0.13109605,0.0108365435,0.7595959
hv_256_50_620,0.0,0.0014645053,0.0,0.0,0.08719398,0.0,0.9113415
hv_256_50_621,0.0,0.0009791328,0.0,0.0,0.28100675,0.04336695,0.67464715
hv_256_50_622,0.0,0.015571495,0.0,0.0,0.5676636,0.0,0.41676486
hv_256_50_623,0.0,0.0061179474,0.0,0.0,0.47183323,0.0,0.52204883
hv_256_50_624,0.0,0.073549345,0.0,0.0,0.42629796,0.11076665,0.38938606
hv_256_50_625,0.0,0.0927182,0.0,0.0,0.48658687,0.2900737,0.13062122
hv_256_50_626,0.0,0.024768384,0.0,0.0,0.4640257,0.19889806,0.31230783
hv_256_50_627,0.0,0.012699133,0.0,0.0,0.53109443,0.24930876,0.20689766
hv_256_50_628,0.0,0.10716474,0.0,0.0,0.45201218,0.44082308,0.0
hv_256_50_629,0.0,0.12302114,0.0,0.0,0.40036675,0.4766121,0.0
hv_256_50_630,0.0,0.028037645,0.0,0.0,0.48019093,0.3022667,0.18950473
hv_256_50_631,0.0,0.005081642,0.0,0.0,0.37697262,0.03675985,0.5811859
hv_256_50_632,0.0,0.0,0.0,0.0,0.37317348,0.0,0.6268265
hv_256_50_633,0.0,0.0,0.0,0.0,0.55363286,0.051326785,0.39504033
hv_256_50_634,0.0,0.014054005,0.0,0.0,0.5424902,0.26897165,0.17448416
hv_256_50_635,0.0,0.052036848,0.0,0.0,0.3926841,0.5291981,0.026080934
hv_256_50_636,0.0,0.045073174,0.0,0.0,0.22699538,0.71643966,0.011491744
hv_256_50_637,0.0,0.058881275,0.0,0.0,0.39823917,0.54150003,0.0013795062
hv_256_50_638,0.0,0.05980052,0.0,0.0,0.66921157,0.13756014,0.1334278
hv_256_50_639,0.0,0.028896192,0.0,0.0,0.6270931,0.1370676,0.20694315
hv_256_50_640,0.0,0.08378546,0.0,0.0,0.4268852,0.4144345,0.07489487
hv_256_50_641,0.0,0.068330795,0.0,0.0,0.37591413,0.5420979,0.013657165
hv_256_50_642,0.0,0.005431948,0.0,0.0,0.43879437,0.42415458,0.13161911
hv_256_50_643,0.0,0.0,0.0,0.0,0.34151685,0.42978677,0.2286964
hv_256_50_644,0.0,0.0,0.0,0.0,0.16125694,0.6687062,0.17003688
hv_256_50_645,0.0,0.059817042,0.0,0.0,0.041408125,0.63480914,0.2639657
hv_256_50_646,0.0,0.12676662,0.0,0.0,0.0,0.3706165,0.5026169
hv_256_50_647,0.0,0.09798574,0.0,0.0,0.0,0.1986734,0.7033409
hv_256_50_648,0.0,0.03403717,0.0,0.0,0.0,0.0635766,0.90238625
hv_256_50_649,0.0,0.005260271,0.0,0.0,0.02596265,0.0,0.96877706
hv_256_50_650,0.0,0.008789205,0.0,0.0,0.057214838,0.0,0.93399596
hv_256_50_651,0.0,0.0065299524,0.0,0.0,0.031252187,0.0,0.96221787
hv_256_50_652,0.0,0.0,0.0,0.0,0.0,0.0,1.0
hv_256_50_653,0.0,0.036759526,0.0,0.0,0.0,0.0,0.9632405
hv_256_50_654,0.0,0.043529615,0.0,0.0,0.0,0.012839893,0.9436305
hv_256_50_655,0.0,0.12043189,0.0,0.0,0.024629446,0.3159599,0.53897876
hv_256_50_656,0.0,0.124160804,0.0,0.0,0.16598734,0.4880968,0.22175504
hv_256_50_657,0.0,0.010498999,0.0,0.0,0.30325788,0.24446833,0.4417748
hv_256_50_658,0.0,0.0,0.0,0.0,0.24575378,0.107467115,0.6467791
hv_256_50_659,0.0,0.030771926,0.0,0.0,0.08506385,0.32407752,0.5600867
hv_256_50_660,0.0,0.030771926,0.0,0.0,0.001210058,0.29611754,0.6719005
hv_256_50_661,0.0,0.0,0.0,0.0,0.0,0.020015594,0.9799844
hv_256_50_662,0.0,0.0,0.0,0.0,0.0,0.0,1.0
hv_256_50_663,0.0,0.0,0.0,0.0,0.0,0.0,1.0
hv_256_50_664,0.0,0.0,0.0,0.0,0.0,0.0,1.0
hv_256_50_665,0.0,0.0,0.0,0.0,0.0,0.0,1.0
hv_256_50_666,0.0,0.0,0.0,0.0,0.0,0.0,1.0
hv_256_50_667,0.0,0.0,0.0,0.0,0.0,0.0,1.0
hv_256_50_668,0.0,0.024739454,0.0,0.0,0.0,0.0,0.97526056
hv_256_50_669,0.0,0.3083149,0.0,0.0,0.0,0.0,0.6916851
hv_256_50_670,0.0,0.6443004,0.0,0.0,0.0,0.0,0.3556996
hv_256_50_671,0.016017381,0.5256981,0.0,0.0,0.0,0.0,0.4582845
hv_256_50_672,0.029209273,0.23178612,0.0,0.0,0.0,0.0,0.7390046
hv_256_50_673,0.013191892,0.08680673,0.0,0.0,0.0,0.0,0.9000014
hv_256_50_674,0.0,0.041987553,0.0,0.0,0.0,0.0,0.95801246
hv_256_50_675,0.0,0.027214136,0.0,0.0,0.0,0.0,0.9727859
hv_256_50_676,0.0,0.005220338,0.0,0.0,0.0,0.0,0.99477965
hv_256_50_677,0.0,0.057266735,0.0,0.0,0.114811696,0.0,0.82792157
hv_256_50_678,0.0,0.10176671,0.0,0.0,0.15735543,0.0,0.74087787
hv_256_50_679,9.932579e-05,0.044499975,0.0,0.0,0.15336213,0.0,0.80203855
hv_256_50_680,9.932579e-05,0.0,0.0,0.0,0.26734078,0.012590171,0.71996975
hv_256_50_681,0.0,0.0,0.0,0.0,0.25303742,0.1339563,0.6130063
hv_256_50_682,0.0,0.0,0.0,0.0,0.26539728,0.2358034,0.49879932
hv_256_50_683,0.0,0.0,0.0,0.0,0.517173,0.11443727,0.36838976
hv_256_50_684,0.0,0.0,0.0,0.0,0.530293,0.0,0.469707
hv_256_50_685,0.0,0.019636532,0.0,0.0,0.42825425,0.004452473,0.5476568
hv_256_50_686,0.0,0.19150811,0.0,0.0,0.34759822,0.09999878,0.3608949
hv_256_50_687,0.0,0.20115653,0.0,0.0,0.10134623,0.095546305,0.60195094
hv_256_50_688,0.0,0.029284947,0.0,0.0,0.0,0.0,0.97071505
hv_256_50_689,0.0,0.015013948,0.0,0.0,0.07051834,0.0,0.9144677
hv_256_50_690,0.0,0.042247005,0.0,0.0,0.26371202,0.09770669,0.5963343
hv_256_50_691,0.0,0.01130123,0.0,0.0,0.54210156,0.0,0.44659725
hv_256_50_692,0.0,0.0,0.0,0.0,0.2501284,0.0,0.7498716
hv_256_50_693,0.0,0.008479068,0.0,0.0,0.3308011,0.03886441,0.62185544
hv_256_50_694,0.0,0.009411573,0.0,0.0,0.56108516,0.072302684,0.3572006
hv_256_50_695,0.0,0.0009325056,0.0,0.0,0.61312276,0.03752926,0.34841552
hv_256_50_696,0.0,0.02667492,0.0,0.0,0.58302224,0.20650244,0.18380043
hv_256_50_697,0.0,0.14979278,0.0,0.0,0.50769025,0.34240663,0.00011032033
hv_256_50_698,0.0,0.19617352,0.0,0.0,0.50074035,0.30308613,0.0
hv_256_50_699,0.0,0.091448896,0.0,0.0,0.59837127,0.2153154,0.094864465
hv_256_50_700,0.0,0.018393228,0.0,0.0,0.5028705,0.06534441,0.4133919
hv_256_50_701,0.0,0.0,0.0,0.0,0.33199283,0.021819217,0.64618796
hv_256_50_702,0.0,0.0,0.0,0.0,0.44723925,0.06915999,0.4836008
hv_256_50_703,0.0,0.014054005,0.0,0.0,0.66095185,0.080148265,0.24484594
hv_256_50_704,0.0,0.022563238,0.0,0.0,0.6513451,0.14317197,0.18291971
hv_256_50_705,0.0,0.025375374,0.0,0.0,0.365905,0.5147056,0.09401404
hv_256_50_706,0.0,0.105186634,0.0,0.0,0.27323955,0.6215738,0.0
hv_256_50_707,0.0,0.09758146,0.0,0.0,0.5728688,0.32818854,0.0013611855
hv_256_50_708,0.0,0.030147582,0.0,0.0,0.61875886,0.30754828,0.04354531
hv_256_50_709,0.0,0.029112224,0.0,0.0,0.3542983,0.5744054,0.042184126
hv_256_50_710,0.0,0.008225609,0.0,0.0,0.50188804,0.47622922,0.013657165
hv_256_50_711,0.0,0.0,0.0,0.0,0.57607186,0.113424055,0.31050408
hv_256_50_712,0.0,0.0,0.0,0.0,0.55794895,0.026101014,0.41595003
hv_256_50_713,0.0,0.012327854,0.0,0.0,0.5294604,0.33910865,0.11910313
hv_256_50_714,0.0,0.077809945,0.0,0.0,0.25760332,0.6591734,0.005413343
hv_256_50_715,0.0,0.090121984,0.0,0.0,0.17901352,0.63518786,0.09567664
hv_256_50_716,0.0,0.024639897,0.0,0.0,0.095529184,0.5923601,0.28747082
hv_256_50_717,0.0,0.0,0.0,0.0,0.0013423364,0.31850418,0.6801535
hv_256_50_718,0.0,0.00238741,0.0,0.0,0.0,0.017054053,0.9805585
hv_256_50_719,0.0,0.10876332,0.0,0.0,0.0,0.0,0.89123666
hv_256_50_720,0.0,0.14158274,0.0,0.0,0.0,0.0,0.8584173
hv_256_50_721,0.0,0.08522271,0.0,0.0,0.0,0.0,0.9147773
hv_256_50_722,0.0,0.1541142,0.0,0.0,0.0,0.0,0.8458858
hv_256_50_723,0.0,0.11086842,0.0,0.0,0.0,0.0,0.8891316
hv_256_50_724,0.0,0.13115744,0.0,0.0,0.0,0.111332685,0.7575099
hv_256_50_725,0.0,0.14096422,0.0,0.0,0.015787415,0.22987244,0.6133759
hv_256_50_726,0.0,0.016576871,0.0,0.0,0.10710926,0.1780313,0.6982826
hv_256_50_727,0.0,0.0,0.0,0.0,0.09177479,0.07789585,0.83032936
hv_256_50_728,0.0,0.0,0.0,0.0,0.0004529446,0.07772324,0.9218238
hv_256_50_729,0.0,0.0,0.0,0.0,0.0,0.059318934,0.94068104
hv_256_50_730,0.0,0.0,0.0,0.0,0.0,0.0,1.0
hv_256_50_731,0.0,0.0,0.0,0.0,0.0,0.0,1.0
hv_256_50_732,0.0,0.0,0.0,0.0,0.0,0.0,1.0
hv_256_50_733,0.0,0.0,0.0,0.0,0.0,0.0,1.0
hv_256_50_734,0.0,0.0,0.0,0.0,0.0,0.0,1.0
hv_256_50_735,0.0,0.0,0.0,0.0,0.0,0.0,1.0
hv_256_50_736,0.0,0.0,0.0,0.0,0.0,0.0,1.0
hv_256_50_737,0.0,0.0,0.0,0.0,0.0,0.0,1.0
hv_256_50_738,0.0,0.09846208,0.0,0.0,0.0,0.0,0.9015379
hv_256_50_739,0.0,0.39820814,0.0,0.0,0.0,0.0,0.60179186
hv_256_50_740,0.040786456,0.648019,0.0,0.0,0.0,0.0,0.31119457
hv_256_50_741,0.049701978,0.57901675,0.0,0.0,0.0,0.0,0.37128127
hv_256_50_742,0.008915524,0.36090374,0.0,0.0,0.0,0.0,0.6301807
hv_256_50_743,0.0,0.15215373,0.0,0.0,0.0,0.0,0.84784627
hv_256_50_744,0.0,0.04937981,0.0,0.0,0.0,0.0,0.9506202
hv_256_50_745,0.0,0.02833111,0.0,0.0,0.030784631,0.0,0.94088423
hv_256_50_746,0.0,0.13128729,0.0,0.0,0.16809161,0.0,0.7006211
hv_256_50_747,0.0,0.15044309,0.0,0.0,0.13732535,0.0,0.7122316
hv_256_50_748,0.023998385,0.020100895,0.0,0.0,0.011618525,0.0,0.9442822
hv_256_50_749,0.023998385,0.0049516307,0.0,0.0,0.0540906,0.0,0.9169594
hv_256_50_750,0.0,0.0049516307,0.0,0.0,0.102266945,0.0,0.89278144
hv_256_50_751,0.0,0.02015216,0.0,0.0,0.17961621,0.022338804,0.7778928
hv_256_50_752,0.0,0.03116793,0.0,0.0,0.50951195,0.022338804,0.43698132
hv_256_50_753,0.0,0.01101577,0.0,0.0,0.51020676,0.0,0.47877744
hv_256_50_754,0.0,0.024649285,0.0,0.0,0.2680054,0.0,0.7073453
hv_256_50_755,0.0,0.19665685,0.0,0.0,0.18851584,0.055246796,0.5595805
hv_256_50_756,0.0,0.1892492,0.0,0.0,0.041044995,0.055246796,0.714459
hv_256_50_757,0.0,0.04189949,0.0,0.0,0.0,0.0,0.9581005
hv_256_50_758,0.0,0.0456826,0.0,0.0,0.0,0.0,0.9543174
hv_256_50_759,0.0,0.14668725,0.0,0.0,0.018958388,0.054339744,0.78001463
hv_256_50_760,0.0,0.0018480853,0.0,0.0,0.24243759,0.0,0.7557143
hv_256_50_761,0.0,0.0,0.0,0.0,0.067633994,0.0,0.932366
hv_256_50_762,0.0,0.0,0.0,0.0,0.18429345,0.0,0.81570655
hv_256_50_763,0.0,0.0,0.0,0.0,0.5399506,0.0,0.46004936
hv_256_50_764,0.0,0.042886306,0.0,0.0,0.77700806,0.0040909857,0.17601469
hv_256_50_765,0.0,0.1494213,0.0,0.0,0.65309197,0.1464839,0.0510028
hv_256_50_766,0.0,0.17775515,0.0,0.0,0.5964956,0.15441129,0.07133793
hv_256_50_767,0.0,0.13788053,0.0,0.0,0.7334767,0.012475761,0.116167024
hv_256_50_768,0.0,0.14662969,0.0,0.0,0.78495,0.020664006,0.047756262
hv_256_50_769,0.0,0.08038029,0.0,0.0,0.6799839,0.15148705,0.08814876
hv_256_50_770,0.0,0.0004109836,0.0,0.0,0.6553015,0.1466362,0.19765128
hv_256_50_771,0.0,0.0,0.0,0.0,0.5823277,0.075177245,0.34249502
hv_256_50_772,0.0,0.0,0.0,0.0,0.39030087,0.07826843,0.5314307
hv_256_50_773,0.0,0.0062668896,0.0,0.0,0.5518932,0.039654993,0.40218496
hv_256_50_774,0.0,0.02308736,0.0,0.0,0.54358673,0.33239597,0.10092993
hv_256_50_775,0.0,0.07645818,0.0,0.0,0.24972941,0.6738124,0.0
hv_256_50_776,0.0,0.060889095,0.0,0.0,0.25844142,0.6806695,0.0
hv_256_50_777,0.0,0.0012513895,0.0,0.0,0.47779903,0.46168822,0.059261344
hv_256_50_778,0.0,0.0,0.0,0.0,0.5873072,0.28113818,0.13155468
hv_256_50_779,0.0,0.0,0.0,0.0,0.6228704,0.21076936,0.16636021
hv_256_50_780,0.0,0.0,0.0,0.0,0.5160217,0.073274426,0.41070384
hv_256_50_781,0.0,0.0,0.0,0.0,0.64762276,0.0,0.3523773
hv_256_50_782,0.0,0.012327854,0.0,0.0,0.8434884,0.10630364,0.03788013
hv_256_50_783,0.0,0.022258235,0.0,0.0,0.6815528,0.27118272,0.025006216
hv_256_50_784,0.0,0.0099303825,0.0,0.0,0.59454703,0.33137888,0.06414367
hv_256_50_785,0.0,0.0,0.0,0.0,0.33202,0.55357647,0.114403516
hv_256_50_786,0.0,0.0,0.0,0.0,0.039797086,0.40439767,0.55580527
hv_256_50_787,0.0,0.00012815728,0.0,0.0,0.0,0.017321015,0.9825508
hv_256_50_788,0.0,0.09997412,0.0,0.0,0.0,0.0,0.9000259
hv_256_50_789,0.0,0.18954289,0.0,0.0,0.0,0.0,0.8104571
hv_256_50_790,0.0,0.22873698,0.0,0.0,0.0,0.0,0.771263
hv_256_50_791,0.0,0.20637886,0.0,0.0,0.0,0.0,0.7936211
hv_256_50_792,0.0,0.0673388,0.0,0.0,0.0,0.0,0.9326612
hv_256_50_793,0.0,0.027278515,0.0,0.0,0.0,0.0,0.97272146
hv_256_50_794,0.0,0.033356387,0.0,0.0,0.0,0.0,0.96664363
hv_256_50_795,0.0,0.006077873,0.0,0.0,0.0,0.0,0.9939221
hv_256_50_796,0.0,0.00647996,0.0,0.0,0.0,0.0,0.99352
hv_256_50_797,0.0,0.00647996,0.0,0.0,0.0,0.0,0.99352
hv_256_50_798,0.0,0.0,0.0,0.0,0.0,0.0,1.0
hv_256_50_799,0.0,0.0,0.0,0.0,0.0,0.0,1.0
hv_256_50_800,0.0,0.0,0.0,0.0,0.0,0.0,1.0
hv_256_50_801,0.0,0.0,0.0,0.0,0.0,0.0,1.0
hv_256_50_802,0.0,0.0,0.0,0.0,0.0,0.0,1.0
hv_256_50_803,0.0,0.0,0.0,0.0,0.0,0.0,1.0
hv_256_50_804,0.0,0.0,0.0,0.0,0.0,0.0,1.0
hv_256_50_805,0.0,0.0,0.0,0.0,0.0,0.0,1.0
hv_256_50_806,0.0,0.0,0.0,0.0,0.0,0.0,1.0
hv_256_50_807,0.0,0.012619695,0.0,0.0,0.0,0.0,0.9873803
hv_256_50_808,0.0,0.06252892,0.0,0.0,0.0,0.0,0.9374711
hv_256_50_809,0.04876947,0.36731997,0.0,0.0,0.0,0.0,0.5839106
hv_256_50_810,0.04876947,0.70471567,0.0,0.0,0.0,0.0,0.24651489
hv_256_50_811,0.0,0.52053195,0.0,0.0,0.0,0.0,0.47946802
hv_256_50_812,0.0,0.13354436,0.0,0.0,0.0,0.0,0.8664557
hv_256_50_813,0.0,0.11104323,0.0,0.0,0.0,0.0,0.8889568
hv_256_50_814,0.0,0.3185778,0.0,0.0,0.030784631,0.0,0.65063757
hv_256_50_815,0.0,0.50673926,0.0,0.0,0.08444424,0.0,0.40881652
hv_256_50_816,0.0,0.42597902,0.0,0.0,0.053659607,0.0,0.52036136
hv_256_50_817,0.041559156,0.2591461,0.0,0.0,0.0,0.0,0.69929475
hv_256_50_818,0.17097084,0.20942128,0.0,0.0,0.0,0.0,0.61960787
hv_256_50_819,0.1581767,0.08186811,0.0,0.0,0.0,0.0,0.75995517
hv_256_50_820,0.056949235,0.16773656,0.0,0.0,0.07611177,0.0,0.6992024
hv_256_50_821,0.04339071,0.22955972,0.0,0.0,0.25501633,0.0,0.47203326
hv_256_50_822,0.015206486,0.06632446,0.0,0.0,0.28418168,0.0,0.63428736
hv_256_50_823,0.0181641,0.06251464,0.0,0.0,0.20481604,0.0,0.7145052
hv_256_50_824,0.03098462,0.18047605,0.0,0.0,0.20355362,0.052336678,0.53264904
hv_256_50_825,0.01282052,0.15153755,0.0,0.0,0.10497668,0.057023015,0.6736422
hv_256_50_826,0.0,0.15404499,0.0,0.0,0.0009619843,0.004686335,0.8403067
hv_256_50_827,0.0,0.22128578,0.0,0.0,0.0,0.0,0.77871424
hv_256_50_828,0.0,0.40038922,0.0,0.0,0.0,0.0,0.5996108
hv_256_50_829,0.0107585,0.0,0.0,0.0,0.10378453,0.0,0.885457
hv_256_50_830,0.0107585,0.0,0.0,0.0,0.049601242,0.0,0.9396403
hv_256_50_831,0.0,0.023842648,0.0,0.0,0.3275778,0.0,0.64857954
hv_256_50_832,0.0,0.06102972,0.0,0.0,0.69087756,0.0,0.24809274
hv_256_50_833,0.0,0.10344407,0.0,0.0,0.846644,0.0,0.04991195
hv_256_50_834,0.0,0.19565892,0.0,0.0,0.74753565,0.05680543,0.0
hv_256_50_835,0.0,0.12945811,0.0,0.0,0.68513477,0.05680543,0.12860167
hv_256_50_836,0.0,5.6173467e-05,0.0,0.0,0.78891647,0.032805208,0.17822216
hv_256_50_837,0.0,0.12531526,0.0,0.0,0.75006616,0.07499809,0.049620483
hv_256_50_838,0.0,0.13929254,0.0,0.0,0.60088426,0.25982094,2.301593e-06
hv_256_50_839,0.0,0.013977268,0.0,0.0,0.67141974,0.3011239,0.013479071
hv_256_50_840,0.0,0.0,0.0,0.0,0.6085191,0.11056696,0.28091392
hv_256_50_841,0.0,0.0,0.0,0.0,0.36717364,0.027071126,0.6057552
hv_256_50_842,0.0,0.00085017306,0.0,0.0,0.46783695,1.0014758e-05,0.53130287
hv_256_50_843,0.0,0.00085017306,0.0,0.0,0.6593272,0.13049807,0.2093245
hv_256_50_844,0.0,0.012563941,0.0,0.0,0.51261127,0.4584851,0.0163397
hv_256_50_845,0.0,0.0411396,0.0,0.0,0.18833233,0.7705281,0.0
hv_256_50_846,0.0,0.04390369,0.0,0.0,0.3317078,0.600286,0.024102509
hv_256_50_847,0.0,0.015328033,0.0,0.0,0.70329434,0.16330123,0.11807647
hv_256_50_848,0.0,0.0,0.0,0.0,0.79149115,0.007038179,0.20147066
hv_256_50_849,0.0,0.0,0.0,0.0,0.5645631,0.0014919264,0.43394494
hv_256_50_850,0.0,0.0,0.0,0.0,0.60222626,0.0,0.39777374
hv_256_50_851,0.0,0.0,0.0,0.0,0.83391964,0.07043444,0.095645934
hv_256_50_852,0.0,0.0,0.0,0.0,0.66547287,0.28734028,0.047186855
hv_256_50_853,0.0,0.0,0.0,0.0,0.6405668,0.29528955,0.06414367
hv_256_50_854,0.0,0.0,0.0,0.0,0.42568853,0.3769323,0.19737917
hv_256_50_855,0.0,0.0,0.0,0.0,0.045349527,0.29953444,0.655116
hv_256_50_856,0.0,0.0,0.0,0.0,0.0,0.00920738,0.99079263
hv_256_50_857,0.0,0.0,0.0,0.0,0.0,0.008221522,0.9917785
hv_256_50_858,0.0,0.054490093,0.0,0.0,0.0,0.0,0.9455099
hv_256_50_859,0.0,0.14351428,0.0,0.0,0.0,0.0,0.8564857
hv_256_50_860,0.0,0.089024186,0.0,0.0,0.0,0.0,0.9109758
hv_256_50_861,0.0,0.0,0.0,0.0,0.0,0.0,1.0
hv_256_50_862,0.0,0.0,0.0,0.0,0.0,0.0,1.0
hv_256_50_863,0.0,0.0,0.0,0.0,0.0,0.0,1.0
hv_256_50_864,0.0,0.015147429,0.0,0.0,0.0,0.0,0.98485255
hv_256_50_865,0.0,0.13115308,0.0,0.0,0.0,0.0,0.8688469
hv_256_50_866,0.0,0.11600565,0.0,0.0,0.0,0.0,0.88399434
hv_256_50_867,0.0,0.0,0.0,0.0,0.0,0.0,1.0
hv_256_50_868,0.0,0.0,0.0,0.0,0.0,0.0,1.0
hv_256_50_869,0.0,0.0,0.0,0.0,0.0,0.0,1.0
hv_256_50_870,0.0,0.0,0.0,0.0,0.0,0.0,1.0
hv_256_50_871,0.0,0.0,0.0,0.0,0.0,0.0,1.0
hv_256_50_872,0.0,0.0,0.0,0.0,0.0,0.0,1.0
hv_256_50_873,0.0,0.0,0.0,0.0,0.0,0.0,1.0
hv_256_50_874,0.0,0.0,0.0,0.0,0.0,0.0,1.0
hv_256_50_875,0.0,0.0,0.0,0.0,0.0,0.0,1.0
hv_256_50_876,0.0,0.0,0.0,0.0,0.0,0.0,1.0
hv_256_50_877,0.0,0.0,0.0,0.0,0.0,0.0,1.0
hv_256_50_878,0.044993766,0.24824993,0.0,0.0,0.0,0.0,0.7067563
hv_256_50_879,0.044993766,0.7181937,0.0,0.0,0.0,0.0,0.23681252
hv_256_50_880,0.0,0.72664,0.0,0.0,0.0,0.0,0.27336
hv_256_50_881,0.0,0.4740964,0.0,0.0,0.0,0.0,0.5259036
hv_256_50_882,0.0,0.551506,0.0,0.0,0.0,0.0,0.44849402
hv_256_50_883,0.0,0.6471352,0.0,0.0,0.0,0.0,0.3528648
hv_256_50_884,0.0,0.5806747,0.0,0.0,0.0,0.0,0.41932532
hv_256_50_885,0.0,0.50659573,0.0,0.0,0.0,0.0,0.49340427
hv_256_50_886,0.017660098,0.58756405,0.0,0.0,0.0,0.0,0.39477587
hv_256_50_887,0.1477761,0.6563319,0.0,0.0,0.0,0.0,0.19589204
hv_256_50_888,0.15888101,0.52683026,0.0,0.0,0.0,0.0,0.31428874
hv_256_50_889,0.08198305,0.5801311,0.0,0.0,0.0013510565,0.0,0.3365348
hv_256_50_890,0.072237074,0.47731766,0.0,0.0,0.0062953937,0.0,0.44414985
hv_256_50_891,0.01949395,0.11629853,0.0,0.0,0.039629564,0.0,0.824578
hv_256_50_892,0.047968984,0.14780876,0.0,0.0,0.13584198,0.0,0.66838026
hv_256_50_893,0.08876877,0.36387134,0.0,0.0,0.17927413,0.07976282,0.28832296
hv_256_50_894,0.04231959,0.40254295,0.0,0.0,0.07907936,0.08731164,0.38874644
hv_256_50_895,0.0010448833,0.43763113,0.0,0.0,0.0009619843,0.0075488226,0.5528132
hv_256_50_896,0.0,0.50882035,0.0,0.0,0.0,0.0,0.49117965
hv_256_50_897,0.0,0.60054004,0.0,0.0,0.0,0.0,0.39945996
hv_256_50_898,0.0107585,0.0,0.0,0.0,0.11035163,0.0,0.87888986
hv_256_50_899,0.0107585,0.0,0.0,0.0,0.19848667,0.0,0.79075485
hv_256_50_900,0.0,0.036634184,0.0,0.0,0.5395654,0.0,0.42380044
hv_256_50_901,0.0,0.09833196,0.0,0.0,0.78082657,0.0,0.12084148
hv_256_50_902,0.0,0.085068464,0.0,0.0,0.86930895,0.0,0.045622606
hv_256_50_903,0.0,0.13474682,0.0,0.0,0.8289871,0.0,0.036266055
hv_256_50_904,0.0,0.122454986,0.0,0.0,0.8092356,0.0,0.06830942
hv_256_50_905,0.0,0.011078852,0.0,0.0,0.7955314,0.04724274,0.14614697
hv_256_50_906,0.0,0.07424145,0.0,0.0,0.64216954,0.19820194,0.085387066
hv_256_50_907,0.0,0.14434864,0.0,0.0,0.5328384,0.2955629,0.027250074
hv_256_50_908,0.012808818,0.07010718,0.0,0.0,0.57112914,0.23869273,0.10726211
hv_256_50_909,0.012808818,0.0,0.0,0.0,0.6875374,0.15935269,0.14030114
hv_256_50_910,0.0,0.0,0.0,0.0,0.72698665,0.065263666,0.20774972
hv_256_50_911,0.0,0.0,0.0,0.0,0.51293075,0.0,0.48706925
hv_256_50_912,0.0,0.0,0.0,0.0,0.56195307,0.0036492243,0.43439773
hv_256_50_913,0.0,0.0,0.0,0.0,0.780359,0.10021511,0.11942584
hv_256_50_914,0.0,0.105051704,0.0,0.0,0.5087046,0.3691565,0.017087216
hv_256_50_915,0.0,0.13334003,0.0,0.0,0.31517237,0.5444623,0.007025289
hv_256_50_916,0.0,0.028288325,0.0,0.0,0.47296154,0.47004423,0.028705925
hv_256_50_917,0.0,0.0,0.0,0.0,0.7173628,0.21221249,0.07042467
hv_256_50_918,0.0,0.0,0.0,0.0,0.6878024,0.014039937,0.29815772
hv_256_50_919,0.0,0.0,0.0,0.0,0.7019058,0.0,0.2980942
hv_256_50_920,0.0,0.0,0.0,0.0,0.7624558,0.14581563,0.09172853
hv_256_50_921,0.0,0.0,0.0,0.0,0.36343148,0.5744793,0.062089246
hv_256_50_922,0.0,0.0,0.0,0.0,0.28197137,0.6989874,0.01904124
hv_256_50_923,0.0,0.0,0.0,0.0,0.33507398,0.5711663,0.09375977
hv_256_50_924,0.0,0.0,0.0,0.0,0.16807877,0.40529665,0.42662457
hv_256_50_925,0.0,0.0,0.0,0.0,0.11290109,0.2826721,0.6044268
hv_256_50_926,0.0,0.0,0.0,0.0,0.05022006,0.21870326,0.73107666
hv_256_50_927,0.0,0.03563898,0.0,0.0,0.0,0.040485315,0.9238757
hv_256_50_928,0.0,0.07827092,0.0,0.0,0.0,0.0,0.9217291
hv_256_50_929,0.0,0.042631943,0.0,0.0,0.0,0.0,0.9573681
hv_256_50_930,0.0,0.0,0.0,0.0,0.0,0.0,1.0
hv_256_50_931,0.0049871933,0.0,0.0,0.0,0.0,0.0,0.9950128
hv_256_50_932,0.0049871933,0.0,0.0,0.0,0.0,0.0,0.9950128
hv_256_50_933,0.0,0.01597459,0.0,0.0,0.0,0.0,0.9840254
hv_256_50_934,0.0,0.19104601,0.0,0.0,0.0,0.0,0.808954
hv_256_50_935,0.0,0.17507142,0.0,0.0,0.0,0.0,0.8249286
hv_256_50_936,0.0,0.0,0.0,0.0,0.0,0.0,1.0
hv_256_50_937,0.0,0.0,0.0,0.0,0.0,0.0,1.0
hv_256_50_938,0.0,0.0,0.0,0.0,0.0,0.0,1.0
hv_256_50_939,0.0,0.0,0.0,0.0,0.0,0.0,1.0
hv_256_50_940,0.0,0.0,0.0,0.0,0.0,0.0,1.0
hv_256_50_941,0.0,0.0,0.0,0.0,0.0,0.0,1.0
hv_256_50_942,0.0,0.0,0.0,0.0,0.0,0.0,1.0
hv_256_50_943,0.0,0.0,0.0,0.0,0.0,0.0,1.0
hv_256_50_944,0.0,0.0,0.0,0.0,0.0,0.0,1.0
hv_256_50_945,0.0,0.0,0.0,0.0,0.0,0.0,1.0
hv_256_50_946,0.0,0.0,0.0,0.0,0.0,0.0,1.0
hv_256_50_947,0.04177665,0.1192678,0.0,0.0,0.0,0.0,0.8389555
hv_256_50_948,0.04177665,0.6033354,0.0,0.0,0.0,0.0,0.35488796
hv_256_50_949,0.0,0.8833058,0.0,0.0,0.0,0.0,0.11669422
hv_256_50_950,0.0,0.7473659,0.0,0.0,0.0,0.0,0.2526341
hv_256_50_951,0.0,0.65617716,0.0,0.0,0.0,0.0,0.34382284
hv_256_50_952,0.0,0.52352387,0.0,0.0,0.0,0.0,0.47647613
hv_256_50_953,0.0,0.3133448,0.0,0.0,0.0,0.0,0.6866552
hv_256_50_954,0.0,0.24078043,0.0,0.0,0.0,0.0,0.7592196
hv_256_50_955,0.0,0.40602472,0.0,0.0,0.0,0.0,0.5939753
hv_256_50_956,0.0007043036,0.5399299,0.0,0.0,0.0,0.0,0.4593658
hv_256_50_957,0.0043221554,0.49142587,0.0,0.0,0.0,0.0,0.50425196
hv_256_50_958,0.039921917,0.55709845,0.0,0.0,0.0,0.0,0.40297964
hv_256_50_959,0.040116612,0.5361242,0.0,0.0,0.019744854,0.0,0.40401426
hv_256_50_960,0.0042874636,0.23665793,0.0,0.0,0.10370758,0.0,0.65534705
hv_256_50_961,0.029804885,0.319235,0.0,0.0,0.20016453,0.0,0.4507956
hv_256_50_962,0.057831913,0.5385683,0.0,0.0,0.125628,0.03524929,0.24272251
hv_256_50_963,0.033857737,0.45062053,0.0,0.0,0.009426202,0.038111776,0.46798375
hv_256_50_964,0.0053557903,0.34426138,0.0,0.0,0.0,0.002862487,0.64752036
hv_256_50_965,0.0,0.31889945,0.0,0.0,0.0,0.0,0.68110055
hv_256_50_966,0.0,0.30561057,0.0,0.0,0.0,0.0,0.6943894
hv_256_50_967,0.024324646,0.0,0.0,0.0,0.058551382,0.0,0.917124
hv_256_50_968,0.00142955,0.0005231576,0.0,0.0,0.36913648,0.0,0.6289108
hv_256_50_969,0.0,0.056431834,0.0,0.0,0.6915224,0.0,0.25204578
hv_256_50_970,0.0,0.08220939,0.0,0.0,0.76375556,0.0,0.15403505
hv_256_50_971,0.0,0.026300719,0.0,0.0,0.7787926,0.0,0.19490665
hv_256_50_972,0.0,0.11417415,0.0,0.0,0.7724986,0.0,0.11332723
hv_256_50_973,0.0,0.12553936,0.0,0.0,0.7783692,0.0,0.09609145
hv_256_50_974,0.0,0.011365213,0.0,0.0,0.75405556,0.03472694,0.19985229
hv_256_50_975,0.0,0.032566804,0.0,0.0,0.60456526,0.2442007,0.118667245
hv_256_50_976,0.0,0.09207617,0.0,0.0,0.5193902,0.36128354,0.027250074
hv_256_50_977,0.012808818,0.059509363,0.0,0.0,0.6357449,0.17067161,0.121265285
hv_256_50_978,0.012808818,0.0,0.0,0.0,0.723611,0.13386405,0.12971611
hv_256_50_979,0.0,0.0,0.0,0.0,0.75437796,0.13080043,0.114821665
hv_256_50_980,0.0,0.0,0.0,0.0,0.62424994,0.01579818,0.35995188
hv_256_50_981,0.0,0.006947958,0.0,0.0,0.60741687,0.0,0.38563517
hv_256_50_982,0.0,0.019363286,0.0,0.0,0.8033184,0.043121006,0.13419731
hv_256_50_983,0.0,0.1510208,0.0,0.0,0.6805023,0.14663318,0.021843756
hv_256_50_984,0.0,0.1761954,0.0,0.0,0.35165778,0.47214684,0.0
hv_256_50_985,0.0,0.06962181,0.0,0.0,0.16860135,0.76177686,0.0
hv_256_50_986,0.0,0.075864844,0.0,0.0,0.41236952,0.4764514,0.03531422
hv_256_50_987,0.0,0.060967065,0.0,0.0,0.7025587,0.13760461,0.09886964
hv_256_50_988,0.0,0.0171341,0.0,0.0,0.8131424,0.054295383,0.11542811
hv_256_50_989,0.0,0.0,0.0,0.0,0.76375765,0.11153565,0.1247067
hv_256_50_990,0.0,9.036341e-05,0.0,0.0,0.42778292,0.4261095,0.14601721
hv_256_50_991,0.0,9.036341e-05,0.0,0.0,0.34466866,0.5482953,0.106945656
hv_256_50_992,0.0,0.0,0.0,0.0,0.49826923,0.38652936,0.1152014
hv_256_50_993,0.0,0.0,0.0,0.0,0.50808793,0.26162755,0.23028454
hv_256_50_994,0.0,0.0,0.0,0.0,0.52188015,0.28501943,0.19310042
hv_256_50_995,0.0,0.0,0.0,0.0,0.3435891,0.333162,0.3232489
hv_256_50_996,0.0,0.05815728,0.0,0.0,0.0640437,0.16078901,0.71701
hv_256_50_997,0.0,0.10088077,0.0,0.0,0.0,0.003826768,0.89529246
hv_256_50_998,0.0,0.042777993,0.0,0.0,0.0,0.0,0.957222
hv_256_50_999,0.0,0.014291046,0.0,0.0,0.0,0.0,0.98570895
hv_256_50_1000,0.03987534,0.06670329,0.0,0.0,0.0,0.0,0.89342135
hv_256_50_1001,0.03987534,0.05565963,0.0,0.0,0.0,0.0,0.904465
hv_256_50_1002,0.0,0.0040200474,0.0,0.0,0.0,0.0,0.99597996
hv_256_50_1003,0.0,0.06783398,0.0,0.0,0.0,0.0,0.93216604
hv_256_50_1004,0.0,0.06700682,0.0,0.0,0.0,0.0,0.9329932
hv_256_50_1005,0.0,0.0,0.0,0.0,0.0,0.0,1.0
hv_256_50_1006,0.0,0.0,0.0,0.0,0.0,0.0,1.0
hv_256_50_1007,0.0,0.0,0.0,0.0,0.0,0.0,1.0
hv_256_50_1008,0.0,0.0,0.0,0.0,0.0,0.0,1.0
hv_256_50_1009,0.0,0.0,0.0,0.0,0.0,0.0,1.0
hv_256_50_1010,0.0,0.0,0.0,0.0,0.0,0.0,1.0
hv_256_50_1011,0.0,0.0,0.0,0.0,0.0,0.0,1.0
hv_256_50_1012,0.0,0.0,0.0,0.0,0.0,0.0,1.0
hv_256_50_1013,0.0,0.0,0.0,0.0,0.0,0.0,1.0
hv_256_50_1014,0.0,0.0,0.0,0.0,0.0,0.0,1.0
hv_256_50_1015,0.0007765448,0.0,0.0,0.0,0.0,0.0,0.9992235
hv_256_50_1016,0.042131733,0.019264564,0.0,0.0,0.0,0.0,0.9386037
hv_256_50_1017,0.04135519,0.4802565,0.0,0.0,0.0,0.0,0.4783883
hv_256_50_1018,0.0,0.6345917,0.0,0.0,0.0,0.0,0.3654083
hv_256_50_1019,0.0,0.3294962,0.0,0.0,0.0,0.0,0.6705038
hv_256_50_1020,0.0,0.2184004,0.0,0.0,0.0,0.0,0.7815996
hv_256_50_1021,0.0,0.17287523,0.0,0.0,0.0,0.0,0.8271248
hv_256_50_1022,0.0,0.23639613,0.0,0.0,0.0,0.0,0.76360387
hv_256_50_1023,0.0,0.15698649,0.0,0.0,0.0,0.0,0.8430135
hv_256_50_1024,0.0,0.106790215,0.0,0.0,0.0,0.0,0.8932098
hv_256_50_1025,0.0,0.13855389,0.0,0.0,0.0,0.0,0.8614461
hv_256_50_1026,0.0036178515,0.097273685,0.0,0.0,0.0,0.0,0.89910847
hv_256_50_1027,0.014888099,0.23022792,0.0,0.0,0.0,0.0,0.754884
hv_256_50_1028,0.011270248,0.5755833,0.0,0.0,0.019744854,0.0,0.39340162
hv_256_50_1029,0.0,0.67292523,0.0,0.0,0.09583573,0.0,0.23123907
hv_256_50_1030,0.0,0.573338,0.0,0.0,0.10183094,0.0,0.3248311
hv_256_50_1031,4.776287e-05,0.37241858,0.0,0.0,0.025740063,0.0,0.6017936
hv_256_50_1032,0.00435867,0.12630036,0.0,0.0,0.0,0.0,0.86934096
hv_256_50_1033,0.0043109073,0.050622158,0.0,0.0,0.0,0.0,0.9450669
hv_256_50_1034,0.0033404292,0.01646425,0.0,0.0,0.0,0.0,0.98019534
hv_256_50_1035,0.025229538,4.0369203e-05,0.0,0.0,0.0,0.0,0.9747301
hv_256_50_1036,0.024324646,0.0,0.0,0.0,0.04849253,0.0,0.92718285
hv_256_50_1037,0.00142955,0.0005231576,0.0,0.0,0.22282049,0.0,0.77522683
hv_256_50_1038,0.0,0.070326895,0.0,0.0,0.5462762,0.0,0.38339692
hv_256_50_1039,0.0,0.07267925,0.0,0.0,0.62780815,0.0,0.2995126
hv_256_50_1040,0.0,0.04454859,0.0,0.0,0.6188222,0.0,0.3366292
hv_256_50_1041,0.0,0.098624304,0.0,0.0,0.7818821,0.0,0.11949358
hv_256_50_1042,0.0,0.057237584,0.0,0.0,0.7846031,0.0,0.15815932
hv_256_50_1043,0.0,0.012305465,0.0,0.0,0.79059595,0.022320697,0.1747779
hv_256_50_1044,0.0,0.09251049,0.0,0.0,0.61426884,0.25516117,0.03805948
hv_256_50_1045,0.0,0.08345986,0.0,0.0,0.54602504,0.37051514,0.0
hv_256_50_1046,0.0,0.002968468,0.0,0.0,0.75982106,0.13928677,0.09792372
hv_256_50_1047,0.0,0.0,0.0,0.0,0.70316267,0.1755848,0.12125255
hv_256_50_1048,0.0,0.0,0.0,0.0,0.66103405,0.22426122,0.114704736
hv_256_50_1049,0.0,0.0,0.0,0.0,0.729702,0.05028854,0.22000949
hv_256_50_1050,0.0,0.006947958,0.0,0.0,0.7859555,0.051520973,0.15557559
hv_256_50_1051,0.0,0.025608469,0.0,0.0,0.8196509,0.12304208,0.031698547
hv_256_50_1052,0.0,0.15465131,0.0,0.0,0.6979458,0.14264637,0.00475654
hv_256_50_1053,0.0,0.16062044,0.0,0.0,0.3837691,0.45477787,0.00083259604
hv_256_50_1054,0.0,0.056661516,0.0,0.0,0.21942472,0.67042863,0.05348508
hv_256_50_1055,0.01036123,0.075864844,0.0,0.0,0.43536893,0.37523782,0.10316721
hv_256_50_1056,0.01036123,0.060967065,0.0,0.0,0.6116077,0.18844463,0.1286194
hv_256_50_1057,0.0,0.017999187,0.0,0.0,0.5884056,0.25007066,0.14352457
hv_256_50_1058,0.0,0.064617984,0.0,0.0,0.45488483,0.32959574,0.15090144
hv_256_50_1059,0.0,0.09310078,0.0,0.0,0.27384531,0.42273024,0.21032365
hv_256_50_1060,0.0,0.029347876,0.0,0.0,0.43170092,0.3701152,0.168836
hv_256_50_1061,0.0,0.0,0.0,0.0,0.65841347,0.17525227,0.16633423
hv_256_50_1062,0.0,0.0,0.0,0.0,0.60295856,0.20385373,0.19318776
hv_256_50_1063,0.0,0.0,0.0,0.0,0.68089986,0.16169775,0.15740244
hv_256_50_1064,0.0,0.0,0.0,0.0,0.6191935,0.19275236,0.18805419
hv_256_50_1065,0.0,0.022518298,0.0,0.0,0.2119518,0.21400823,0.55152166
hv_256_50_1066,0.0,0.022609852,0.0,0.0,0.0,0.027459195,0.94993097
hv_256_50_1067,0.0,0.023784183,0.0,0.0,0.0,0.0,0.97621584
hv_256_50_1068,0.0,0.15872437,0.0,0.0,0.0,0.0,0.84127563
hv_256_50_1069,0.061000057,0.23157898,0.0,0.0,0.0,0.0,0.70742095
hv_256_50_1070,0.061000057,0.099740125,0.0,0.0,0.0,0.0,0.8392598
hv_256_50_1071,0.0,0.0031928848,0.0,0.0,0.0,0.0,0.9968071
hv_256_50_1072,0.0,0.0014610894,0.0,0.0,0.0,0.0,0.9985389
hv_256_50_1073,0.0,0.0014610894,0.0,0.0,0.0,0.0,0.9985389
hv_256_50_1074,0.0,0.0,0.0,0.0,0.0,0.0,1.0
hv_256_50_1075,0.0,0.0,0.0,0.0,0.0,0.0,1.0
hv_256_50_1076,0.0,0.0,0.0,0.0,0.0,0.0,1.0
hv_256_50_1077,0.0,0.0,0.0,0.0,0.0,0.0,1.0
hv_256_50_1078,0.0,0.0,0.0,0.0,0.0,0.0,1.0
hv_256_50_1079,0.0,0.0,0.0,0.0,0.0,0.0,1.0
hv_256_50_1080,0.0,0.0,0.0,0.0,0.0,0.0,1.0
hv_256_50_1081,0.0,0.0,0.0,0.0,0.0,0.0,1.0
hv_256_50_1082,0.0,0.0,0.0,0.0,0.0,0.0,1.0
hv_256_50_1083,0.0,0.0,0.0,0.0,0.0,0.0,1.0
hv_256_50_1084,0.03334535,0.0,0.0,0.0,0.0,0.0,0.96665466
hv_256_50_1085,0.0551001,0.0163583,0.0,0.0,0.0,0.0,0.9285416
hv_256_50_1086,0.02175475,0.43892223,0.0,0.0,0.0,0.0,0.53932303
hv_256_50_1087,0.0,0.4305633,0.0,0.0,0.0,0.0,0.5694367
hv_256_50_1088,0.0,0.04327589,0.0,0.0,0.0,0.0,0.9567241
hv_256_50_1089,0.0,0.0368764,0.0,0.0,0.0,0.0,0.9631236
hv_256_50_1090,0.0,0.015339049,0.0,0.0,0.0,0.0,0.9846609
hv_256_50_1091,0.0,0.19598462,0.0,0.0,0.0,0.0,0.8040154
hv_256_50_1092,0.0,0.22987296,0.0,0.0,0.0,0.0,0.77012706
hv_256_50_1093,0.0,0.089073464,0.0,0.0,0.0,0.0,0.9109265
hv_256_50_1094,0.0,0.08654008,0.0,0.0,0.0,0.0,0.9134599
hv_256_50_1095,0.0,0.14462432,0.0,0.0,0.0,0.0,0.85537565
hv_256_50_1096,0.0,0.17065799,0.0,0.0,0.0,0.0,0.829342
hv_256_50_1097,0.0,0.36102718,0.0,0.0,0.0,0.0,0.6389728
hv_256_50_1098,0.0,0.7106569,0.0,0.0,0.0,0.0,0.28934315
hv_256_50_1099,0.0,0.66598266,0.0,0.0,0.0,0.0,0.33401737
hv_256_50_1100,0.0,0.26867086,0.0,0.0,0.0,0.0,0.73132914
hv_256_50_1101,0.0,0.11085748,0.0,0.0,0.0,0.0,0.8891425
hv_256_50_1102,0.0,0.17540479,0.0,0.0,0.0,0.0,0.8245952
hv_256_50_1103,0.0033404292,0.1339619,0.0,0.0,0.0,0.0,0.86269766
hv_256_50_1104,0.079655364,0.058040354,0.0,0.0,0.0,0.0,0.8623043
hv_256_50_1105,0.0,0.0,0.0,0.0,0.012271021,0.0,0.98772895
hv_256_50_1106,0.0,0.0,0.0,0.0,0.054817885,0.0,0.94518214
hv_256_50_1107,0.0,0.0266866,0.0,0.0,0.28653497,0.0,0.6867784
hv_256_50_1108,0.0,0.027772088,0.0,0.0,0.33404142,0.0,0.63818645
hv_256_50_1109,0.0,0.04275857,0.0,0.0,0.35353026,0.0,0.6037112
hv_256_50_1110,0.0,0.0529711,0.0,0.0,0.5829527,0.0,0.36407623
hv_256_50_1111,0.0,0.04296759,0.0,0.0,0.69183344,0.046873152,0.21832585
hv_256_50_1112,0.0,0.06347698,0.0,0.0,0.8272265,0.04890985,0.06038666
hv_256_50_1113,0.0,0.10465,0.0,0.0,0.679743,0.21354276,0.0020642728
hv_256_50_1114,0.0,0.07541888,0.0,0.0,0.6259259,0.29569465,0.002960556
hv_256_50_1115,0.0,0.002576292,0.0,0.0,0.7233726,0.08418861,0.1898625
hv_256_50_1116,0.0,0.0,0.0,0.0,0.6415938,0.112605855,0.24580032
hv_256_50_1117,0.0,0.0,0.0,0.0,0.7324089,0.14917544,0.11841571
hv_256_50_1118,0.0,0.0,0.0,0.0,0.8152026,0.110761195,0.074036196
hv_256_50_1119,0.0,0.03369186,0.0,0.0,0.7746368,0.17825006,0.013421288
hv_256_50_1120,0.0013982706,0.10395825,0.0,0.0,0.74996865,0.14408745,0.0005873755
hv_256_50_1121,0.0013982706,0.20517462,0.0,0.0,0.6834438,0.1099833,0.0
hv_256_50_1122,0.0,0.13490823,0.0,0.0,0.40133014,0.4600682,0.0036934395
hv_256_50_1123,0.0058535733,0.0059731835,0.0,0.0,0.30820596,0.6152627,0.0647046
hv_256_50_1124,0.06310891,0.017914794,0.0,0.0,0.52968824,0.24781388,0.14147419
hv_256_50_1125,0.057255343,0.056160416,0.0,0.0,0.49395403,0.23690048,0.15572974
hv_256_50_1126,0.0,0.065260306,0.0,0.0,0.25014985,0.46535143,0.21923843
hv_256_50_1127,0.0,0.13433751,0.0,0.0,0.09324942,0.39446956,0.37794352
hv_256_50_1128,0.0,0.14255352,0.0,0.0,0.009378669,0.38158268,0.46648514
hv_256_50_1129,0.0,0.029257514,0.0,0.0,0.2414711,0.48364606,0.24562532
hv_256_50_1130,0.0,0.0,0.0,0.0,0.56683594,0.37485403,0.058310032
hv_256_50_1131,0.0,0.0,0.0,0.0,0.60989296,0.28510982,0.10499722
hv_256_50_1132,0.0,0.0,0.0,0.0,0.672697,0.18562527,0.14167772
hv_256_50_1133,0.0,0.0,0.0,0.0,0.58054715,0.23821017,0.1812427
hv_256_50_1134,0.0,0.0,0.0,0.0,0.19237825,0.23189002,0.5757317
hv_256_50_1135,0.0,0.048542477,0.0,0.0,0.0,0.023632426,0.9278251
hv_256_50_1136,0.0,0.100482024,0.0,0.0,0.0,0.0,0.89951795
hv_256_50_1137,0.0,0.17303117,0.0,0.0,0.0,0.0,0.82696885
hv_256_50_1138,0.07440238,0.20353162,0.0,0.0,0.0,0.0,0.72206604
hv_256_50_1139,0.07440238,0.082440004,0.0,0.0,0.0,0.0,0.8431576
hv_256_50_1140,0.0,0.0,0.0,0.0,0.0,0.0,1.0
hv_256_50_1141,0.0,0.0,0.0,0.0,0.0,0.0,1.0
hv_256_50_1142,0.0,0.0,0.0,0.0,0.0,0.0,1.0
hv_256_50_1143,0.0,0.0,0.0,0.0,0.0,0.0,1.0
hv_256_50_1144,0.0,0.0,0.0,0.0,0.0,0.0,1.0
hv_256_50_1145,0.0,0.0,0.0,0.0,0.0,0.0,1.0
hv_256_50_1146,0.0,0.0,0.0,0.0,0.0,0.0,1.0
hv_256_50_1147,0.0,0.0,0.0,0.0,0.0,0.0,1.0
hv_256_50_1148,0.0,0.0,0.0,0.0,0.0,0.0,1.0
hv_256_50_1149,0.0,0.0,0.0,0.0,0.0,0.0,1.0
hv_256_50_1150,0.0,0.0,0.0,0.0,0.0,0.0,1.0
hv_256_50_1151,0.0,0.0,0.0,0.0,0.0,0.0,1.0
hv_256_50_1152,0.0,0.0,0.0,0.0,0.0,0.0,1.0
hv_256_50_1153,0.03631617,0.0,0.0,0.0,0.0,0.0,0.96368384
hv_256_50_1154,0.049967866,0.012124373,0.0,0.0,0.0,0.0,0.93790776
hv_256_50_1155,0.013651693,0.42922488,0.0,0.0,0.0,0.0,0.5571234
hv_256_50_1156,0.0,0.49390772,0.0,0.0,0.0,0.0,0.5060923
hv_256_50_1157,0.0,0.09809091,0.0,0.0,0.0,0.0,0.9019091
hv_256_50_1158,0.0,0.022883577,0.0,0.0,0.0,0.0,0.9771164
hv_256_50_1159,0.0,0.014319536,0.0,0.0,0.0,0.0,0.98568046
hv_256_50_1160,0.0,0.20216173,0.0,0.0,0.0,0.0,0.7978383
hv_256_50_1161,0.0,0.24324945,0.0,0.0,0.0,0.0,0.7567506
hv_256_50_1162,0.0,0.06598029,0.0,0.0,0.0,0.0,0.9340197
hv_256_50_1163,0.0,0.076294445,0.0,0.0,0.0,0.0,0.9237056
hv_256_50_1164,0.0,0.15071592,0.0,0.0,0.0,0.0,0.8492841
hv_256_50_1165,0.0,0.08659439,0.0,0.0,0.0,0.0,0.9134056
hv_256_50_1166,0.0,0.042642277,0.0,0.0,0.0,0.0,0.9573577
hv_256_50_1167,0.0,0.2658925,0.0,0.0,0.0,0.0,0.7341075
hv_256_50_1168,0.0,0.59633523,0.0,0.0,0.0,0.0,0.40366477
hv_256_50_1169,0.0,0.44274038,0.0,0.0,0.0,0.0,0.5572596
hv_256_50_1170,0.0,0.15855286,0.0,0.0,0.0,0.0,0.8414471
hv_256_50_1171,0.0,0.183022,0.0,0.0,0.0,0.0,0.816978
hv_256_50_1172,0.0,0.14156425,0.0,0.0,0.0,0.0,0.85843575
hv_256_50_1173,0.06218047,0.05951115,0.0,0.0,0.0,0.0,0.87830836
hv_256_50_1174,0.0,0.0032852036,0.0,0.0,0.35943952,0.038634066,0.5986412
hv_256_50_1175,0.0,0.0032852036,0.0,0.0,0.39634684,0.0,0.60036796
hv_256_50_1176,0.0,0.0,0.0,0.0,0.28519964,0.0,0.71480036
hv_256_50_1177,0.0,0.0,0.0,0.0,0.17068192,0.0,0.82931805
hv_256_50_1178,0.0,0.0,0.0,0.0,0.2042524,0.0,0.7957476
hv_256_50_1179,0.0,0.032723226,0.0,0.0,0.34903082,0.0,0.61824596
hv_256_50_1180,0.0,0.10049177,0.0,0.0,0.5510941,0.06226569,0.28614846
hv_256_50_1181,0.0,0.08755685,0.0,0.0,0.60060227,0.0622711,0.24956977
hv_256_50_1182,0.0,0.034204043,0.0,0.0,0.6690528,0.074636415,0.22210672
hv_256_50_1183,0.015962726,0.06987029,0.0,0.0,0.7489503,0.12781861,0.037398078
hv_256_50_1184,0.015962726,0.068002254,0.0,0.0,0.75505906,0.053187612,0.10778837
hv_256_50_1185,0.0,0.012547697,0.0,0.0,0.7783039,0.015442864,0.19370554
hv_256_50_1186,0.0,0.0,0.0,0.0,0.7380434,0.017522076,0.24443452
hv_256_50_1187,0.0019260924,0.004099855,0.0,0.0,0.7369518,0.09978046,0.15724173
hv_256_50_1188,0.02517826,0.066114865,0.0,0.0,0.7479758,0.16073108,0.0
hv_256_50_1189,0.029137703,0.12603627,0.0,0.0,0.7308614,0.08997657,0.023988038
hv_256_50_1190,0.005885536,0.12560634,0.0,0.0,0.6318402,0.21267986,0.023988038
hv_256_50_1191,0.0,0.09447333,0.0,0.0,0.42178795,0.48087788,0.0028608434
hv_256_50_1192,0.0058535733,0.089435615,0.0,0.0,0.4003695,0.4931218,0.011219515
hv_256_50_1193,0.07346597,0.10204273,0.0,0.0,0.5367044,0.24712352,0.040663365
hv_256_50_1194,0.073208414,0.089714155,0.0,0.0,0.43026835,0.3745044,0.032304693
hv_256_50_1195,0.0055960123,0.06439522,0.0,0.0,0.22729026,0.56364733,0.13907117
hv_256_50_1196,0.0,0.10193413,0.0,0.0,0.10246295,0.3814524,0.4141505
hv_256_50_1197,0.0,0.08175772,0.0,0.0,0.0,0.2493356,0.6689067
hv_256_50_1198,0.0,0.0,0.0,0.0,0.10029955,0.31153,0.5881704
hv_256_50_1199,0.0,0.0,0.0,0.0,0.26361424,0.3221287,0.41425708
hv_256_50_1200,0.0,0.0,0.0,0.0,0.4471487,0.13850299,0.4143483
hv_256_50_1201,0.0,0.0,0.0,0.0,0.64156437,0.12041337,0.23802225
hv_256_50_1202,0.0,0.02797298,0.0,0.0,0.4022005,0.30177933,0.26804718
hv_256_50_1203,0.0,0.09376624,0.0,0.0,0.04447014,0.2030976,0.658666
hv_256_50_1204,0.0,0.16662446,0.0,0.0,0.0,0.0,0.8333755
hv_256_50_1205,0.0,0.18893655,0.0,0.0,0.0,0.0,0.81106347
hv_256_50_1206,0.0,0.08840178,0.0,0.0,0.0,0.0,0.9115982
hv_256_50_1207,0.06959096,0.038655937,0.0,0.0,0.0,0.0,0.8917531
hv_256_50_1208,0.075015955,0.038359508,0.0,0.0,0.0,0.0,0.8866245
hv_256_50_1209,0.021044847,0.0,0.0,0.0,0.0,0.0,0.97895515
hv_256_50_1210,0.015619853,0.0,0.0,0.0,0.0,0.0,0.9843801
hv_256_50_1211,0.0,0.0026424176,0.0,0.0,0.0,0.0,0.9973576
hv_256_50_1212,0.0,0.0026424176,0.0,0.0,0.0,0.0,0.9973576
hv_256_50_1213,0.0,0.0,0.0,0.0,0.0,0.0,1.0
hv_256_50_1214,0.0,0.0,0.0,0.0,0.0,0.0,1.0
hv_256_50_1215,0.0,0.0,0.0,0.0,0.041011706,0.059556536,0.89943177
hv_256_50_1216,0.0,0.0,0.0,0.0,0.044236794,0.12740137,0.8283618
hv_256_50_1217,0.0,0.0,0.0,0.0,0.0032250874,0.06784483,0.9289301
hv_256_50_1218,0.0,0.0,0.0,0.0,0.0,0.0,1.0
hv_256_50_1219,0.0,0.0,0.0,0.0,0.014729173,0.0,0.9852708
hv_256_50_1220,0.0,0.0,0.0,0.0,0.014729173,0.0,0.9852708
hv_256_50_1221,0.0,0.0,0.0,0.0,0.0,0.0,1.0
hv_256_50_1222,0.01203506,0.0,0.0,0.0,0.0,0.0,0.9879649
hv_256_50_1223,0.057878405,0.020694131,0.0,0.0,0.0,0.0,0.9214274
hv_256_50_1224,0.0479697,0.3215656,0.0,0.0,0.0,0.0,0.6304647
hv_256_50_1225,0.002126356,0.49278995,0.0,0.0,0.0,0.0,0.5050837
hv_256_50_1226,0.0,0.24150603,0.0,0.0,0.00044636306,0.0,0.75804764
hv_256_50_1227,0.0,0.06277742,0.0,0.0,0.004504265,0.0,0.93271834
hv_256_50_1228,0.0,0.0132418005,0.0,0.0,0.017979752,0.0,0.96877843
hv_256_50_1229,0.0,0.13514832,0.0,0.0,0.01392185,0.0,0.85092986
hv_256_50_1230,0.0,0.17287856,0.0,0.0,0.0,0.0,0.82712144
hv_256_50_1231,0.0,0.042229224,0.0,0.0,0.0,0.0,0.95777076
hv_256_50_1232,0.0,0.120103076,0.0,0.0,0.0,0.0,0.87989694
hv_256_50_1233,0.0,0.1372686,0.0,0.0,0.0,0.0,0.8627314
hv_256_50_1234,0.0,0.021612583,0.0,0.0,0.0,0.0,0.9783874
hv_256_50_1235,0.0,0.0,0.0,0.0,0.0,0.0,1.0
hv_256_50_1236,0.0,0.14208068,0.0,0.0,0.0,0.0,0.85791934
hv_256_50_1237,0.0,0.51215035,0.0,0.0,0.0,0.0,0.48784965
hv_256_50_1238,0.0,0.46555784,0.0,0.0,0.0,0.0,0.5344421
hv_256_50_1239,0.0,0.124153055,0.0,0.0,0.0,0.0,0.8758469
hv_256_50_1240,0.0,0.056504484,0.0,0.0,0.0,0.0,0.9434955
hv_256_50_1241,0.0,0.039922692,0.0,0.0,0.0,0.0,0.9600773
hv_256_50_1242,0.0077546462,0.029463436,0.0,0.0,0.0,0.0,0.9627819
hv_256_50_1243,0.0,0.03953754,0.0,0.0,0.77201086,0.058597554,0.12985407
hv_256_50_1244,0.0,0.03953754,0.0,0.0,0.67393553,0.0,0.28652695
hv_256_50_1245,0.0,0.004487063,0.0,0.0,0.38131315,0.0,0.6141998
hv_256_50_1246,0.0,0.029680599,0.0,0.0,0.3487974,0.0,0.621522
hv_256_50_1247,0.0,0.025193537,0.0,0.0,0.31116763,0.0,0.66363883
hv_256_50_1248,0.0,0.032723226,0.0,0.0,0.25735784,0.0,0.7099189
hv_256_50_1249,0.0,0.0688222,0.0,0.0,0.3839307,0.015392539,0.53185457
hv_256_50_1250,0.0,0.054647505,0.0,0.0,0.46660578,0.015392539,0.46335417
hv_256_50_1251,0.0,0.05047285,0.0,0.0,0.7123874,0.0,0.23713978
hv_256_50_1252,0.015962726,0.16628464,0.0,0.0,0.7833151,0.0,0.03443752
hv_256_50_1253,0.015962726,0.14694555,0.0,0.0,0.8079258,0.0,0.029165924
hv_256_50_1254,0.0,0.012585224,0.0,0.0,0.8714606,0.0,0.11595417
hv_256_50_1255,0.0,0.0,0.0,0.0,0.6263301,0.0,0.37366992
hv_256_50_1256,0.0019260924,0.0491439,0.0,0.0,0.6385387,0.023509627,0.2868817
hv_256_50_1257,0.02517826,0.11922955,0.0,0.0,0.82159024,0.034001984,0.0
hv_256_50_1258,0.027739432,0.0700857,0.0,0.0,0.741859,0.084264286,0.07605156
hv_256_50_1259,0.0044872654,0.00053829123,0.0,0.0,0.6246015,0.2943214,0.07605156
hv_256_50_1260,0.0,0.069789,0.0,0.0,0.580081,0.35013002,0.0
hv_256_50_1261,0.0,0.11982497,0.0,0.0,0.5393201,0.32955799,0.011296923
hv_256_50_1262,0.020718288,0.08816801,0.0,0.0,0.5683329,0.2685724,0.054208368
hv_256_50_1263,0.059010595,0.03759381,0.0,0.0,0.5058708,0.34766194,0.04986284
hv_256_50_1264,0.038292307,0.0,0.0,0.0,0.4659981,0.43060136,0.0651082
hv_256_50_1265,0.0,0.059857048,0.0,0.0,0.40434194,0.3995095,0.13629152
hv_256_50_1266,0.0,0.078372136,0.0,0.0,0.120407104,0.26596096,0.5352598
hv_256_50_1267,0.0,0.018515086,0.0,0.0,0.03351192,0.07372446,0.8742485
hv_256_50_1268,0.0,0.0,0.0,0.0,0.027137963,0.09012131,0.88274074
hv_256_50_1269,0.0,0.0,0.0,0.0,0.093310356,0.05085164,0.855838
hv_256_50_1270,0.0,0.0,0.0,0.0,0.33856636,0.12973271,0.5317009
hv_256_50_1271,0.0,0.056679063,0.0,0.0,0.245256,0.20982106,0.48824388
hv_256_50_1272,0.0,0.2708222,0.0,0.0,0.0,0.09655728,0.6326205
hv_256_50_1273,0.0,0.26733905,0.0,0.0,0.0,0.0,0.73266095
hv_256_50_1274,0.0,0.11918043,0.0,0.0,0.0,0.0,0.88081956
hv_256_50_1275,0.0,0.06598452,0.0,0.0,0.0,0.0,0.93401545
hv_256_50_1276,0.04331519,0.0,0.0,0.0,0.0,0.0,0.9566848
hv_256_50_1277,0.07184754,0.0,0.0,0.0,0.0,0.0,0.92815244
hv_256_50_1278,0.044306822,0.0,0.0,0.0,0.0,0.0,0.9556932
hv_256_50_1279,0.015774468,0.045591988,0.0,0.0,0.0,0.0,0.93863356
hv_256_50_1280,0.0,0.14986123,0.0,0.0,0.0,0.0,0.8501388
hv_256_50_1281,0.0,0.104269244,0.0,0.0,0.0,0.0,0.89573073
hv_256_50_1282,0.0,0.0,0.0,0.0,0.0,0.0,1.0
hv_256_50_1283,0.0,0.0,0.0,0.0,0.0,0.0,1.0
hv_256_50_1284,0.0,0.0,0.0,0.0,0.11719776,0.17884731,0.70395494
hv_256_50_1285,0.0,0.0,0.0,0.0,0.16730243,0.27325082,0.55944675
hv_256_50_1286,0.0,0.0,0.0,0.0,0.050104674,0.09440351,0.8554918
hv_256_50_1287,0.0,0.0,0.0,0.0,0.0,0.0,1.0
hv_256_50_1288,0.0,0.0,0.0,0.0,0.051114943,0.0,0.9488851
hv_256_50_1289,0.0,0.0,0.0,0.0,0.051114943,0.0,0.9488851
hv_256_50_1290,0.0,0.0,0.0,0.0,0.0,0.0,1.0
hv_256_50_1291,0.026704442,0.0,0.0,0.0,0.0,0.0,0.97329557
hv_256_50_1292,0.060507603,0.009358731,0.0,0.0,0.0,0.0,0.9301337
hv_256_50_1293,0.035929516,0.088769265,0.0,0.0,0.0,0.0,0.8753012
hv_256_50_1294,0.002126356,0.19510621,0.0,0.0,0.0,0.0,0.80276746
hv_256_50_1295,0.0,0.15442437,0.0,0.0,0.0014598513,0.0,0.8441158
hv_256_50_1296,0.0,0.05191858,0.0,0.0,0.06599375,0.0,0.88208765
hv_256_50_1297,0.0,0.0132418005,0.0,0.0,0.078455746,0.0,0.9083024
hv_256_50_1298,0.0,0.054414723,0.0,0.0,0.01392185,0.0,0.93166345
hv_256_50_1299,0.0,0.094797194,0.0,0.0,0.0,0.0,0.9052028
hv_256_50_1300,0.0,0.052422594,0.0,0.0,0.0,0.0,0.9475774
hv_256_50_1301,0.0,0.12735626,0.0,0.0,0.0,0.0,0.87264377
hv_256_50_1302,0.0,0.11536805,0.0,0.0,0.0,0.0,0.88463193
hv_256_50_1303,0.01704966,0.033413522,0.0,0.0,0.0,0.0,0.9495368
hv_256_50_1304,0.01704966,0.08474446,0.0,0.0,0.0,0.0,0.8982059
hv_256_50_1305,0.0,0.22496226,0.0,0.0,0.0,0.0,0.7750377
hv_256_50_1306,0.0,0.5076028,0.0,0.0,0.0,0.0,0.4923972
hv_256_50_1307,0.0,0.4052907,0.0,0.0,0.0,0.0,0.5947093
hv_256_50_1308,0.0,0.14853749,0.0,0.0,0.0,0.0,0.8514625
hv_256_50_1309,0.0,0.17578435,0.0,0.0,0.0,0.0,0.82421565
hv_256_50_1310,0.0,0.15322013,0.0,0.0,0.0,0.0,0.8467799
hv_256_50_1311,0.0,0.073051296,0.0,0.0,0.0,0.0,0.9269487
hv_256_50_1312,0.0,0.07481969,0.0,0.0,0.71106046,0.019963488,0.19415633
hv_256_50_1313,0.0,0.10701022,0.0,0.0,0.7132802,0.021454502,0.15825509
hv_256_50_1314,0.0,0.06581341,0.0,0.0,0.5968137,0.04710182,0.29027113
hv_256_50_1315,0.0,0.06900854,0.0,0.0,0.64572316,0.02564732,0.259621
hv_256_50_1316,0.0,0.07562281,0.0,0.0,0.5701015,0.0,0.3542757
hv_256_50_1317,0.0,0.040237147,0.0,0.0,0.29891086,0.0,0.660852
hv_256_50_1318,0.0,0.0017352453,0.0,0.0,0.36610726,0.0,0.6321575
hv_256_50_1319,0.0,0.042184502,0.0,0.0,0.7235738,0.0,0.23424166
hv_256_50_1320,0.0,0.07237358,0.0,0.0,0.7974956,0.0,0.13013083
hv_256_50_1321,0.0,0.20521303,0.0,0.0,0.6816552,0.0,0.11313174
hv_256_50_1322,0.0,0.27184182,0.0,0.0,0.7008387,0.0,0.027319513
hv_256_50_1323,0.0,0.11285053,0.0,0.0,0.7910385,0.0,0.096110925
hv_256_50_1324,0.0,0.014297414,0.0,0.0,0.6066945,0.0,0.37900802
hv_256_50_1325,0.0,0.05145613,0.0,0.0,0.6374151,0.0,0.31112877
hv_256_50_1326,0.0,0.09321862,0.0,0.0,0.90586925,0.0,0.00091215665
hv_256_50_1327,0.0,0.04176249,0.0,0.0,0.76623875,0.1293794,0.06261934
hv_256_50_1328,0.0,0.0,0.0,0.0,0.5316673,0.40571338,0.06261934
hv_256_50_1329,0.0,0.11021836,0.0,0.0,0.54832906,0.34145257,0.0
hv_256_50_1330,0.0,0.1584956,0.0,0.0,0.5821524,0.24805504,0.011296923
hv_256_50_1331,0.0,0.07533604,0.0,0.0,0.65461737,0.21683863,0.05320794
hv_256_50_1332,0.061781798,0.027058791,0.0,0.0,0.6608655,0.18081778,0.06947614
hv_256_50_1333,0.061781798,0.0,0.0,0.0,0.5629675,0.1611888,0.21406195
hv_256_50_1334,0.0,0.027642509,0.0,0.0,0.6612302,0.11908539,0.19204192
hv_256_50_1335,0.0,0.04907939,0.0,0.0,0.4553285,0.17149675,0.3240954
hv_256_50_1336,0.0,0.021436878,0.0,0.0,0.12652656,0.06873565,0.78330094
hv_256_50_1337,0.0,0.00078095036,0.0,0.0,0.0331983,0.0020510864,0.96396965
hv_256_50_1338,0.0,0.00078095036,0.0,0.0,0.0,0.0,0.99921906
hv_256_50_1339,0.0,0.0,0.0,0.0,0.15906839,0.057279576,0.783652
hv_256_50_1340,0.0,0.028706081,0.0,0.0,0.15906839,0.088924766,0.72330076
hv_256_50_1341,0.0,0.18173295,0.0,0.0,0.0,0.031645194,0.7866218
hv_256_50_1342,0.013515012,0.17436853,0.0,0.0,0.0,0.0,0.81211644
hv_256_50_1343,0.024253407,0.09917681,0.0,0.0,0.0,0.0,0.8765698
hv_256_50_1344,0.010738396,0.093424976,0.0,0.0,0.0,0.0,0.89583665
hv_256_50_1345,0.035510954,0.0155898295,0.0,0.0,0.0,0.0,0.9488992
hv_256_50_1346,0.06420432,0.0,0.0,0.0,0.0,0.0,0.93579566
hv_256_50_1347,0.028847985,0.0,0.0,0.0,0.0,0.0,0.971152
hv_256_50_1348,0.00015461624,0.045591988,0.0,0.0,0.0,0.0,0.9542534
hv_256_50_1349,0.0,0.14721881,0.0,0.0,0.0,0.0,0.8527812
hv_256_50_1350,0.0,0.10162682,0.0,0.0,0.0,0.0,0.8983732
hv_256_50_1351,0.0,0.0,0.0,0.0,0.0,0.0,1.0
hv_256_50_1352,0.0,0.0,0.0,0.0,0.0,0.0,1.0
hv_256_50_1353,0.0,0.0,0.0,0.0,0.07917739,0.23876789,0.6820547
hv_256_50_1354,0.0,0.0,0.0,0.0,0.12605697,0.28035536,0.59358764
hv_256_50_1355,0.0,0.0,0.0,0.0,0.046879586,0.04158747,0.91153294
hv_256_50_1356,0.0,0.0,0.0,0.0,0.0,0.0,1.0
hv_256_50_1357,0.0,0.0,0.0,0.0,0.03638577,0.0,0.9636142
hv_256_50_1358,0.0,0.0,0.0,0.0,0.03638577,0.0,0.9636142
hv_256_50_1359,0.0,0.0,0.0,0.0,0.0,0.0,1.0
hv_256_50_1360,0.039611332,0.0,0.0,0.0,0.0,0.0,0.96038866
hv_256_50_1361,0.04004,0.0,0.0,0.0,0.0,0.0,0.95996
hv_256_50_1362,0.00042866965,0.0,0.0,0.0,0.0,0.0,0.9995713
hv_256_50_1363,0.0,0.00058439525,0.0,0.0,0.005130999,0.0,0.99428463
hv_256_50_1364,0.0,0.00058439525,0.0,0.0,0.031188397,0.0,0.9682272
hv_256_50_1365,0.0,0.0,0.0,0.0,0.0865334,0.0,0.9134666
hv_256_50_1366,0.0,0.0,0.0,0.0,0.08365757,0.0,0.91634244
hv_256_50_1367,0.0,0.00409462,0.0,0.0,0.050289355,0.0,0.945616
hv_256_50_1368,0.0,0.012926705,0.0,0.0,0.13573655,0.0,0.8513367
hv_256_50_1369,0.0,0.016373228,0.0,0.0,0.23275319,0.0,0.75087357
hv_256_50_1370,0.0,0.047493763,0.0,0.0,0.12711892,0.0,0.8253873
hv_256_50_1371,0.0,0.03995262,0.0,0.0,0.0029944924,0.0,0.9570529
hv_256_50_1372,0.03761455,0.03352788,0.0,0.0,0.0,0.0,0.92885756
hv_256_50_1373,0.03761455,0.12130297,0.0,0.0,0.0,0.0,0.84108245
hv_256_50_1374,0.0,0.17181851,0.0,0.0,0.0,0.0,0.8281815
hv_256_50_1375,0.0,0.36927205,0.0,0.0,0.0,0.0,0.630728
hv_256_50_1376,0.0,0.5421711,0.0,0.0,0.0,0.0,0.45782888
hv_256_50_1377,0.0,0.36298147,0.0,0.0,0.0,0.0,0.6370185
hv_256_50_1378,0.0,0.23538119,0.0,0.0,0.0,0.0,0.7646188
hv_256_50_1379,0.0,0.17582598,0.0,0.0,0.0,0.0,0.82417405
hv_256_50_1380,0.0,0.07302899,0.0,0.0,0.0,0.0,0.926971
hv_256_50_1381,0.0,0.038567353,0.0,0.0,0.37887394,0.0,0.5825587
hv_256_50_1382,0.0,0.07075789,0.0,0.0,0.49586806,0.022579502,0.41079456
hv_256_50_1383,0.0,0.08030945,0.0,0.0,0.58944917,0.084756695,0.2454847
hv_256_50_1384,0.0,0.07581095,0.0,0.0,0.6404578,0.06217719,0.22155409
hv_256_50_1385,0.0,0.06792918,0.0,0.0,0.529017,0.0,0.40305385
hv_256_50_1386,0.0,0.040237147,0.0,0.0,0.33852258,0.0,0.62124026
hv_256_50_1387,0.0,0.0017352453,0.0,0.0,0.47201714,0.0,0.5262476
hv_256_50_1388,0.0,0.023635972,0.0,0.0,0.700273,0.0,0.27609104
hv_256_50_1389,0.0,0.021900726,0.0,0.0,0.6825471,0.0,0.29555213
hv_256_50_1390,0.0,0.117075264,0.0,0.0,0.72109145,0.0,0.16183327
hv_256_50_1391,0.0,0.21559085,0.0,0.0,0.77067345,0.0,0.0137356995
hv_256_50_1392,0.0,0.13136813,0.0,0.0,0.78524697,0.055473268,0.02791161
hv_256_50_1393,0.0,0.03285255,0.0,0.0,0.63840544,0.12355215,0.20518987
hv_256_50_1394,0.0,0.006412085,0.0,0.0,0.6369679,0.06807888,0.2885411
hv_256_50_1395,0.0,0.006831235,0.0,0.0,0.85081017,0.0,0.14235859
hv_256_50_1396,0.0,0.04180782,0.0,0.0,0.8312155,0.071589395,0.05538726
hv_256_50_1397,0.0,0.1062622,0.0,0.0,0.5383944,0.3447876,0.01055582
hv_256_50_1398,0.0,0.1767445,0.0,0.0,0.4473868,0.3758687,0.0
hv_256_50_1399,0.0,0.16021548,0.0,0.0,0.6291113,0.18557188,0.02510139
hv_256_50_1400,0.0,0.07136322,0.0,0.0,0.7635077,0.09388247,0.07124654
hv_256_50_1401,0.048290256,0.023018714,0.0,0.0,0.7703673,0.09097544,0.06734827
hv_256_50_1402,0.048290256,0.0,0.0,0.0,0.58373106,0.07999433,0.2879844
hv_256_50_1403,0.0,6.606127e-08,0.0,0.0,0.6505851,0.006932733,0.3424821
hv_256_50_1404,0.0,0.0029218576,0.0,0.0,0.59032047,0.23537298,0.17138469
hv_256_50_1405,0.0,0.02011006,0.0,0.0,0.18181331,0.41890344,0.3791732
hv_256_50_1406,0.0,0.038543295,0.0,0.0,0.008859188,0.25040463,0.7021929
hv_256_50_1407,0.0,0.03435978,0.0,0.0,0.0,0.07305887,0.89258134
hv_256_50_1408,0.0,0.013004753,0.0,0.0,0.06384317,0.107210085,0.815942
hv_256_50_1409,0.0,0.0,0.0,0.0,0.121445134,0.09409265,0.7844622
hv_256_50_1410,0.0,0.0046770135,0.0,0.0,0.057601962,0.0,0.937721
hv_256_50_1411,0.013515012,0.030497732,0.0,0.0,0.0,0.0,0.9559873
hv_256_50_1412,0.024253407,0.29145446,0.0,0.0,0.0,0.0,0.6842921
hv_256_50_1413,0.020788271,0.4213335,0.0,0.0,0.0,0.0,0.55787826
hv_256_50_1414,0.05232877,0.26248744,0.0,0.0,0.0,0.0,0.68518376
hv_256_50_1415,0.047864903,0.106787704,0.0,0.0,0.0,0.0,0.8453474
hv_256_50_1416,0.00558601,0.0,0.0,0.0,0.0,0.0,0.994414
hv_256_50_1417,0.0,0.0,0.0,0.0,0.0,0.0,1.0
hv_256_50_1418,0.0,0.0,0.0,0.0,0.0041495743,0.0,0.99585044
hv_256_50_1419,0.0,0.0,0.0,0.0,0.034485526,0.0,0.9655145
hv_256_50_1420,0.0,0.0,0.0,0.0,0.04532829,0.0011498905,0.95352185
hv_256_50_1421,0.0,0.0,0.0,0.0,0.122815594,0.003764877,0.8734195
hv_256_50_1422,0.0,0.0,0.0,0.0,0.20990756,0.19105929,0.5990332
hv_256_50_1423,0.0,0.0,0.0,0.0,0.102084294,0.2695032,0.6284125
hv_256_50_1424,0.0,0.0,0.0,0.0,0.0,0.081058905,0.9189411
hv_256_50_1425,0.0,0.0,0.0,0.0,0.0,0.0,1.0
hv_256_50_1426,0.0,0.0,0.0,0.0,0.0,0.0,1.0
hv_256_50_1427,0.0,0.0,0.0,0.0,0.0,0.0,1.0
hv_256_50_1428,0.0,0.0,0.0,0.0,0.0,0.0,1.0
hv_256_50_1429,0.053792384,0.0,0.0,0.0,0.0,0.0,0.94620764
hv_256_50_1430,0.05407498,0.0,0.0,0.0,0.0,0.0,0.945925
hv_256_50_1431,0.00028259543,0.0,0.0,0.0,0.0,0.0,0.9997174
hv_256_50_1432,0.0,0.0,0.0,0.0,0.04310527,0.0,0.95689476
hv_256_50_1433,0.0,0.0,0.0,0.0,0.11697626,0.0,0.88302374
hv_256_50_1434,0.0,0.0,0.0,0.0,0.07387099,0.0,0.926129
hv_256_50_1435,0.0,0.0,0.0,0.0,0.02318157,0.0,0.97681844
hv_256_50_1436,0.0,0.0,0.0,0.0,0.07590328,0.0,0.9240967
hv_256_50_1437,0.0,0.0,0.0,0.0,0.2442294,0.0,0.75577056
hv_256_50_1438,0.0,0.0,0.0,0.0,0.4485484,0.0,0.5514516
hv_256_50_1439,0.004425882,0.0,0.0,0.0,0.31215727,0.0,0.68341684
hv_256_50_1440,0.037612252,0.0,0.0,0.0,0.055116553,0.0,0.9072712
hv_256_50_1441,0.056079388,0.000114356626,0.0,0.0,0.0,0.0,0.94380623
hv_256_50_1442,0.022893017,0.036558505,0.0,0.0,0.0,0.0,0.9405485
hv_256_50_1443,0.0,0.036444146,0.0,0.0,0.0,0.0,0.9635559
hv_256_50_1444,0.0,0.102148235,0.0,0.0,0.0,0.0,0.89785177
hv_256_50_1445,0.0,0.5592148,0.0,0.0,0.0,0.0,0.44078523
hv_256_50_1446,0.015535109,0.63204,0.0,0.0,0.0,0.0,0.35242486
hv_256_50_1447,0.033070143,0.2145755,0.0,0.0,0.0,0.0,0.7523543
hv_256_50_1448,0.017535035,0.16882826,0.0,0.0,0.0,0.0,0.8136367
hv_256_50_1449,0.0,0.33846414,0.0,0.0,0.0,0.0,0.66153586
hv_256_50_1450,0.026769813,0.029407002,0.0,0.0,0.3317663,0.0,0.61205685
hv_256_50_1451,0.0,0.00912099,0.0,0.0,0.20534718,0.0011249991,0.78440684
hv_256_50_1452,0.0,0.018983105,0.0,0.0,0.27390277,0.03765487,0.6694592
hv_256_50_1453,0.0,0.04438276,0.0,0.0,0.44993067,0.03652987,0.4691567
hv_256_50_1454,0.0,0.025399653,0.0,0.0,0.27755815,0.0,0.69704217
hv_256_50_1455,0.0048265476,0.0,0.0,0.0,0.12696102,0.0,0.8682124
hv_256_50_1456,0.017867101,0.0,0.0,0.0,0.23634481,0.0,0.7457881
hv_256_50_1457,0.013040554,0.02167598,0.0,0.0,0.46029502,0.0,0.50498843
hv_256_50_1458,0.0,0.045922436,0.0,0.0,0.72588736,0.0,0.22819021
hv_256_50_1459,0.0,0.09999082,0.0,0.0,0.8373614,0.0,0.062647775
hv_256_50_1460,0.0,0.078890786,0.0,0.0,0.8375891,0.0,0.08352012
hv_256_50_1461,0.0,0.021701561,0.0,0.0,0.6753272,0.21472558,0.08824565
hv_256_50_1462,0.0,0.018555135,0.0,0.0,0.5132605,0.43401563,0.03416874
hv_256_50_1463,0.0,0.0,0.0,0.0,0.6166176,0.21929003,0.16409233
hv_256_50_1464,0.0,0.00041914976,0.0,0.0,0.671252,0.0,0.32832882
hv_256_50_1465,0.0,0.04180782,0.0,0.0,0.73584205,0.0,0.22235017
hv_256_50_1466,0.0,0.12942787,0.0,0.0,0.7023124,0.13909134,0.029168373
hv_256_50_1467,0.0,0.18345937,0.0,0.0,0.5099799,0.30606282,0.0004979194
hv_256_50_1468,0.0,0.095487446,0.0,0.0,0.66381526,0.2132492,0.027448095
hv_256_50_1469,0.0,6.7259025e-05,0.0,0.0,0.81399465,0.046277735,0.13966034
hv_256_50_1470,0.022104803,0.0,0.0,0.0,0.8052194,0.05533572,0.117340066
hv_256_50_1471,0.069833145,0.0,0.0,0.0,0.7415379,0.05533572,0.13329321
hv_256_50_1472,0.058932446,0.0,0.0,0.0,0.7322564,0.006932733,0.2018784
hv_256_50_1473,0.011204103,0.0,0.0,0.0,0.69303054,0.1688152,0.12695014
hv_256_50_1474,0.0,0.017188268,0.0,0.0,0.33695918,0.53207743,0.11377509
hv_256_50_1475,0.0,0.04770594,0.0,0.0,0.12131334,0.59889406,0.23208666
hv_256_50_1476,0.0,0.04629904,0.0,0.0,0.07123368,0.27504647,0.6074208
hv_256_50_1477,0.0,0.01578137,0.0,0.0,0.026290542,0.25009826,0.70782983
hv_256_50_1478,0.0,0.0,0.0,0.0,0.26494044,0.20375085,0.5313087
hv_256_50_1479,0.0,0.0,0.0,0.0,0.2522505,0.0,0.7477495
hv_256_50_1480,0.0,0.0062512876,0.0,0.0,0.011601478,0.0,0.9821472
hv_256_50_1481,0.0,0.3972874,0.0,0.0,0.0,0.0,0.60271263
hv_256_50_1482,0.012872066,0.57534856,0.0,0.0,0.0,0.0,0.41177937
hv_256_50_1483,0.077141955,0.30896127,0.0,0.0,0.0,0.0,0.6138968
hv_256_50_1484,0.064269885,0.12464881,0.0,0.0,0.0,0.0,0.8110813
hv_256_50_1485,0.0,0.0,0.0,0.0,0.0,0.0,1.0
hv_256_50_1486,0.0,0.0,0.0,0.0,0.0,0.0,1.0
hv_256_50_1487,0.0,0.0,0.0,0.0,0.0041495743,0.0,0.99585044
hv_256_50_1488,0.0,0.0,0.0,0.0,0.038689453,0.0,0.96131057
hv_256_50_1489,0.0,0.0,0.0,0.0,0.049532212,0.014248249,0.9362195
hv_256_50_1490,0.0,0.0,0.0,0.0,0.21887736,0.13277306,0.6483496
hv_256_50_1491,0.0,0.0,0.0,0.0,0.41251084,0.20604472,0.38144445
hv_256_50_1492,0.0,0.0,0.0,0.0,0.28265858,0.15464067,0.56270075
hv_256_50_1493,0.0,0.0,0.0,0.0,0.12508819,0.06712076,0.80779105
hv_256_50_1494,0.0,0.0,0.0,0.0,0.051055416,0.0,0.94894457
hv_256_50_1495,0.0,0.0,0.0,0.0,0.0,0.0,1.0
hv_256_50_1496,0.0,0.0,0.0,0.0,0.0,0.0,1.0
hv_256_50_1497,7.4395255e-05,0.0,0.0,0.0,0.0,0.0,0.9999256
hv_256_50_1498,0.05628391,0.0,0.0,0.0,0.0,0.0,0.9437161
hv_256_50_1499,0.07690359,0.0,0.0,0.0,0.0,0.0,0.9230964
hv_256_50_1500,0.03818281,0.0,0.0,0.0,0.0,0.0,0.9618172
hv_256_50_1501,0.017488733,0.0,0.0,0.0,0.037974272,0.0,0.944537
hv_256_50_1502,0.0,0.0,0.0,0.0,0.08680135,0.0,0.91319865
hv_256_50_1503,0.0,0.0,0.0,0.0,0.04882708,0.0,0.95117295
hv_256_50_1504,0.0,0.0,0.0,0.0,0.0,0.0,1.0
hv_256_50_1505,0.0,0.0,0.0,0.0,0.025613934,0.0,0.9743861
hv_256_50_1506,0.0,0.0,0.0,0.0,0.1097305,0.0,0.8902695
hv_256_50_1507,0.0,0.0,0.0,0.0,0.23779418,0.0,0.76220584
hv_256_50_1508,0.004425882,0.0,0.0,0.0,0.20579967,0.0,0.7897745
hv_256_50_1509,0.06343062,0.0,0.0,0.0,0.05212206,0.0,0.88444734
hv_256_50_1510,0.06133287,0.0,0.0,0.0,0.0,0.0,0.9386671
hv_256_50_1511,0.0023281297,0.0,0.0,0.0,0.0,0.0,0.99767184
hv_256_50_1512,0.0,0.0,0.0,0.0,0.0,0.0,1.0
hv_256_50_1513,0.0,0.0030911018,0.0,0.0,0.0,0.0,0.9969089
hv_256_50_1514,0.014563999,0.29194567,0.0,0.0,0.0,0.0,0.6934903
hv_256_50_1515,0.058052707,0.6383687,0.0,0.0,0.0,0.0,0.3035786
hv_256_50_1516,0.061023742,0.5470563,0.0,0.0,0.0,0.0,0.39191994
hv_256_50_1517,0.017535035,0.47557318,0.0,0.0,0.0,0.0,0.5068918
hv_256_50_1518,0.0,0.46267593,0.0,0.0,0.0,0.0,0.5373241
hv_256_50_1519,0.026769813,0.07701539,0.0,0.0,0.5498595,0.09261973,0.2537355
hv_256_50_1520,0.0,0.056101885,0.0,0.0,0.48480546,0.02947349,0.42961916
hv_256_50_1521,0.0,0.012795432,0.0,0.0,0.5014582,0.0,0.48574635
hv_256_50_1522,0.0,0.015848018,0.0,0.0,0.56168383,0.0,0.4224682
hv_256_50_1523,0.0,0.00789975,0.0,0.0,0.29989636,0.0,0.6922039
hv_256_50_1524,0.011868969,0.0,0.0,0.0,0.077567026,0.0,0.910564
hv_256_50_1525,0.07645529,0.0,0.0,0.0,0.1621311,0.0,0.76141363
hv_256_50_1526,0.06835174,0.02167598,0.0,0.0,0.39206108,0.0,0.5179112
hv_256_50_1527,0.003765419,0.06275262,0.0,0.0,0.69433177,0.0,0.2391502
hv_256_50_1528,0.0069521684,0.14785545,0.0,0.0,0.80295926,0.0,0.042233158
hv_256_50_1529,0.0069521684,0.1409752,0.0,0.0,0.7822882,0.0,0.069784425
hv_256_50_1530,0.0,0.0341964,0.0,0.0,0.67149615,0.15925233,0.13505515
hv_256_50_1531,0.0,0.0,0.0,0.0,0.58882093,0.3104635,0.10071562
hv_256_50_1532,0.0,0.0,0.0,0.0,0.76891774,0.15121116,0.079871096
hv_256_50_1533,0.0,0.0,0.0,0.0,0.68722785,0.0,0.31277213
hv_256_50_1534,0.0,0.0,0.0,0.0,0.6778143,0.0,0.32218567
hv_256_50_1535,0.0,0.042441893,0.0,0.0,0.69241834,0.18751082,0.07762897
hv_256_50_1536,0.0,0.13862428,0.0,0.0,0.33841136,0.49917513,0.023789229
hv_256_50_1537,0.0,0.09889283,0.0,0.0,0.39154986,0.5072106,0.0023467068
hv_256_50_1538,0.0,0.0027104437,0.0,0.0,0.6712084,0.25631142,0.06976977
hv_256_50_1539,0.0029000533,0.0,0.0,0.0,0.8643733,0.060765125,0.07196149
hv_256_50_1540,0.21946125,0.0,0.0,0.0,0.7760003,0.0,0.004538427
hv_256_50_1541,0.25676575,0.0,0.0,0.0,0.7431892,0.0,4.5032546e-05
hv_256_50_1542,0.04020455,0.00034947335,0.0,0.0,0.90828156,0.00012678224,0.051037658
hv_256_50_1543,0.0,0.00034947335,0.0,0.0,0.70561147,0.19105388,0.102985166
hv_256_50_1544,0.0,0.009943595,0.0,0.0,0.4946546,0.38660264,0.10879918
hv_256_50_1545,0.0,0.012720213,0.0,0.0,0.41148302,0.26578417,0.31001258
hv_256_50_1546,0.0,0.0027766179,0.0,0.0,0.21847644,0.19251181,0.5862351
hv_256_50_1547,0.0,0.0,0.0,0.0,0.2922088,0.12240315,0.58538806
hv_256_50_1548,0.0,0.0,0.0,0.0,0.2592426,0.0,0.7407574
hv_256_50_1549,0.0,0.070997626,0.0,0.0,0.011601478,0.0,0.9174009
hv_256_50_1550,0.0,0.47350782,0.0,0.0,0.0,0.0,0.5264922
hv_256_50_1551,0.024120381,0.46738246,0.0,0.0,0.0,0.0042601046,0.50423706
hv_256_50_1552,0.06487647,0.082733355,0.0,0.0,0.0,0.1628223,0.68956786
hv_256_50_1553,0.040756084,0.017861104,0.0,0.0,0.0,0.2840281,0.6573547
hv_256_50_1554,0.0,0.0,0.0,0.0,0.0,0.13134891,0.8686511
hv_256_50_1555,0.0,0.0,0.0,0.0,0.0,0.0058830124,0.99411696
hv_256_50_1556,0.0,0.0,0.0,0.0,0.0,0.0,1.0
hv_256_50_1557,0.0,0.0,0.0,0.0,0.004203926,0.0,0.9957961
hv_256_50_1558,0.0,0.0,0.0,0.0,0.004203926,0.013098359,0.9826977
hv_256_50_1559,0.0,0.0,0.0,0.0,0.096061766,0.13914831,0.76478994
hv_256_50_1560,0.0,0.0,0.0,0.0,0.2541715,0.14460269,0.60122585
hv_256_50_1561,0.0,0.0,0.0,0.0,0.38414344,0.019643389,0.59621316
hv_256_50_1562,0.0,0.0,0.0,0.0,0.403615,0.0010906495,0.59529436
hv_256_50_1563,0.0,0.0,0.0,0.0,0.17758125,0.0,0.82241875
hv_256_50_1564,0.0,0.0,0.0,0.0,0.0,0.0,1.0
hv_256_50_1565,0.0,0.0,0.0,0.0,0.016338808,0.0,0.9836612
hv_256_50_1566,0.014809898,0.0,0.0,0.0,0.020608423,0.0,0.96458167
hv_256_50_1567,0.04111596,0.0,0.0,0.0,0.0042696144,0.0,0.9546144
hv_256_50_1568,0.04671754,0.0,0.0,0.0,0.0,0.0,0.9532825
hv_256_50_1569,0.037900213,0.0,0.0,0.0,0.0,0.0,0.9620998
hv_256_50_1570,0.017488733,0.0,0.0,0.0,0.0,0.0,0.9825113
hv_256_50_1571,0.0,0.0,0.0,0.0,0.0,0.0,1.0
hv_256_50_1572,0.0,0.0,0.0,0.0,0.0,0.0,1.0
hv_256_50_1573,0.0,0.0,0.0,0.0,0.0,0.0,1.0
hv_256_50_1574,0.0,0.0,0.0,0.0,0.0,0.0,1.0
hv_256_50_1575,0.0,0.0,0.0,0.0,0.0012376447,0.0,0.99876237
hv_256_50_1576,0.0,0.0,0.0,0.0,0.021998964,0.0,0.97800106
hv_256_50_1577,0.0,0.0,0.0,0.0,0.020761319,0.0,0.9792387
hv_256_50_1578,0.059305947,0.0,0.0,0.0,0.0,0.0,0.94069403
hv_256_50_1579,0.08110999,0.0,0.0,0.0,0.0,0.0,0.91889
hv_256_50_1580,0.03977911,0.0,0.0,0.0,0.0,0.0,0.9602209
hv_256_50_1581,0.036098875,0.0,0.0,0.0,0.0,0.0,0.9639011
hv_256_50_1582,0.018123807,0.0,0.0,0.0,0.0,0.0,0.9818762
hv_256_50_1583,0.02110273,0.11568108,0.0,0.0,0.0,0.0,0.8632162
hv_256_50_1584,0.04905633,0.55011624,0.0,0.0,0.0,0.0,0.4008274
hv_256_50_1585,0.027953599,0.7692608,0.0,0.0,0.0,0.0,0.20278561
hv_256_50_1586,0.0,0.5190318,0.0,0.0,0.0,0.0,0.48096815
hv_256_50_1587,0.0,0.20825234,0.0,0.0,0.0,0.0,0.7917476
hv_256_50_1588,0.0,0.047608387,0.0,0.0,0.7311088,0.15319832,0.06808453
hv_256_50_1589,0.0,0.08509571,0.0,0.0,0.7687096,0.106711924,0.039482784
hv_256_50_1590,0.0,0.1283761,0.0,0.0,0.7559082,0.058583405,0.057132334
hv_256_50_1591,0.0,0.1146158,0.0,0.0,0.75610685,0.0035752566,0.12570211
hv_256_50_1592,0.0,0.029201685,0.0,0.0,0.5018954,0.13707769,0.3318252
hv_256_50_1593,0.0070424206,0.038933482,0.0,0.0,0.37501296,0.15747881,0.42153233
hv_256_50_1594,0.05858819,0.042099487,0.0,0.0,0.572744,0.023976378,0.30259195
hv_256_50_1595,0.055886917,0.0031660045,0.0,0.0,0.6320735,0.0,0.30887356
hv_256_50_1596,0.004341148,0.028803648,0.0,0.0,0.71142775,0.02309929,0.23232822
hv_256_50_1597,0.0069521684,0.09649745,0.0,0.0,0.8414479,0.02681558,0.028286917
hv_256_50_1598,0.0069521684,0.10869063,0.0,0.0,0.8806409,0.0037162905,0.0
hv_256_50_1599,0.0,0.04185812,0.0,0.0,0.8464063,0.0,0.11173559
hv_256_50_1600,0.0,0.0008612911,0.0,0.0,0.794745,0.0,0.20439366
hv_256_50_1601,0.0,0.0,0.0,0.0,0.8970284,0.0,0.10297163
hv_256_50_1602,0.0,0.0,0.0,0.0,0.7532552,0.0,0.24674484
hv_256_50_1603,0.0,0.0,0.0,0.0,0.72853637,0.0,0.27146363
hv_256_50_1604,0.0,0.04538555,0.0,0.0,0.65189815,0.21332864,0.089387685
hv_256_50_1605,0.0,0.11745457,0.0,0.0,0.21231163,0.61587846,0.05435533
hv_256_50_1606,0.021227183,0.11361475,0.0,0.0,0.21590008,0.64925796,0.0
hv_256_50_1607,0.046895992,0.041545723,0.0,0.0,0.60408455,0.30747327,4.675985e-07
hv_256_50_1608,0.025668811,0.0,0.0,0.0,0.847957,0.060765125,0.06560907
hv_256_50_1609,0.16943273,0.0,0.0,0.0,0.76198435,0.0,0.06858296
hv_256_50_1610,0.20012036,0.0,0.0,0.0,0.7955987,0.0,0.00428092
hv_256_50_1611,0.030687628,0.025516367,0.0,0.0,0.9370403,0.0,0.0067556803
hv_256_50_1612,0.0,0.03645932,0.0,0.0,0.7570999,0.013684342,0.19275638
hv_256_50_1613,0.0,0.010942955,0.0,0.0,0.4954907,0.20799305,0.2855733
hv_256_50_1614,0.0,0.0,0.0,0.0,0.6162007,0.23118739,0.15261196
hv_256_50_1615,0.0,0.0,0.0,0.0,0.50726867,0.07205257,0.42067876
hv_256_50_1616,0.0,0.0,0.0,0.0,0.16308732,0.03517389,0.8017388
hv_256_50_1617,0.0,0.03571793,0.0,0.0,0.06459406,0.0,0.899688
hv_256_50_1618,0.0,0.24476221,0.0,0.0,0.0,0.0,0.7552378
hv_256_50_1619,0.0,0.55575454,0.0,0.0,0.0,0.05335536,0.39089006
hv_256_50_1620,0.12653582,0.36738,0.0,0.0,0.0073460373,0.15798128,0.3407569
hv_256_50_1621,0.1818659,0.02066971,0.0,0.0,0.19178556,0.27868736,0.3269915
hv_256_50_1622,0.055330086,0.0,0.0,0.0,0.35267153,0.38129532,0.21070306
hv_256_50_1623,0.0,0.0,0.0,0.0,0.16823201,0.31335166,0.51841635
hv_256_50_1624,0.0,0.0,0.0,0.0,0.0,0.10611778,0.8938822
hv_256_50_1625,0.0,0.0,0.0,0.0,0.0,0.0,1.0
hv_256_50_1626,0.0,0.0,0.0,0.0,0.0,0.0,1.0
hv_256_50_1627,0.0,0.0,0.0,0.0,0.0,0.0,1.0
hv_256_50_1628,0.0,0.0,0.0,0.0,0.0,0.01014013,0.9898599
hv_256_50_1629,0.0,0.0,0.0,0.0,0.048576873,0.01014013,0.941283
hv_256_50_1630,0.0,0.0,0.0,0.0,0.23958968,0.0,0.7604103
hv_256_50_1631,0.0,0.0,0.0,0.0,0.3688696,0.0,0.6311304
hv_256_50_1632,0.0,0.0,0.0,0.0,0.18343557,0.0,0.81656444
hv_256_50_1633,0.0,0.0,0.0,0.0,0.016965246,0.0,0.98303473
hv_256_50_1634,0.0,0.0,0.0,0.0,0.15291245,0.0,0.84708756
hv_256_50_1635,0.014735503,0.0,0.0,0.0,0.19876704,0.0,0.7864975
hv_256_50_1636,0.017429853,0.0,0.0,0.0,0.057241045,0.0,0.9253291
hv_256_50_1637,0.0026943497,0.0,0.0,0.0,0.0,0.0,0.99730563
hv_256_50_1638,0.0,0.0,0.0,0.0,0.0,0.0,1.0
hv_256_50_1639,0.0,0.0,0.0,0.0,0.0,0.0,1.0
hv_256_50_1640,0.0,0.0,0.0,0.0,0.0,0.0,1.0
hv_256_50_1641,0.0,0.0,0.0,0.0,0.0,0.0,1.0
hv_256_50_1642,0.0,0.0,0.0,0.0,0.0,0.0,1.0
hv_256_50_1643,0.0,0.0,0.0,0.0,0.0,0.0,1.0
hv_256_50_1644,0.0,0.0,0.0,0.0,0.0,0.0,1.0
hv_256_50_1645,0.0,0.0,0.0,0.0,0.0,0.0,1.0
hv_256_50_1646,0.0,0.0,0.0,0.0,0.0,0.0,1.0
hv_256_50_1647,0.05271015,0.0,0.0,0.0,0.0,0.0,0.9472898
hv_256_50_1648,0.07451419,0.0,0.0,0.0,0.0,0.0,0.9254858
hv_256_50_1649,0.03977911,0.0,0.0,0.0,0.0,0.0,0.9602209
hv_256_50_1650,0.036098875,0.0,0.0,0.0,0.0018626825,0.0,0.96203846
hv_256_50_1651,0.018123807,0.0,0.0,0.0,0.021925047,0.0,0.95995116
hv_256_50_1652,0.006538731,0.0543049,0.0,0.0,0.020062365,0.0,0.919094
hv_256_50_1653,0.006538731,0.32738623,0.0,0.0,0.0,0.0,0.66607505
hv_256_50_1654,0.0,0.4673956,0.0,0.0,0.0,0.0,0.5326044
hv_256_50_1655,0.0,0.43334243,0.0,0.0,0.0,0.0,0.5666576
hv_256_50_1656,0.0,0.4486857,0.0,0.0,0.0,0.0,0.5513143
hv_256_50_1657,0.0,0.06372158,0.0,0.0,0.7879058,0.13199894,0.016373655
hv_256_50_1658,0.0,0.16503698,0.0,0.0,0.70117843,0.13378462,0.0
hv_256_50_1659,0.0,0.20456909,0.0,0.0,0.6784677,0.1169632,0.0
hv_256_50_1660,0.0,0.11200073,0.0,0.0,0.83802515,0.0499741,0.0
hv_256_50_1661,0.0,0.05491135,0.0,0.0,0.6607664,0.28069413,0.003628114
hv_256_50_1662,0.0,0.07634955,0.0,0.0,0.6437988,0.27437595,0.0054756897
hv_256_50_1663,0.0,0.053830698,0.0,0.0,0.9203394,0.023982305,0.0018475757
hv_256_50_1664,0.0005757289,0.004276657,0.0,0.0,0.9140867,0.0421131,0.038947828
hv_256_50_1665,0.0005757289,0.11002394,0.0,0.0,0.6617118,0.1887407,0.038947828
hv_256_50_1666,0.0,0.14934364,0.0,0.0,0.5316936,0.3189628,0.0
hv_256_50_1667,0.0,0.051120047,0.0,0.0,0.7352331,0.19457804,0.019068765
hv_256_50_1668,0.0,0.011550977,0.0,0.0,0.83018106,0.022242835,0.13602513
hv_256_50_1669,0.0,0.0008612911,0.0,0.0,0.77417666,0.0,0.224962
hv_256_50_1670,0.0,0.0,0.0,0.0,0.87126136,0.016809875,0.11192875
hv_256_50_1671,0.0,0.00037686375,0.0,0.0,0.82843196,0.016809875,0.15438128
hv_256_50_1672,0.0,0.00037686375,0.0,0.0,0.83710575,0.0,0.16251737
hv_256_50_1673,0.0,0.09184757,0.0,0.0,0.66556865,0.1994605,0.043123215
hv_256_50_1674,0.0,0.12513925,0.0,0.0,0.3723514,0.47144532,0.03106402
hv_256_50_1675,0.043623213,0.17600906,0.0,0.0,0.36206716,0.41830057,0.0
hv_256_50_1676,0.0708186,0.14937687,0.0,0.0,0.6334252,0.14631577,6.358655e-05
hv_256_50_1677,0.027195392,0.006659496,0.0,0.0,0.85256517,0.0,0.11357996
hv_256_50_1678,0.00059988373,0.0,0.0,0.0,0.8003232,0.0,0.19907694
hv_256_50_1679,0.0022870633,0.0,0.0,0.0,0.91084474,0.0,0.08686819
hv_256_50_1680,0.0016871796,0.025166892,0.0,0.0,0.92317885,0.0,0.049967073
hv_256_50_1681,0.0,0.09562405,0.0,0.0,0.64973783,0.011732879,0.24290523
hv_256_50_1682,0.0,0.07870631,0.0,0.0,0.46497357,0.19948183,0.2568383
hv_256_50_1683,0.0,0.025198959,0.0,0.0,0.69624615,0.20282814,0.075726785
hv_256_50_1684,0.0,0.01694981,0.0,0.0,0.55975085,0.24998379,0.17331557
hv_256_50_1685,0.0,0.0,0.0,0.0,0.10491411,0.3614323,0.53365356
hv_256_50_1686,0.0,0.03571793,0.0,0.0,0.0,0.12652771,0.83775437
hv_256_50_1687,0.006213343,0.17733721,0.0,0.0,0.0,0.0,0.81644946
hv_256_50_1688,0.034560643,0.3504727,0.0,0.0,0.0,0.064005986,0.55096066
hv_256_50_1689,0.17020911,0.3106796,0.0,0.0,0.03497711,0.23094416,0.25318998
hv_256_50_1690,0.19192307,0.14411226,0.0,0.0,0.3209153,0.2886527,0.054396678
hv_256_50_1691,0.05006126,0.042286023,0.0,0.0,0.5909364,0.31671628,0.0
hv_256_50_1692,0.0,0.0,0.0,0.0,0.37906674,0.46212786,0.1588054
hv_256_50_1693,0.0,0.0,0.0,0.0,0.0740685,0.31318933,0.6127422
hv_256_50_1694,0.0,0.0,0.0,0.0,0.0,0.046063233,0.95393676
hv_256_50_1695,0.0,0.0,0.0,0.0,0.0,0.0,1.0
hv_256_50_1696,0.0,0.0063304557,0.0,0.0,0.0,0.0,0.99366957
hv_256_50_1697,0.0,0.0063304557,0.0,0.0,0.0,0.0,0.99366957
hv_256_50_1698,0.0,0.0,0.0,0.0,0.021051005,0.0,0.978949
hv_256_50_1699,0.0,0.0,0.0,0.0,0.2184038,0.0,0.7815962
hv_256_50_1700,0.0,0.0,0.0,0.0,0.3914698,0.0,0.60853016
hv_256_50_1701,0.0,0.0,0.0,0.0,0.30549487,0.0,0.6945051
hv_256_50_1702,0.0,0.0,0.0,0.0,0.21366815,0.0,0.78633183
hv_256_50_1703,0.0,0.0,0.0,0.0,0.22767147,0.0,0.77232856
hv_256_50_1704,0.0,0.0,0.0,0.0,0.18172018,0.0,0.8182798
hv_256_50_1705,0.0,0.0,0.0,0.0,0.05633901,0.0,0.943661
hv_256_50_1706,0.0,0.0,0.0,0.0,0.0,0.0,1.0
hv_256_50_1707,0.0,0.0,0.0,0.0,0.0,0.0,1.0
hv_256_50_1708,0.0,0.0,0.0,0.0,0.0,0.0,1.0
hv_256_50_1709,0.0,0.0,0.0,0.0,0.0,0.0,1.0
hv_256_50_1710,0.0,0.0,0.0,0.0,0.0,0.0,1.0
hv_256_50_1711,0.0,0.0,0.0,0.0,0.0,0.0,1.0
hv_256_50_1712,0.0,0.0,0.0,0.0,0.0,0.0,1.0
hv_256_50_1713,0.0,0.0,0.0,0.0,0.0,0.0,1.0
hv_256_50_1714,0.0,0.0,0.0,0.0,0.0,0.0,1.0
hv_256_50_1715,0.0,0.0,0.0,0.0,0.0,0.0,1.0
hv_256_50_1716,0.027497515,0.0,0.0,0.0,0.0,0.0,0.97250247
hv_256_50_1717,0.027497515,0.0,0.0,0.0,0.0,0.0,0.97250247
hv_256_50_1718,0.0,0.0,0.0,0.0,0.0,0.0,1.0
hv_256_50_1719,0.0,0.0,0.0,0.0,0.0018626825,0.0,0.9981373
hv_256_50_1720,0.0,0.0,0.0,0.0,0.021925047,0.0,0.97807497
hv_256_50_1721,0.0,0.0,0.0,0.0,0.020062365,0.0,0.9799376
hv_256_50_1722,0.0,0.060692564,0.0,0.0,0.0,0.0,0.93930745
hv_256_50_1723,0.0,0.11483753,0.0,0.0,0.0,0.0,0.8851625
hv_256_50_1724,0.0,0.31357867,0.0,0.0,0.0,0.0,0.68642133
hv_256_50_1725,0.0,0.46829176,0.0,0.0,0.0,0.0,0.53170824
hv_256_50_1726,0.0,0.22072402,0.0,0.0,0.6401797,0.13909629,0.0
hv_256_50_1727,0.0,0.21132039,0.0,0.0,0.51756996,0.27110964,0.0
hv_256_50_1728,0.0,0.08898843,0.0,0.0,0.5759579,0.31512815,0.019925509
hv_256_50_1729,0.0,0.0053332,0.0,0.0,0.7760249,0.14229162,0.07635029
hv_256_50_1730,0.0,0.03609805,0.0,0.0,0.75856954,0.1489076,0.056424778
hv_256_50_1731,0.0092366105,0.05334202,0.0,0.0,0.8007643,0.13665707,0.0
hv_256_50_1732,0.012866513,0.017268779,0.0,0.0,0.8451596,0.10339017,0.02131497
hv_256_50_1733,0.0036299028,0.032389317,0.0,0.0,0.70451975,0.2269511,0.032509934
hv_256_50_1734,0.0,0.30871463,0.0,0.0,0.3426208,0.33653197,0.012132638
hv_256_50_1735,0.0,0.40080574,0.0,0.0,0.08587278,0.5123838,0.00093767414
hv_256_50_1736,0.0,0.13650134,0.0,0.0,0.3651814,0.47924852,0.019068765
hv_256_50_1737,0.0,0.012020882,0.0,0.0,0.70384496,0.1600699,0.124064244
hv_256_50_1738,0.0,0.0,0.0,0.0,0.825641,0.018571064,0.15578794
hv_256_50_1739,0.0,0.0,0.0,0.0,0.7467366,0.2024693,0.050794087
hv_256_50_1740,0.0,0.09446546,0.0,0.0,0.6846191,0.18738924,0.03352616
hv_256_50_1741,0.0,0.14766312,0.0,0.0,0.81242305,0.0041931444,0.035720665
hv_256_50_1742,0.027182534,0.16921668,0.0,0.0,0.55004686,0.2513578,0.0021961243
hv_256_50_1743,0.049027663,0.17154725,0.0,0.0,0.29013222,0.48929286,0.0
hv_256_50_1744,0.07628428,0.20719942,0.0,0.0,0.21798117,0.4915283,0.007006828
hv_256_50_1745,0.07847368,0.1583307,0.0,0.0,0.45434028,0.29911983,0.009735497
hv_256_50_1746,0.024034524,0.006659496,0.0,0.0,0.7928971,0.04622875,0.13018012
hv_256_50_1747,0.0,0.0,0.0,0.0,0.613646,0.0,0.38635403
hv_256_50_1748,0.0,0.0,0.0,0.0,0.6513047,0.07376933,0.27492595
hv_256_50_1749,0.0,0.032032326,0.0,0.0,0.71898043,0.18975352,0.059233703
hv_256_50_1750,0.0,0.09827016,0.0,0.0,0.56173354,0.21834147,0.12165479
hv_256_50_1751,0.0,0.074486986,0.0,0.0,0.69980043,0.12273736,0.10297523
hv_256_50_1752,0.0,0.025198959,0.0,0.0,0.914811,0.035459265,0.02453075
hv_256_50_1753,0.0,0.01694981,0.0,0.0,0.70340264,0.25862834,0.021019217
hv_256_50_1754,0.0,0.0,0.0,0.0,0.23680514,0.47046465,0.29273018
hv_256_50_1755,0.0,0.008959957,0.0,0.0,0.0013735271,0.22732426,0.7623423
hv_256_50_1756,0.006213343,0.062140264,0.0,0.0,0.0,0.00040875858,0.93123764
hv_256_50_1757,0.064599566,0.16126841,0.0,0.0,0.0,0.010650627,0.7634814
hv_256_50_1758,0.09712327,0.22201574,0.0,0.0,0.02763107,0.07722298,0.576007
hv_256_50_1759,0.039580006,0.2620571,0.0,0.0,0.12912975,0.27557042,0.29366273
hv_256_50_1760,0.0008429625,0.1481295,0.0,0.0,0.41899672,0.3795313,0.052499514
hv_256_50_1761,0.0,0.0,0.0,0.0,0.5817812,0.38632733,0.031891443
hv_256_50_1762,0.0,0.0,0.0,0.0,0.27142692,0.41874388,0.30982918
hv_256_50_1763,0.0,0.0,0.0,0.0,0.0071437475,0.20691147,0.78594476
hv_256_50_1764,0.0,0.00040768375,0.0,0.0,0.0,0.0042353943,0.9953569
hv_256_50_1765,0.0,0.09177808,0.0,0.0,0.0,0.0002737037,0.9079482
hv_256_50_1766,0.0,0.0913704,0.0,0.0,0.0,0.0,0.9086296
hv_256_50_1767,0.0,0.0,0.0,0.0,0.021051005,0.0,0.978949
hv_256_50_1768,0.0,0.0,0.0,0.0,0.24489132,0.0,0.75510865
hv_256_50_1769,0.0,0.0,0.0,0.0,0.41970173,0.0,0.58029824
hv_256_50_1770,0.0,0.0,0.0,0.0,0.3016605,0.0,0.6983395
hv_256_50_1771,0.0,0.0,0.0,0.0,0.1967029,0.0,0.8032971
hv_256_50_1772,0.0,0.0,0.0,0.0,0.09109781,0.0,0.90890217
hv_256_50_1773,0.0,0.0,0.0,0.0,0.0035615773,0.0,0.99643844
hv_256_50_1774,0.0,0.0,0.0,0.0,0.003367578,0.0,0.9966324
hv_256_50_1775,0.0,0.0,0.0,0.0,0.0,0.0,1.0
hv_256_50_1776,0.0,0.0,0.0,0.0,0.0,0.0,1.0
hv_256_50_1777,0.0,0.0,0.0,0.0,0.0,0.0,1.0
hv_256_50_1778,0.0,0.0,0.0,0.0,0.0,0.0,1.0
hv_256_50_1779,0.0,0.0,0.0,0.0,0.0,0.0,1.0
hv_256_50_1780,0.0,0.0,0.0,0.0,0.0,0.0,1.0
hv_256_50_1781,0.0,0.0,0.0,0.0,0.0,0.0,1.0
hv_256_50_1782,0.0,0.0,0.0,0.0,0.0,0.0,1.0
hv_256_50_1783,0.0,0.0,0.0,0.0,0.0,0.0,1.0
hv_256_50_1784,0.0,0.0,0.0,0.0,0.0,0.0,1.0
hv_256_50_1785,0.008274942,0.0,0.0,0.0,0.0,0.0,0.9917251
hv_256_50_1786,0.008274942,0.0,0.0,0.0,0.0,0.0,0.9917251
hv_256_50_1787,0.0,0.0,0.0,0.0,0.0,0.0,1.0
hv_256_50_1788,0.0,0.0,0.0,0.0,0.0,0.0,1.0
hv_256_50_1789,0.0,0.0,0.0,0.0,0.0,0.0,1.0
hv_256_50_1790,0.0,0.0,0.0,0.0,0.0,0.0,1.0
hv_256_50_1791,0.0,0.0,0.0,0.0,0.0,0.0,1.0
hv_256_50_1792,0.0,0.0,0.0,0.0,0.0,0.0,1.0
hv_256_50_1793,0.0,0.06760253,0.0,0.0,0.0,0.0,0.9323975
hv_256_50_1794,0.0,0.08991376,0.0,0.0,0.0,0.0,0.9100862
hv_256_50_1795,0.0,0.16517603,0.0,0.0,0.5635349,0.27128905,0.0
hv_256_50_1796,0.0,0.09257183,0.0,0.0,0.44440553,0.45884916,0.0041734725
hv_256_50_1797,0.0,0.0,0.0,0.0,0.45889497,0.5002851,0.040819954
hv_256_50_1798,0.0,0.0,0.0,0.0,0.5388251,0.3498947,0.11128019
hv_256_50_1799,0.0,0.010388386,0.0,0.0,0.5925833,0.3187831,0.07824519
hv_256_50_1800,0.026563363,0.015925951,0.0,0.0,0.5472913,0.30775055,0.10246888
hv_256_50_1801,0.030193267,0.005537566,0.0,0.0,0.37990072,0.21842244,0.365946
hv_256_50_1802,0.0036299028,0.031278662,0.0,0.0,0.2477435,0.19840819,0.51893973
hv_256_50_1803,0.0,0.36216065,0.0,0.0,0.10631266,0.18023437,0.3512923
hv_256_50_1804,0.010457242,0.4868445,0.0,0.0,0.034967944,0.22023985,0.24749045
hv_256_50_1805,0.010457242,0.16821155,0.0,0.0,0.2518236,0.4089465,0.1605611
hv_256_50_1806,0.0,0.012249036,0.0,0.0,0.64667284,0.26745993,0.07361818
hv_256_50_1807,0.0,0.0,0.0,0.0,0.88591754,0.027647492,0.08643499
hv_256_50_1808,0.0,0.0,0.0,0.0,0.78901196,0.18565942,0.025328629
hv_256_50_1809,0.0,0.09408859,0.0,0.0,0.7353321,0.17057936,0.0
hv_256_50_1810,0.0,0.14728625,0.0,0.0,0.84852064,0.0041931444,0.0
hv_256_50_1811,0.027182534,0.10347843,0.0,0.0,0.6446621,0.22454888,0.00012807829
hv_256_50_1812,0.049027663,0.18120918,0.0,0.0,0.20959403,0.5054539,0.05471527
hv_256_50_1813,0.05388825,0.2308928,0.0,0.0,0.07022821,0.45445004,0.19054069
hv_256_50_1814,0.08199433,0.0999644,0.0,0.0,0.32276556,0.34508774,0.15018797
hv_256_50_1815,0.049951207,0.0,0.0,0.0,0.65679425,0.19238356,0.10087098
hv_256_50_1816,0.0,0.0,0.0,0.0,0.71690345,0.020138737,0.26295778
hv_256_50_1817,0.0,0.0,0.0,0.0,0.6940265,0.07376933,0.23220411
hv_256_50_1818,0.0,0.045029648,0.0,0.0,0.6494658,0.21240187,0.093102716
hv_256_50_1819,0.0,0.074928574,0.0,0.0,0.40764347,0.44274434,0.07468362
hv_256_50_1820,0.0,0.029898927,0.0,0.0,0.50743294,0.37546334,0.087204814
hv_256_50_1821,0.0,0.013192751,0.0,0.0,0.8353407,0.08789343,0.06357314
hv_256_50_1822,0.0,0.013192751,0.0,0.0,0.8316663,0.123660065,0.031480905
hv_256_50_1823,0.0,0.0019540738,0.0,0.0,0.40190205,0.35710597,0.23903789
hv_256_50_1824,0.0,0.12751791,0.0,0.0,0.02666906,0.26604614,0.57976687
hv_256_50_1825,0.0,0.29574585,0.0,0.0,0.0,0.016058303,0.6881958
hv_256_50_1826,0.053517077,0.21592714,0.0,0.0,0.0,0.0,0.7305558
hv_256_50_1827,0.055629935,0.057846524,0.0,0.0,0.0,0.0,0.8865235
hv_256_50_1828,0.021967232,0.23052652,0.0,0.0,0.0,0.15526557,0.5922407
hv_256_50_1829,0.019854374,0.22496912,0.0,0.0,0.2149329,0.42181996,0.11842364
hv_256_50_1830,0.0,0.0065439846,0.0,0.0,0.62274235,0.34786236,0.02285128
hv_256_50_1831,0.0,0.0,0.0,0.0,0.56383985,0.30636856,0.1297916
hv_256_50_1832,0.0,0.0,0.0,0.0,0.17017484,0.44998592,0.37983924
hv_256_50_1833,0.0,0.0004852337,0.0,0.0,0.014144483,0.40964103,0.57572925
hv_256_50_1834,0.0,0.14375687,0.0,0.0,0.0,0.19505191,0.6611912
hv_256_50_1835,0.0,0.16663562,0.0,0.0,0.0,0.010336205,0.82302815
hv_256_50_1836,0.0,0.023363987,0.0,0.0,0.0,0.0,0.976636
hv_256_50_1837,0.0,0.0,0.0,0.0,0.065568775,0.0,0.93443125
hv_256_50_1838,0.0,0.0,0.0,0.0,0.11906038,0.0,0.8809396
hv_256_50_1839,0.0,0.0,0.0,0.0,0.05349161,0.0,0.9465084
hv_256_50_1840,0.0,0.0,0.0,0.0,0.0,0.0,1.0
hv_256_50_1841,0.0,0.0,0.0,0.0,0.0,0.0,1.0
hv_256_50_1842,0.0,0.0,0.0,0.0,0.0,0.0,1.0
hv_256_50_1843,0.0,0.0,0.0,0.0,0.0018957282,0.0,0.9981043
hv_256_50_1844,0.0,0.0,0.0,0.0,0.015912598,0.0,0.9840874
hv_256_50_1845,0.0,0.014455736,0.0,0.0,0.053945154,0.0,0.93159914
hv_256_50_1846,0.0,0.022839727,0.0,0.0,0.058014914,0.0,0.91914535
hv_256_50_1847,0.0,0.008383991,0.0,0.0,0.018086633,0.0,0.9735294
hv_256_50_1848,0.0,0.0,0.0,0.0,0.0,0.0,1.0
hv_256_50_1849,0.0,0.0,0.0,0.0,0.0,0.0,1.0
hv_256_50_1850,0.0,0.0,0.0,0.0,0.0,0.0,1.0
hv_256_50_1851,0.0,0.0,0.0,0.0,0.0,0.0,1.0
hv_256_50_1852,0.0,0.0,0.0,0.0,0.0,0.0,1.0
hv_256_50_1853,0.0,0.0,0.0,0.0,0.0,0.0,1.0
hv_256_50_1854,0.0,0.0,0.0,0.0,0.0,0.0,1.0
hv_256_50_1855,0.0,0.0,0.0,0.0,0.0,0.0,1.0
hv_256_50_1856,0.0,0.0,0.0,0.0,0.0,0.0,1.0
hv_256_50_1857,0.0,0.0,0.0,0.0,0.0,0.0,1.0
hv_256_50_1858,0.0,0.0,0.0,0.0,0.0,0.0,1.0
hv_256_50_1859,0.0,0.0,0.0,0.0,0.0,0.0,1.0
hv_256_50_1860,0.0,0.0,0.0,0.0,0.0,0.0,1.0
hv_256_50_1861,0.0,0.0,0.0,0.0,0.0,0.0,1.0
hv_256_50_1862,0.0,0.014237509,0.0,0.0,0.0,0.0,0.9857625
hv_256_50_1863,0.0,0.014237509,0.0,0.0,0.0,0.0,0.9857625
hv_256_50_1864,0.0,0.008173602,0.0,0.0,0.6201645,0.2996748,0.071987055
hv_256_50_1865,0.0,0.008173602,0.0,0.0,0.55078477,0.319094,0.12194763
hv_256_50_1866,0.0,0.0,0.0,0.0,0.52901274,0.33442742,0.13655981
hv_256_50_1867,0.0,0.0,0.0,0.0,0.454753,0.4339728,0.11127417
hv_256_50_1868,0.014112281,0.0,0.0,0.0,0.2787737,0.4644896,0.24262443
hv_256_50_1869,0.038315717,0.0,0.0,0.0,0.09221376,0.33011162,0.5393589
hv_256_50_1870,0.024203435,3.9921055e-05,0.0,0.0,0.02300401,0.1161934,0.83655924
hv_256_50_1871,0.0,0.009543262,0.0,0.0,0.0,0.013570173,0.9768866
hv_256_50_1872,0.0,0.21854588,0.0,0.0,0.0,0.0093438085,0.7721103
hv_256_50_1873,0.010457242,0.26956424,0.0,0.0,0.030968495,3.295723e-06,0.68900675
hv_256_50_1874,0.010457242,0.061492667,0.0,0.0,0.17296237,0.1833321,0.57175565
hv_256_50_1875,0.0,0.0009709799,0.0,0.0,0.5793904,0.22368266,0.19595598
hv_256_50_1876,0.0,0.0,0.0,0.0,0.8060658,0.14635596,0.047578257
hv_256_50_1877,0.0,0.0,0.0,0.0,0.8314022,0.14326918,0.025328629
hv_256_50_1878,0.0,0.0,0.0,0.0,0.9627329,0.037267074,0.0
hv_256_50_1879,0.0,0.0,0.0,0.0,1.0,0.0,0.0
hv_256_50_1880,0.0,0.0,0.0,0.0,0.7739648,0.1794971,0.046538115
hv_256_50_1881,0.0,0.081895486,0.0,0.0,0.2739648,0.30276567,0.34137404
hv_256_50_1882,0.0,0.20116478,0.0,0.0,0.07406148,0.13295056,0.5918232
hv_256_50_1883,0.048265196,0.1378597,0.0,0.0,0.19873756,0.22537936,0.38975817
hv_256_50_1884,0.048265196,0.018590411,0.0,0.0,0.55999625,0.262944,0.11020413
hv_256_50_1885,0.0,0.0,0.0,0.0,0.84903026,0.047246624,0.10372317
hv_256_50_1886,0.0,0.0,0.0,0.0,0.84924495,0.0,0.15075506
hv_256_50_1887,0.0,0.012997322,0.0,0.0,0.8278185,0.022648346,0.13653585
hv_256_50_1888,0.0,0.036172614,0.0,0.0,0.6305575,0.23242669,0.10084319
hv_256_50_1889,0.0,0.023175292,0.0,0.0,0.5558774,0.2811079,0.13983938
hv_256_50_1890,0.0,0.013192751,0.0,0.0,0.73781496,0.10013107,0.14886124
hv_256_50_1891,0.0,0.015743714,0.0,0.0,0.8090981,0.10901826,0.06613989
hv_256_50_1892,0.0,0.0045050373,0.0,0.0,0.5294953,0.27053657,0.19546308
hv_256_50_1893,0.0,0.13407247,0.0,0.0,0.14076377,0.20596936,0.5191944
hv_256_50_1894,0.0,0.39903587,0.0,0.0,0.00015513967,0.015649544,0.5851594
hv_256_50_1895,0.04016842,0.34167016,0.0,0.0,0.0,0.0,0.61816144
hv_256_50_1896,0.04016842,0.07475268,0.0,0.0,0.0,0.034750417,0.85032845
hv_256_50_1897,0.019011412,0.11258167,0.0,0.0,9.436594e-06,0.33286256,0.5355349
hv_256_50_1898,0.019011412,0.11912566,0.0,0.0,0.04268284,0.74889475,0.07028535
hv_256_50_1899,0.0,0.0065439846,0.0,0.0,0.27993095,0.71352506,0.0
hv_256_50_1900,0.0,0.0,0.0,0.0,0.5417097,0.3519074,0.106382854
hv_256_50_1901,0.0,0.0,0.0,0.0,0.5321709,0.32355386,0.14427522
hv_256_50_1902,0.0011646076,7.754993e-05,0.0,0.0,0.25667953,0.638375,0.10370333
hv_256_50_1903,0.018894885,0.060870178,0.0,0.0,0.028960815,0.4322692,0.45900494
hv_256_50_1904,0.017730277,0.20287114,0.0,0.0,0.0,0.028283104,0.7511155
hv_256_50_1905,0.0,0.2059029,0.0,0.0,0.0,0.0,0.7940971
hv_256_50_1906,0.0,0.081825584,0.0,0.0,6.9414455e-05,0.0,0.918105
hv_256_50_1907,0.0,0.01800119,0.0,0.0,0.00048565664,0.0,0.98151314
hv_256_50_1908,0.0,0.0,0.0,0.0,0.00041624217,0.0,0.9995838
hv_256_50_1909,0.0,0.0,0.0,0.0,0.0,0.0,1.0
hv_256_50_1910,0.0,0.0,0.0,0.0,0.0,0.0,1.0
hv_256_50_1911,0.0,0.0,0.0,0.0,0.0,0.0,1.0
hv_256_50_1912,0.0,0.0,0.0,0.0,0.09075557,0.0,0.9092444
hv_256_50_1913,0.0,0.0,0.0,0.0,0.26458657,0.0,0.73541343
hv_256_50_1914,0.0,0.014455736,0.0,0.0,0.27810138,0.0,0.7074429
hv_256_50_1915,0.0,0.022839727,0.0,0.0,0.122357026,0.0,0.85480326
hv_256_50_1916,0.0,0.008383991,0.0,0.0,0.018086633,0.0,0.9735294
hv_256_50_1917,0.0,0.0,0.0,0.0,0.0,0.0,1.0
hv_256_50_1918,0.0,0.0,0.0,0.0,0.0,0.0,1.0
hv_256_50_1919,0.0,0.0,0.0,0.0,0.0,0.0,1.0
hv_256_50_1920,0.0,0.0,0.0,0.0,0.0,0.0,1.0
hv_256_50_1921,0.0,0.0,0.0,0.0,0.0,0.0,1.0
hv_256_50_1922,0.0,0.0,0.0,0.0,0.0,0.0,1.0
hv_256_50_1923,0.0,0.0,0.0,0.0,0.0,0.0,1.0
hv_256_50_1924,0.0,0.0,0.0,0.0,0.0,0.0,1.0
hv_256_50_1925,0.0,0.0,0.0,0.0,0.0,0.0,1.0
hv_256_50_1926,0.007896383,0.0,0.0,0.0,0.0,0.0,0.99210364
hv_256_50_1927,0.007896383,0.0,0.0,0.0,0.0,0.0,0.99210364
hv_256_50_1928,0.0,0.0,0.0,0.0,0.0,0.0,1.0
hv_256_50_1929,0.0,0.0,0.0,0.0,0.0,0.0,1.0
hv_256_50_1930,0.0,0.0,0.0,0.0,0.0,0.0,1.0
hv_256_50_1931,0.0,0.0,0.0,0.0,0.0,0.0,1.0
hv_256_50_1932,0.0,0.0,0.0,0.0,0.0,0.0,1.0
hv_256_50_1933,0.0,0.0,0.0,0.0,0.3876573,0.4785149,0.13382782
hv_256_50_1934,0.0,0.0,0.0,0.0,0.37827277,0.43122792,0.1904993
hv_256_50_1935,0.0,0.0,0.0,0.0,0.41690972,0.36299258,0.2200977
hv_256_50_1936,0.017242037,0.0,0.0,0.0,0.440343,0.3079176,0.2344974
hv_256_50_1937,0.033216648,0.0,0.0,0.0,0.23775266,0.1985848,0.5304459
hv_256_50_1938,0.022851292,0.0,0.0,0.0,0.00077789254,0.048102323,0.9282685
hv_256_50_1939,0.006876682,0.0025599643,0.0,0.0,0.0039945664,0.0011551982,0.9854136
hv_256_50_1940,0.0,0.033853207,0.0,0.0,0.0032166736,0.0,0.96293014
hv_256_50_1941,0.0,0.16693991,0.0,0.0,0.0,0.0,0.8330601
hv_256_50_1942,0.0,0.15702225,0.0,0.0,0.0,0.0,0.84297776
hv_256_50_1943,0.0,0.021375572,0.0,0.0,0.026033103,0.06277237,0.88981897
hv_256_50_1944,0.0,0.0,0.0,0.0,0.3251116,0.1589945,0.51589394
hv_256_50_1945,0.0,0.0,0.0,0.0,0.57619685,0.31910375,0.104699396
hv_256_50_1946,0.0,0.0,0.0,0.0,0.5809835,0.4190165,0.0
hv_256_50_1947,0.0,0.0,0.0,0.0,0.7854772,0.21452278,0.0
hv_256_50_1948,0.0,0.0,0.0,0.0,0.9790617,0.01838792,0.0025503715
hv_256_50_1949,0.0,0.0,0.0,0.0,0.6572747,0.13738918,0.20533611
hv_256_50_1950,0.0,0.0064953174,0.0,0.0,0.15982509,0.14064513,0.69303447
hv_256_50_1951,0.0,0.07459211,0.0,0.0,0.014865423,0.0032559442,0.9072865
hv_256_50_1952,0.050024178,0.1731041,0.0,0.0,0.07596583,0.122979134,0.57792675
hv_256_50_1953,0.053776007,0.1050073,0.0,0.0,0.37419772,0.2957896,0.17122933
hv_256_50_1954,0.0037518283,0.0,0.0,0.0,0.5918723,0.3077505,0.096625425
hv_256_50_1955,0.0,0.0,0.0,0.0,0.6845814,0.20452896,0.11088964
hv_256_50_1956,0.0,0.024345368,0.0,0.0,0.7179631,0.16313577,0.09455576
hv_256_50_1957,0.0,0.043586724,0.0,0.0,0.600756,0.1218445,0.2338128
hv_256_50_1958,0.0,0.022606289,0.0,0.0,0.6624028,0.054284077,0.26070684
hv_256_50_1959,0.0,0.003364935,0.0,0.0,0.72412163,0.038700655,0.23381275
hv_256_50_1960,0.0,0.013800626,0.0,0.0,0.6902192,0.1287838,0.16719632
hv_256_50_1961,0.0,0.035748694,0.0,0.0,0.5786767,0.17173761,0.21383703
hv_256_50_1962,0.0,0.103349425,0.0,0.0,0.28189594,0.18889445,0.42586017
hv_256_50_1963,0.0,0.39626184,0.0,0.0,0.043120332,0.21557407,0.34504375
hv_256_50_1964,0.034002617,0.49498606,0.0,0.0,0.0,0.082583494,0.38842785
hv_256_50_1965,0.034002617,0.18012553,0.0,0.0,0.0,0.096012436,0.6898594
hv_256_50_1966,0.0,0.0,0.0,0.0,0.09569905,0.49570572,0.40859523
hv_256_50_1967,0.0,0.0,0.0,0.0,0.27235472,0.69690996,0.030735314
hv_256_50_1968,0.0,0.0,0.0,0.0,0.21147546,0.7621611,0.02636347
hv_256_50_1969,0.0,0.0,0.0,0.0,0.31964746,0.554935,0.12541755
hv_256_50_1970,0.0,0.0,0.0,0.0,0.666347,0.18336809,0.15028484
hv_256_50_1971,0.0032286872,0.0,0.0,0.0,0.43247795,0.4069852,0.15730816
hv_256_50_1972,0.042267606,0.0031263481,0.0,0.0,0.05095855,0.3313188,0.5723287
hv_256_50_1973,0.056578506,0.16732766,0.0,0.0,0.0,0.017946899,0.75814694
hv_256_50_1974,0.03897607,0.31018394,0.0,0.0,0.0,0.0,0.65084
hv_256_50_1975,0.039864488,0.18863133,0.0,0.0,0.0,0.0,0.7715042
hv_256_50_1976,0.026502972,0.042648673,0.0,0.0,0.0,0.0,0.93084836
hv_256_50_1977,0.008074968,0.0,0.0,0.0,0.0,0.0,0.99192506
hv_256_50_1978,0.0,0.0,0.0,0.0,0.0,0.0,1.0
hv_256_50_1979,0.0,0.0,0.0,0.0,0.0,0.0,1.0
hv_256_50_1980,0.0,0.0,0.0,0.0,0.0,0.0,1.0
hv_256_50_1981,0.0,0.0,0.0,0.0,0.19592968,0.0,0.8040703
hv_256_50_1982,0.0,0.0,0.0,0.0,0.35600936,0.0,0.64399064
hv_256_50_1983,0.0,0.0,0.0,0.0,0.24388546,0.0,0.75611454
hv_256_50_1984,0.0,0.0,0.0,0.0,0.08380577,0.0,0.9161942
hv_256_50_1985,0.0,0.0,0.0,0.0,0.0,0.0,1.0
hv_256_50_1986,0.0,0.0,0.0,0.0,0.0,0.0,1.0
hv_256_50_1987,0.0,0.0,0.0,0.0,0.0,0.0,1.0
hv_256_50_1988,0.0,0.0,0.0,0.0,0.0,0.0,1.0
hv_256_50_1989,0.0,0.0,0.0,0.0,0.0,0.0,1.0
hv_256_50_1990,0.0,0.0,0.0,0.0,0.0,0.0,1.0
hv_256_50_1991,0.0,0.0,0.0,0.0,0.0,0.0,1.0
hv_256_50_1992,0.0,0.0,0.0,0.0,0.0,0.0,1.0
hv_256_50_1993,0.0,0.0,0.0,0.0,0.0,0.0,1.0
hv_256_50_1994,0.0,0.0,0.0,0.0,0.0,0.0,1.0
hv_256_50_1995,0.025591796,0.0,0.0,0.0,0.0,0.0,0.9744082
hv_256_50_1996,0.025591796,0.0,0.0,0.0,0.0,0.0,0.9744082
hv_256_50_1997,0.0,0.0,0.0,0.0,0.0,0.0,1.0
hv_256_50_1998,0.0,0.0,0.0,0.0,0.0,0.0,1.0
hv_256_50_1999,0.0,0.0,0.0,0.0,0.0,0.0,1.0
hv_256_50_2000,0.0,0.0,0.0,0.0,0.0,0.0,1.0
hv_256_50_2001,0.0,0.0,0.0,0.0,0.0,0.0,1.0
hv_256_50_2002,0.0,0.0,0.0,0.0,0.055706084,0.5133802,0.43091366
hv_256_50_2003,0.0,0.0,0.0,0.0,0.07085522,0.37218535,0.55695945
hv_256_50_2004,0.0,0.0,0.0,0.0,0.12346578,0.27849814,0.59803605
hv_256_50_2005,0.034041073,0.0,0.0,0.0,0.20677993,0.15115587,0.6080231
hv_256_50_2006,0.0359034,0.0,0.0,0.0,0.14731283,0.07011783,0.7466659
hv_256_50_2007,0.001862328,0.0049962336,0.0,0.0,0.049387775,0.0064408057,0.93731284
hv_256_50_2008,0.0,0.05618576,0.0,0.0,0.1507082,0.0,0.793106
hv_256_50_2009,0.0,0.07297943,0.0,0.0,0.12544411,0.0,0.80157644
hv_256_50_2010,0.0,0.10018747,0.0,0.0,0.010599263,0.0,0.88921326
hv_256_50_2011,0.0,0.13977148,0.0,0.0,0.0,0.0,0.86022854
hv_256_50_2012,0.0,0.08816954,0.0,0.0,0.0,0.0,0.9118305
hv_256_50_2013,0.0,0.026892615,0.0,0.0,0.14156002,0.08452292,0.7470245
hv_256_50_2014,0.0,9.698733e-05,0.0,0.0,0.3660462,0.3600367,0.27382007
hv_256_50_2015,0.0,0.0,0.0,0.0,0.51163757,0.48836243,0.0
hv_256_50_2016,0.0,0.0,0.0,0.0,0.7168997,0.2831003,0.0
hv_256_50_2017,0.0,0.0,0.0,0.0,0.85701513,0.07025167,0.07273318
hv_256_50_2018,0.0,0.0,0.0,0.0,0.51739395,0.04844114,0.4341649
hv_256_50_2019,0.0,0.0,0.0,0.0,0.10586471,0.04844114,0.8456941
hv_256_50_2020,0.0,0.0010028111,0.0,0.0,0.02205345,0.0,0.97694373
hv_256_50_2021,0.038354594,0.11728595,0.0,0.0,0.04487026,0.033297807,0.76619136
hv_256_50_2022,0.07383387,0.14397945,0.0,0.0,0.15134004,0.31716537,0.31368127
hv_256_50_2023,0.038513057,0.027696302,0.0,0.0,0.38686597,0.50675344,0.040171206
hv_256_50_2024,0.003033785,0.0,0.0,0.0,0.67425746,0.30683604,0.015872736
hv_256_50_2025,0.0,0.044340383,0.0,0.0,0.64144516,0.20892361,0.105290815
hv_256_50_2026,0.0,0.063581735,0.0,0.0,0.35418308,0.21176542,0.37046978
hv_256_50_2027,0.0,0.022606289,0.0,0.0,0.4522305,0.15386982,0.37129337
hv_256_50_2028,0.0,0.024094224,0.0,0.0,0.6772509,0.068003446,0.2306514
hv_256_50_2029,0.0,0.049813353,0.0,0.0,0.5872603,0.15846765,0.20445868
hv_256_50_2030,0.0,0.051032133,0.0,0.0,0.4990599,0.23582157,0.2140864
hv_256_50_2031,0.0,0.08783491,0.0,0.0,0.3523343,0.38207862,0.17775217
hv_256_50_2032,0.0,0.23353918,0.0,0.0,0.25391322,0.46469322,0.04785439
hv_256_50_2033,0.03432311,0.28739673,0.0,0.0,0.17941059,0.18100968,0.31785986
hv_256_50_2034,0.03432311,0.11974441,0.0,0.0,0.028096668,0.2830789,0.5347569
hv_256_50_2035,0.0,0.0069798687,0.0,0.0,0.21021636,0.5457565,0.23704727
hv_256_50_2036,0.0,0.008419914,0.0,0.0,0.6269596,0.33824635,0.026374092
hv_256_50_2037,0.0,0.0014400451,0.0,0.0,0.61176443,0.3569799,0.029815594
hv_256_50_2038,0.0,0.0,0.0,0.0,0.5554681,0.38496783,0.05956412
hv_256_50_2039,0.0,0.0,0.0,0.0,0.5742915,0.34069288,0.08501562
hv_256_50_2040,0.0020640795,0.0,0.0,0.0,0.23584238,0.3532773,0.40881625
hv_256_50_2041,0.02337272,0.036105085,0.0,0.0,0.021997735,0.09602557,0.8224989
hv_256_50_2042,0.03884823,0.11384799,0.0,0.0,0.0,0.0,0.8473038
hv_256_50_2043,0.03897607,0.19068564,0.0,0.0,0.0,0.0,0.7703383
hv_256_50_2044,0.039864488,0.15621647,0.0,0.0,0.0,0.0,0.803919
hv_256_50_2045,0.026502972,0.04327374,0.0,0.0,0.0,0.0,0.9302233
hv_256_50_2046,0.008074968,0.0,0.0,0.0,0.0,0.0,0.99192506
hv_256_50_2047,0.0,0.0,0.0,0.0,0.027979158,0.0,0.97202086
hv_256_50_2048,0.0,0.0,0.0,0.0,0.027979158,0.0,0.97202086
hv_256_50_2049,0.0,0.0,0.0,0.0,0.0,0.0,1.0
hv_256_50_2050,0.0,0.0,0.0,0.0,0.11064387,0.0,0.88935614
hv_256_50_2051,0.0,0.0,0.0,0.0,0.11090944,0.0,0.88909054
hv_256_50_2052,0.0,0.0,0.0,0.0,0.019950371,0.0,0.9800496
hv_256_50_2053,0.0,0.0,0.0,0.0,0.08229059,0.0,0.9177094
hv_256_50_2054,0.0,0.0,0.0,0.0,0.06260578,0.0,0.9373942
hv_256_50_2055,0.0,0.0,0.0,0.0,0.0,0.0,1.0
hv_256_50_2056,0.0,0.0,0.0,0.0,0.0,0.0,1.0
hv_256_50_2057,0.0,0.0,0.0,0.0,0.0,0.0,1.0
hv_256_50_2058,0.0,0.0,0.0,0.0,0.0,0.0,1.0
hv_256_50_2059,0.0,0.0,0.0,0.0,0.0,0.00010685191,0.9998931
hv_256_50_2060,0.0,0.0,0.0,0.0,0.0,0.17353176,0.8264682
hv_256_50_2061,0.0,0.0,0.0,0.0,0.04683255,0.21941179,0.73375565
hv_256_50_2062,0.0,0.0,0.0,0.0,0.17603566,0.045986887,0.77797747
hv_256_50_2063,0.0,0.0,0.0,0.0,0.14821781,0.023118207,0.828664
hv_256_50_2064,0.038325444,0.0,0.0,0.0,0.019014703,0.025006624,0.9176532
hv_256_50_2065,0.038325444,0.0,0.0,0.0,0.0,0.0018884161,0.9597861
hv_256_50_2066,0.0,0.0,0.0,0.0,0.0,0.0,1.0
hv_256_50_2067,0.0,0.0,0.0,0.0,0.0,0.0,1.0
hv_256_50_2068,0.0,0.0,0.0,0.0,0.0,0.0,1.0
hv_256_50_2069,0.0,0.0,0.0,0.0,0.0,0.0,1.0
hv_256_50_2070,0.0,0.0,0.0,0.0,0.0,0.0,1.0
hv_256_50_2071,0.0,0.0,0.0,0.0,0.0,0.13092709,0.8690729
hv_256_50_2072,0.0,0.0,0.0,0.0,0.0,0.01576571,0.9842343
hv_256_50_2073,0.011995025,0.0,0.0,0.0,0.0,0.006396285,0.9816087
hv_256_50_2074,0.028794061,0.0,0.0,0.0,0.010121783,0.023209188,0.937875
hv_256_50_2075,0.016799036,0.0,0.0,0.0,0.04037554,0.022530708,0.9202947
hv_256_50_2076,0.0,0.0049962336,0.0,0.0,0.10044069,0.00045948525,0.8941036
hv_256_50_2077,0.0,0.05971481,0.0,0.0,0.294559,0.0,0.6457262
hv_256_50_2078,0.0,0.054718576,0.0,0.0,0.25059578,0.0,0.69468564
hv_256_50_2079,0.0,0.00029692618,0.0,0.0,0.026223725,0.0,0.97347933
hv_256_50_2080,0.0,0.040295266,0.0,0.0,0.0,0.0,0.95970476
hv_256_50_2081,0.0,0.06679397,0.0,0.0,0.0,0.0,0.933206
hv_256_50_2082,0.0,0.026892615,0.0,0.0,0.07516068,0.01957822,0.8783685
hv_256_50_2083,0.0,9.698733e-05,0.0,0.0,0.30984402,0.18803287,0.5020261
hv_256_50_2084,0.0,0.0,0.0,0.0,0.603213,0.29992497,0.096862
hv_256_50_2085,0.0,0.0,0.0,0.0,0.74964136,0.18426293,0.066095725
hv_256_50_2086,0.0,0.0,0.0,0.0,0.6831447,0.05279262,0.26406267
hv_256_50_2087,0.0,0.0,0.0,0.0,0.47914755,0.0,0.52085245
hv_256_50_2088,0.0,0.0,0.0,0.0,0.28930193,0.0,0.71069807
hv_256_50_2089,0.0,0.0,0.0,0.0,0.14200048,0.0,0.8579995
hv_256_50_2090,0.009152345,0.029866252,0.0,0.0,0.057465266,0.0,0.9035161
hv_256_50_2091,0.04087979,0.13346027,0.0,0.0,0.03989226,0.15224975,0.6335179
hv_256_50_2092,0.049048133,0.11301176,0.0,0.0,0.20082869,0.43692267,0.20018873
hv_256_50_2093,0.017320689,0.009417742,0.0,0.0,0.5439025,0.39423987,0.03511915
hv_256_50_2094,0.0,0.019995015,0.0,0.0,0.70950496,0.14205024,0.12844974
hv_256_50_2095,0.0,0.019995015,0.0,0.0,0.5929158,0.12411034,0.2629789
hv_256_50_2096,0.0,0.0,0.0,0.0,0.59748095,0.1327185,0.26980054
hv_256_50_2097,0.0,0.03882253,0.0,0.0,0.7909035,0.042717386,0.12755658
hv_256_50_2098,0.0,0.05728336,0.0,0.0,0.70541334,0.14397362,0.09332964
hv_256_50_2099,0.0,0.018460833,0.0,0.0,0.51050955,0.21671683,0.2543128
hv_256_50_2100,0.0,0.0,0.0,0.0,0.45140997,0.24654542,0.30204463
hv_256_50_2101,0.012169158,0.0,0.0,0.0,0.5671638,0.286337,0.13432999
hv_256_50_2102,0.029179921,0.009118125,0.0,0.0,0.46604598,0.1560456,0.3396104
hv_256_50_2103,0.017010763,0.009118125,0.0,0.0,0.11316555,0.46317387,0.3975317
hv_256_50_2104,0.0,0.08352138,0.0,0.0,0.18415846,0.6537259,0.0785942
hv_256_50_2105,0.0,0.10511686,0.0,0.0,0.5773029,0.31758025,0.0
hv_256_50_2106,0.0,0.021595472,0.0,0.0,0.7568772,0.16795623,0.053571127
hv_256_50_2107,0.0,0.0,0.0,0.0,0.8158283,0.09752878,0.08664289
hv_256_50_2108,0.0,0.0,0.0,0.0,0.6708728,0.25688672,0.072240494
hv_256_50_2109,0.0,0.0,0.0,0.0,0.2729213,0.27445915,0.45261955
hv_256_50_2110,0.0,0.07620835,0.0,0.0,0.054260913,0.03228827,0.8372425
hv_256_50_2111,0.0,0.1545988,0.0,0.0,0.0,0.0,0.84540117
hv_256_50_2112,0.0,0.2621416,0.0,0.0,0.0,0.0,0.7378584
hv_256_50_2113,0.0,0.2532016,0.0,0.0,0.0,0.0,0.7467984
hv_256_50_2114,0.0,0.06995636,0.0,0.0,0.0,0.0,0.93004364
hv_256_50_2115,0.0,0.00065597706,0.0,0.0,0.00013109444,0.0,0.9992129
hv_256_50_2116,0.0050977212,0.000150057,0.0,0.0,0.057741404,0.0,0.9370108
hv_256_50_2117,0.0050977212,0.0,0.0,0.0,0.05761031,0.0,0.937292
hv_256_50_2118,0.0,0.0,0.0,0.0,0.0,0.0,1.0
hv_256_50_2119,0.0,0.0,0.0,0.0,0.0035740247,0.0,0.996426
hv_256_50_2120,0.0,0.0,0.0,0.0,0.0035740247,0.0,0.996426
hv_256_50_2121,0.0,0.0,0.0,0.0,0.00022114253,0.0,0.99977887
hv_256_50_2122,0.0,0.0,0.0,0.0,0.11979318,0.0,0.8802068
hv_256_50_2123,0.0,0.0,0.0,0.0,0.11957203,0.0,0.88042796
hv_256_50_2124,0.0,0.0,0.0,0.0,0.0,0.0,1.0
hv_256_50_2125,0.0,0.0,0.0,0.0,0.0,0.0,1.0
hv_256_50_2126,0.0,0.0,0.0,0.0,0.0,0.0,1.0
hv_256_50_2127,0.0,0.0,0.0,0.0,0.0,0.0,1.0
hv_256_50_2128,0.0,0.0,0.0,0.0,0.0,0.00010685191,0.9998931
hv_256_50_2129,0.0,0.0,0.0,0.0,0.029345088,0.28352952,0.6871254
hv_256_50_2130,0.0,0.0,0.0,0.0,0.2232192,0.41151002,0.36527076
hv_256_50_2131,0.0,0.0,0.0,0.0,0.40712523,0.12996697,0.4629078
hv_256_50_2132,0.0,0.0,0.0,0.0,0.24740124,0.18737769,0.5652211
hv_256_50_2133,0.02343978,0.0,0.0,0.0,0.034150098,0.18773538,0.75467473
hv_256_50_2134,0.04109362,0.0,0.0,0.0,0.0,0.0022373204,0.95666903
hv_256_50_2135,0.017653842,0.0,0.0,0.0,0.0,0.0,0.9823462
hv_256_50_2136,0.0,0.0,0.0,0.0,0.0,0.0,1.0
hv_256_50_2137,0.0,0.0,0.0,0.0,0.0,0.0,1.0
hv_256_50_2138,0.0,0.0,0.0,0.0,0.0,0.0,1.0
hv_256_50_2139,0.0,0.0,0.0,0.0,0.0,0.0,1.0
hv_256_50_2140,0.0,0.0,0.0,0.0,0.0,0.0,1.0
hv_256_50_2141,0.0,0.0,0.0,0.0,0.0,0.0,1.0
hv_256_50_2142,0.030783588,0.0,0.0,0.0,0.0,0.0,0.9692164
hv_256_50_2143,0.030783588,0.0,0.0,0.0,0.0,0.0,0.9692164
hv_256_50_2144,0.0,0.0,0.0,0.0,0.03452642,0.0,0.9654736
hv_256_50_2145,0.0,0.01418825,0.0,0.0,0.15597281,0.0,0.82983893
hv_256_50_2146,0.0,0.047093038,0.0,0.0,0.41550934,0.0,0.5373976
hv_256_50_2147,0.0,0.032926023,0.0,0.0,0.42977107,0.0,0.5373029
hv_256_50_2148,0.0,4.3569653e-05,0.0,0.0,0.15361686,0.0,0.8463396
hv_256_50_2149,0.0,2.2335327e-05,0.0,0.0,0.055309918,0.0,0.94466776
hv_256_50_2150,0.0,0.05555634,0.0,0.0,0.13217443,0.0,0.8122692
hv_256_50_2151,0.0,0.103699416,0.0,0.0,0.23319484,0.0,0.6631057
hv_256_50_2152,0.0,0.04814308,0.0,0.0,0.42768487,0.009820366,0.51435167
hv_256_50_2153,0.0,0.0,0.0,0.0,0.63795197,0.121110976,0.24093708
hv_256_50_2154,0.0,0.0,0.0,0.0,0.74687415,0.1148532,0.13827266
hv_256_50_2155,0.0,0.0,0.0,0.0,0.6797717,0.0035625955,0.31666565
hv_256_50_2156,0.0,0.0,0.0,0.0,0.47920865,0.0,0.52079135
hv_256_50_2157,0.0,0.0,0.0,0.0,0.29559407,0.0,0.7044059
hv_256_50_2158,0.0,0.0,0.0,0.0,0.2262373,0.0019884668,0.77177423
hv_256_50_2159,0.005771596,0.049764518,0.0,0.0,0.20651188,0.03443067,0.7035213
hv_256_50_2160,0.005771596,0.20042242,0.0,0.0,0.07824626,0.04652696,0.66903275
hv_256_50_2161,0.034348555,0.2337575,0.0,0.0,0.029568275,0.33833858,0.3639871
hv_256_50_2162,0.034348555,0.08309959,0.0,0.0,0.16511612,0.63616407,0.081271686
hv_256_50_2163,0.0,0.0,0.0,0.0,0.47742158,0.43102366,0.091554746
hv_256_50_2164,0.0,0.0,0.0,0.0,0.7151764,0.15141511,0.13340846
hv_256_50_2165,0.0,0.0,0.0,0.0,0.7429923,0.032301668,0.22470601
hv_256_50_2166,0.0,0.018093241,0.0,0.0,0.84498143,0.0011550013,0.13577032
hv_256_50_2167,0.0,0.01871967,0.0,0.0,0.7986163,0.085113145,0.09755088
hv_256_50_2168,0.00036481553,0.0006264286,0.0,0.0,0.6249429,0.11811114,0.25595468
hv_256_50_2169,0.009847246,0.0,0.0,0.0,0.60898364,0.113339834,0.26782927
hv_256_50_2170,0.02890809,0.0,0.0,0.0,0.5157652,0.34499505,0.11033164
hv_256_50_2171,0.01942566,0.0,0.0,0.0,0.29589298,0.47211716,0.21256422
hv_256_50_2172,0.0,0.0,0.0,0.0,0.17056169,0.573309,0.25612932
hv_256_50_2173,0.0,0.13053069,0.0,0.0,0.22531617,0.5942219,0.049931258
hv_256_50_2174,0.0,0.1518019,0.0,0.0,0.28694874,0.5612493,0.0
hv_256_50_2175,0.0,0.021271223,0.0,0.0,0.44689456,0.48171523,0.050119
hv_256_50_2176,0.0,0.0,0.0,0.0,0.75007343,0.16379353,0.08613306
hv_256_50_2177,0.0,3.1149168e-07,0.0,0.0,0.8287086,0.081212945,0.090078175
hv_256_50_2178,0.0,3.1149168e-07,0.0,0.0,0.48727876,0.0951977,0.41752324
hv_256_50_2179,0.0,0.04066868,0.0,0.0,0.10645033,0.030090543,0.82279044
hv_256_50_2180,0.0,0.087044954,0.0,0.0,0.0,0.0,0.91295505
hv_256_50_2181,0.0,0.42160064,0.0,0.0,0.0,0.0,0.57839936
hv_256_50_2182,0.0,0.5200674,0.0,0.0,0.0,0.0,0.4799326
hv_256_50_2183,0.0,0.2625406,0.0,0.0,0.0,0.0,0.7374594
hv_256_50_2184,0.0,0.14000681,0.0,0.0,0.00013109444,0.0,0.8598621
hv_256_50_2185,0.026694134,0.022309251,0.0,0.0,0.029762246,0.0,0.92123437
hv_256_50_2186,0.026694134,0.0,0.0,0.0,0.02963115,0.0,0.94367474
hv_256_50_2187,0.0,0.0,0.0,0.0,0.0,0.0,1.0
hv_256_50_2188,0.0,0.0,0.0,0.0,0.0,0.0,1.0
hv_256_50_2189,0.0,0.0,0.0,0.0,0.0,0.0,1.0
hv_256_50_2190,0.0,0.0,0.0,0.0,0.021527708,0.0,0.9784723
hv_256_50_2191,0.0,0.0,0.0,0.0,0.07849396,0.0,0.92150605
hv_256_50_2192,0.0,0.0,0.0,0.0,0.056966253,0.0,0.94303375
hv_256_50_2193,0.0,0.0,0.0,0.0,0.0,0.0,1.0
hv_256_50_2194,0.0,0.0,0.0,0.0,0.013569957,0.0,0.98643005
hv_256_50_2195,0.0,0.0,0.0,0.0,0.013569957,0.0,0.98643005
hv_256_50_2196,0.0,0.0,0.0,0.0,0.0,0.0,1.0
hv_256_50_2197,0.0,0.0,0.0,0.0,0.0,0.0,1.0
hv_256_50_2198,0.0,0.0,0.0,0.0,0.029345088,0.14294681,0.8277081
hv_256_50_2199,0.0,0.0,0.0,0.0,0.1805272,0.44690427,0.37256855
hv_256_50_2200,0.0,0.0,0.0,0.0,0.34714836,0.3297584,0.32309324
hv_256_50_2201,0.0,0.0,0.0,0.0,0.27445135,0.35974354,0.36580512
hv_256_50_2202,0.0028097495,0.0,0.0,0.0,0.07848507,0.34023097,0.5784742
hv_256_50_2203,0.046736103,0.0,0.0,0.0,0.0,0.006288358,0.9469755
hv_256_50_2204,0.04392635,0.0,0.0,0.0,0.0,0.0,0.95607364
hv_256_50_2205,0.0,0.0,0.0,0.0,0.0,0.0,1.0
hv_256_50_2206,0.0,0.0,0.0,0.0,0.0,0.0,1.0
hv_256_50_2207,0.0,0.0,0.0,0.0,0.0,0.0,1.0
hv_256_50_2208,0.0,0.0,0.0,0.0,0.0,0.0,1.0
hv_256_50_2209,0.0,0.0,0.0,0.0,0.0012028196,0.0,0.9987972
hv_256_50_2210,0.0,0.0,0.0,0.0,0.0,0.0,1.0
hv_256_50_2211,0.03685383,0.0,0.0,0.0,0.0,0.0,0.96314615
hv_256_50_2212,0.03685383,0.0,0.0,0.0,2.1324637e-05,0.0,0.9631249
hv_256_50_2213,0.0,0.0,0.0,0.0,0.027169865,0.0,0.9728301
hv_256_50_2214,0.0,0.02626709,0.0,0.0,0.23673445,0.0,0.73699844
hv_256_50_2215,0.0,0.19016705,0.0,0.0,0.45034602,0.0,0.35948694
hv_256_50_2216,0.0,0.25837973,0.0,0.0,0.43140206,0.0,0.31021821
hv_256_50_2217,0.0,0.22133428,0.0,0.0,0.2508651,0.0,0.5278006
hv_256_50_2218,0.0,0.2252298,0.0,0.0,0.1132447,0.0,0.6615255
hv_256_50_2219,0.0,0.17219666,0.0,0.0,0.15527247,0.0,0.6725309
hv_256_50_2220,0.0,0.1308522,0.0,0.0,0.28690216,0.0,0.58224565
hv_256_50_2221,0.0,0.057030823,0.0,0.0,0.49579328,0.0,0.44717586
hv_256_50_2222,0.0,0.0015021957,0.0,0.0,0.64019984,0.03380114,0.32449684
hv_256_50_2223,0.0,0.029999312,0.0,0.0,0.7374927,0.036434866,0.19607309
hv_256_50_2224,0.0,0.028497117,0.0,0.0,0.5799942,0.0026337309,0.38887492
hv_256_50_2225,0.0,0.0,0.0,0.0,0.2737078,0.0,0.7262922
hv_256_50_2226,0.0,0.0,0.0,0.0,0.17075247,0.0,0.82924753
hv_256_50_2227,0.0,0.0,0.0,0.0,0.38495046,0.0058022104,0.6092473
hv_256_50_2228,0.023764258,0.09563328,0.0,0.0,0.48830876,0.11924915,0.27304456
hv_256_50_2229,0.023764258,0.2516742,0.0,0.0,0.17196222,0.11397022,0.4386291
hv_256_50_2230,0.020061653,0.3196686,0.0,0.0,0.0,0.12805004,0.53221977
hv_256_50_2231,0.020061653,0.18410608,0.0,0.0,0.0,0.4444707,0.35136154
hv_256_50_2232,0.0004662884,0.020478442,0.0,0.0,0.2657255,0.55075216,0.1625776
hv_256_50_2233,0.0004662884,0.0,0.0,0.0,0.6835628,0.23496102,0.08100989
hv_256_50_2234,0.0,0.0,0.0,0.0,0.81726855,0.011379227,0.17135222
hv_256_50_2235,0.0,0.0,0.0,0.0,0.8783196,0.024798788,0.09688158
hv_256_50_2236,0.0,0.0,0.0,0.0,0.8819454,0.030028008,0.0880266
hv_256_50_2237,0.012971165,0.0,0.0,0.0,0.65352803,0.13516247,0.19833831
hv_256_50_2238,0.05211095,0.0,0.0,0.0,0.40330374,0.23400256,0.31058276
hv_256_50_2239,0.046396285,0.0,0.0,0.0,0.15954939,0.36570135,0.428353
hv_256_50_2240,0.0072565014,0.0,0.0,0.0,0.009257601,0.45650274,0.52698314
hv_256_50_2241,0.0,0.0,0.0,0.0,0.16495737,0.40203252,0.43301007
hv_256_50_2242,0.0,0.053989165,0.0,0.0,0.41843817,0.33718416,0.1903885
hv_256_50_2243,0.0,0.055104963,0.0,0.0,0.28867447,0.60648024,0.049740344
hv_256_50_2244,0.0,0.024262821,0.0,0.0,0.23354849,0.7421887,0.0
hv_256_50_2245,0.0,0.085771814,0.0,0.0,0.50459355,0.40255436,0.0070802527
hv_256_50_2246,0.0,0.14194997,0.0,0.0,0.535456,0.25488427,0.06770973
hv_256_50_2247,0.0,0.079325184,0.0,0.0,0.28484577,0.14462253,0.4912065
hv_256_50_2248,0.0,0.0,0.0,0.0,0.053087607,0.021531617,0.92538077
hv_256_50_2249,0.022135962,0.00024193105,0.0,0.0,0.0,0.005196255,0.9724259
hv_256_50_2250,0.022135962,0.36988503,0.0,0.0,0.0,0.0,0.607979
hv_256_50_2251,0.0,0.6420418,0.0,0.0,0.0,0.0,0.3579582
hv_256_50_2252,0.0,0.594266,0.0,0.0,0.0,0.0,0.405734
hv_256_50_2253,0.0,0.37702027,0.0,0.0,0.0,0.0,0.62297976
hv_256_50_2254,0.045045894,0.05515298,0.0,0.0,0.0,0.0,0.8998011
hv_256_50_2255,0.045045894,0.0,0.0,0.0,0.0,0.0,0.9549541
hv_256_50_2256,0.0,0.0,0.0,0.0,0.0,0.0,1.0
hv_256_50_2257,0.0,0.0,0.0,0.0,0.0,0.0,1.0
hv_256_50_2258,0.0,0.0,0.0,0.0,0.1152728,0.0,0.8847272
hv_256_50_2259,0.0,0.0,0.0,0.0,0.29817164,0.0,0.70182836
hv_256_50_2260,0.0,0.0,0.0,0.0,0.20245376,0.0,0.79754627
hv_256_50_2261,0.0,0.0,0.0,0.0,0.06853156,0.0,0.9314684
hv_256_50_2262,0.0,0.0,0.0,0.0,0.11110242,0.0,0.8888976
hv_256_50_2263,0.0,0.0,0.0,0.0,0.13982067,0.0,0.8601793
hv_256_50_2264,0.0,0.0,0.0,0.0,0.07769488,0.0,0.9223051
hv_256_50_2265,0.0,0.0,0.0,0.0,0.02177808,0.0,0.9782219
hv_256_50_2266,0.0,0.0,0.0,0.0,0.09908807,0.0,0.9009119
hv_256_50_2267,0.0,0.007857903,0.0,0.0,0.077309996,0.032949015,0.8818831
hv_256_50_2268,0.0,0.048400376,0.0,0.0,0.011787734,0.42648268,0.5133292
hv_256_50_2269,0.0,0.040542472,0.0,0.0,0.23168974,0.48990822,0.23785959
hv_256_50_2270,0.011589064,0.0,0.0,0.0,0.31336874,0.42633638,0.24870585
hv_256_50_2271,0.011589064,0.0,0.0,0.0,0.09346672,0.35419393,0.54075027
hv_256_50_2272,0.049328804,0.0,0.0,0.0,0.0,0.024232112,0.9264391
hv_256_50_2273,0.049328804,0.0,0.0,0.0,0.0,0.0,0.9506712
hv_256_50_2274,0.0,0.0,0.0,0.0,0.0,0.0,1.0
hv_256_50_2275,0.0,0.0,0.0,0.0,0.0,0.0,1.0
hv_256_50_2276,0.018665405,0.0,0.0,0.0,0.0,0.0,0.98133457
hv_256_50_2277,0.04315076,0.0,0.0,0.0,0.0,0.0,0.9568492
hv_256_50_2278,0.0,0.00083677075,0.0,0.0,0.1452831,0.0,0.8538801
hv_256_50_2279,0.0,0.0,0.0,0.0,0.030098649,0.0,0.9699013
hv_256_50_2280,0.02125445,0.0,0.0,0.0,0.0012081902,0.0,0.97753733
hv_256_50_2281,0.02125445,0.0,0.0,0.0,0.058142077,0.0,0.92060345
hv_256_50_2282,0.0,0.0,0.0,0.0,0.22300248,0.0,0.7769975
hv_256_50_2283,0.0,0.012078842,0.0,0.0,0.45950907,0.0,0.52841204
hv_256_50_2284,0.0,0.1491231,0.0,0.0,0.35745534,0.0,0.49342155
hv_256_50_2285,0.0,0.24742451,0.0,0.0,0.21447861,0.0,0.53809685
hv_256_50_2286,0.0,0.334161,0.0,0.0,0.21560538,0.0,0.45023364
hv_256_50_2287,0.0,0.40872794,0.0,0.0,0.08076201,0.0,0.51051
hv_256_50_2288,0.0,0.22120142,0.0,0.0,0.023098035,0.0,0.7557005
hv_256_50_2289,0.0,0.068099074,0.0,0.0,0.068036646,0.0,0.8638643
hv_256_50_2290,0.0,0.037713535,0.0,0.0,0.23442912,0.0,0.72785735
hv_256_50_2291,0.0,0.022210885,0.0,0.0,0.44587207,0.0,0.53191704
hv_256_50_2292,0.0,0.09830142,0.0,0.0,0.5346207,0.0,0.36707786
hv_256_50_2293,0.0,0.08195922,0.0,0.0,0.27480763,0.0,0.6432332
hv_256_50_2294,0.0,0.0,0.0,0.0,0.048885547,0.0,0.9511145
hv_256_50_2295,0.0,0.0,0.0,0.0,0.109041594,0.0,0.8909584
hv_256_50_2296,0.0,0.0,0.0,0.0,0.4552058,0.0038137434,0.54098046
hv_256_50_2297,0.01799266,0.04586877,0.0,0.0,0.6650702,0.145238,0.12583041
hv_256_50_2298,0.01799266,0.1271495,0.0,0.0,0.28220928,0.15847577,0.4141728
hv_256_50_2299,0.0,0.17456546,0.0,0.0,0.0,0.017051514,0.808383
hv_256_50_2300,0.0,0.15279244,0.0,0.0,0.0,0.13206023,0.7151473
hv_256_50_2301,0.027733972,0.059507698,0.0,0.0,0.13785954,0.4264845,0.3484143
hv_256_50_2302,0.05010402,0.0,0.0,0.0,0.46420962,0.40433258,0.08135379
hv_256_50_2303,0.04573633,0.0,0.0,0.0,0.58376783,0.26584265,0.10465318
hv_256_50_2304,0.046221368,0.0,0.0,0.0,0.5041337,0.25994185,0.1897031
hv_256_50_2305,0.044219628,0.0,0.0,0.0,0.48231667,0.28563413,0.18782958
hv_256_50_2306,0.056368597,0.00055641663,0.0,0.0,0.2954242,0.32219884,0.32545197
hv_256_50_2307,0.064661406,0.08229098,0.0,0.0,0.05982346,0.17728469,0.6159395
hv_256_50_2308,0.029657355,0.11102149,0.0,0.0,0.0,0.057924137,0.801397
hv_256_50_2309,0.0,0.05087308,0.0,0.0,0.0,0.04200501,0.9071219
hv_256_50_2310,0.0,0.021586146,0.0,0.0,0.13459688,0.070080526,0.7737365
hv_256_50_2311,0.0,0.0,0.0,0.0,0.46219602,0.116869956,0.42093402
hv_256_50_2312,0.0,0.0,0.0,0.0,0.39419827,0.39833847,0.20746326
hv_256_50_2313,0.0,0.026551057,0.0,0.0,0.29441696,0.5549635,0.12406844
hv_256_50_2314,0.0,0.08917585,0.0,0.0,0.46742585,0.42197505,0.02142326
hv_256_50_2315,0.0,0.14194967,0.0,0.0,0.2885809,0.55077213,0.018697299
hv_256_50_2316,0.0,0.07932488,0.0,0.0,0.09676314,0.56668985,0.25722215
hv_256_50_2317,0.0,0.0064224196,0.0,0.0,0.058401234,0.39953408,0.53564227
hv_256_50_2318,0.054414887,0.06877571,0.0,0.0,0.010610938,0.18639179,0.67980665
hv_256_50_2319,0.054414887,0.2738177,0.0,0.0,0.0,0.0005425724,0.67122483
hv_256_50_2320,0.0,0.46531534,0.0,0.0,0.0,0.0,0.53468466
hv_256_50_2321,0.0,0.6743149,0.0,0.0,0.0,0.0,0.32568508
hv_256_50_2322,0.0,0.5839838,0.0,0.0,0.0,0.0,0.41601625
hv_256_50_2323,0.04295252,0.16351978,0.0,0.0,0.0,0.0,0.7935277
hv_256_50_2324,0.04295252,0.0,0.0,0.0,0.0,0.0,0.95704746
hv_256_50_2325,0.0,0.0,0.0,0.0,0.0,0.0,1.0
hv_256_50_2326,0.0,0.0,0.0,0.0,0.0,0.0,1.0
hv_256_50_2327,0.0,0.0,0.0,0.0,0.11653631,0.0,0.8834637
hv_256_50_2328,0.0,0.0,0.0,0.0,0.33673948,0.0,0.6632605
hv_256_50_2329,0.0,0.0,0.0,0.0,0.3879528,0.0,0.6120472
hv_256_50_2330,0.0,0.0,0.0,0.0,0.34396383,0.0,0.6560362
hv_256_50_2331,0.0,0.0,0.0,0.0,0.3597666,0.0,0.6402334
hv_256_50_2332,0.0,0.0,0.0,0.0,0.26264554,0.0,0.73735446
hv_256_50_2333,0.0,0.0,0.0,0.0,0.12149909,0.0,0.87850094
hv_256_50_2334,0.0,0.0,0.0,0.0,0.07181971,0.0,0.9281803
hv_256_50_2335,0.0,0.0,0.0,0.0,0.17129368,0.0,0.8287063
hv_256_50_2336,0.0,0.014364895,0.0,0.0,0.14187992,0.06215811,0.7815971
hv_256_50_2337,0.0,0.091178656,0.0,0.0,0.039446555,0.4157641,0.4536107
hv_256_50_2338,0.0,0.07979608,0.0,0.0,0.3151532,0.43527633,0.16977441
hv_256_50_2339,0.012554193,0.0029823193,0.0,0.0,0.3819933,0.39439315,0.20807707
hv_256_50_2340,0.012554193,0.0,0.0,0.0,0.10682054,0.5261851,0.35444015
hv_256_50_2341,0.044344235,0.0,0.0,0.0,0.0005338844,0.22778514,0.72733676
hv_256_50_2342,0.069578074,0.0,0.0,0.0,0.0,0.014322845,0.9160991
hv_256_50_2343,0.025233835,0.0,0.0,0.0,0.0,0.0,0.9747662
hv_256_50_2344,0.0,0.0,0.0,0.0,0.0,0.0,1.0
hv_256_50_2345,0.018665405,0.0,0.0,0.0,0.0,0.0,0.98133457
hv_256_50_2346,0.06932278,0.0,0.0,0.0,0.0,0.0,0.93067724
hv_256_50_2347,0.0,0.039296445,0.0,0.0,0.2826161,0.0,0.6780875
hv_256_50_2348,0.006974842,0.000103056,0.0,0.0,0.088034526,0.0,0.90488756
hv_256_50_2349,0.010183431,0.015837569,0.0,0.0,0.09566613,0.0,0.8783129
hv_256_50_2350,0.0032085893,0.12530868,0.0,0.0,0.26679263,0.0,0.6046901
hv_256_50_2351,0.0,0.10947111,0.0,0.0,0.40623674,0.0,0.48429215
hv_256_50_2352,0.0,0.0,0.0,0.0,0.6228975,0.0,0.37710246
hv_256_50_2353,0.0,0.0,0.0,0.0,0.5221623,0.0,0.47783768
hv_256_50_2354,0.0,0.015921725,0.0,0.0,0.2679738,0.0,0.71610445
hv_256_50_2355,0.0,0.17046127,0.0,0.0,0.20726433,0.0,0.6222744
hv_256_50_2356,0.0,0.29945382,0.0,0.0,0.073665544,0.0,0.62688065
hv_256_50_2357,0.0,0.3035267,0.0,0.0,0.0,0.0,0.6964733
hv_256_50_2358,0.0,0.23319398,0.0,0.0,0.0,0.0,0.766806
hv_256_50_2359,0.0,0.080450274,0.0,0.0,0.011208301,0.0,0.9083414
hv_256_50_2360,0.0,0.029294174,0.0,0.0,0.2552494,0.0,0.7154564
hv_256_50_2361,0.0,0.107539594,0.0,0.0,0.3329923,0.0,0.55946815
hv_256_50_2362,0.0,0.08411411,0.0,0.0,0.08895117,0.0,0.8269347
hv_256_50_2363,0.0,0.0,0.0,0.0,0.0,0.0,1.0
hv_256_50_2364,0.0,0.0,0.0,0.0,0.0063205827,0.08186218,0.91181725
hv_256_50_2365,0.0,0.0,0.0,0.0,0.32880265,0.15502661,0.51617074
hv_256_50_2366,0.0,0.0005383655,0.0,0.0,0.5968703,0.1948298,0.20776151
hv_256_50_2367,0.0,0.0005383655,0.0,0.0,0.27438825,0.1381936,0.5868798
hv_256_50_2368,0.0,0.0033389342,0.0,0.0,0.0,0.016528236,0.9801328
hv_256_50_2369,0.009969805,0.0722436,0.0,0.0,0.0,0.031820755,0.8859658
hv_256_50_2370,0.066446215,0.080163606,0.0,0.0,0.0040772627,0.21049358,0.63881934
hv_256_50_2371,0.07986651,0.01125894,0.0,0.0,0.09369218,0.28742835,0.527754
hv_256_50_2372,0.046756387,0.0,0.0,0.0,0.10725912,0.25446343,0.5915211
hv_256_50_2373,0.046221368,0.0,0.0,0.0,0.030011768,0.23514305,0.68862385
hv_256_50_2374,0.07783164,0.0,0.0,0.0,0.024228675,0.2556061,0.64233357
hv_256_50_2375,0.077374265,0.00091623596,0.0,0.0,0.011861104,0.21015146,0.69969696
hv_256_50_2376,0.022397703,0.20792392,0.0,0.0,0.0,0.043980483,0.7256979
hv_256_50_2377,0.0,0.29824722,0.0,0.0,0.0,0.0,0.7017528
hv_256_50_2378,0.0,0.15268767,0.0,0.0,0.0,0.0,0.84731233
hv_256_50_2379,0.0,0.061448123,0.0,0.0,0.12639612,0.0,0.8121558
hv_256_50_2380,0.0,0.0,0.0,0.0,0.38772488,0.050612275,0.56166285
hv_256_50_2381,0.0,0.0,0.0,0.0,0.29566136,0.16402072,0.5403179
hv_256_50_2382,0.0,0.00340403,0.0,0.0,0.1885528,0.2891863,0.5188569
hv_256_50_2383,0.0,0.00340403,0.0,0.0,0.4723967,0.35760128,0.16659796
hv_256_50_2384,0.0,0.0,0.0,0.0,0.5886919,0.41057977,0.0007283457
hv_256_50_2385,0.0,0.0,0.0,0.0,0.4908443,0.4261489,0.08300681
hv_256_50_2386,0.0,0.00911692,0.0,0.0,0.41164306,0.44464788,0.13459213
hv_256_50_2387,0.03912084,0.092142485,0.0,0.0,0.20754242,0.40820858,0.25298566
hv_256_50_2388,0.03912084,0.14791147,0.0,0.0,0.01622831,0.1609533,0.63578606
hv_256_50_2389,0.0,0.140357,0.0,0.0,0.0,0.0,0.859643
hv_256_50_2390,0.0,0.32942382,0.0,0.0,0.0,0.0,0.6705762
hv_256_50_2391,0.0,0.4091659,0.0,0.0,0.0,0.0,0.5908341
hv_256_50_2392,0.042692237,0.2639597,0.0,0.0,0.0,0.0,0.69334805
hv_256_50_2393,0.042692237,0.15754044,0.0,0.0,0.0,0.0,0.7997673
hv_256_50_2394,0.0,0.04879391,0.0,0.0,0.0,0.0,0.9512061
hv_256_50_2395,0.0,0.0,0.0,0.0,0.0,0.0,1.0
hv_256_50_2396,0.0,0.0,0.0,0.0,0.0012635136,0.0,0.9987365
hv_256_50_2397,0.0,0.0,0.0,0.0,0.06009557,0.0,0.93990445
hv_256_50_2398,0.0,0.0,0.0,0.0,0.25883275,0.0,0.74116725
hv_256_50_2399,0.0,0.0,0.0,0.0,0.4642618,0.0,0.5357382
hv_256_50_2400,0.0,0.0,0.0,0.0,0.50643957,0.0,0.49356043
hv_256_50_2401,0.0,0.0,0.0,0.0,0.3484441,0.0,0.6515559
hv_256_50_2402,0.0,0.0,0.0,0.0,0.18840303,0.0,0.811597
hv_256_50_2403,0.0,0.0,0.0,0.0,0.08977308,0.0,0.91022694
hv_256_50_2404,0.0,0.0,0.0,0.0,0.16047367,0.0,0.83952636
hv_256_50_2405,0.0,0.036264133,0.0,0.0,0.15283799,0.121330924,0.68956697
hv_256_50_2406,0.0,0.10518636,0.0,0.0,0.12041228,0.43194696,0.34245437
hv_256_50_2407,0.0,0.07931841,0.0,0.0,0.46201375,0.38852406,0.070143804
hv_256_50_2408,0.000965129,0.01039619,0.0,0.0,0.66717577,0.23223174,0.08923115
hv_256_50_2409,0.000965129,0.0,0.0,0.0,0.43772694,0.48787466,0.073433265
hv_256_50_2410,0.05348422,0.0,0.0,0.0,0.1129615,0.42815214,0.40540215
hv_256_50_2411,0.085864305,0.0,0.0,0.0,0.00080891233,0.0946012,0.8187256
hv_256_50_2412,0.032380085,0.0,0.0,0.0,0.0,0.0,0.9676199
hv_256_50_2413,0.0,0.0,0.0,0.0,0.0,0.0,1.0
hv_256_50_2414,0.0,0.0,0.0,0.0,0.0,0.0,1.0
hv_256_50_2415,0.026172023,0.0,0.0,0.0,0.0,0.0,0.97382796
hv_256_50_2416,0.0,0.038459674,0.0,0.0,0.21153194,0.0,0.7500084
hv_256_50_2417,0.016925825,0.000103056,0.0,0.0,0.06603564,0.0,0.9169355
hv_256_50_2418,0.016945232,0.017129818,0.0,0.0,0.13000348,0.0,0.83592147
hv_256_50_2419,1.9407638e-05,0.1455319,0.0,0.0,0.29834187,0.0,0.5561068
hv_256_50_2420,0.0,0.12840207,0.0,0.0,0.3247108,0.0,0.54688716
hv_256_50_2421,0.0,0.0,0.0,0.0,0.5386368,0.0,0.46136323
hv_256_50_2422,0.0,0.0,0.0,0.0,0.6168671,0.0,0.38313287
hv_256_50_2423,0.0,0.0,0.0,0.0,0.36598763,0.0,0.63401234
hv_256_50_2424,0.0,0.05759096,0.0,0.0,0.28435314,0.0,0.65805584
hv_256_50_2425,0.010619241,0.16559568,0.0,0.0,0.1535687,0.0,0.6702164
hv_256_50_2426,0.010619241,0.457453,0.0,0.0,0.00060041936,0.0,0.5313273
hv_256_50_2427,0.0,0.41969442,0.0,0.0,0.0,0.0,0.5803056
hv_256_50_2428,0.0,0.070246115,0.0,0.0,0.03342329,0.0,0.8963306
hv_256_50_2429,0.0,0.008585484,0.0,0.0,0.18642634,0.0,0.8049882
hv_256_50_2430,0.0,0.039237496,0.0,0.0,0.17256035,0.0,0.78820217
hv_256_50_2431,0.0,0.03065201,0.0,0.0,0.019557303,0.0,0.94979066
hv_256_50_2432,0.0,0.0,0.0,0.0,0.0,0.0,1.0
hv_256_50_2433,0.0,0.0,0.0,0.0,0.001057765,0.08186218,0.91708004
hv_256_50_2434,0.0,0.00040410546,0.0,0.0,0.15443078,0.15699781,0.6881673
hv_256_50_2435,0.0,0.03846928,0.0,0.0,0.24976185,0.13638148,0.57538736
hv_256_50_2436,0.0,0.038065176,0.0,0.0,0.09638884,0.061245844,0.8043001
hv_256_50_2437,0.0,0.0,0.0,0.0,0.0,0.0,1.0
hv_256_50_2438,0.009969805,0.038915824,0.0,0.0,0.0,0.0,0.95111436
hv_256_50_2439,0.08943012,0.070705675,0.0,0.0,0.0,0.0,0.8398642
hv_256_50_2440,0.120279096,0.0341848,0.0,0.0,0.0,0.0,0.8455361
hv_256_50_2441,0.040818784,0.0100113405,0.0,0.0,0.0,0.0,0.9491699
hv_256_50_2442,0.0,0.0076163933,0.0,0.0,0.0,0.0,0.9923836
hv_256_50_2443,0.059808996,0.0,0.0,0.0,0.0,0.0,0.94019103
hv_256_50_2444,0.059808996,0.00035981936,0.0,0.0,0.0,0.0,0.9398312
hv_256_50_2445,0.0,0.12635532,0.0,0.0,0.0,0.0,0.87364465
hv_256_50_2446,0.0,0.18794811,0.0,0.0,0.0,0.0,0.8120519
hv_256_50_2447,0.0,0.10181458,0.0,0.0,0.0,0.0,0.89818543
hv_256_50_2448,0.031941455,0.1088411,0.0,0.0,0.089747846,0.0,0.7694696
hv_256_50_2449,0.031941455,0.09366661,0.0,0.0,0.28181267,0.0,0.59257925
hv_256_50_2450,0.0,0.043529145,0.0,0.0,0.30922836,0.0,0.6472425
hv_256_50_2451,0.0,0.10607338,0.0,0.0,0.23882452,0.10465564,0.55044645
hv_256_50_2452,0.0,0.087231725,0.0,0.0,0.28725308,0.32323807,0.3022771
hv_256_50_2453,0.0,0.0,0.0,0.0,0.50390416,0.3791464,0.116949454
hv_256_50_2454,0.0,0.0,0.0,0.0,0.6830144,0.1699272,0.14705846
hv_256_50_2455,0.0,0.0026944997,0.0,0.0,0.7319654,0.07911388,0.18622617
hv_256_50_2456,0.006841916,0.023366775,0.0,0.0,0.5609263,0.23105161,0.17781341
hv_256_50_2457,0.006841916,0.02147919,0.0,0.0,0.17366312,0.16130097,0.6367148
hv_256_50_2458,0.0,0.054750893,0.0,0.0,0.0,0.0,0.9452491
hv_256_50_2459,0.0,0.16082306,0.0,0.0,0.0,0.0,0.83917695
hv_256_50_2460,0.0,0.24424501,0.0,0.0,0.0,0.0,0.755755
hv_256_50_2461,0.046172936,0.28952533,0.0,0.0,0.0,0.0,0.6643017
hv_256_50_2462,0.046172936,0.29347092,0.0,0.0,0.0,0.0,0.66035616
hv_256_50_2463,0.0,0.19276306,0.0,0.0,0.0,0.0,0.8072369
hv_256_50_2464,0.0,0.05145155,0.0,0.0,0.0,0.0,0.94854844
hv_256_50_2465,0.0,0.0,0.0,0.0,0.0,0.0,1.0
hv_256_50_2466,0.0,0.0,0.0,0.0,0.0,0.0,1.0
hv_256_50_2467,0.0,0.0,0.0,0.0,0.051806007,0.0,0.94819397
hv_256_50_2468,0.0,0.0,0.0,0.0,0.2601729,0.0,0.7398271
hv_256_50_2469,0.0,0.0,0.0,0.0,0.533212,0.0,0.46678796
hv_256_50_2470,0.0,0.0,0.0,0.0,0.5084081,0.0,0.49159187
hv_256_50_2471,0.0,0.0,0.0,0.0,0.231509,0.0,0.76849097
hv_256_50_2472,0.0,0.0,0.0,0.0,0.04794601,0.0,0.95205396
hv_256_50_2473,0.0,0.0,0.0,0.0,0.09063418,0.0,0.90936583
hv_256_50_2474,0.0,0.044125617,0.0,0.0,0.09063418,0.061080035,0.8041602
hv_256_50_2475,0.0,0.07944335,0.0,0.0,0.12942582,0.36769575,0.42343506
hv_256_50_2476,0.0,0.042731605,0.0,0.0,0.36474785,0.56386316,0.028657358
hv_256_50_2477,0.0,0.007413871,0.0,0.0,0.7003468,0.25752693,0.034712404
hv_256_50_2478,0.0,0.0,0.0,0.0,0.8030715,0.13866074,0.05826773
hv_256_50_2479,0.040268295,0.0,0.0,0.0,0.37538826,0.3208078,0.26353562
hv_256_50_2480,0.04741454,0.0,0.0,0.0,0.03734151,0.18242653,0.7328174
hv_256_50_2481,0.0071462523,0.0,0.0,0.0,0.0,0.0,0.99285376
hv_256_50_2482,0.0,0.0,0.0,0.0,0.0,0.0,1.0
hv_256_50_2483,0.0,0.0,0.0,0.0,0.0,0.0,1.0
hv_256_50_2484,0.0,0.0,0.0,0.0,0.0,0.0,1.0
hv_256_50_2485,0.0,0.0,0.0,0.0,0.07299612,0.0,0.92700386
hv_256_50_2486,0.009950982,0.021068608,0.0,0.0,0.008099767,0.0,0.96088064
hv_256_50_2487,0.009950982,0.022360858,0.0,0.0,0.03554554,0.0,0.9321426
hv_256_50_2488,0.0,0.020223213,0.0,0.0,0.08966999,0.0,0.8901068
hv_256_50_2489,0.0,0.018930964,0.0,0.0,0.13210376,0.0,0.8489653
hv_256_50_2490,0.0,0.0,0.0,0.0,0.27097857,0.0,0.72902143
hv_256_50_2491,0.0,0.0,0.0,0.0,0.36431763,0.0,0.6356824
hv_256_50_2492,0.0,0.0,0.0,0.0,0.33446425,0.0,0.66553575
hv_256_50_2493,0.0,0.0,0.0,0.0,0.29226038,0.0,0.7077396
hv_256_50_2494,0.020164847,0.095322534,0.0,0.0,0.1297149,0.0,0.7547977
hv_256_50_2495,0.028677633,0.40729868,0.0,0.0,0.00060041936,0.0,0.5634233
hv_256_50_2496,0.008512786,0.44179773,0.0,0.0,0.0,0.0,0.5496895
hv_256_50_2497,0.0,0.12982158,0.0,0.0,0.030888684,0.0,0.8392897
hv_256_50_2498,0.0,0.0,0.0,0.0,0.05897295,0.0,0.94102705
hv_256_50_2499,0.0,0.0,0.0,0.0,0.028084267,0.0,0.9719157
hv_256_50_2500,0.0,0.0,0.0,0.0,0.0,0.0,1.0
hv_256_50_2501,0.0,0.0,0.0,0.0,0.0,0.0,1.0
hv_256_50_2502,0.0,0.046923846,0.0,0.0,0.0,0.0,0.9530761
hv_256_50_2503,0.0,0.10734598,0.0,0.0,0.002173723,0.0019711966,0.8885091
hv_256_50_2504,0.0,0.1712736,0.0,0.0,0.002173723,0.0019711966,0.8245815
hv_256_50_2505,0.0,0.11520281,0.0,0.0,0.0,0.0,0.8847972
hv_256_50_2506,0.0,0.004351354,0.0,0.0,0.0,0.0,0.9956486
hv_256_50_2507,0.0,0.009040413,0.0,0.0,0.0,0.0,0.9909596
hv_256_50_2508,0.068180256,0.029571323,0.0,0.0,0.0,0.0,0.90224844
hv_256_50_2509,0.13175783,0.03435751,0.0,0.0,0.0,0.0,0.83388466
hv_256_50_2510,0.06357757,0.054549728,0.0,0.0,0.0,0.0,0.8818727
hv_256_50_2511,0.0015284552,0.072203666,0.0,0.0,0.0,0.0,0.92626786
hv_256_50_2512,0.07418503,0.043470748,0.0,0.0,0.0,0.0,0.88234425
hv_256_50_2513,0.07265657,0.011990214,0.0,0.0,0.0,0.0,0.91535324
hv_256_50_2514,0.0,0.0007223903,0.0,0.0,0.00012511316,0.0,0.9991525
hv_256_50_2515,0.0,0.02153096,0.0,0.0,0.00012511316,0.0,0.9783439
hv_256_50_2516,0.0,0.049422074,0.0,0.0,0.0,0.0,0.9505779
hv_256_50_2517,0.038632516,0.15106408,0.0,0.0,0.01848402,0.0,0.7918194
hv_256_50_2518,0.038632516,0.14801447,0.0,0.0,0.09436479,0.0,0.71898824
hv_256_50_2519,0.0,0.1155255,0.0,0.0,0.23353079,0.0,0.6509437
hv_256_50_2520,0.0,0.17792201,0.0,0.0,0.28285807,0.008686984,0.53053296
hv_256_50_2521,0.0,0.087960415,0.0,0.0,0.13543063,0.13955346,0.63705546
hv_256_50_2522,0.0,0.0,0.0,0.0,0.15227976,0.45637733,0.3913429
hv_256_50_2523,0.0,0.0,0.0,0.0,0.517076,0.37253055,0.110393405
hv_256_50_2524,0.0,0.0001579432,0.0,0.0,0.6862546,0.19533429,0.11825313
hv_256_50_2525,0.0,0.015333305,0.0,0.0,0.5126268,0.2092071,0.26283282
hv_256_50_2526,0.0,0.015175362,0.0,0.0,0.201391,0.060892526,0.7225411
hv_256_50_2527,0.0,0.07716807,0.0,0.0,0.0,0.0,0.92283195
hv_256_50_2528,0.0,0.24240822,0.0,0.0,0.0,0.0,0.7575918
hv_256_50_2529,5.522903e-05,0.36515126,0.0,0.0,0.0,0.0,0.6347935
hv_256_50_2530,0.04457048,0.26244318,0.0,0.0,0.0,0.0,0.69298637
hv_256_50_2531,0.04451525,0.17532745,0.0,0.0,0.0,0.0,0.7801573
hv_256_50_2532,0.0,0.17865047,0.0,0.0,0.0,0.0,0.82134956
hv_256_50_2533,0.0,0.065855116,0.0,0.0,0.0,0.0,0.9341449
hv_256_50_2534,0.0,0.0,0.0,0.0,0.0,0.0,1.0
hv_256_50_2535,0.0,0.0,0.0,0.0,0.0,0.0,1.0
hv_256_50_2536,0.0,0.0,0.0,0.0,6.670506e-05,0.0,0.9999333
hv_256_50_2537,0.0,0.0,0.0,0.0,0.20075704,0.0,0.799243
hv_256_50_2538,0.0,0.0,0.0,0.0,0.56564957,0.0,0.4343504
hv_256_50_2539,0.0,0.0,0.0,0.0,0.596872,0.04409026,0.35903776
hv_256_50_2540,0.0,0.0,0.0,0.0,0.3025843,0.06303057,0.6343851
hv_256_50_2541,0.0,0.0,0.0,0.0,0.09417489,0.018940315,0.8868848
hv_256_50_2542,0.0,0.0,0.0,0.0,0.049923398,0.0,0.9500766
hv_256_50_2543,0.0,0.0143684745,0.0,0.0,0.11410219,0.006195497,0.86533386
hv_256_50_2544,0.0,0.017035278,0.0,0.0,0.25932997,0.24839911,0.47523564
hv_256_50_2545,0.0,0.0046343524,0.0,0.0,0.28553256,0.6085677,0.101265386
hv_256_50_2546,0.0,0.0026381891,0.0,0.0,0.4800057,0.46547192,0.05188415
hv_256_50_2547,0.0,0.0006706389,0.0,0.0,0.8103937,0.12840196,0.060533736
hv_256_50_2548,0.032924242,0.0,0.0,0.0,0.5080486,0.16502884,0.2939983
hv_256_50_2549,0.032924242,0.0,0.0,0.0,0.06377599,0.1357347,0.7675651
hv_256_50_2550,0.0,0.0,0.0,0.0,0.0,0.0,1.0
hv_256_50_2551,0.0,0.0,0.0,0.0,0.0,0.0,1.0
hv_256_50_2552,0.0,0.0,0.0,0.0,0.0,0.0,1.0
hv_256_50_2553,0.0,0.0,0.0,0.0,0.0,0.0,1.0
hv_256_50_2554,0.019580139,0.115184456,0.0,0.0,0.0,0.0,0.86523545
hv_256_50_2555,0.019580139,0.16998786,0.0,0.0,0.0,0.0,0.81043196
hv_256_50_2556,0.0,0.23370193,0.0,0.0,0.0,0.0,0.76629806
hv_256_50_2557,0.0,0.17481266,0.0,0.0,0.0,0.0,0.8251873
hv_256_50_2558,0.0,0.11697002,0.0,0.0,0.0,0.0,0.88303
hv_256_50_2559,0.0,0.103341386,0.0,0.0,0.028322656,0.0,0.86833596
hv_256_50_2560,0.0,0.059122637,0.0,0.0,0.09483948,0.0,0.84603786
hv_256_50_2561,0.0,0.0,0.0,0.0,0.15197119,0.0,0.84802884
hv_256_50_2562,0.0,0.0,0.0,0.0,0.112438895,0.0,0.8875611
hv_256_50_2563,0.009545607,0.07920205,0.0,0.0,0.026984528,0.0,0.8842678
hv_256_50_2564,0.03971499,0.34027743,0.0,0.0,0.0,0.0,0.62000763
hv_256_50_2565,0.04039842,0.46743944,0.0,0.0,0.0,0.0,0.49216214
hv_256_50_2566,0.010229037,0.20636408,0.0,0.0,0.0,0.0,0.7834069
hv_256_50_2567,0.0,0.0,0.0,0.0,0.0,0.0,1.0
hv_256_50_2568,0.0,0.0,0.0,0.0,0.0,0.0,1.0
hv_256_50_2569,0.0,0.0,0.0,0.0,0.0,0.0,1.0
hv_256_50_2570,0.0,0.0,0.0,0.0,0.0,0.0,1.0
hv_256_50_2571,0.0,0.08538156,0.0,0.0,0.0,0.0,0.91461843
hv_256_50_2572,0.0,0.1484376,0.0,0.0,0.0,0.0,0.8515624
hv_256_50_2573,0.0,0.18701527,0.0,0.0,0.0,0.0,0.8129847
hv_256_50_2574,0.0,0.13806835,0.0,0.0,0.0,0.0,0.8619317
hv_256_50_2575,0.0,0.014109119,0.0,0.0,0.0,0.0,0.98589087
hv_256_50_2576,0.0,0.0,0.0,0.0,0.0,0.0,1.0
hv_256_50_2577,0.017928666,0.0,0.0,0.0,0.0,0.0,0.98207134
hv_256_50_2578,0.04170751,0.011431654,0.0,0.0,0.0,0.0,0.94686085
hv_256_50_2579,0.02377884,0.084274895,0.0,0.0,0.0,0.0,0.89194626
hv_256_50_2580,0.0015284552,0.12213116,0.0,0.0,0.0,0.0,0.8763404
hv_256_50_2581,0.08899278,0.10635668,0.0,0.0,0.0,0.0,0.80465055
hv_256_50_2582,0.10457981,0.06973615,0.0,0.0,0.0,0.0,0.825684
hv_256_50_2583,0.01711548,0.016641228,0.0,0.0,0.090662055,0.0,0.87558126
hv_256_50_2584,0.0,0.070356265,0.0,0.0,0.16244185,0.0,0.7672019
hv_256_50_2585,0.0,0.10320661,0.0,0.0,0.071779795,0.0,0.8250136
hv_256_50_2586,0.0066910614,0.121696174,0.0,0.0,0.0,0.0,0.8716128
hv_256_50_2587,0.0066910614,0.08722005,0.0,0.0,0.00083468907,0.0,0.9052542
hv_256_50_2588,0.0,0.07346801,0.0,0.0,0.042310555,0.0,0.88422143
hv_256_50_2589,0.0,0.07184864,0.0,0.0,0.056641314,0.0,0.87151
hv_256_50_2590,0.0,0.00072869187,0.0,0.0,0.015209747,0.006870247,0.9771913
hv_256_50_2591,0.0,0.0,0.0,0.0,0.06290263,0.17585564,0.76124173
hv_256_50_2592,0.0,0.015817288,0.0,0.0,0.4213365,0.21429056,0.34855562
hv_256_50_2593,0.0,0.10480993,0.0,0.0,0.4727752,0.27819178,0.14422311
hv_256_50_2594,0.0,0.2109464,0.0,0.0,0.15825321,0.29288888,0.33791155
hv_256_50_2595,0.0,0.12195375,0.0,0.0,0.04395619,0.060002275,0.7740878
hv_256_50_2596,0.0,0.023224087,0.0,0.0,0.0,0.0,0.9767759
hv_256_50_2597,0.0,0.13517961,0.0,0.0,0.03845704,0.0,0.8263633
hv_256_50_2598,0.0031632886,0.28885165,0.0,0.0,0.03845704,0.0,0.669528
hv_256_50_2599,0.036689766,0.32341272,0.0,0.0,0.0,0.0,0.63989747
hv_256_50_2600,0.033526476,0.3922208,0.0,0.0,0.0,0.0,0.5742527
hv_256_50_2601,0.0,0.37702784,0.0,0.0,0.0,0.0,0.6229722
hv_256_50_2602,0.0,0.18314871,0.0,0.0,0.0,0.0,0.81685126
hv_256_50_2603,0.0,0.051825065,0.0,0.0,0.0,0.0,0.94817495
hv_256_50_2604,0.0,0.036881965,0.0,0.0,0.0,0.0,0.963118
hv_256_50_2605,0.0,0.068627745,0.0,0.0,6.670506e-05,0.0,0.9313055
hv_256_50_2606,0.0,0.04132243,0.0,0.0,0.20033306,0.0,0.75834453
hv_256_50_2607,0.0,0.009576648,0.0,0.0,0.5412792,0.029611457,0.41953272
hv_256_50_2608,0.0,0.0,0.0,0.0,0.62255794,0.07370172,0.30374032
hv_256_50_2609,0.0,0.0,0.0,0.0,0.4290656,0.06303057,0.5079038
hv_256_50_2610,0.0,0.0,0.0,0.0,0.17102377,0.018940315,0.8100359
hv_256_50_2611,0.0,0.0,0.0,0.0,0.048895992,0.0,0.951104
hv_256_50_2612,0.0,0.0,0.0,0.0,0.124331735,0.0055492357,0.87011904
hv_256_50_2613,0.0,0.0,0.0,0.0,0.23335008,0.16496855,0.60168135
hv_256_50_2614,0.0,0.060654428,0.0,0.0,0.20483233,0.4267158,0.3077975
hv_256_50_2615,0.0,0.093223296,0.0,0.0,0.22322334,0.54867685,0.13487652
hv_256_50_2616,0.0,0.032568872,0.0,0.0,0.4019026,0.49853444,0.06699408
hv_256_50_2617,0.024852226,0.0,0.0,0.0,0.27634394,0.26126504,0.4375388
hv_256_50_2618,0.024852226,0.0,0.0,0.0,0.027243389,0.04411097,0.9037934
hv_256_50_2619,0.0,0.0,0.0,0.0,0.0,0.0,1.0
hv_256_50_2620,0.0,0.0,0.0,0.0,0.0,0.0,1.0
hv_256_50_2621,0.0,0.0,0.0,0.0,0.0,0.0,1.0
hv_256_50_2622,0.0,0.0,0.0,0.0,0.0,0.0,1.0
hv_256_50_2623,0.048198786,0.17775655,0.0,0.0,0.0,0.0,0.77404463
hv_256_50_2624,0.038530964,0.25770417,0.0,0.0,0.0,0.0,0.70376486
hv_256_50_2625,0.0,0.3193763,0.0,0.0,0.0,0.0,0.68062377
hv_256_50_2626,0.0,0.2385719,0.0,0.0,0.0,0.0,0.7614281
hv_256_50_2627,0.0,0.22747064,0.0,0.0,0.0,0.0,0.77252936
hv_256_50_2628,0.0,0.2114596,0.0,0.0,0.0,0.0,0.78854036
hv_256_50_2629,0.0,0.08065461,0.0,0.0,0.0,0.0,0.9193454
hv_256_50_2630,0.0,0.0,0.0,0.0,0.0,0.0,1.0
hv_256_50_2631,0.0,0.0,0.0,0.0,0.0,0.0,1.0
hv_256_50_2632,0.0,0.049031734,0.0,0.0,0.0,0.0,0.95096827
hv_256_50_2633,0.039439727,0.20695603,0.0,0.0,0.0,0.0,0.75360423
hv_256_50_2634,0.07100076,0.25910485,0.0,0.0,0.0,0.0,0.6698944
hv_256_50_2635,0.031561032,0.10118056,0.0,0.0,0.0,0.0,0.8672584
hv_256_50_2636,0.0,0.0,0.0,0.0,0.0,0.0,1.0
hv_256_50_2637,0.0,0.0,0.0,0.0,0.0,0.0,1.0
hv_256_50_2638,0.0,0.0,0.0,0.0,0.0,0.0,1.0
hv_256_50_2639,0.0,0.0,0.0,0.0,0.0,0.0,1.0
hv_256_50_2640,0.0,0.038457718,0.0,0.0,0.0,0.0,0.9615423
hv_256_50_2641,0.0,0.041495726,0.0,0.0,0.0,0.0,0.95850426
hv_256_50_2642,0.0,0.11690892,0.0,0.0,0.0,0.0,0.8830911
hv_256_50_2643,0.0,0.124891385,0.0,0.0,0.0,0.0,0.8751086
hv_256_50_2644,0.0,0.011020476,0.0,0.0,0.0,0.0,0.9889795
hv_256_50_2645,0.0,0.0,0.0,0.0,0.0,0.0,1.0
hv_256_50_2646,0.0,0.0,0.0,0.0,0.0,0.0,1.0
hv_256_50_2647,0.0,0.0,0.0,0.0,0.0,0.0,1.0
hv_256_50_2648,0.0,0.039736506,0.0,0.0,0.0,0.0,0.9602635
hv_256_50_2649,0.0,0.05754389,0.0,0.0,0.0,0.0,0.9424561
hv_256_50_2650,0.11184802,0.07322764,0.0,0.0,0.0,0.0,0.81492436
hv_256_50_2651,0.1289635,0.17435251,0.0,0.0,0.0,0.0,0.696684
hv_256_50_2652,0.01711548,0.12560394,0.0,0.0,0.10275013,0.0,0.75453043
hv_256_50_2653,0.0,0.052490264,0.0,0.0,0.23943335,0.0,0.7080764
hv_256_50_2654,0.0,0.054029264,0.0,0.0,0.13668321,0.0,0.80928755
hv_256_50_2655,0.0,0.0396157,0.0,0.0,0.0,0.0,0.9603843
hv_256_50_2656,0.014680635,0.12627804,0.0,0.0,0.0,0.0,0.85904133
hv_256_50_2657,0.014680635,0.13437554,0.0,0.0,0.012866669,0.0,0.8380771
hv_256_50_2658,0.0,0.03950252,0.0,0.0,0.09942675,0.0,0.86107075
hv_256_50_2659,0.0,0.0,0.0,0.0,0.12398921,0.0,0.8760108
hv_256_50_2660,0.0,0.0,0.0,0.0,0.15481041,0.0,0.8451896
hv_256_50_2661,0.0,0.03175266,0.0,0.0,0.2830025,0.0076055974,0.67763925
hv_256_50_2662,0.0,0.1997346,0.0,0.0,0.1752424,0.09532595,0.52969706
hv_256_50_2663,0.0,0.4065445,0.0,0.0,0.009621205,0.08772035,0.4961139
hv_256_50_2664,0.0,0.26048967,0.0,0.0,0.0,0.0,0.73951036
hv_256_50_2665,0.0,0.021927092,0.0,0.0,0.0,0.0,0.9780729
hv_256_50_2666,0.0,0.015430082,0.0,0.0,0.1778638,0.0,0.80670613
hv_256_50_2667,0.0031080595,0.10509383,0.0,0.0,0.22118138,0.0,0.6706167
hv_256_50_2668,0.0151030235,0.2185466,0.0,0.0,0.043317586,0.0,0.7230328
hv_256_50_2669,0.0119949635,0.4951253,0.0,0.0,0.0,0.0,0.49287975
hv_256_50_2670,0.0,0.6821387,0.0,0.0,0.0,0.0,0.31786132
hv_256_50_2671,0.0,0.40245557,0.0,0.0,0.0,0.0,0.59754443
hv_256_50_2672,0.0,0.08655933,0.0,0.0,0.0,0.0,0.91344064
hv_256_50_2673,0.0,0.07225737,0.0,0.0,0.0,0.0,0.9277426
hv_256_50_2674,0.0,0.19064565,0.0,0.0,0.0,0.0,0.80935436
hv_256_50_2675,0.0,0.15122451,0.0,0.0,0.0709194,0.0,0.7778561
hv_256_50_2676,0.0,0.032836236,0.0,0.0,0.34964922,0.09508631,0.5224282
hv_256_50_2677,0.0,0.0,0.0,0.0,0.4572713,0.11582865,0.42690006
hv_256_50_2678,0.0,0.0,0.0,0.0,0.30642325,0.020742338,0.6728344
hv_256_50_2679,0.0,0.0,0.0,0.0,0.12788175,0.0,0.87211823
hv_256_50_2680,0.0,0.0,0.0,0.0,0.0013387068,0.0,0.9986613
hv_256_50_2681,0.0,0.0,0.0,0.0,0.012595657,0.0012609655,0.98614335
hv_256_50_2682,0.0,0.0,0.0,0.0,0.0148330275,0.09640569,0.8887613
hv_256_50_2683,0.0,0.05868688,0.0,0.0,0.021556132,0.18463363,0.73512334
hv_256_50_2684,0.0,0.09058511,0.0,0.0,0.020281112,0.28108892,0.60804486
hv_256_50_2685,0.0,0.031898234,0.0,0.0,0.03355702,0.4020986,0.53244615
hv_256_50_2686,0.0,0.0,0.0,0.0,0.031255964,0.22102302,0.747721
hv_256_50_2687,0.0,0.0,0.0,0.0,0.0,0.010524442,0.98947555
hv_256_50_2688,0.0,0.0,0.0,0.0,0.0,0.0,1.0
hv_256_50_2689,0.0,0.0,0.0,0.0,0.0,0.0,1.0
hv_256_50_2690,0.0,0.0,0.0,0.0,0.0,0.0,1.0
hv_256_50_2691,0.017716667,0.0,0.0,0.0,0.0,0.0,0.98228335
hv_256_50_2692,0.05881831,0.06749627,0.0,0.0,0.0,0.0,0.8736854
hv_256_50_2693,0.018950824,0.13602278,0.0,0.0,0.0,0.0,0.84502643
hv_256_50_2694,0.0,0.13337834,0.0,0.0,0.0,0.0,0.8666217
hv_256_50_2695,0.0,0.063759245,0.0,0.0,0.0,0.0,0.93624073
hv_256_50_2696,0.0,0.11050062,0.0,0.0,0.0,0.0,0.88949937
hv_256_50_2697,0.0,0.10811823,0.0,0.0,0.0,0.0,0.89188176
hv_256_50_2698,0.0,0.02153198,0.0,0.0,0.0,0.0,0.978468
hv_256_50_2699,0.0,0.0,0.0,0.0,0.0,0.0,1.0
hv_256_50_2700,0.0,0.0,0.0,0.0,0.0,0.0,1.0
hv_256_50_2701,0.0,0.015489865,0.0,0.0,0.0,0.0,0.9845101
hv_256_50_2702,0.017783131,0.015489865,0.0,0.0,0.0,0.0,0.966727
hv_256_50_2703,0.05594995,0.0060164225,0.0,0.0,0.0,0.0,0.93803364
hv_256_50_2704,0.03816682,0.0060164225,0.0,0.0,0.0,0.0,0.95581675
hv_256_50_2705,0.0,0.0,0.0,0.0,0.0,0.0,1.0
hv_256_50_2706,0.0,0.025007067,0.0,0.0,0.0,0.0,0.97499293
hv_256_50_2707,0.0,0.025739672,0.0,0.0,0.0,0.0,0.97426033
hv_256_50_2708,0.0,0.00073260616,0.0,0.0,0.0,0.0,0.9992674
hv_256_50_2709,0.0,0.0,0.0,0.0,0.0,0.0,1.0
hv_256_50_2710,0.0,0.0,0.0,0.0,0.0,0.0,1.0
hv_256_50_2711,0.0,0.063236326,0.0,0.0,0.0,0.0,0.93676364
hv_256_50_2712,0.0,0.064499035,0.0,0.0,0.0,0.0,0.935501
hv_256_50_2713,0.0,0.0012627111,0.0,0.0,0.0,0.0,0.9987373
hv_256_50_2714,0.0,0.0,0.0,0.0,0.0,0.0,1.0
hv_256_50_2715,0.0,0.0,0.0,0.0,0.0,0.0,1.0
hv_256_50_2716,0.0,0.0,0.0,0.0,0.00021456504,0.0,0.9997854
hv_256_50_2717,0.0,0.0,0.0,0.0,0.08210338,0.0,0.9178966
hv_256_50_2718,0.002421698,0.0,0.0,0.0,0.09699206,0.0,0.90058625
hv_256_50_2719,0.09252364,0.010341706,0.0,0.0,0.015103245,0.0,0.8820314
hv_256_50_2720,0.09010195,0.11660657,0.0,0.0,0.0,0.0,0.7932915
hv_256_50_2721,0.0,0.108962715,0.0,0.0,0.012213193,0.0,0.8788241
hv_256_50_2722,0.0,0.0029425733,0.0,0.0,0.07711661,0.0,0.9199408
hv_256_50_2723,0.0,0.00024472448,0.0,0.0,0.064903416,0.0,0.9348519
hv_256_50_2724,0.0,7.042474e-05,0.0,0.0,0.0,0.0,0.99992955
hv_256_50_2725,0.014680635,0.14480236,0.0,0.0,0.0,0.0,0.840517
hv_256_50_2726,0.014680635,0.3076672,0.0,0.0,0.012263576,0.0,0.6653886
hv_256_50_2727,0.0,0.20137574,0.0,0.0,0.10948381,0.0,0.68914044
hv_256_50_2728,0.0,0.038440473,0.0,0.0,0.2599273,0.0,0.7016322
hv_256_50_2729,0.0,0.0,0.0,0.0,0.3780585,0.0,0.6219415
hv_256_50_2730,0.0,0.015935374,0.0,0.0,0.22634776,0.0,0.75771683
hv_256_50_2731,0.0,0.09508261,0.0,0.0,0.0109963305,0.0,0.893921
hv_256_50_2732,0.0,0.21093142,0.0,0.0,0.0,0.0,0.7890686
hv_256_50_2733,0.0,0.15371129,0.0,0.0,0.0,0.0,0.84628874
hv_256_50_2734,0.0,0.021927092,0.0,0.0,0.0,0.0,0.9780729
hv_256_50_2735,0.0,0.0,0.0,0.0,0.14364815,0.0,0.85635185
hv_256_50_2736,0.0049940245,0.02014629,0.0,0.0,0.18696573,0.0,0.78789395
hv_256_50_2737,0.0049940245,0.13255167,0.0,0.0,0.043317586,0.0,0.81913674
hv_256_50_2738,0.0,0.27629358,0.0,0.0,0.0,0.0,0.7237064
hv_256_50_2739,0.0,0.51035136,0.0,0.0,0.0,0.0,0.48964864
hv_256_50_2740,0.0,0.3845211,0.0,0.0,0.0,0.0,0.6154789
hv_256_50_2741,0.0,0.038057927,0.0,0.0,0.0,0.0,0.9619421
hv_256_50_2742,0.0,0.06326861,0.0,0.0,0.0,0.0,0.9367314
hv_256_50_2743,0.0,0.22317673,0.0,0.0,0.0,0.0,0.7768233
hv_256_50_2744,0.0,0.18316773,0.0,0.0,0.0,0.0,0.8168323
hv_256_50_2745,0.0,0.02325959,0.0,0.0,0.11601574,0.06566389,0.7950608
hv_256_50_2746,0.0,0.0,0.0,0.0,0.15265922,0.08640622,0.76093453
hv_256_50_2747,0.0,0.0,0.0,0.0,0.0794618,0.020742338,0.8997959
hv_256_50_2748,0.0,0.0,0.0,0.0,0.042818315,0.0,0.9571817
hv_256_50_2749,0.0,0.0,0.0,0.0,0.0,0.0,1.0
hv_256_50_2750,0.0,0.0,0.0,0.0,0.0,0.0,1.0
hv_256_50_2751,0.0,0.0,0.0,0.0,0.0,0.0,1.0
hv_256_50_2752,0.0,0.0,0.0,0.0,0.0,0.0,1.0
hv_256_50_2753,0.0,0.0,0.0,0.0,0.0,0.009047998,0.990952
hv_256_50_2754,0.0,0.0,0.0,0.0,0.0,0.031686638,0.96831334
hv_256_50_2755,0.018084278,0.0,0.0,0.0,0.0,0.02263864,0.9592771
hv_256_50_2756,0.018084278,0.0,0.0,0.0,0.0,0.0,0.9819157
hv_256_50_2757,0.0,0.0,0.0,0.0,0.0,0.0,1.0
hv_256_50_2758,0.0065453947,0.0,0.0,0.0,0.0,0.0,0.99345464
hv_256_50_2759,0.04855047,0.0,0.0,0.0,0.0,0.0,0.9514495
hv_256_50_2760,0.06948735,0.0,0.0,0.0,0.0,0.0,0.93051267
hv_256_50_2761,0.034256592,0.0049241735,0.0,0.0,0.0,0.0,0.96081924
hv_256_50_2762,0.0,0.027237855,0.0,0.0,0.0,0.0,0.97276217
hv_256_50_2763,0.0,0.026635394,0.0,0.0,0.0,0.0,0.9733646
hv_256_50_2764,0.0,0.0,0.0,0.0,0.0,0.0,1.0
hv_256_50_2765,0.0,0.0,0.0,0.0,0.0,0.0,1.0
hv_256_50_2766,0.0,0.0,0.0,0.0,0.0,0.0,1.0
hv_256_50_2767,0.0,0.0,0.0,0.0,0.0,0.0,1.0
hv_256_50_2768,0.0,0.0,0.0,0.0,0.0,0.0,1.0
hv_256_50_2769,0.0,0.017403193,0.0,0.0,0.0,0.0,0.9825968
hv_256_50_2770,0.0,0.088277966,0.0,0.0,0.0,0.0,0.911722
hv_256_50_2771,0.0,0.07087477,0.0,0.0,0.0,0.0,0.92912525
hv_256_50_2772,0.021976037,0.0,0.0,0.0,0.0,0.0,0.97802395
hv_256_50_2773,0.035475582,0.0,0.0,0.0,0.0,0.0,0.96452445
hv_256_50_2774,0.013499544,0.0,0.0,0.0,0.0,0.0,0.98650044
hv_256_50_2775,0.0,0.19793174,0.0,0.0,0.0,0.0,0.8020683
hv_256_50_2776,0.0,0.2654549,0.0,0.0,0.0,0.0,0.7345451
hv_256_50_2777,0.0,0.06752315,0.0,0.0,0.0,0.0,0.9324769
hv_256_50_2778,0.0,0.0,0.0,0.0,0.0,0.0,1.0
hv_256_50_2779,0.0,0.0,0.0,0.0,0.0,0.0,1.0
hv_256_50_2780,0.0,0.0,0.0,0.0,0.0,0.0,1.0
hv_256_50_2781,0.0,0.0,0.0,0.0,0.0,0.0,1.0
hv_256_50_2782,0.0,0.0,0.0,0.0,0.007814688,0.0,0.9921853
hv_256_50_2783,0.0,0.0,0.0,0.0,0.03457284,0.0,0.96542716
hv_256_50_2784,0.0,0.0,0.0,0.0,0.046179444,0.0,0.9538205
hv_256_50_2785,0.0,0.0,0.0,0.0,0.050915882,0.0,0.9490841
hv_256_50_2786,0.0,0.0,0.0,0.0,0.25007457,0.0,0.74992543
hv_256_50_2787,0.037385132,0.0,0.0,0.0,0.2511744,0.07552039,0.6359201
hv_256_50_2788,0.0568205,0.0,0.0,0.0,0.1406621,0.08409715,0.71842027
hv_256_50_2789,0.019435368,0.0,0.0,0.0,0.108710624,0.008576755,0.8632772
hv_256_50_2790,0.0,0.0,0.0,0.0,0.00064291793,0.0,0.9993571
hv_256_50_2791,0.0,0.0,0.0,0.0,0.0,0.0,1.0
hv_256_50_2792,0.0,0.0,0.0,0.0,0.004091825,0.0,0.9959082
hv_256_50_2793,0.0,6.5939494e-05,0.0,0.0,0.028684191,0.0,0.9712499
hv_256_50_2794,0.0,0.051396508,0.0,0.0,0.038339198,0.0,0.9102643
hv_256_50_2795,0.0,0.21700661,0.0,0.0,0.013746833,0.0,0.7692466
hv_256_50_2796,0.0,0.26074022,0.0,0.0,0.013421939,0.0,0.7258378
hv_256_50_2797,0.0,0.09506417,0.0,0.0,0.15944062,0.0,0.7454952
hv_256_50_2798,0.0,0.0,0.0,0.0,0.31430155,0.0,0.68569845
hv_256_50_2799,0.0,0.0,0.0,0.0,0.16838278,0.0,0.83161724
hv_256_50_2800,0.0,0.0,0.0,0.0,9.9897894e-05,0.0,0.9999001
hv_256_50_2801,0.0,0.022933895,0.0,0.0,0.0,0.0,0.9770661
hv_256_50_2802,0.0,0.086912684,0.0,0.0,0.0,0.0,0.9130873
hv_256_50_2803,0.0,0.12120105,0.0,0.0,0.0,0.0,0.87879896
hv_256_50_2804,0.0,0.075334616,0.0,0.0,0.004241383,0.0,0.920424
hv_256_50_2805,0.022919627,0.10275562,0.0,0.0,0.004241383,0.064172596,0.8059108
hv_256_50_2806,0.022919627,0.20965736,0.0,0.0,0.0,0.22644275,0.5409803
hv_256_50_2807,0.0,0.2941029,0.0,0.0,0.0,0.16227016,0.5436269
hv_256_50_2808,0.0,0.5404455,0.0,0.0,0.0,0.0,0.45955446
hv_256_50_2809,0.0,0.48605183,0.0,0.0,0.0,0.0,0.51394814
hv_256_50_2810,0.0,0.15116657,0.0,0.0,0.0,0.0,0.84883344
hv_256_50_2811,0.0,0.074607864,0.0,0.0,0.0,0.0,0.92539215
hv_256_50_2812,0.0,0.20327757,0.0,0.0,0.0,0.0,0.7967224
hv_256_50_2813,0.0,0.2572632,0.0,0.0,0.0,0.0,0.74273676
hv_256_50_2814,0.0,0.09212206,0.0,0.0,0.017432742,0.00018903872,0.89025617
hv_256_50_2815,0.0,0.0,0.0,0.0,0.017432742,0.00018903872,0.98237824
hv_256_50_2816,0.0,0.0,0.0,0.0,0.0,0.0,1.0
hv_256_50_2817,0.0,0.0,0.0,0.0,0.0,0.0,1.0
hv_256_50_2818,0.0,0.0,0.0,0.0,0.0,0.0,1.0
hv_256_50_2819,0.0,0.0,0.0,0.0,0.0,0.0,1.0
hv_256_50_2820,0.0,0.0,0.0,0.0,0.0,0.0,1.0
hv_256_50_2821,0.0,0.0,0.0,0.0,0.0,0.0,1.0
hv_256_50_2822,0.0,0.0,0.0,0.0,0.0,0.0,1.0
hv_256_50_2823,0.0051963124,0.0,0.0,0.0,0.0,0.0,0.99480367
hv_256_50_2824,0.057389386,0.0,0.0,0.0,0.0,0.0,0.9426106
hv_256_50_2825,0.052193075,0.0,0.0,0.0,0.0,0.0,0.94780695
hv_256_50_2826,0.0,0.0,0.0,0.0,0.0,0.0,1.0
hv_256_50_2827,0.0065453947,0.0,0.0,0.0,0.0,0.0,0.99345464
hv_256_50_2828,0.04855047,0.0,0.0,0.0,0.0,0.0,0.9514495
hv_256_50_2829,0.05177068,0.0,0.0,0.0,0.0,0.0,0.9482293
hv_256_50_2830,0.0040569273,0.0,0.0,0.0,0.0,0.0,0.99594307
hv_256_50_2831,0.0,0.0,0.0,0.0,0.0,0.0,1.0
hv_256_50_2832,0.0,0.0,0.0,0.0,0.0,0.0,1.0
hv_256_50_2833,0.0,0.0,0.0,0.0,0.0,0.0,1.0
hv_256_50_2834,0.0,0.0,0.0,0.0,0.0,0.0,1.0
hv_256_50_2835,0.0,0.0,0.0,0.0,0.0,0.0,1.0
hv_256_50_2836,0.0,0.0,0.0,0.0,0.0,0.0,1.0
hv_256_50_2837,0.0,0.0,0.0,0.0,0.0,0.0,1.0
hv_256_50_2838,0.0,0.03449908,0.0,0.0,0.0,0.0,0.9655009
hv_256_50_2839,0.0,0.24072358,0.0,0.0,0.0,0.0,0.75927645
hv_256_50_2840,0.006403888,0.20725237,0.0,0.0,0.0,0.0,0.78634375
hv_256_50_2841,0.043436456,0.022031471,0.0,0.0,0.0,0.0,0.93453205
hv_256_50_2842,0.09071532,0.026878785,0.0,0.0,0.0,0.0,0.8824059
hv_256_50_2843,0.081783496,0.082962915,0.0,0.0,0.0,0.0,0.8352536
hv_256_50_2844,0.047725502,0.45549297,0.0,0.0,0.0,0.0,0.49678153
hv_256_50_2845,0.02469714,0.5491133,0.0,0.0,0.0,0.0,0.4261896
hv_256_50_2846,0.0050723846,0.17070805,0.0,0.0,0.0,0.0,0.8242196
hv_256_50_2847,0.0,0.0,0.0,0.0,0.0,0.0,1.0
hv_256_50_2848,0.0,0.0,0.0,0.0,0.0,0.0,1.0
hv_256_50_2849,0.0,0.0,0.0,0.0,0.0,0.0,1.0
hv_256_50_2850,0.0,0.0,0.0,0.0,0.0,0.0,1.0
hv_256_50_2851,0.0,0.0,0.0,0.0,0.018636653,0.0,0.98136336
hv_256_50_2852,0.0,0.0,0.0,0.0,0.06206806,0.0,0.93793195
hv_256_50_2853,0.0,0.0,0.0,0.0,0.15333,0.0,0.84667
hv_256_50_2854,0.0,0.0,0.0,0.0,0.16374457,0.0,0.83625543
hv_256_50_2855,0.0,0.0,0.0,0.0,0.31886834,0.0,0.68113166
hv_256_50_2856,0.06637216,0.0,0.0,0.0,0.2913545,0.12112674,0.5211466
hv_256_50_2857,0.066548854,0.0,0.0,0.0,0.25315762,0.20116068,0.47913283
hv_256_50_2858,0.00017669452,0.0,0.0,0.0,0.23714523,0.08003394,0.6826441
hv_256_50_2859,0.0,0.0,0.0,0.0,0.017215038,0.0,0.982785
hv_256_50_2860,0.0,0.0,0.0,0.0,0.10906839,0.0,0.8909316
hv_256_50_2861,0.0,0.0,0.0,0.0,0.21778575,0.0,0.7822143
hv_256_50_2862,0.0,0.0,0.0,0.0,0.2543813,0.0,0.7456187
hv_256_50_2863,0.0,0.0,0.0,0.0,0.24237575,0.0,0.75762427
hv_256_50_2864,0.0,0.09218722,0.0,0.0,0.10360713,0.0,0.80420566
hv_256_50_2865,0.0,0.31702018,0.0,0.0,0.0,0.0,0.6829798
hv_256_50_2866,0.0,0.23099115,0.0,0.0,0.026374193,0.0,0.74263465
hv_256_50_2867,0.0,0.006158167,0.0,0.0,0.10517189,0.0,0.88866997
hv_256_50_2868,0.0,0.0,0.0,0.0,0.07879769,0.0,0.9212023
hv_256_50_2869,0.0,0.0,0.0,0.0,0.0,0.0,1.0
hv_256_50_2870,0.0,0.025148397,0.0,0.0,0.0,0.0,0.9748516
hv_256_50_2871,0.0,0.14622037,0.0,0.0,0.0,0.0,0.8537796
hv_256_50_2872,0.0,0.2921303,0.0,0.0,0.0,0.0,0.7078697
hv_256_50_2873,0.00030037473,0.24656631,0.0,0.0,0.0,0.0,0.7531333
hv_256_50_2874,0.06248285,0.15625459,0.0,0.0,0.063759014,0.15999311,0.55751044
hv_256_50_2875,0.062182475,0.09484074,0.0,0.0,0.19660561,0.4137352,0.23263597
hv_256_50_2876,0.0,0.1601108,0.0,0.0,0.1328466,0.30235034,0.40469226
hv_256_50_2877,0.0,0.4537873,0.0,0.0,0.0,0.048608262,0.49760446
hv_256_50_2878,0.0,0.6038848,0.0,0.0,0.0,0.0,0.39611515
hv_256_50_2879,0.0,0.3894177,0.0,0.0,0.0,0.0,0.6105823
hv_256_50_2880,0.0,0.22982374,0.0,0.0,0.0,0.0,0.7701763
hv_256_50_2881,0.0,0.33492458,0.0,0.0,0.0,0.0,0.6650754
hv_256_50_2882,0.0,0.30592027,0.0,0.0,0.0,0.0,0.6940797
hv_256_50_2883,0.0,0.10751591,0.0,0.0,0.0,0.0,0.89248407
hv_256_50_2884,0.0,0.0,0.0,0.0,0.0,0.0,1.0
hv_256_50_2885,0.0009625384,0.0,0.0,0.0,0.0,0.0,0.99903744
hv_256_50_2886,0.012025838,0.0,0.0,0.0,0.0,0.0,0.98797417
hv_256_50_2887,0.011063299,0.0,0.0,0.0,0.0,0.0,0.9889367
hv_256_50_2888,0.0,0.0,0.0,0.0,0.0,0.0,1.0
hv_256_50_2889,0.0,0.0,0.0,0.0,0.0,0.0,1.0
hv_256_50_2890,0.020160638,0.0,0.0,0.0,0.0,0.0,0.9798394
hv_256_50_2891,0.05626132,0.0,0.0,0.0,0.0,0.0,0.9437387
hv_256_50_2892,0.08356237,0.0,0.0,0.0,0.0,0.0,0.9164376
hv_256_50_2893,0.08157048,0.0,0.0,0.0,0.0,0.0,0.9184295
hv_256_50_2894,0.034108795,0.0,0.0,0.0,0.0,0.0,0.9658912
hv_256_50_2895,0.0,0.0,0.0,0.0,0.0,0.0,1.0
hv_256_50_2896,0.0,0.0,0.0,0.0,0.0,0.0,1.0
hv_256_50_2897,0.0,0.0,0.0,0.0,0.0,0.0,1.0
hv_256_50_2898,0.0,0.0,0.0,0.0,0.0,0.0,1.0
hv_256_50_2899,0.0,0.0,0.0,0.0,0.0,0.0,1.0
hv_256_50_2900,0.0,0.0,0.0,0.0,0.0,0.0,1.0
hv_256_50_2901,0.0481875,0.0,0.0,0.0,0.0,0.0,0.9518125
hv_256_50_2902,0.0481875,0.0,0.0,0.0,0.0,0.0,0.9518125
hv_256_50_2903,0.0,0.0,0.0,0.0,0.0,0.0,1.0
hv_256_50_2904,0.0,0.0,0.0,0.0,0.0,0.0,1.0
hv_256_50_2905,0.0,0.0,0.0,0.0,0.0,0.0,1.0
hv_256_50_2906,0.0,0.0,0.0,0.0,0.0,0.0,1.0
hv_256_50_2907,0.0,0.017095888,0.0,0.0,0.0,0.0,0.98290414
hv_256_50_2908,0.0,0.27888474,0.0,0.0,0.0,0.0,0.7211153
hv_256_50_2909,0.04212408,0.36714667,0.0,0.0,0.0,0.0,0.59072924
hv_256_50_2910,0.089413136,0.29608425,0.0,0.0,0.0,0.0,0.61450255
hv_256_50_2911,0.099977136,0.31155857,0.0,0.0,0.0,0.0,0.5884643
hv_256_50_2912,0.08225325,0.27651027,0.0,0.0,0.0,0.0,0.6412365
hv_256_50_2913,0.05652597,0.3611587,0.0,0.0,0.0,0.0,0.5823153
hv_256_50_2914,0.06501744,0.3619484,0.0,0.0,0.0,0.0,0.5730342
hv_256_50_2915,0.056750406,0.15646783,0.0,0.0,0.0,0.0,0.7867818
hv_256_50_2916,0.018693779,0.0,0.0,0.0,0.0,0.0,0.9813062
hv_256_50_2917,0.0,0.0,0.0,0.0,0.0,0.0,1.0
hv_256_50_2918,0.0,0.0,0.0,0.0,0.0,0.0,1.0
hv_256_50_2919,0.0,0.0,0.0,0.0,0.0,0.0,1.0
hv_256_50_2920,0.0,0.0,0.0,0.0,0.0108219655,0.0,0.98917806
hv_256_50_2921,0.0,0.0,0.0,0.0,0.02749522,0.0,0.9725048
hv_256_50_2922,0.0,0.0,0.0,0.0,0.10715056,0.0,0.89284945
hv_256_50_2923,0.0,0.0,0.0,0.0,0.11304325,0.0,0.88695675
hv_256_50_2924,0.018323485,0.0,0.0,0.0,0.1766254,0.0,0.80505115
hv_256_50_2925,0.084123984,0.0,0.0,0.0,0.16330418,0.062599294,0.6899725
hv_256_50_2926,0.0658005,0.0,0.0,0.0,0.1731228,0.16736491,0.5937118
hv_256_50_2927,0.0,0.0,0.0,0.0,0.32401177,0.10476561,0.5712226
hv_256_50_2928,0.0,0.0,0.0,0.0,0.39367902,0.0,0.606321
hv_256_50_2929,0.0,0.0,0.0,0.0,0.49107447,0.00010644071,0.50881904
hv_256_50_2930,0.0,0.0,0.0,0.0,0.51514024,0.00010644071,0.48475334
hv_256_50_2931,0.0,0.0,0.0,0.0,0.55139303,0.0,0.448607
hv_256_50_2932,0.0,0.0,0.0,0.0,0.4458373,0.0,0.5541627
hv_256_50_2933,0.0,0.04994391,0.0,0.0,0.1520554,0.0,0.7980007
hv_256_50_2934,0.0,0.21878825,0.0,0.0,0.027337601,0.0,0.7538741
hv_256_50_2935,0.0,0.17500252,0.0,0.0,0.03297106,0.0,0.79202646
hv_256_50_2936,0.0,0.006158167,0.0,0.0,0.02799848,0.0,0.9658434
hv_256_50_2937,0.0,0.0,0.0,0.0,0.02236502,0.0,0.97763497
hv_256_50_2938,0.0,0.0,0.0,0.0,0.0,0.0,1.0
hv_256_50_2939,0.0,0.0022145011,0.0,0.0,0.0,0.0,0.9977855
hv_256_50_2940,0.0,0.09735648,0.0,0.0,0.0,0.0,0.9026435
hv_256_50_2941,0.0,0.22793807,0.0,0.0,0.0,0.0,0.77206194
hv_256_50_2942,0.00030037473,0.19019173,0.0,0.0,0.0,0.0,0.8095079
hv_256_50_2943,0.08727169,0.07364526,0.0,0.0,0.09743273,0.18031378,0.5613366
hv_256_50_2944,0.08697131,0.016249608,0.0,0.0,0.3738611,0.35304555,0.16987243
hv_256_50_2945,0.0,0.0,0.0,0.0,0.2778178,0.27728117,0.44490105
hv_256_50_2946,0.0,0.08390097,0.0,0.0,0.0013894073,0.1045494,0.8101602
hv_256_50_2947,0.0,0.41473442,0.0,0.0,0.0,0.0,0.5852656
hv_256_50_2948,0.0,0.43165076,0.0,0.0,0.0,0.0,0.5683492
hv_256_50_2949,0.0,0.35272506,0.0,0.0,0.0,0.0,0.6472749
hv_256_50_2950,0.0,0.47142005,0.0,0.0,0.0,0.0,0.52857995
hv_256_50_2951,0.0,0.24459955,0.0,0.0,0.0,0.0,0.7554004
hv_256_50_2952,0.0,0.025087234,0.0,0.0,0.0,0.0,0.97491276
hv_256_50_2953,0.0,0.0,0.0,0.0,0.0,0.0,1.0
hv_256_50_2954,0.0009625384,0.0,0.0,0.0,0.0,0.0,0.99903744
hv_256_50_2955,0.038129855,0.0,0.0,0.0,0.0,0.0,0.96187013
hv_256_50_2956,0.037595917,0.0,0.0,0.0,0.0,0.0,0.9624041
hv_256_50_2957,0.02100904,0.0,0.0,0.0,0.0,0.0,0.978991
hv_256_50_2958,0.06055721,0.0,0.0,0.0,0.0,0.0,0.9394428
hv_256_50_2959,0.06745353,0.0,0.0,0.0,0.0,0.0,0.9325465
hv_256_50_2960,0.06357744,0.0,0.0,0.0,0.0,0.0,0.9364225
hv_256_50_2961,0.10272653,0.0,0.0,0.0,0.0,0.0,0.8972735
hv_256_50_2962,0.06662585,0.0,0.0,0.0,0.0,0.0,0.93337417
hv_256_50_2963,0.0,0.0,0.0,0.0,0.0,0.0,1.0
hv_256_50_2964,0.0,0.0,0.0,0.0,0.0,0.0,1.0
hv_256_50_2965,0.0,0.0,0.0,0.0,0.0,0.0,1.0
hv_256_50_2966,0.0,0.0,0.0,0.0,0.0,0.0,1.0
hv_256_50_2967,0.0,0.0,0.0,0.0,0.0,0.0,1.0
hv_256_50_2968,0.0,0.0,0.0,0.0,0.0,0.0,1.0
hv_256_50_2969,0.0,0.0,0.0,0.0,0.0,0.0,1.0
hv_256_50_2970,0.048470832,0.0,0.0,0.0,0.0,0.0,0.95152915
hv_256_50_2971,0.048470832,0.0,0.0,0.0,0.0,0.0,0.95152915
hv_256_50_2972,0.0,0.01668405,0.0,0.0,0.0,0.0,0.98331594
hv_256_50_2973,0.0,0.018206608,0.0,0.0,0.0,0.0,0.9817934
hv_256_50_2974,0.0,0.037295107,0.0,0.0,0.0,0.0,0.9627049
hv_256_50_2975,0.0,0.05098319,0.0,0.0,0.0,0.0,0.9490168
hv_256_50_2976,0.0,0.10529828,0.0,0.0,0.0,0.0,0.8947017
hv_256_50_2977,0.0,0.38164452,0.0,0.0,0.0,0.0,0.6183555
hv_256_50_2978,0.059543945,0.5429038,0.0,0.0,0.0,0.0,0.3975523
hv_256_50_2979,0.07494164,0.5191325,0.0,0.0,0.0,0.0,0.40592587
hv_256_50_2980,0.02790258,0.40055156,0.0,0.0,0.0,0.0,0.5715459
hv_256_50_2981,0.013969298,0.21135636,0.0,0.0,0.0,0.0,0.77467436
hv_256_50_2982,0.00880047,0.11767727,0.0,0.0,0.0,0.0,0.8735223
hv_256_50_2983,0.040320296,0.0916372,0.0,0.0,0.0,0.0,0.86804247
hv_256_50_2984,0.076580346,0.05255033,0.0,0.0,0.0,0.0,0.87086934
hv_256_50_2985,0.07030755,0.0,0.0,0.0,0.0,0.0,0.92969245
hv_256_50_2986,0.043401405,0.0,0.0,0.0,0.0,0.0,0.9565986
hv_256_50_2987,0.016689952,0.0,0.0,0.0,0.0,0.0,0.98331004
hv_256_50_2988,0.0,0.0,0.0,0.0,0.0,0.0,1.0
hv_256_50_2989,0.0,0.0,0.0,0.0,0.0,0.0,1.0
hv_256_50_2990,0.0,0.0,0.0,0.0,0.0,0.0,1.0
hv_256_50_2991,0.0,0.0,0.0,0.0,0.0,0.0,1.0
hv_256_50_2992,0.0,0.0,0.0,0.0,0.0,0.0,1.0
hv_256_50_2993,0.04854223,0.0,0.0,0.0,0.025728222,0.0,0.9257296
hv_256_50_2994,0.08293401,0.0,0.0,0.0,0.026132006,0.016992941,0.87394106
hv_256_50_2995,0.034391772,0.0062142815,0.0,0.0,0.045524064,0.05030137,0.86356854
hv_256_50_2996,0.0,0.0062142815,0.0,0.0,0.19557714,0.033308428,0.76490015
hv_256_50_2997,0.0,0.0,0.0,0.0,0.38717878,0.08740392,0.52541727
hv_256_50_2998,0.0,0.0,0.0,0.0,0.5408314,0.11370243,0.3454662
hv_256_50_2999,0.0,0.0,0.0,0.0,0.5686444,0.026298506,0.4050571
hv_256_50_3000,0.0,0.011865699,0.0,0.0,0.5040759,0.0,0.4840584
hv_256_50_3001,0.0,0.0799291,0.0,0.0,0.32782036,0.0,0.5922505
hv_256_50_3002,0.0,0.11643178,0.0,0.0,0.08999166,0.0,0.79357654
hv_256_50_3003,0.0,0.04900345,0.0,0.0,0.103958316,0.0,0.8470382
hv_256_50_3004,0.0,0.00063506595,0.0,0.0,0.11290744,0.0,0.8864575
hv_256_50_3005,0.0,0.0,0.0,0.0,0.010661378,0.0,0.98933864
hv_256_50_3006,0.0,0.0,0.0,0.0,0.0,0.0,1.0
hv_256_50_3007,0.0,0.0,0.0,0.0,0.0,0.0,1.0
hv_256_50_3008,0.0,0.0,0.0,0.0,0.0,0.0,1.0
hv_256_50_3009,0.0,0.038048796,0.0,0.0,0.0,0.0,0.9619512
hv_256_50_3010,0.0,0.057008833,0.0,0.0,0.0,0.0,0.9429912
hv_256_50_3011,0.0,0.018960036,0.0,0.0,0.0,0.0,0.98103994
hv_256_50_3012,0.06112857,0.0,0.0,0.0,0.033673715,0.08449326,0.82070446
hv_256_50_3013,0.06112857,0.0,0.0,0.0,0.1772555,0.17901182,0.5826041
hv_256_50_3014,0.0,0.0,0.0,0.0,0.14497118,0.1504597,0.7045691
hv_256_50_3015,0.0,0.0,0.0,0.0,0.0013894073,0.055941142,0.94266945
hv_256_50_3016,0.0,0.17606832,0.0,0.0,0.0,0.0,0.8239317
hv_256_50_3017,0.0,0.34928754,0.0,0.0,0.0,0.0,0.6507125
hv_256_50_3018,0.0,0.3343678,0.0,0.0,0.0,0.0,0.6656322
hv_256_50_3019,0.044943087,0.27413207,0.0,0.0,0.0,0.0,0.68092483
hv_256_50_3020,0.044943087,0.12267687,0.0,0.0,0.0,0.0,0.83238006
hv_256_50_3021,0.0,0.009693385,0.0,0.0,0.0,0.0,0.9903066
hv_256_50_3022,0.0,0.0,0.0,0.0,0.0,0.0,1.0
hv_256_50_3023,0.0,0.0,0.0,0.0,0.0,0.0,1.0
hv_256_50_3024,0.037299585,0.0,0.0,0.0,0.0,0.0,0.9627004
hv_256_50_3025,0.07782569,0.0,0.0,0.0,0.0,0.0,0.92217433
hv_256_50_3026,0.09674703,0.0,0.0,0.0,0.0,0.0,0.90325296
hv_256_50_3027,0.0961977,0.0,0.0,0.0,0.0,0.0,0.9038023
hv_256_50_3028,0.047292896,0.0,0.0,0.0,0.0,0.0,0.9527071
hv_256_50_3029,0.007316123,0.0,0.0,0.0,0.0,0.0,0.9926839
hv_256_50_3030,0.036111098,0.0,0.0,0.0,0.0,0.0,0.9638889
hv_256_50_3031,0.036111098,0.0,0.0,0.0,0.0,0.0,0.9638889
hv_256_50_3032,0.0,0.0,0.0,0.0,0.0,0.0,1.0
hv_256_50_3033,0.0,0.0,0.0,0.0,0.0,0.0,1.0
hv_256_50_3034,0.0,0.0,0.0,0.0,0.0,0.0,1.0
hv_256_50_3035,0.0,0.0,0.0,0.0,0.0,0.0,1.0
hv_256_50_3036,0.0,0.0,0.0,0.0,0.0,0.0,1.0
hv_256_50_3037,0.0,0.0,0.0,0.0,0.0,0.0,1.0
hv_256_50_3038,0.0,0.0,0.0,0.0,0.0,0.0,1.0
hv_256_50_3039,0.0002833285,0.0,0.0,0.0,0.0,0.0,0.9997167
hv_256_50_3040,0.0002833285,5.8885935e-06,0.0,0.0,0.0,0.0,0.9997108
hv_256_50_3041,0.0,0.16073689,0.0,0.0,0.0,0.0,0.83926314
hv_256_50_3042,0.0,0.28003547,0.0,0.0,0.0,0.0,0.7199645
hv_256_50_3043,0.0,0.39710104,0.0,0.0,0.0,0.0,0.60289896
hv_256_50_3044,0.0,0.49077275,0.0,0.0,0.0,0.0,0.5092272
hv_256_50_3045,0.009075605,0.491023,0.0,0.0,0.0,0.0,0.49990138
hv_256_50_3046,0.03815802,0.4436134,0.0,0.0,0.0,0.0,0.5182286
hv_256_50_3047,0.08920625,0.366618,0.0,0.0,0.0,0.0,0.54417574
hv_256_50_3048,0.060123835,0.39734736,0.0,0.0,0.0,0.0,0.5425288
hv_256_50_3049,0.0,0.2553776,0.0,0.0,0.0,0.0,0.7446224
hv_256_50_3050,0.0,0.05908169,0.0,0.0,0.0,0.0,0.9409183
hv_256_50_3051,0.0,0.1305844,0.0,0.0,0.0,0.0,0.8694156
hv_256_50_3052,0.0,0.13191245,0.0,0.0,0.0,0.0,0.86808753
hv_256_50_3053,0.024902323,0.001328047,0.0,0.0,0.0,0.0,0.9737696
hv_256_50_3054,0.051613774,0.0,0.0,0.0,0.0,0.0,0.94838625
hv_256_50_3055,0.050113324,0.0,0.0,0.0,0.0,0.0,0.9498867
hv_256_50_3056,0.047356673,0.0,0.0,0.0,0.0,0.0,0.95264333
hv_256_50_3057,0.038651906,0.0,0.0,0.0,0.0,0.0,0.9613481
hv_256_50_3058,0.014697105,0.0,0.0,0.0,0.0,0.0,0.98530287
hv_256_50_3059,0.0,0.0,0.0,0.0,0.0,0.0,1.0
hv_256_50_3060,0.0059244693,0.0,0.0,0.0,0.0,0.0,0.99407554
hv_256_50_3061,0.13345067,0.0,0.0,0.0,0.0,0.0,0.8665494
hv_256_50_3062,0.22064532,0.0,0.0,0.0,0.0,0.0,0.7793547
hv_256_50_3063,0.16630648,0.0,0.0,0.0,0.0,0.0,0.8336935
hv_256_50_3064,0.07318736,0.08643352,0.0,0.0,0.0,0.0,0.8403791
hv_256_50_3065,0.0,0.08643352,0.0,0.0,0.0,0.0,0.91356647
hv_256_50_3066,0.0,0.0,0.0,0.0,0.010071877,0.08740392,0.9025242
hv_256_50_3067,0.0,0.0,0.0,0.0,0.15882528,0.11359599,0.72757876
hv_256_50_3068,0.0,0.010241622,0.0,0.0,0.2671981,0.026192065,0.6963682
hv_256_50_3069,0.0,0.11849294,0.0,0.0,0.18926223,0.0,0.6922448
hv_256_50_3070,0.0,0.24553922,0.0,0.0,0.09690187,0.0,0.6575589
hv_256_50_3071,0.0,0.20321767,0.0,0.0,0.08215147,0.0,0.71463084
hv_256_50_3072,0.0,0.07693969,0.0,0.0,0.21981598,0.0,0.7032443
hv_256_50_3073,0.0,0.011009913,0.0,0.0,0.19748205,0.0,0.791508
hv_256_50_3074,0.0,0.0,0.0,0.0,0.03373322,0.0,0.96626675
hv_256_50_3075,0.0,0.0,0.0,0.0,1.1195755e-05,0.0,0.9999888
hv_256_50_3076,0.0,0.0,0.0,0.0,0.015762791,0.0,0.9842372
hv_256_50_3077,0.0,0.0,0.0,0.0,0.015751595,0.0,0.9842484
hv_256_50_3078,0.0,0.020595541,0.0,0.0,0.0,0.0,0.97940445
hv_256_50_3079,0.0,0.029409437,0.0,0.0,0.0,0.0,0.9705906
hv_256_50_3080,0.019212035,0.008813895,0.0,0.0,0.0,0.0,0.9719741
hv_256_50_3081,0.04613312,0.0,0.0,0.0,0.0,0.0,0.9538669
hv_256_50_3082,0.026921086,0.0,0.0,0.0,0.0,0.01325872,0.9598202
hv_256_50_3083,0.0,0.0,0.0,0.0,0.0,0.01325872,0.9867413
hv_256_50_3084,0.0,0.0,0.0,0.0,0.0,0.0,1.0
hv_256_50_3085,0.0,0.029977595,0.0,0.0,0.0,0.0,0.9700224
hv_256_50_3086,0.02117322,0.19530314,0.0,0.0,0.0,0.0,0.7835236
hv_256_50_3087,0.048367973,0.2008434,0.0,0.0,0.0,0.0,0.7507886
hv_256_50_3088,0.07724537,0.035517845,0.0,0.0,0.0,0.0,0.8872368
hv_256_50_3089,0.050050616,0.0,0.0,0.0,0.0,0.0,0.9499494
hv_256_50_3090,0.0,0.0,0.0,0.0,0.0,0.0,1.0
hv_256_50_3091,0.0,0.0,0.0,0.0,0.0,0.0,1.0
hv_256_50_3092,0.021245928,0.0,0.0,0.0,0.0,0.0,0.97875404
hv_256_50_3093,0.056712016,0.0,0.0,0.0,0.0,0.0,0.94328797
hv_256_50_3094,0.075570196,0.0,0.0,0.0,0.0,0.0,0.92442983
hv_256_50_3095,0.0845003,0.0,0.0,0.0,0.00017134172,0.0,0.9153284
hv_256_50_3096,0.044396196,0.0,0.0,0.0,0.00017134172,0.0,0.9554325
hv_256_50_3097,0.0,0.0,0.0,0.0,0.0,0.0,1.0
hv_256_50_3098,0.0,0.0,0.0,0.0,0.0,0.0,1.0
hv_256_50_3099,0.011750622,0.0,0.0,0.0,0.0,0.0,0.98824936
hv_256_50_3100,0.023564946,0.0,0.0,0.0,0.0,0.0,0.97643507
hv_256_50_3101,0.011814323,0.0,0.0,0.0,0.0,0.0,0.9881857
hv_256_50_3102,0.0,0.0,0.0,0.0,0.0,0.0,1.0
hv_256_50_3103,0.0,0.0,0.0,0.0,0.0,0.0,1.0
hv_256_50_3104,0.0,0.0,0.0,0.0,0.0,0.0,1.0
hv_256_50_3105,0.0,0.0,0.0,0.0,0.0,0.0,1.0
hv_256_50_3106,0.001208167,0.0,0.0,0.0,0.0,0.0,0.9987918
hv_256_50_3107,0.0,0.0,0.0,0.0,0.0,0.0,1.0
hv_256_50_3108,0.0,0.0,0.0,0.0,0.0,0.0,1.0
hv_256_50_3109,0.0,0.0016456065,0.0,0.0,0.0,0.0,0.9983544
hv_256_50_3110,0.008908992,0.21023406,0.0,0.0,0.0,0.0,0.78085697
hv_256_50_3111,0.036042012,0.49333632,0.0,0.0,0.0,0.0,0.47062165
hv_256_50_3112,0.030412385,0.5635368,0.0,0.0,0.0,0.0,0.40605083
hv_256_50_3113,0.0032793637,0.5349007,0.0,0.0,0.0,0.0,0.46181992
hv_256_50_3114,0.043731548,0.5650564,0.0,0.0,0.0,0.0,0.39121205
hv_256_50_3115,0.07287703,0.4350837,0.0,0.0,0.0,0.0,0.4920393
hv_256_50_3116,0.065445565,0.18017362,0.0,0.0,0.0,0.0,0.7543808
hv_256_50_3117,0.036300085,0.15477706,0.0,0.0,0.0,0.0,0.8089228
hv_256_50_3118,0.0,0.21420775,0.0,0.0,0.0,0.0,0.78579223
hv_256_50_3119,0.0,0.1293446,0.0,0.0,0.0,0.0,0.8706554
hv_256_50_3120,0.0117524285,0.17447123,0.0,0.0,0.0,0.0,0.8137764
hv_256_50_3121,0.0117524285,0.17741272,0.0,0.0,0.0,0.0,0.8108349
hv_256_50_3122,0.0,0.018820904,0.0,0.0,0.0,0.0,0.9811791
hv_256_50_3123,0.0,0.0,0.0,0.0,0.0,0.0,1.0
hv_256_50_3124,0.006711919,0.0,0.0,0.0,0.0,0.0,0.9932881
hv_256_50_3125,0.03066672,0.0,0.0,0.0,0.0,0.0,0.9693333
hv_256_50_3126,0.044778593,0.0,0.0,0.0,0.0,0.0,0.9552214
hv_256_50_3127,0.04938697,0.0,0.0,0.0,0.0,0.0,0.950613
hv_256_50_3128,0.028563177,0.0,0.0,0.0,0.0,0.0,0.9714368
hv_256_50_3129,0.0059244693,0.0,0.0,0.0,0.0,0.0,0.99407554
hv_256_50_3130,0.19949314,0.0,0.0,0.0,0.0,0.0,0.8005069
hv_256_50_3131,0.25647265,0.0,0.0,0.0,0.0,0.0,0.74352735
hv_256_50_3132,0.13647006,0.0,0.0,0.0,0.0,0.0,0.86353
hv_256_50_3133,0.07356609,0.20600565,0.0,0.0,0.0,0.0,0.7204282
hv_256_50_3134,0.0,0.35189968,0.0,0.0,0.0,0.0,0.6481003
hv_256_50_3135,0.0,0.18407421,0.0,0.0,0.0,0.0,0.8159258
hv_256_50_3136,0.0,0.04290378,0.0,0.0,0.0,0.0,0.9570962
hv_256_50_3137,0.0,0.06774424,0.0,0.0,0.0,0.0,0.93225574
hv_256_50_3138,0.0,0.22570114,0.0,0.0,0.010882249,0.0,0.7634166
hv_256_50_3139,0.0,0.25053766,0.0,0.0,0.016739873,0.0,0.73272246
hv_256_50_3140,0.0,0.10541858,0.0,0.0,0.19138826,0.0,0.7031931
hv_256_50_3141,0.0,0.028571302,0.0,0.0,0.37934437,0.0,0.59208435
hv_256_50_3142,0.0,0.011009913,0.0,0.0,0.29551375,0.0,0.6934763
hv_256_50_3143,0.0,0.0,0.0,0.0,0.11547008,0.0,0.8845299
hv_256_50_3144,0.0,0.0,0.0,0.0,0.05047807,0.0,0.94952196
hv_256_50_3145,0.0,0.0,0.0,0.0,0.13716447,0.0,0.8628355
hv_256_50_3146,0.0,0.0009476472,0.0,0.0,0.10055444,0.0,0.89849794
hv_256_50_3147,0.0,0.10213191,0.0,0.0,9.799288e-05,0.0,0.8977701
hv_256_50_3148,0.0,0.14256255,0.0,0.0,0.0,0.0,0.85743743
hv_256_50_3149,0.045271195,0.04137829,0.0,0.0,0.0,0.0,0.9133505
hv_256_50_3150,0.05377815,0.0,0.0,0.0,0.0,0.0,0.9462218
hv_256_50_3151,0.008506956,0.0,0.0,0.0,0.0,0.0,0.99149305
hv_256_50_3152,0.0,0.0,0.0,0.0,0.0,0.0,1.0
hv_256_50_3153,0.0,0.0,0.0,0.0,0.0,0.0,1.0
hv_256_50_3154,0.0052219536,0.0,0.0,0.0,0.0,0.0,0.99477804
hv_256_50_3155,0.03070314,0.036091596,0.0,0.0,0.0,0.0,0.93320525
hv_256_50_3156,0.05267594,0.036091596,0.0,0.0,0.0,0.0,0.9112325
hv_256_50_3157,0.032302283,0.0,0.0,0.0,0.0,0.0,0.96769774
hv_256_50_3158,0.00510753,0.0,0.0,0.0,0.0,0.0,0.9948925
hv_256_50_3159,0.015302548,0.0,0.0,0.0,0.0,0.0,0.98469746
hv_256_50_3160,0.04652626,0.0,0.0,0.0,0.0,0.0,0.95347375
hv_256_50_3161,0.057070196,0.0,0.0,0.0,0.0,0.0,0.9429298
hv_256_50_3162,0.05011701,0.0,0.0,0.0,0.0,0.0,0.949883
hv_256_50_3163,0.024277123,0.0,0.0,0.0,0.0,0.0,0.97572285
hv_256_50_3164,0.0087623,0.0,0.0,0.0,0.017302608,0.0,0.97393507
hv_256_50_3165,0.008755699,0.0,0.0,0.0,0.017302608,0.0,0.9739417
hv_256_50_3166,0.0,0.0,0.0,0.0,0.0,0.0,1.0
hv_256_50_3167,0.0,0.0,0.0,0.0,0.0,0.0,1.0
hv_256_50_3168,0.0,0.0,0.0,0.0,0.0,0.0,1.0
hv_256_50_3169,0.032213695,0.0,0.0,0.0,0.0,0.0,0.9677863
hv_256_50_3170,0.034967773,0.0,0.0,0.0,0.0,0.0,0.9650322
hv_256_50_3171,0.002754079,0.0,0.0,0.0,0.0,0.0,0.9972459
hv_256_50_3172,0.0,0.0,0.0,0.0,0.0,0.0,1.0
hv_256_50_3173,0.0,0.0,0.0,0.0,0.0,0.0,1.0
hv_256_50_3174,0.0,0.0,0.0,0.0,0.0,0.0,1.0
hv_256_50_3175,0.035548937,0.08159166,0.0,0.0,0.0,0.0,0.8828594
hv_256_50_3176,0.012864649,0.06019067,0.0,0.0,0.0,0.0,0.9269447
hv_256_50_3177,0.0,0.022058908,0.0,0.0,0.0,0.0,0.9779411
hv_256_50_3178,0.0,0.001639718,0.0,0.0,0.0,0.0,0.9983603
hv_256_50_3179,0.008908992,0.23225875,0.0,0.0,0.0,0.0,0.7588323
hv_256_50_3180,0.036042012,0.5763836,0.0,0.0,0.0,0.0,0.3875744
hv_256_50_3181,0.030412385,0.4104553,0.0,0.0,0.0,0.0,0.5591323
hv_256_50_3182,0.0032793637,0.15550852,0.0,0.0,0.0,0.0,0.8412121
hv_256_50_3183,0.034655944,0.2551725,0.0,0.0,0.0,0.0,0.7101716
hv_256_50_3184,0.03471901,0.41544864,0.0,0.0,0.0,0.0,0.54983234
hv_256_50_3185,6.306593e-05,0.2510939,0.0,0.0,0.0,0.0,0.748843
hv_256_50_3186,0.0,0.002509412,0.0,0.0,0.0,0.0,0.9974906
hv_256_50_3187,0.0,0.11269215,0.0,0.0,0.0,0.0,0.8873078
hv_256_50_3188,0.0,0.15619716,0.0,0.0,0.0,0.0,0.8438028
hv_256_50_3189,0.014700427,0.1131087,0.0,0.0,0.0,0.0,0.8721909
hv_256_50_3190,0.014700427,0.084587134,0.0,0.0,0.0,0.0,0.90071243
hv_256_50_3191,0.0,0.017492857,0.0,0.0,0.0,0.0,0.98250717
hv_256_50_3192,0.0,0.0,0.0,0.0,0.0,0.0,1.0
hv_256_50_3193,0.0,0.0,0.0,0.0,0.0,0.0,1.0
hv_256_50_3194,0.0,0.0,0.0,0.0,0.0,0.0,1.0
hv_256_50_3195,0.0061266897,0.0,0.0,0.0,0.0,0.0,0.9938733
hv_256_50_3196,0.034689866,0.0,0.0,0.0,0.0,0.0,0.96531016
hv_256_50_3197,0.04454488,0.0,0.0,0.0,0.0,0.0,0.9554551
hv_256_50_3198,0.031918097,0.0,0.0,0.0,0.0,0.0,0.9680819
hv_256_50_3199,0.09601088,0.0,0.0,0.0,0.0,0.0,0.90398914
hv_256_50_3200,0.089395024,0.0,0.0,0.0,0.0,0.0,0.91060495
hv_256_50_3201,0.009699272,0.008942521,0.0,0.0,0.0,0.0,0.98135823
hv_256_50_3202,0.00037873036,0.18548405,0.0,0.0,0.0,0.0,0.8141372
hv_256_50_3203,0.0,0.48014852,0.0,0.0,0.0,0.0,0.5198515
hv_256_50_3204,0.0,0.34387642,0.0,0.0,0.0,0.0,0.6561236
hv_256_50_3205,0.0,0.04751104,0.0,0.0,0.0,0.0,0.95248896
hv_256_50_3206,0.0,0.10720655,0.0,0.0,0.0,0.0,0.8927934
hv_256_50_3207,0.0,0.17043361,0.0,0.0,0.0,0.0,0.8295664
hv_256_50_3208,0.0,0.089101344,0.0,0.0,0.00652179,0.0,0.90437686
hv_256_50_3209,0.0,0.018632686,0.0,0.0,0.19743502,0.0,0.78393227
hv_256_50_3210,0.012570573,0.0,0.0,0.0,0.32084596,0.0,0.6665835
hv_256_50_3211,0.033772413,0.0,0.0,0.0,0.22620147,0.0,0.7400261
hv_256_50_3212,0.025396712,0.0,0.0,0.0,0.11003879,0.0,0.8645645
hv_256_50_3213,0.0041948725,0.0,0.0,0.0,0.050466873,0.0,0.94533825
hv_256_50_3214,0.0,0.0,0.0,0.0,0.12140169,0.0,0.87859833
hv_256_50_3215,0.0,0.0009476472,0.0,0.0,0.08480284,0.0,0.91424954
hv_256_50_3216,0.0,0.08153637,0.0,0.0,9.799288e-05,0.0,0.91836566
hv_256_50_3217,0.0033751077,0.113153115,0.0,0.0,0.0,0.0,0.8834718
hv_256_50_3218,0.04806127,0.032564394,0.0,0.0,0.0,0.0,0.91937435
hv_256_50_3219,0.048065793,0.0,0.0,0.0,0.0,0.0,0.9519342
hv_256_50_3220,0.0033796306,0.0,0.0,0.0,0.0,0.0,0.99662036
hv_256_50_3221,0.0,0.0,0.0,0.0,0.0,0.0,1.0
hv_256_50_3222,0.0,0.0,0.0,0.0,0.0,0.0,1.0
hv_256_50_3223,0.0052219536,0.0,0.0,0.0,0.0,0.0,0.99477804
hv_256_50_3224,0.009529919,0.0,0.0,0.0,0.0,0.0,0.99047005
hv_256_50_3225,0.020621514,0.0,0.0,0.0,0.0,0.0,0.97937846
hv_256_50_3226,0.039092723,0.0,0.0,0.0,0.0,0.0,0.9609073
hv_256_50_3227,0.04282062,0.0,0.0,0.0,0.0,0.0,0.95717937
hv_256_50_3228,0.05134714,0.0,0.0,0.0,0.0,0.0,0.94865286
hv_256_50_3229,0.06252941,0.0,0.0,0.0,0.0,0.0,0.9374706
hv_256_50_3230,0.03582427,0.0,0.0,0.0,0.0,0.0,0.9641757
hv_256_50_3231,0.0046005575,0.0,0.0,0.0,0.0,0.0,0.9953994
hv_256_50_3232,0.0,0.0,0.0,0.0,0.0,0.0,1.0
hv_256_50_3233,0.0,0.0,0.0,0.0,0.017131265,0.0,0.98286873
hv_256_50_3234,0.0,0.0,0.0,0.0,0.017131265,0.0,0.98286873
hv_256_50_3235,0.0,0.0,0.0,0.0,0.0,0.0,1.0
hv_256_50_3236,0.0,0.0,0.0,0.0,0.0,0.0,1.0
hv_256_50_3237,0.0,0.0,0.0,0.0,0.0,0.0,1.0
hv_256_50_3238,0.020399371,0.0,0.0,0.0,0.0,0.0,0.9796006
hv_256_50_3239,0.05048248,0.0,0.0,0.0,0.0,0.0,0.94951755
hv_256_50_3240,0.030459085,0.0,0.0,0.0,0.0,0.0,0.9695409
hv_256_50_3241,0.000375976,0.0,0.0,0.0,0.0,0.0,0.999624
hv_256_50_3242,0.0,0.0,0.0,0.0,0.0,0.0,1.0
hv_256_50_3243,0.0,0.0,0.0,0.0,0.0,0.0,1.0
hv_256_50_3244,0.04604077,0.3127908,0.0,0.0,0.0,0.0,0.6411684
hv_256_50_3245,0.031099008,0.10431507,0.0,0.0,0.0,0.0,0.86458594
hv_256_50_3246,0.006534362,0.025547458,0.0,0.0,0.0,0.0,0.96791816
hv_256_50_3247,0.0,0.02962849,0.0,0.0,0.0,0.0,0.9703715
hv_256_50_3248,0.0,0.43087873,0.0,0.0,0.0,0.0,0.56912124
hv_256_50_3249,0.0,0.716443,0.0,0.0,0.0,0.0,0.28355697
hv_256_50_3250,0.0,0.38898078,0.0,0.0,0.0,0.0,0.61101925
hv_256_50_3251,0.0,0.113928206,0.0,0.0,0.0,0.0,0.8860718
hv_256_50_3252,0.020942368,0.09392714,0.0,0.0,0.0,0.0,0.88513047
hv_256_50_3253,0.020942368,0.3775813,0.0,0.0,0.0,0.0,0.6014764
hv_256_50_3254,0.0,0.34142095,0.0,0.0,0.0,0.0,0.65857905
hv_256_50_3255,0.0,0.03216851,0.0,0.0,0.0,0.0,0.9678315
hv_256_50_3256,0.0,0.061634928,0.0,0.0,0.0,0.0,0.93836504
hv_256_50_3257,0.023756994,0.11109509,0.0,0.0,0.0,0.0,0.86514795
hv_256_50_3258,0.047417395,0.0731909,0.0,0.0,0.0,0.0,0.87939173
hv_256_50_3259,0.0236604,0.0091888,0.0,0.0,0.0,0.0,0.9671508
hv_256_50_3260,0.0,0.006517949,0.0,0.0,0.0,0.0,0.99348205
hv_256_50_3261,0.0,0.006517949,0.0,0.0,0.037392367,0.0,0.9560897
hv_256_50_3262,0.0,0.014001148,0.0,0.0,0.037392367,0.0,0.9486065
hv_256_50_3263,0.0,0.024738302,0.0,0.0,0.0,0.0,0.9752617
hv_256_50_3264,0.0,0.027386365,0.0,0.0,0.0,0.0,0.97261363
hv_256_50_3265,0.010191255,0.019789087,0.0,0.0,0.0,0.0,0.97001964
hv_256_50_3266,0.05630769,0.028549531,0.0,0.0,0.0,0.0,0.9151428
hv_256_50_3267,0.17085452,0.025409656,0.0,0.0,0.0,0.0,0.8037358
hv_256_50_3268,0.14435554,0.0,0.0,0.0,0.0,0.0,0.85564446
hv_256_50_3269,0.028934393,0.0,0.0,0.0,0.0,0.0,0.97106564
hv_256_50_3270,0.009316945,0.016476987,0.0,0.0,0.0,0.0,0.9742061
hv_256_50_3271,0.008169288,0.18592258,0.0,0.0,0.0,0.0,0.80590814
hv_256_50_3272,0.008169288,0.3682587,0.0,0.0,0.0,0.0,0.623572
hv_256_50_3273,0.0,0.20359911,0.0,0.0,0.0,0.0,0.7964009
hv_256_50_3274,0.0,0.09287584,0.0,0.0,0.0,0.0,0.90712416
hv_256_50_3275,0.0,0.23559244,0.0,0.0,0.0,0.0,0.7644076
hv_256_50_3276,0.0006452919,0.24835579,0.0,0.0,0.0,0.0,0.7509989
hv_256_50_3277,0.014800101,0.1008532,0.0,0.0,0.00066416635,0.0,0.88368255
hv_256_50_3278,0.014154809,0.0,0.0,0.0,0.06040166,0.0,0.92544353
hv_256_50_3279,0.012570573,0.0,0.0,0.0,0.08469687,0.0,0.90273255
hv_256_50_3280,0.0368058,0.0,0.0,0.0,0.042599916,0.0,0.9205943
hv_256_50_3281,0.062020868,0.0,0.0,0.0,0.017640546,0.0,0.9203386
hv_256_50_3282,0.066240914,0.0,0.0,0.0,0.0,0.0,0.9337591
hv_256_50_3283,0.0595145,0.0,0.0,0.0,0.0,0.0,0.9404855
hv_256_50_3284,0.06719983,0.0,0.0,0.0,0.0,0.0,0.9328002
hv_256_50_3285,0.061107494,0.0,0.0,0.0,0.0,0.0,0.9388925
hv_256_50_3286,0.08127512,0.0,0.0,0.0,0.0,0.0,0.9187249
hv_256_50_3287,0.098378494,0.0,0.0,0.0,0.0,0.0,0.9016215
hv_256_50_3288,0.08196395,0.0,0.0,0.0,0.0,0.0,0.91803604
hv_256_50_3289,0.078684114,0.0,0.0,0.0,0.0,0.0,0.9213159
hv_256_50_3290,0.041313678,0.0,0.0,0.0,0.0,0.0,0.95868635
hv_256_50_3291,0.051494144,0.0,0.0,0.0,0.0,0.0,0.9485059
hv_256_50_3292,0.083571054,0.0,0.0,0.0,0.0,0.0,0.9164289
hv_256_50_3293,0.06418903,0.0,0.0,0.0,0.0,0.0,0.935811
hv_256_50_3294,0.06322256,0.0,0.0,0.0,0.0,0.0,0.9367775
hv_256_50_3295,0.05641286,0.0,0.0,0.0,0.0,0.0,0.9435871
hv_256_50_3296,0.04282062,0.0,0.0,0.0,0.0,0.0,0.95717937
hv_256_50_3297,0.036044594,0.0,0.0,0.0,0.0,0.0,0.9639554
hv_256_50_3298,0.016003147,0.0,0.0,0.0,0.0,0.0,0.98399687
hv_256_50_3299,0.0,0.0,0.0,0.0,0.0,0.0,1.0
hv_256_50_3300,0.0,0.0,0.0,0.0,0.0,0.0,1.0
hv_256_50_3301,0.0,0.0,0.0,0.0,0.0,0.0,1.0
hv_256_50_3302,0.0,0.0,0.0,0.0,0.0,0.0,1.0
hv_256_50_3303,0.0,0.0,0.0,0.0,0.0,0.0,1.0
hv_256_50_3304,0.0,0.0,0.0,0.0,0.0,0.0,1.0
hv_256_50_3305,0.0,0.0,0.0,0.0,0.0,0.0,1.0
hv_256_50_3306,0.0,0.0,0.0,0.0,0.0,0.0,1.0
hv_256_50_3307,0.0,0.0,0.0,0.0,0.0,0.0,1.0
hv_256_50_3308,0.04424051,0.0,0.0,0.0,0.0,0.0,0.95575947
hv_256_50_3309,0.044682622,0.0,0.0,0.0,0.0,0.0,0.9553174
hv_256_50_3310,0.00044211387,0.0,0.0,0.0,0.0,0.0,0.9995579
hv_256_50_3311,0.0,0.0,0.0,0.0,0.0,0.0,1.0
hv_256_50_3312,0.0,0.0,0.0,0.0,0.0,0.0,1.0
hv_256_50_3313,0.015265681,0.23119916,0.0,0.0,0.0,0.0,0.75353515
hv_256_50_3314,0.01823436,0.04412566,0.0,0.0,0.0,0.0,0.93763995
hv_256_50_3315,0.006534362,0.07885152,0.0,0.0,0.0,0.0,0.91461414
hv_256_50_3316,0.0,0.3236807,0.0,0.0,0.0,0.0,0.6763193
hv_256_50_3317,0.0,0.7315756,0.0,0.0,0.0,0.0,0.26842442
hv_256_50_3318,0.0,0.7609506,0.0,0.0,0.0,0.0,0.23904939
hv_256_50_3319,0.0,0.33287942,0.0,0.0,0.0,0.0,0.6671206
hv_256_50_3320,0.00035479316,0.10534164,0.0,0.0,0.0,0.0,0.89430356
hv_256_50_3321,0.04532577,0.062204715,0.0,0.0,0.0,0.0,0.8924695
hv_256_50_3322,0.044970978,0.21043925,0.0,0.0,0.0,0.0,0.74458975
hv_256_50_3323,0.0,0.27144778,0.0,0.0,0.0,0.0,0.7285522
hv_256_50_3324,0.0049310345,0.25135502,0.0,0.0,0.0,0.0,0.743714
hv_256_50_3325,0.031308226,0.20737088,0.0,0.0,0.0,0.0,0.7613209
hv_256_50_3326,0.067203864,0.06293995,0.0,0.0,0.0,0.0,0.8698562
hv_256_50_3327,0.061539076,0.054052755,0.0,0.0,0.0,0.0,0.8844082
hv_256_50_3328,0.020712404,0.026389195,0.0,0.0,0.0,0.0,0.9528984
hv_256_50_3329,0.0,0.080172814,0.0,0.0,0.0,0.0,0.91982716
hv_256_50_3330,0.013386123,0.13920066,0.0,0.0,0.037616573,0.0,0.80979663
hv_256_50_3331,0.04049483,0.16409715,0.0,0.0,0.037616573,0.0,0.75779146
hv_256_50_3332,0.0296574,0.16966495,0.0,0.0,0.0,0.0,0.80067766
hv_256_50_3333,0.0025486937,0.18615969,0.0,0.0,0.0,0.0,0.81129164
hv_256_50_3334,0.010191255,0.2683381,0.0,0.0,0.0,0.0,0.7214706
hv_256_50_3335,0.040325984,0.2950218,0.0,0.0,0.0,0.0,0.6646522
hv_256_50_3336,0.19706057,0.1597949,0.0,0.0,0.0,0.0,0.64314455
hv_256_50_3337,0.20068505,0.017750695,0.0,0.0,0.0,0.0,0.78156424
hv_256_50_3338,0.059421293,0.0,0.0,0.0,0.0,0.0,0.9405787
hv_256_50_3339,0.04166653,0.0075344658,0.0,0.0,0.0,0.0,0.950799
hv_256_50_3340,0.06546239,0.12622495,0.0,0.0,0.0,0.0,0.80831265
hv_256_50_3341,0.09099818,0.15979062,0.0,0.0,0.0,0.0,0.7492112
hv_256_50_3342,0.064263985,0.10382456,0.0,0.0,0.0,0.0,0.83191144
hv_256_50_3343,0.04406076,0.22038005,0.0,0.0,0.0,0.0,0.73555917
hv_256_50_3344,0.04022834,0.28269485,0.0,0.0,0.0,0.0,0.6770768
hv_256_50_3345,0.04416945,0.23165058,0.0,0.0,0.0,0.0,0.72418
hv_256_50_3346,0.041368093,0.10661136,0.0,0.0,0.0,0.0,0.85202056
hv_256_50_3347,0.01608997,0.0,0.0,0.0,0.0,0.0,0.98391
hv_256_50_3348,0.0,0.0,0.0,0.0,0.0,0.0,1.0
hv_256_50_3349,0.0030333889,0.0,0.0,0.0,0.0,0.0,0.9969666
hv_256_50_3350,0.036624156,0.0,0.0,0.0,0.0,0.0,0.96337587
hv_256_50_3351,0.06204604,0.0,0.0,0.0,0.0,0.0,0.93795395
hv_256_50_3352,0.0595145,0.0,0.0,0.0,0.0,0.0,0.9404855
hv_256_50_3353,0.07456527,0.0,0.0,0.0,0.0,0.0,0.9254347
hv_256_50_3354,0.06848113,0.0,0.0,0.0,0.0,0.0,0.93151885
hv_256_50_3355,0.10264375,0.0,0.0,0.0,0.0,0.0,0.8973563
hv_256_50_3356,0.10111192,0.0,0.0,0.0,0.0,0.0,0.8988881
hv_256_50_3357,0.065664575,0.0,0.0,0.0,0.0,0.0,0.9343354
hv_256_50_3358,0.15379772,0.0,0.0,0.0,0.0,0.0,0.8462023
hv_256_50_3359,0.20133936,0.0,0.0,0.0,0.0,0.0,0.79866064
hv_256_50_3360,0.14185135,0.0,0.0,0.0,0.0,0.0,0.85814863
hv_256_50_3361,0.086688556,0.0,0.0,0.0,0.0,0.0,0.9133114
hv_256_50_3362,0.06418903,0.0,0.0,0.0,0.0,0.0,0.935811
hv_256_50_3363,0.04690901,0.0,0.0,0.0,0.0,0.0,0.95309097
hv_256_50_3364,0.017320137,0.0,0.0,0.0,0.0,0.0,0.98267984
hv_256_50_3365,0.0,0.0,0.0,0.0,0.0,0.0,1.0
hv_256_50_3366,0.0,0.0,0.0,0.0,0.0,0.0,1.0
hv_256_50_3367,0.0,0.0,0.0,0.0,0.0,0.0,1.0
hv_256_50_3368,0.0,0.0,0.0,0.0,0.0,0.0,1.0
hv_256_50_3369,0.0,0.0,0.0,0.0,0.0,0.0,1.0
hv_256_50_3370,0.0,0.0,0.0,0.0,0.0,0.0,1.0
hv_256_50_3371,0.0,0.0,0.0,0.0,0.0,0.0,1.0
hv_256_50_3372,0.0,0.0,0.0,0.0,0.0,0.0,1.0
hv_256_50_3373,0.0,0.0,0.0,0.0,0.0,0.0,1.0
hv_256_50_3374,0.0,0.0,0.0,0.0,0.0,0.0,1.0
hv_256_50_3375,0.0,0.0,0.0,0.0,0.0,0.0,1.0
hv_256_50_3376,0.0,0.0,0.0,0.0,0.0,0.0,1.0
hv_256_50_3377,0.03795254,0.0,0.0,0.0,0.0,0.0,0.96204746
hv_256_50_3378,0.038018677,0.0,0.0,0.0,0.0,0.0,0.9619813
hv_256_50_3379,6.613787e-05,0.0,0.0,0.0,0.0,0.0,0.99993384
hv_256_50_3380,0.0,0.0,0.0,0.0,0.0,0.0,1.0
hv_256_50_3381,0.0,0.0,0.0,0.0,0.0,0.0,1.0
hv_256_50_3382,0.005973856,0.017470136,0.0,0.0,0.0,0.0,0.976556
hv_256_50_3383,0.0,0.1471988,0.0,0.0,0.0,0.0,0.8528012
hv_256_50_3384,0.0,0.45509037,0.0,0.0,0.0,0.0,0.5449096
hv_256_50_3385,0.0,0.75583005,0.0,0.0,0.0,0.0,0.24416992
hv_256_50_3386,0.0,0.7859746,0.0,0.0,0.0,0.0,0.21402535
hv_256_50_3387,0.0,0.5041028,0.0,0.0,0.0,0.0,0.4958972
hv_256_50_3388,0.0,0.21567085,0.0,0.0,0.0,0.0,0.7843292
hv_256_50_3389,0.04580821,0.12851839,0.0,0.0,0.0,0.0,0.8256734
hv_256_50_3390,0.09881505,0.06307497,0.0,0.0,0.0,0.0,0.83810997
hv_256_50_3391,0.05300684,0.0016309106,0.0,0.0,0.0,0.0,0.94536227
hv_256_50_3392,0.0,0.055430416,0.0,0.0,0.0,0.0,0.9445696
hv_256_50_3393,0.0143347755,0.245654,0.0,0.0,0.0,0.0,0.7400112
hv_256_50_3394,0.04071197,0.3253856,0.0,0.0,0.0,0.0,0.63390243
hv_256_50_3395,0.043446876,0.15350746,0.0,0.0,0.0,0.0,0.8030457
hv_256_50_3396,0.017069679,0.029342314,0.0,0.0,0.0,0.0,0.953588
hv_256_50_3397,0.0,0.024015147,0.0,0.0,0.0,0.0,0.9759849
hv_256_50_3398,0.0,0.16012847,0.0,0.0,0.0,0.0,0.8398715
hv_256_50_3399,0.013386123,0.40118074,0.0,0.0,0.00022420872,0.0,0.58520895
hv_256_50_3400,0.04049483,0.536692,0.0,0.0,0.00022420872,0.0,0.42258897
hv_256_50_3401,0.0296574,0.41660511,0.0,0.0,0.0,0.0,0.5537375
hv_256_50_3402,0.0025486937,0.48009974,0.0,0.0,0.0,0.0,0.51735157
hv_256_50_3403,0.0,0.67972785,0.0,0.0,0.0,0.0,0.32027215
hv_256_50_3404,0.0024464948,0.48620626,0.0,0.0,0.0,0.0,0.51134723
hv_256_50_3405,0.060570635,0.1703452,0.0,0.0,0.0,0.0,0.76908416
hv_256_50_3406,0.08629792,0.017750695,0.0,0.0,0.0,0.0,0.8959514
hv_256_50_3407,0.053835858,0.0,0.0,0.0,0.0,0.0,0.94616413
hv_256_50_3408,0.050211567,0.0,0.0,0.0,0.0,0.0,0.94978845
hv_256_50_3409,0.08418196,0.0,0.0,0.0,0.0,0.0,0.91581804
hv_256_50_3410,0.121882886,0.0,0.0,0.0,0.0,0.0,0.87811714
hv_256_50_3411,0.08509492,0.060027663,0.0,0.0,0.0,0.0,0.8548774
hv_256_50_3412,0.044181522,0.18435182,0.0,0.0,0.0,0.0,0.7714667
hv_256_50_3413,0.04022834,0.14904669,0.0,0.0,0.0,0.0,0.810725
hv_256_50_3414,0.043524157,0.034654494,0.0,0.0,0.0,0.0,0.92182136
hv_256_50_3415,0.026567994,0.009931954,0.0,0.0,0.0,0.0,0.9635001
hv_256_50_3416,0.0019351607,0.0,0.0,0.0,0.0,0.0,0.9980648
hv_256_50_3417,0.0,0.0,0.0,0.0,0.0,0.0,1.0
hv_256_50_3418,0.0,0.0,0.0,0.0,0.0,0.0,1.0
hv_256_50_3419,0.0,0.0,0.0,0.0,0.0,0.0,1.0
hv_256_50_3420,0.0,0.0,0.0,0.0,0.0,0.0,1.0
hv_256_50_3421,0.0,0.0,0.0,0.0,0.0,0.0,1.0
hv_256_50_3422,0.0073654344,0.0,0.0,0.0,0.0,0.0,0.9926346
hv_256_50_3423,0.0073736412,0.0,0.0,0.0,0.0,0.0,0.99262637
hv_256_50_3424,0.045128956,0.0,0.0,0.0,0.0,0.0,0.95487106
hv_256_50_3425,0.04523011,0.0,0.0,0.0,0.0,0.0,0.9547699
hv_256_50_3426,0.0058166212,0.0,0.0,0.0,0.0,0.0,0.99418336
hv_256_50_3427,0.07849323,0.0,0.0,0.0,0.0,0.0,0.92150676
hv_256_50_3428,0.18434986,0.0,0.0,0.0,0.0,0.0,0.81565017
hv_256_50_3429,0.1146814,0.0,0.0,0.0,0.003655018,0.0,0.88166356
hv_256_50_3430,0.0031175003,0.0,0.0,0.0,0.020706909,0.0,0.9761756
hv_256_50_3431,0.0,0.0,0.0,0.0,0.01705189,0.0,0.9829481
hv_256_50_3432,0.0042672753,0.0,0.0,0.0,0.0,0.0,0.9957327
hv_256_50_3433,0.0042672753,0.0,0.0,0.0,0.0,0.0,0.9957327
hv_256_50_3434,0.0,0.0,0.0,0.0,0.0,0.0,1.0
hv_256_50_3435,0.0,0.0,0.0,0.0,0.0,0.0,1.0
hv_256_50_3436,0.0,0.0,0.0,0.0,0.0,0.0,1.0
hv_256_50_3437,0.0,0.0,0.0,0.0,0.0,0.0,1.0
hv_256_50_3438,0.0,0.0,0.0,0.0,0.0,0.0,1.0
hv_256_50_3439,0.0,0.0,0.0,0.0,0.0,0.0,1.0
hv_256_50_3440,0.0,0.0,0.0,0.0,0.0,0.0,1.0
hv_256_50_3441,0.0,0.0,0.0,0.0,0.0,0.0,1.0
hv_256_50_3442,0.0,0.0,0.0,0.0,0.0,0.0,1.0
hv_256_50_3443,0.0,0.0,0.0,0.0,0.0,0.0,1.0
hv_256_50_3444,0.0,0.0,0.0,0.0,0.0,0.0,1.0
hv_256_50_3445,0.0,0.0,0.0,0.0,0.0,0.0,1.0
hv_256_50_3446,0.0357122,0.0,0.0,0.0,0.0,0.0,0.9642878
hv_256_50_3447,0.05584877,0.0,0.0,0.0,0.0,0.0,0.9441512
hv_256_50_3448,0.024380881,0.0,0.0,0.0,0.0,0.0,0.97561914
hv_256_50_3449,0.004244311,0.0,0.0,0.0,0.0,0.0,0.9957557
hv_256_50_3450,0.0,0.0,0.0,0.0,0.0,0.0,1.0
hv_256_50_3451,0.0030769059,0.10231888,0.0,0.0,0.0,0.0,0.8946042
hv_256_50_3452,0.0006687335,0.3949445,0.0,0.0,0.0,0.0,0.60438675
hv_256_50_3453,0.0,0.7900563,0.0,0.0,0.0,0.0,0.20994373
hv_256_50_3454,0.0,0.8361396,0.0,0.0,0.0,0.0,0.16386041
hv_256_50_3455,0.0,0.44904038,0.0,0.0,0.0,0.0,0.5509596
hv_256_50_3456,0.0,0.117628165,0.0,0.0,0.0,0.0,0.88237184
hv_256_50_3457,0.0,0.0650484,0.0,0.0,0.0,0.0,0.9349516
hv_256_50_3458,0.048092227,0.093075715,0.0,0.0,0.0,0.0,0.85883206
hv_256_50_3459,0.112079665,0.03532402,0.0,0.0,0.0,0.0,0.85259634
hv_256_50_3460,0.063987434,0.06382912,0.0,0.0,0.0,0.0,0.87218344
hv_256_50_3461,0.0,0.1693638,0.0,0.0,0.0,0.0,0.8306362
hv_256_50_3462,0.009403741,0.13208626,0.0,0.0,0.0,0.0,0.85851
hv_256_50_3463,0.009403741,0.14174348,0.0,0.0,0.0,0.0,0.84885275
hv_256_50_3464,0.0,0.14436059,0.0,0.0,0.0,0.0,0.8556394
hv_256_50_3465,0.0,0.13729641,0.0,0.0,0.0,0.0,0.86270356
hv_256_50_3466,0.0,0.114942476,0.0,0.0,0.0,0.0,0.8850575
hv_256_50_3467,0.0,0.10781538,0.0,0.0,0.0,0.0,0.8921846
hv_256_50_3468,0.0,0.3483927,0.0,0.0,0.0,0.0,0.6516073
hv_256_50_3469,0.0,0.61129534,0.0,0.0,0.0,0.0,0.38870466
hv_256_50_3470,0.0,0.6199048,0.0,0.0,0.0,0.0,0.38009518
hv_256_50_3471,0.0,0.6572909,0.0,0.0,0.0,0.0,0.3427091
hv_256_50_3472,0.0,0.66000086,0.0,0.0,0.0,0.0,0.33999914
hv_256_50_3473,0.040988702,0.35612148,0.0,0.0,0.0,0.0,0.60288984
hv_256_50_3474,0.040988702,0.09740997,0.0,0.0,0.0,0.0,0.86160135
hv_256_50_3475,0.0,0.0,0.0,0.0,0.0,0.0,1.0
hv_256_50_3476,0.0,0.0,0.0,0.0,0.0,0.0,1.0
hv_256_50_3477,0.008545037,0.0,0.0,0.0,0.0,0.0,0.99145496
hv_256_50_3478,0.026888853,0.0,0.0,0.0,0.0,0.0,0.97311115
hv_256_50_3479,0.05041532,0.0,0.0,0.0,0.0,0.0,0.94958466
hv_256_50_3480,0.03219226,0.0,0.0,0.0,0.0,0.0,0.9678077
hv_256_50_3481,0.00012075994,0.14731254,0.0,0.0,0.0,0.0,0.8525667
hv_256_50_3482,0.0,0.17220569,0.0,0.0,0.0,0.0,0.8277943
hv_256_50_3483,0.0,0.025998661,0.0,0.0,0.0,0.0,0.97400135
hv_256_50_3484,0.0,0.0011055106,0.0,0.0,0.0,0.0,0.9988945
hv_256_50_3485,0.0,0.0,0.0,0.0,0.0,0.0,1.0
hv_256_50_3486,0.0,0.0055928933,0.0,0.0,0.0,0.0,0.9944071
hv_256_50_3487,0.0,0.015041343,0.0,0.0,0.0,0.0,0.98495865
hv_256_50_3488,0.0,0.009448449,0.0,0.0,0.0,0.0,0.99055153
hv_256_50_3489,0.0,0.0,0.0,0.0,0.0,0.0,1.0
hv_256_50_3490,0.0,0.0,0.0,0.0,0.0,0.0,1.0
hv_256_50_3491,0.0,0.0,0.0,0.0,0.0,0.0,1.0
hv_256_50_3492,0.0,0.0,0.0,0.0,0.0,0.0,1.0
hv_256_50_3493,0.04116996,0.0,0.0,0.0,0.0,0.0,0.95883006
hv_256_50_3494,0.04127932,0.0,0.0,0.0,0.0,0.0,0.9587207
hv_256_50_3495,0.00010936065,0.0,0.0,0.0,0.0,0.0,0.9998906
hv_256_50_3496,0.0,0.0,0.0,0.0,0.0,0.0,1.0
hv_256_50_3497,0.024324184,0.0,0.0,0.0,0.0,0.0,0.9756758
hv_256_50_3498,0.024324184,0.0,0.0,0.0,0.06764313,0.0,0.90803266
hv_256_50_3499,0.0,0.0,0.0,0.0,0.093944386,0.0,0.9060556
hv_256_50_3500,0.0,0.0,0.0,0.0,0.02630125,0.0,0.97369874
hv_256_50_3501,0.014801258,0.0,0.0,0.0,0.0,0.0,0.98519874
hv_256_50_3502,0.019516723,0.0,0.0,0.0,0.084192395,0.0,0.8962909
hv_256_50_3503,0.004715464,0.0,0.0,0.0,0.1769867,0.0,0.81829786
hv_256_50_3504,0.0,0.0,0.0,0.0,0.1357242,0.0,0.8642758
hv_256_50_3505,0.0,0.0,0.0,0.0,0.0429299,0.0,0.9570701
hv_256_50_3506,0.0,0.0,0.0,0.0,0.0,0.0,1.0
hv_256_50_3507,0.0,0.0,0.0,0.0,0.0,0.0,1.0
hv_256_50_3508,0.0,0.0,0.0,0.0,0.0,0.0,1.0
hv_256_50_3509,0.0,0.007996682,0.0,0.0,0.0,0.0,0.9920033
hv_256_50_3510,0.0,0.007996682,0.0,0.0,0.0,0.0,0.9920033
hv_256_50_3511,0.0,0.0,0.0,0.0,0.0,0.0,1.0
hv_256_50_3512,0.0,0.0,0.0,0.0,0.0,0.0,1.0
hv_256_50_3513,0.0,0.0,0.0,0.0,0.0,0.0,1.0
hv_256_50_3514,0.0,0.0,0.0,0.0,0.0,0.0,1.0
hv_256_50_3515,0.014671139,0.0,0.0,0.0,0.0,0.0,0.98532885
hv_256_50_3516,0.053595893,0.0,0.0,0.0,0.0,0.0,0.9464041
hv_256_50_3517,0.059697602,0.0,0.0,0.0,0.0,0.0,0.9403024
hv_256_50_3518,0.045030683,0.0,0.0,0.0,0.0,0.0,0.95496935
hv_256_50_3519,0.038430046,0.0,0.0,0.0,0.0,0.0,0.96156996
hv_256_50_3520,0.032433823,0.39762294,0.0,0.0,0.0,0.0,0.56994325
hv_256_50_3521,0.032433823,0.5060748,0.0,0.0,0.0,0.0,0.46149138
hv_256_50_3522,0.0,0.48042718,0.0,0.0,0.0,0.0,0.51957285
hv_256_50_3523,0.0,0.46176848,0.0,0.0,0.0,0.0,0.5382315
hv_256_50_3524,0.0,0.21102557,0.0,0.0,0.0,0.0,0.78897446
hv_256_50_3525,0.0,0.005857767,0.0,0.0,0.0,0.0,0.99414223
hv_256_50_3526,0.0,0.0020850704,0.0,0.0,0.0,0.0,0.9979149
hv_256_50_3527,0.032427173,0.031941697,0.0,0.0,0.0,0.0,0.9356311
hv_256_50_3528,0.067436635,0.029856626,0.0,0.0,0.0,0.0,0.90270674
hv_256_50_3529,0.035009462,0.12650011,0.0,0.0,0.0,0.0,0.8384904
hv_256_50_3530,0.0,0.27792865,0.0,0.0,0.0,0.0,0.72207135
hv_256_50_3531,0.0,0.17409919,0.0,0.0,0.0,0.0,0.8259008
hv_256_50_3532,0.0,0.022670656,0.0,0.0,0.0,0.0,0.9773294
hv_256_50_3533,0.0,0.02558833,0.0,0.0,0.0,0.0,0.97441167
hv_256_50_3534,0.0,0.28437385,0.0,0.0,0.0,0.0,0.7156261
hv_256_50_3535,0.0,0.336466,0.0,0.0,0.0,0.0,0.663534
hv_256_50_3536,0.0,0.1101365,0.0,0.0,0.0,0.0,0.8898635
hv_256_50_3537,0.0,0.16920142,0.0,0.0,0.0,0.0,0.8307986
hv_256_50_3538,0.0,0.5251333,0.0,0.0,0.0,0.0,0.47486666
hv_256_50_3539,0.0,0.79997396,0.0,0.0,0.0,0.0,0.20002602
hv_256_50_3540,0.0,0.60030824,0.0,0.0,0.0,0.0,0.39969176
hv_256_50_3541,0.017175574,0.2636597,0.0,0.0,0.0,0.0,0.7191647
hv_256_50_3542,0.0699333,0.1363875,0.0,0.0,0.0,0.0,0.7936792
hv_256_50_3543,0.05275773,0.061450012,0.0,0.0,0.0,0.0,0.88579226
hv_256_50_3544,0.0,0.0,0.0,0.0,0.0,0.0,1.0
hv_256_50_3545,0.0,0.0,0.0,0.0,0.0,0.0,1.0
hv_256_50_3546,0.0,0.0,0.0,0.0,0.0,0.0,1.0
hv_256_50_3547,0.0,0.0,0.0,0.0,0.0,0.0,1.0
hv_256_50_3548,0.011361328,0.0,0.0,0.0,0.0,0.0,0.9886387
hv_256_50_3549,0.011361328,0.0027584955,0.0,0.0,0.0,0.0,0.9858802
hv_256_50_3550,0.0,0.18581873,0.0,0.0,0.0,0.0,0.81418127
hv_256_50_3551,0.0,0.37387598,0.0,0.0,0.0,0.0,0.626124
hv_256_50_3552,0.0,0.29923555,0.0,0.0,0.0,0.0,0.7007645
hv_256_50_3553,0.0,0.15416792,0.0,0.0,0.0,0.0,0.84583205
hv_256_50_3554,0.0,0.07424105,0.0,0.0,0.0,0.0,0.92575896
hv_256_50_3555,0.0,0.058042355,0.0,0.0,0.0,0.0,0.94195765
hv_256_50_3556,0.0,0.20230235,0.0,0.0,0.0,0.0,0.79769766
hv_256_50_3557,0.0,0.17398967,0.0,0.0,0.0,0.0,0.82601035
hv_256_50_3558,0.0,0.001236726,0.0,0.0,0.0,0.0,0.99876326
hv_256_50_3559,0.0,0.0045356406,0.0,0.0,0.0,0.0,0.9954644
hv_256_50_3560,0.0,0.031448223,0.0,0.0,0.0,0.0,0.96855175
hv_256_50_3561,0.0,0.026912583,0.0,0.0,0.0,0.0,0.97308743
hv_256_50_3562,0.02700617,0.0,0.0,0.0,0.0,0.0,0.97299385
hv_256_50_3563,0.02700617,0.027556473,0.0,0.0,0.0,0.0,0.9454374
hv_256_50_3564,0.0,0.112080045,0.0,0.0,0.0,0.0,0.88791996
hv_256_50_3565,0.0,0.10217134,0.0,0.0,0.0,0.0,0.89782864
hv_256_50_3566,0.0,0.017647766,0.0,0.0,6.029597e-07,0.0,0.98235166
hv_256_50_3567,0.0,0.0,0.0,0.0,0.09406972,0.0,0.9059303
hv_256_50_3568,0.0,0.0,0.0,0.0,0.10895909,0.0,0.8910409
hv_256_50_3569,0.0,0.0,0.0,0.0,0.014889979,0.0,0.98511004
hv_256_50_3570,0.010533983,0.0,0.0,0.0,0.0,0.0,0.989466
hv_256_50_3571,0.0336025,0.0,0.0,0.0,0.084192395,0.0,0.8822051
hv_256_50_3572,0.023068516,0.0,0.0,0.0,0.24050534,0.0,0.7364262
hv_256_50_3573,0.0,0.0,0.0,0.0,0.27587658,0.0,0.7241234
hv_256_50_3574,0.0,0.0,0.0,0.0,0.119563624,0.0,0.88043636
hv_256_50_3575,0.0,0.0,0.0,0.0,0.0,0.0,1.0
hv_256_50_3576,0.0,0.0,0.0,0.0,0.0,0.0,1.0
hv_256_50_3577,0.0,0.0,0.0,0.0,0.0,0.0,1.0
hv_256_50_3578,0.0,0.102843255,0.0,0.0,0.0,0.0,0.8971568
hv_256_50_3579,0.0,0.1045084,0.0,0.0,0.0,0.0,0.8954916
hv_256_50_3580,0.0,0.0016651481,0.0,0.0,0.0,0.0,0.9983348
hv_256_50_3581,0.0,0.0,0.0,0.0,0.0,0.0,1.0
hv_256_50_3582,0.0,0.0,0.0,0.0,0.0,0.0,1.0
hv_256_50_3583,0.0,0.0,0.0,0.0,0.0,0.0,1.0
hv_256_50_3584,0.0,0.0,0.0,0.0,0.0,0.0,1.0
hv_256_50_3585,0.03697463,0.0,0.0,0.0,0.0,0.0,0.9630254
hv_256_50_3586,0.054419782,0.0,0.0,0.0,0.0,0.0,0.94558024
hv_256_50_3587,0.041702986,0.0,0.0,0.0,0.0,0.0,0.958297
hv_256_50_3588,0.04797574,0.0,0.0,0.0,0.0,0.0,0.9520243
hv_256_50_3589,0.035337243,0.6421003,0.0,0.0,0.0,0.0,0.3225625
hv_256_50_3590,0.035337243,0.35616195,0.0,0.0,0.0,0.0,0.6085008
hv_256_50_3591,0.0,0.070098296,0.0,0.0,0.0,0.0,0.9299017
hv_256_50_3592,0.0,0.08740675,0.0,0.0,0.0,0.0,0.91259325
hv_256_50_3593,0.0,0.08118543,0.0,0.0,0.0,0.0,0.91881454
hv_256_50_3594,0.0,0.020660095,0.0,0.0,0.0,0.0,0.9793399
hv_256_50_3595,0.021226335,0.06984514,0.0,0.0,0.0,0.0,0.9089285
hv_256_50_3596,0.08449902,0.07995711,0.0,0.0,0.0,0.0,0.8355439
hv_256_50_3597,0.06327294,0.13732128,0.0,0.0,0.0,0.0,0.79940575
hv_256_50_3598,2.5594082e-07,0.18213771,0.0,0.0,0.0,0.0,0.81786203
hv_256_50_3599,0.0,0.11853363,0.0,0.0,0.0,0.0,0.8814664
hv_256_50_3600,0.0,0.09948284,0.0,0.0,0.0,0.0,0.90051717
hv_256_50_3601,0.0,0.053588994,0.0,0.0,0.0,0.0,0.946411
hv_256_50_3602,0.0,0.014765093,0.0,0.0,0.0,0.0,0.9852349
hv_256_50_3603,0.0,0.17643085,0.0,0.0,0.0,0.0,0.8235691
hv_256_50_3604,0.0,0.297358,0.0,0.0,0.0,0.0,0.702642
hv_256_50_3605,0.0,0.28707027,0.0,0.0,0.0,0.0,0.7129297
hv_256_50_3606,0.0,0.2930157,0.0,0.0,0.0,0.0,0.70698434
hv_256_50_3607,0.0,0.55315727,0.0,0.0,0.0,0.0,0.44684273
hv_256_50_3608,0.0,0.8910257,0.0,0.0,0.0,0.0,0.10897428
hv_256_50_3609,0.0,0.61819637,0.0,0.0,0.0,0.0,0.38180363
hv_256_50_3610,0.041904412,0.13869028,0.0,0.0,0.0,0.0,0.8194053
hv_256_50_3611,0.056119937,0.0,0.0,0.0,0.0,0.0,0.9438801
hv_256_50_3612,0.014215522,0.0,0.0,0.0,0.0,0.0,0.9857845
hv_256_50_3613,0.0,0.0,0.0,0.0,0.0,0.0,1.0
hv_256_50_3614,0.0,0.0,0.0,0.0,0.0,0.0,1.0
hv_256_50_3615,0.0,0.00023413732,0.0,0.0,0.0,0.0,0.9997659
hv_256_50_3616,0.0,0.0041974396,0.0,0.0,0.0,0.0,0.9958026
hv_256_50_3617,0.005688524,0.053152896,0.0,0.0,0.0,0.0,0.9411586
hv_256_50_3618,0.01865923,0.20940791,0.0,0.0,0.0,0.0,0.77193284
hv_256_50_3619,0.012970707,0.26381385,0.0,0.0,0.0,0.0,0.72321546
hv_256_50_3620,0.0,0.28039315,0.0,0.0,0.0,0.0,0.7196069
hv_256_50_3621,0.0,0.30588472,0.0,0.0,0.0,0.0,0.6941153
hv_256_50_3622,0.0,0.19010192,0.0,0.0,0.0,0.0,0.8098981
hv_256_50_3623,0.0,0.11897829,0.0,0.0,0.0,0.0,0.88102174
hv_256_50_3624,0.0,0.08192001,0.0,0.0,0.0,0.0,0.91808
hv_256_50_3625,0.0,0.31768698,0.0,0.0,0.0,0.0,0.682313
hv_256_50_3626,0.0,0.29496717,0.0,0.0,0.0,0.0,0.7050328
hv_256_50_3627,0.0,0.10191595,0.0,0.0,0.0,0.0,0.89808404
hv_256_50_3628,0.0,0.30675784,0.0,0.0,0.0,0.0,0.69324213
hv_256_50_3629,0.0,0.35397854,0.0,0.0,0.0,0.0,0.6460214
hv_256_50_3630,0.0,0.14789993,0.0,0.0,0.0,0.0,0.8521001
hv_256_50_3631,0.0062214267,0.0033109742,0.0,0.0,0.0,0.0,0.9904676
hv_256_50_3632,0.012975248,0.077975385,0.0,0.0,0.0,0.0,0.9090494
hv_256_50_3633,0.022135485,0.25808176,0.0,0.0,0.0,0.0,0.71978277
hv_256_50_3634,0.023599328,0.22106944,0.0,0.0,0.0,0.0,0.7553312
hv_256_50_3635,0.008217664,0.037652094,0.0,0.0,0.004736351,0.0,0.94939387
hv_256_50_3636,0.0,0.0,0.0,0.0,0.17952475,0.0,0.8204752
hv_256_50_3637,0.0,0.0,0.0,0.0,0.25224072,0.0,0.7477593
hv_256_50_3638,0.0,0.0,0.0,0.0,0.078697845,0.0,0.92130214
hv_256_50_3639,0.0,0.0,0.0,0.0,0.0012455379,0.0,0.99875444
hv_256_50_3640,0.035045486,0.0,0.0,0.0,0.012360288,0.0,0.9525942
hv_256_50_3641,0.035045486,0.0,0.0,0.0,0.18244898,0.0,0.7825055
hv_256_50_3642,0.0,0.0,0.0,0.0,0.2909311,0.0,0.7090689
hv_256_50_3643,0.0,0.0,0.0,0.0,0.12084242,0.0,0.8791576
hv_256_50_3644,0.0,0.0,0.0,0.0,0.0,0.0,1.0
hv_256_50_3645,0.0,0.0,0.0,0.0,0.0,0.0,1.0
hv_256_50_3646,0.0,0.051491976,0.0,0.0,0.0,0.0,0.948508
hv_256_50_3647,0.0,0.20610608,0.0,0.0,0.0,0.0,0.7938939
hv_256_50_3648,0.0,0.15627925,0.0,0.0,0.0,0.0,0.84372073
hv_256_50_3649,0.0,0.0016651481,0.0,0.0,0.0,0.0,0.9983348
hv_256_50_3650,0.0,0.0,0.0,0.0,0.0,0.0,1.0
hv_256_50_3651,0.0,0.0,0.0,0.0,0.0,0.0,1.0
hv_256_50_3652,0.0,0.0,0.0,0.0,0.0,0.0,1.0
hv_256_50_3653,0.0,0.0,0.0,0.0,0.0,0.0,1.0
hv_256_50_3654,0.018615603,0.0,0.0,0.0,0.0,0.0,0.9813844
hv_256_50_3655,0.041728143,0.0,0.0,0.0,0.0,0.0,0.95827186
hv_256_50_3656,0.023112541,0.0,0.0,0.0,0.0,0.0,0.97688746
hv_256_50_3657,0.041464284,0.0,0.0,0.0,0.0,0.0,0.95853573
hv_256_50_3658,0.003572155,0.6588605,0.0,0.0,0.0,0.0,0.33756736
hv_256_50_3659,0.003572155,0.18675561,0.0,0.0,0.0,0.0,0.80967224
hv_256_50_3660,0.0,0.0,0.0,0.0,0.0,0.0,1.0
hv_256_50_3661,0.0,0.0,0.0,0.0,0.0,0.0,1.0
hv_256_50_3662,0.0,0.058659688,0.0,0.0,0.0,0.0,0.9413403
hv_256_50_3663,0.0033896698,0.17942365,0.0,0.0,0.0,0.0,0.8171867
hv_256_50_3664,0.04888912,0.25399265,0.0,0.0,0.0,0.0,0.6971182
hv_256_50_3665,0.09816628,0.25818473,0.0,0.0,0.0,0.0,0.643649
hv_256_50_3666,0.065707095,0.2614512,0.0,0.0,0.0,0.0,0.67284167
hv_256_50_3667,0.01304026,0.14646398,0.0,0.0,0.0,0.0,0.84049577
hv_256_50_3668,0.0,0.010114086,0.0,0.0,0.0,0.0,0.9898859
hv_256_50_3669,0.0,0.031496607,0.0,0.0,0.0,0.0,0.9685034
hv_256_50_3670,0.0,0.0313513,0.0,0.0,0.0,0.0,0.9686487
hv_256_50_3671,0.0,0.031650696,0.0,0.0,0.0,0.0,0.9683493
hv_256_50_3672,0.0,0.042658657,0.0,0.0,0.0,0.0,0.9573414
hv_256_50_3673,0.004202532,0.14762881,0.0,0.0,0.0,0.0,0.8481687
hv_256_50_3674,0.023853824,0.36662838,0.0,0.0,0.0,0.0,0.6095178
hv_256_50_3675,0.019651292,0.54338485,0.0,0.0,0.0,0.0,0.43696383
hv_256_50_3676,0.0,0.7429294,0.0,0.0,0.0,0.0,0.2570706
hv_256_50_3677,0.0,0.77249116,0.0,0.0,0.0,0.0,0.22750884
hv_256_50_3678,0.014590105,0.4528868,0.0,0.0,0.0,0.0,0.5325231
hv_256_50_3679,0.04871761,0.109947704,0.0,0.0,0.0,0.0,0.8413347
hv_256_50_3680,0.034127504,0.0003687588,0.0,0.0,0.0,0.0,0.96550375
hv_256_50_3681,0.0,0.060846932,0.0,0.0,0.0,0.0,0.9391531
hv_256_50_3682,0.0,0.08235901,0.0,0.0,0.0,0.0,0.917641
hv_256_50_3683,0.0,0.022376979,0.0,0.0,0.0,0.0,0.97762305
hv_256_50_3684,0.0,0.01923432,0.0,0.0,0.0,0.0,0.9807657
hv_256_50_3685,0.0,0.17907496,0.0,0.0,0.0,0.0,0.82092506
hv_256_50_3686,0.005688524,0.45330888,0.0,0.0,0.0,0.0,0.5410026
hv_256_50_3687,0.034620266,0.5559131,0.0,0.0,0.0,0.0,0.40946665
hv_256_50_3688,0.028931743,0.29146808,0.0,0.0,0.0,0.0,0.6796002
hv_256_50_3689,0.0,0.03940212,0.0,0.0,0.0,0.0,0.9605979
hv_256_50_3690,0.0,0.032647826,0.0,0.0,0.0,0.0,0.96735215
hv_256_50_3691,0.00097283523,0.039869253,0.0,0.0,0.0,0.0,0.95915794
hv_256_50_3692,0.00097283523,0.04756699,0.0,0.0,0.0,0.0,0.9514602
hv_256_50_3693,0.0,0.029470552,0.0,0.0,0.0,0.0,0.97052944
hv_256_50_3694,0.0,0.2183011,0.0,0.0,0.0,0.0,0.7816989
hv_256_50_3695,0.0,0.3080732,0.0,0.0,0.0,0.0,0.6919268
hv_256_50_3696,0.0,0.38598543,0.0,0.0,0.0,0.0,0.61401457
hv_256_50_3697,0.0,0.64485526,0.0,0.0,0.0,0.0,0.3551447
hv_256_50_3698,0.0,0.5649141,0.0,0.0,0.0,0.0,0.4350859
hv_256_50_3699,0.0,0.21627215,0.0,0.0,0.0,0.0,0.7837279
hv_256_50_3700,0.0,0.0033109742,0.0,0.0,0.0,0.0,0.996689
hv_256_50_3701,0.006753821,0.050418913,0.0,0.0,0.0,0.0,0.9428273
hv_256_50_3702,0.022135485,0.14600171,0.0,0.0,0.0,0.0,0.8318628
hv_256_50_3703,0.05167328,0.21730019,0.0,0.0,0.0,0.0,0.73102653
hv_256_50_3704,0.036291614,0.1963013,0.0,0.0,0.004735748,0.0,0.76267135
hv_256_50_3705,0.0,0.09373479,0.0,0.0,0.16132298,0.0,0.74494225
hv_256_50_3706,0.0,0.015839906,0.0,0.0,0.23663333,0.0,0.74752676
hv_256_50_3707,0.0,0.0,0.0,0.0,0.12173907,0.0,0.8782609
hv_256_50_3708,0.0,0.0,0.0,0.0,0.05462214,0.0,0.9453779
hv_256_50_3709,0.02853229,1.936398e-05,0.0,0.0,0.025289448,0.0,0.9461589
hv_256_50_3710,0.033360783,1.936398e-05,0.0,0.0,0.19612402,0.0,0.77049583
hv_256_50_3711,0.0048284917,0.0,0.0,0.0,0.28141487,0.0,0.7137567
hv_256_50_3712,0.0,0.012687883,0.0,0.0,0.097651124,0.0,0.889661
hv_256_50_3713,0.0,0.057065815,0.0,0.0,0.0,0.0,0.94293416
hv_256_50_3714,0.0,0.08978803,0.0,0.0,0.0,0.0,0.910212
hv_256_50_3715,0.0,0.15583736,0.0,0.0,0.0,0.0,0.84416264
hv_256_50_3716,0.0,0.21720284,0.0,0.0,0.0,0.0,0.78279716
hv_256_50_3717,0.0,0.106775574,0.0,0.0,0.0,0.0,0.8932245
hv_256_50_3718,0.0,0.0,0.0,0.0,0.0,0.0,1.0
hv_256_50_3719,0.0,0.0,0.0,0.0,0.0,0.0,1.0
hv_256_50_3720,0.0,0.0,0.0,0.0,0.0,0.0,1.0
hv_256_50_3721,0.0,0.0,0.0,0.0,0.0,0.0,1.0
hv_256_50_3722,0.0,0.0,0.0,0.0,0.0,0.0,1.0
hv_256_50_3723,0.00042915324,0.0,0.0,0.0,0.0,0.0,0.99957085
hv_256_50_3724,0.046050653,0.0,0.0,0.0,0.0,0.0,0.95394933
hv_256_50_3725,0.045621555,0.0,0.0,0.0,0.0,0.0,0.9543784
hv_256_50_3726,0.033467047,0.0,0.0,0.0,0.0,0.0,0.96653295
