Overall Accuracy,Macro Precision,Macro Recall,Macro F1,Weighted Precision,Weighted Recall,Weighted F1,Macro mAP,Weighted mAP,Hamming Loss,Subset Accuracy
0.8050595238095238,0.413829520794477,0.6085783729364194,0.483589522252784,0.6953892550796772,0.9052808046940486,0.7710655289957828,0.3984945153226163,0.680332163118251,0.1949404761904762,0.18424479166666666
