Overall Accuracy,Macro Precision,Macro Recall,Macro F1,Weighted Precision,Weighted Recall,Weighted F1,Macro mAP,Weighted mAP,Hamming Loss,Subset Accuracy
0.8203125,0.4435251905990332,0.6125790896794918,0.5082585364792082,0.7110318791007046,0.8921486448728695,0.7806286650130655,0.42940762087304646,0.6995273712103692,0.1796875,0.19921875
