Overall Accuracy,Macro Precision,Macro Recall,Macro F1,Weighted Precision,Weighted Recall,Weighted F1,Macro mAP,Weighted mAP,Hamming Loss,Subset Accuracy
0.8218005952380952,0.5397998405526367,0.6135622750819058,0.5516069432391304,0.7361731051962525,0.877851711026616,0.7964420701732755,0.4782063002716654,0.7117308981191813,0.17819940476190477,0.21549479166666666
