Class,Targets,Predictions,Accuracy,Precision,Recall,F1,AP,AUROC
af1 (0.42),571,787,0.6861979166666666,0.5565438373570522,0.7670753064798599,0.6450662739322534,0.6628805642517724,0.7728755115559467
Qal (0.47),949,1281,0.6627604166666666,0.6682279469164715,0.9020021074815595,0.7677130044843049,0.7967589593237794,0.7011217761725335
Qaf (0.3),13,33,0.9700520833333334,0.0,0.0,0.0,0.03896206891665112,0.876205868983282
Qat (0.54),61,6,0.958984375,0.3333333333333333,0.03278688524590164,0.05970149253731343,0.13683114048829306,0.8097138093914976
Qc (0.44),749,892,0.783203125,0.7331838565022422,0.8731642189586115,0.7970749542961609,0.900885406793186,0.8918778617148151
Qca (0.52),432,561,0.7584635416666666,0.5543672014260249,0.7199074074074074,0.6263846928499497,0.5563238841640743,0.809339145531401
Qr (0.11),1433,1536,0.9329427083333334,0.9329427083333334,1.0,0.9653081845739306,0.977302604125776,0.7919836855263247
