Class,Targets,Predictions,Accuracy,Precision,Recall,F1,AP,AUROC
af1 (0.42),435,551,0.7565104166666666,0.5553539019963702,0.7034482758620689,0.6206896551724138,0.5818938362466343,0.7923747481391002
Qal (0.47),845,1535,0.5494791666666666,0.5498371335504886,0.9988165680473373,0.7092436974789916,0.5545795874494126,0.5147903304532493
Qaf (0.3),6,5,0.9928385416666666,0.0,0.0,0.0,0.0035190808478756624,0.3916122004357298
Qat (0.54),77,0,0.9498697916666666,0.0,0.0,0.0,0.04657830288572806,0.5052829281753203
Qc (0.44),456,917,0.654296875,0.45910577971646677,0.9232456140350878,0.6132556445739257,0.7058960397030003,0.8498781676413256
Qca (0.52),249,453,0.7486979166666666,0.3487858719646799,0.6345381526104418,0.45014245014245013,0.41044508200692137,0.7680917921881778
Qr (0.11),1511,1536,0.9837239583333334,0.9837239583333334,1.0,0.9917952084017067,0.9937472620418786,0.7263004632693578
