MacroPrecision,MacroRecall,MacroF1,mAP,HammingLoss,SubsetAccuracy
0.609760225855476,0.7450488020212866,0.6587816131028968,0.5524333486631231,0.14885602678571427,0.3076171875
