Overall Accuracy,Macro Precision,Macro Recall,Macro F1,Weighted Precision,Weighted Recall,Weighted F1,Macro mAP,Weighted mAP,Hamming Loss,Subset Accuracy
0.8768601190476191,0.7310377721398645,0.6135827211012801,0.6037942424061916,0.8352197339364219,0.8593155893536122,0.8396800516027159,0.5473942461628922,0.7855310619367704,0.12313988095238096,0.3567708333333333
