Class,Targets,Predictions,Accuracy,Precision,Recall,F1,AP,AUROC
af1 (0.43),571,592,0.7923177083333334,0.7128378378378378,0.7390542907180385,0.7257093723129837,0.8164081003244322,0.8561345879876229
Qal (0.43),949,1060,0.7194010416666666,0.7443396226415094,0.8314014752370916,0.7854654056744649,0.8833763366545435,0.8088564489115235
Qaf (0.34),13,11,0.9856770833333334,0.09090909090909091,0.07692307692307693,0.08333333333333333,0.08945274423363471,0.9196424061821306
Qat (0.73),61,1,0.9609375,1.0,0.01639344262295082,0.03225806451612903,0.3064442350576508,0.8944262295081966
Qc (0.48),749,774,0.884765625,0.8695090439276486,0.8985313751668892,0.8837820091923835,0.9634520312788999,0.9611035807166862
Qca (0.47),432,435,0.8587239583333334,0.7471264367816092,0.7523148148148148,0.7497116493656286,0.8493487303165772,0.9203884024422974
Qr (0.51),1433,1475,0.9361979166666666,0.9525423728813559,0.9804605722260991,0.9662998624484181,0.9939603914238943,0.9238544976591982
