MacroPrecision,MacroRecall,MacroF1,mAP,HammingLoss,SubsetAccuracy
0.6037180745227311,0.5481869990688667,0.5707195364394054,0.7021150622221043,0.12109375,0.3876953125
