Run,Feature,gamma (fixed),gamma (run),MMD2,MMD,p-value
0,DEM,0.0117028449695147,0.0724515628777478,0.0773917805786225,0.2781937824226532,1.7835051889894395e-271
0,RGB,0.0117028449695147,0.0216935535185572,0.0204386390656058,0.1429637683666945,2.59671609804831e-73
0,RGB+NIR,0.0117028449695147,0.0133741807501557,0.0451600355224315,0.212508906924937,2.2512481898112917e-159
0,NHD,0.0117028449695147,0.0140795000000002,0.0015030403642929,0.0387690645269254,5.590200121203758e-07
0,OSM,0.0117028449695147,0.0022398750000001,0.0005328611932514,0.0230837863716375,0.00202605559125
0,EP 5,0.0117028449695147,0.095879175389457,0.003919125763969,0.0626029213692864,1.4444308147324057e-15
0,EP 11,0.0117028449695147,0.0791076932563229,0.0019227831384905,0.0438495511777545,1.7404231234118642e-08
0,EP 21,0.0117028449695147,0.066665892883934,0.0043385236982414,0.0658674707138618,4.80195679368074e-17
0,EP 51,0.0117028449695147,0.0549731581026545,0.0084767461702811,0.0920692466042879,1.4543464425105546e-31
0,EP 101,0.0117028449695147,0.0495491200384145,0.0071626958987025,0.0846327117532138,5.805969965952923e-27
0,EP 201,0.0117028449695147,0.0486694449352914,0.0029695155092787,0.0544932611363892,3.2823245946774376e-12
0,PlC 5,0.0117028449695147,0.0525872768691628,0.0217834256850026,0.1475920922170379,5.351078211844806e-78
0,PlC 10,0.0117028449695147,0.0581724127399196,0.0135254548224527,0.1162989889141462,3.3261167037003373e-49
0,PlC 20,0.0117028449695147,0.0596702860892657,0.0130430225669828,0.1142060531100819,1.6064115612967227e-47
0,PlC 50,0.0117028449695147,0.0589632800293904,0.005975466485769,0.077301141555407,8.452902262824597e-23
0,PlC 100,0.0117028449695147,0.0746069975107293,0.0009311157673983,0.0305141896074323,6.685453938406925e-05
0,PlC 200,0.0117028449695147,0.0695101129674568,4.2392353526629605e-05,0.0065109410630591,0.1951534687286233
0,PrC 5,0.0117028449695147,0.0571781646882234,0.0009578476829606,0.0309491144131887,5.333954137905809e-05
0,PrC10,0.0117028449695147,0.0517785187781549,0.0016071808840168,0.0400896605625045,2.357969404687443e-07
0,PrC20,0.0117028449695147,0.0518562546459152,0.001907211406242,0.0436716315958317,1.9786655929451053e-08
0,PrC50,0.0117028449695147,0.0585795410509985,0.0017266631996469,0.0415531370614412,8.776769465673049e-08
0,PrC100,0.0117028449695147,0.0558602255808181,0.0016141247537747,0.0401761714673601,2.2262239103997554e-07
0,PrC200,0.0117028449695147,0.0563201346090338,0.0012906423738146,0.0359255114621157,3.271625939545616e-06
0,S 5,0.0117028449695147,0.0881764615910492,0.000592732250095,0.0243460931176852,0.0012043128500744
0,S 10,0.0117028449695147,0.0918006758230261,0.0009186680456205,0.0303095372056479,7.42756447531311e-05
0,S 20,0.0117028449695147,0.0984120083642645,0.0011856893632979,0.0344338403797471,7.862441201984622e-06
0,S 50,0.0117028449695147,0.1239182969058916,0.0019632532950238,0.0443086142304613,1.247105785671782e-08
0,S 100,0.0117028449695147,0.1379839743004108,0.0029067290948731,0.0539140899475559,5.478928014672853e-12
0,S 200,0.0117028449695147,0.1316868646348658,0.0045779579488311,0.0676606085461193,6.8918068977824124e-18
0,SDS 5,0.0117028449695147,0.070046684952757,0.0006539811601866,0.0255730553549369,0.0007096891385962
0,SDS 11,0.0117028449695147,0.0694879087704636,0.0004675429882344,0.0216227423846841,0.0035893636821442
0,SDS 21,0.0117028449695147,0.0682255940427359,0.0005974261789987,0.0244423030624935,0.0011563506175755
0,SDS 51,0.0117028449695147,0.0700581764027268,0.0008745247955487,0.0295723654033417,0.0001079452241309
0,SDS 101,0.0117028449695147,0.0753327868931987,0.0012486049750123,0.0353356049192932,4.646654697706593e-06
0,SDS 201,0.0117028449695147,0.0810966408707012,0.0023856594431424,0.0488432128667068,3.8835386401735644e-10
0,EP ms,0.0117028449695147,0.0083223132834458,0.007830086318071,0.0884877749639524,2.66835357700688e-29
0,PlC ms,0.0117028449695147,0.0077727767393048,0.0134587844640994,0.1160120013795963,5.683717388755863e-49
0,PrC ms,0.0117028449695147,0.0077090536743916,0.0046534526320643,0.068216219713968,3.737845459321933e-18
0,S ms,0.0117028449695147,0.0158645984621499,0.0026706053725286,0.0516779002333553,3.770095125582789e-11
0,SDS ms,0.0117028449695147,0.0111194483063854,0.0013096527751846,0.0361891250955957,2.7919957954249257e-06
1,DEM,0.0117028449695147,0.0720851145080037,0.0775491078919202,0.2784764045514812,5.0608490570454986e-272
1,RGB,0.0117028449695147,0.0214926674912886,0.0189302409783955,0.1375872122633335,4.6949162217965515e-68
1,RGB+NIR,0.0117028449695147,0.0133951069958969,0.044180660947942,0.210191962139236,5.752549306701433e-156
1,NHD,0.0117028449695147,0.0145618671875001,0.0016306565272674,0.0403813883771645,1.9414925972341861e-07
1,OSM,0.0117028449695147,0.003968,0.000976300345317,0.0312458052435375,4.564752340116847e-05
1,EP 5,0.0117028449695147,0.1165096888805501,0.002671931997324,0.0516907341534638,3.729426997515395e-11
1,EP 11,0.0117028449695147,0.1113424200679222,0.0015516803753237,0.0393913743771878,3.734500666076172e-07
1,EP 21,0.0117028449695147,0.0825630790806324,0.0042713120552921,0.0653552756500355,8.283002357424867e-17
1,EP 51,0.0117028449695147,0.0616913804716371,0.0102793080029824,0.1013869222482981,7.225610349441748e-38
1,EP 101,0.0117028449695147,0.0519975880176749,0.0094012066803432,0.0969598199273452,8.486770148595971e-35
1,EP 201,0.0117028449695147,0.0489967986327123,0.004741123691509,0.0688558181384043,1.8370452646620802e-18
1,PlC 5,0.0117028449695147,0.0534149069895118,0.0214929939684632,0.146604890670343,5.5003986258409534e-77
1,PlC 10,0.0117028449695147,0.0616968050258071,0.0144022027427278,0.1200091777437368,2.899639248756672e-52
1,PlC 20,0.0117028449695147,0.0623749168248824,0.0135973756647347,0.1166077856094297,1.8660481338486133e-49
1,PlC 50,0.0117028449695147,0.0610937108876027,0.0071774800834515,0.0847200099353839,5.1531496317615725e-27
1,PlC 100,0.0117028449695147,0.0729297991165586,0.0009281420745058,0.0304654242462808,6.855663849439458e-05
1,PlC 200,0.0117028449695147,0.0695724944863307,0.0001351844503654,0.0116268848091569,0.0753268948642629
1,PrC 5,0.0117028449695147,0.0568945918162217,0.0013090609425381,0.0361809472310799,2.8058058727602e-06
1,PrC10,0.0117028449695147,0.052328847701372,0.002236001298748,0.0472863754029432,1.3251011862822922e-09
1,PrC20,0.0117028449695147,0.0521504764761474,0.0023718570187012,0.0487017147408713,4.348643719308758e-10
1,PrC50,0.0117028449695147,0.0578638732616763,0.0015218428128935,0.0390108037970702,4.782800604635851e-07
1,PrC100,0.0117028449695147,0.0558625604290593,0.001450977408669,0.038091697371856,8.613006854113843e-07
1,PrC200,0.0117028449695147,0.0570281365924864,0.0014323172459854,0.0378459673675467,1.005756821438428e-06
1,S 5,0.0117028449695147,0.0879579638052896,0.0008560394977586,0.0292581526716683,0.0001262718503119
1,S 10,0.0117028449695147,0.0937017460144366,0.0011116864459267,0.0333419622386971,1.4616129063087542e-05
1,S 20,0.0117028449695147,0.1013395102464438,0.0014300231928296,0.0378156474601411,1.0251170703696056e-06
1,S 50,0.0117028449695147,0.1233762281765404,0.0023945662399885,0.0489343053489936,3.610185510771961e-10
1,S 100,0.0117028449695147,0.1364104465895474,0.0037965931150976,0.0616165003476963,3.9084574566348685e-15
1,S 200,0.0117028449695147,0.1348715217210538,0.0065923991821825,0.0811935907703465,5.792076399709363e-25
1,SDS 5,0.0117028449695147,0.0701229797873116,0.0009226722326934,0.030375520286794,7.180216533286532e-05
1,SDS 11,0.0117028449695147,0.0695122143105187,0.0006808535697865,0.0260931709415814,0.0005632542170805
1,SDS 21,0.0117028449695147,0.0683136802454036,0.0007769295969433,0.0278734568531317,0.000247516830211
1,SDS 51,0.0117028449695147,0.0692619197600483,0.0010752903472842,0.0327916200771519,1.983943273437943e-05
1,SDS 101,0.0117028449695147,0.0733695507313075,0.0015274523172829,0.0390826344721399,4.5653753733244825e-07
1,SDS 201,0.0117028449695147,0.0808173166589226,0.0025949229624767,0.0509403863597117,7.000726287147515e-11
1,EP ms,0.0117028449695147,0.0091791074379236,0.0085635820785915,0.0925396243702746,7.224418438155713e-32
1,PlC ms,0.0117028449695147,0.0078472852802657,0.0130452164981771,0.1142156578503014,1.5783318248841954e-47
1,PrC ms,0.0117028449695147,0.0077131921176057,0.0052320879115593,0.0723331729675904,3.4490381614078683e-20
1,S ms,0.0117028449695147,0.0160729719792094,0.0036253968746484,0.0602112686683186,1.5716396009415702e-14
1,SDS ms,0.0117028449695147,0.0109974617370601,0.0016908718182917,0.0411202117977487,1.1798011121284497e-07
2,DEM,0.0117028449695147,0.0724332614952333,0.0755784565522532,0.274915362525002,3.6019954900094016e-265
2,RGB,0.0117028449695147,0.0215721464943529,0.0195120307592336,0.1396854708236816,4.4032471468961985e-70
2,RGB+NIR,0.0117028449695147,0.0132885253711675,0.0446030006869031,0.2111942250320854,1.9518414473207072e-157
2,NHD,0.0117028449695147,0.0152538750000003,0.0019181886125812,0.0437971301865915,1.8075626732907343e-08
2,OSM,0.0117028449695147,0.003968,0.0009613418563306,0.0310055133215151,5.1789069107651224e-05
2,EP 5,0.0117028449695147,0.106844698908071,0.0032512232346428,0.0570194987231815,3.302413614246226e-13
2,EP 11,0.0117028449695147,0.103189654304438,0.0015245393754245,0.0390453502407715,4.677015323159083e-07
2,EP 21,0.0117028449695147,0.0818758903196071,0.0046896942539806,0.0684813423786409,2.786659615593984e-18
2,EP 51,0.0117028449695147,0.0625017481792177,0.0098263914504047,0.0991281566983104,2.767423282792284e-36
2,EP 101,0.0117028449695147,0.0526914700751057,0.0083685943846224,0.0914800217786511,3.476595022614239e-31
2,EP 201,0.0117028449695147,0.0496207716061884,0.0038667690026011,0.0621833498824334,2.210002224467044e-15
2,PlC 5,0.0117028449695147,0.052397772388696,0.0199252060084662,0.1411566718524713,1.598628831804529e-71
2,PlC 10,0.0117028449695147,0.0600582330995326,0.0139481649488416,0.1181023494636818,1.1135217432013848e-50
2,PlC 20,0.0117028449695147,0.0601265791488794,0.0135320828645313,0.1163274811234703,3.1535837039271615e-49
2,PlC 50,0.0117028449695147,0.0601978396880688,0.0063170606236104,0.0794799384977773,5.351378016247576e-24
2,PlC 100,0.0117028449695147,0.0749043223938987,0.0004650598793656,0.0215652470276978,0.0036686291954513
2,PlC 200,0.0117028449695147,0.071595610634219,-7.261969705349047e-05,,1.0
2,PrC 5,0.0117028449695147,0.0578705774250392,0.0010425839978427,0.0322890693245061,2.6117565196999196e-05
2,PrC10,0.0117028449695147,0.0522072618581957,0.0019907887664825,0.0446182559775991,9.941697969310144e-09
2,PrC20,0.0117028449695147,0.0522841332031721,0.0022829536935228,0.0477802646866138,9.014431203408612e-10
2,PrC50,0.0117028449695147,0.057740907185397,0.0016830499523464,0.0410249918019054,1.2586244503732098e-07
2,PrC100,0.0117028449695147,0.0547494597179571,0.0013801868711647,0.037150866358199,1.5515728542231596e-06
2,PrC200,0.0117028449695147,0.0554571409040013,0.0012434000114966,0.0352618775946016,4.853112717399411e-06
2,S 5,0.0117028449695147,0.0876898376030033,0.0007379413346708,0.0271650756426487,0.0003453135347134
2,S 10,0.0117028449695147,0.0914808277409064,0.0009723332085399,0.0311822579127926,4.7201149135120775e-05
2,S 20,0.0117028449695147,0.0959978024948348,0.0013002596183513,0.03605911283367,3.019457156041165e-06
2,S 50,0.0117028449695147,0.1135685767806021,0.0023411592967332,0.0483855277612355,5.592905360510752e-10
2,S 100,0.0117028449695147,0.1218139954866162,0.0036714302279256,0.0605923281276235,1.0809532672796751e-14
2,S 200,0.0117028449695147,0.1214860151519369,0.0061049138074156,0.0781339478550497,2.969911096297754e-23
2,SDS 5,0.0117028449695147,0.0714683553441239,0.0008878865839683,0.029797425794325,9.63871939623213e-05
2,SDS 11,0.0117028449695147,0.0709530534679693,0.0006400023937623,0.0252982685921862,0.0008005150416248
2,SDS 21,0.0117028449695147,0.0700886939996455,0.0007692307836951,0.0277350100720224,0.0002643194464964
2,SDS 51,0.0117028449695147,0.0716457389660331,0.001139912367803,0.0337625882864905,1.1535728642406511e-05
2,SDS 101,0.0117028449695147,0.0758552119271043,0.001698038345235,0.0412072608314974,1.1119315220950537e-07
2,SDS 201,0.0117028449695147,0.0824652072390702,0.0028427406762014,0.0533173581134832,9.237664519247471e-12
2,EP ms,0.0117028449695147,0.0090918831049773,0.0079659284986587,0.0892520503891017,8.925441919801849e-30
2,PlC ms,0.0117028449695147,0.0078704174317025,0.0131381810790251,0.1146219048830768,7.476285484739547e-48
2,PrC ms,0.0117028449695147,0.0077608638205587,0.0043059190528077,0.0656195020768042,6.255615380693277e-17
2,S ms,0.0117028449695147,0.0152235239075868,0.0031764502191918,0.0563600054931853,6.072986068952485e-13
2,SDS ms,0.0117028449695147,0.0112686163275104,0.0016616705758858,0.0407635937557754,1.5020579431675097e-07
3,DEM,0.0117028449695147,0.0739590844508971,0.0749235376137526,0.2737216425746284,6.821027424615672e-263
3,RGB,0.0117028449695147,0.0219885916646345,0.0182342790716909,0.1350343625589093,1.252276416057455e-65
3,RGB+NIR,0.0117028449695147,0.0133150840652415,0.0446422055254555,0.2112870216682877,1.4257487154185086e-157
3,NHD,0.0117028449695147,0.0133718750000002,0.0012717106142497,0.0356610517827189,3.831460469140511e-06
3,OSM,0.0117028449695147,0.0029819999999998,0.0007225865194022,0.0268809694654453,0.0003937999271834
3,EP 5,0.0117028449695147,0.1057754587319195,0.0049176779581596,0.0701261574461315,4.396004904799711e-19
3,EP 11,0.0117028449695147,0.1027549025935363,0.0030532143957454,0.0552558991940717,1.6583944416204513e-12
3,EP 21,0.0117028449695147,0.0794594620682371,0.0066778222536507,0.0817179432783937,2.9061898103008758e-25
3,EP 51,0.0117028449695147,0.0607063824563381,0.01088663204139,0.104339024537275,5.4521096227073255e-40
3,EP 101,0.0117028449695147,0.0511725396567052,0.0085652243266335,0.0925484971603187,7.12945578014673e-32
3,EP 201,0.0117028449695147,0.0489178893067421,0.0027697517029094,0.0526284305571568,1.676713742820066e-11
3,PlC 5,0.0117028449695147,0.0529593085567704,0.0194345581309086,0.1394078840342562,8.199667747301276e-70
3,PlC 10,0.0117028449695147,0.0590205164322086,0.0146124681190489,0.1208820421694181,5.354263367846383e-53
3,PlC 20,0.0117028449695147,0.0592375270054755,0.0146080174138637,0.1208636314772302,5.549174492449213e-53
3,PlC 50,0.0117028449695147,0.0576491013815772,0.0067799938607863,0.0823407181216338,1.2738964104900902e-25
3,PlC 100,0.0117028449695147,0.0714488995989092,0.000328416229987,0.0181222578611797,0.012386704251138
3,PlC 200,0.0117028449695147,0.0698551707889606,-5.471688859632064e-05,,0.7241725753725469
3,PrC 5,0.0117028449695147,0.0558071157193484,0.0007735710811982,0.0278131458342682,0.0002547102031072
3,PrC10,0.0117028449695147,0.0514029153162111,0.0015258971177317,0.0390627331062707,4.6246426409306603e-07
3,PrC20,0.0117028449695147,0.0515411569517105,0.0018816473938699,0.0433779597707166,2.4426993702757265e-08
3,PrC50,0.0117028449695147,0.0587777860705558,0.0030744137210513,0.0554473959807973,1.3951313289335173e-12
3,PrC100,0.0117028449695147,0.0542973390401078,0.003107094213126,0.0557413151363154,1.0688145509118458e-12
3,PrC200,0.0117028449695147,0.0562832646232471,0.0026018395481206,0.0510082301998481,6.615639341979919e-11
3,S 5,0.0117028449695147,0.0904514502017507,0.0016365160421851,0.0404538754903056,1.8495867188085786e-07
3,S 10,0.0117028449695147,0.095599118959687,0.0019933592617505,0.0446470521059397,9.73357843117592e-09
3,S 20,0.0117028449695147,0.1007842188485727,0.0025911634998274,0.0509034723749511,7.219368561100191e-11
3,S 50,0.0117028449695147,0.1177506697345316,0.00406520393271,0.0637589517849068,4.411331216094748e-16
3,S 100,0.0117028449695147,0.1298899692181169,0.0053040888748963,0.0728291759866629,1.9260742023768876e-20
3,S 200,0.0117028449695147,0.1281078375990911,0.0068899265999181,0.0830055817395322,5.24550999103051e-26
3,SDS 5,0.0117028449695147,0.0678358130385269,0.0017651181490401,0.0420133091893532,6.388303604228668e-08
3,SDS 11,0.0117028449695147,0.0676473496779142,0.0012495153029207,0.0353484837428813,4.611462351664819e-06
3,SDS 21,0.0117028449695147,0.0666107607921499,0.0011696227650047,0.0341997480254574,8.994173348457708e-06
3,SDS 51,0.0117028449695147,0.0683320385699143,0.0015581504490109,0.0394734144584803,3.539496346525431e-07
3,SDS 101,0.0117028449695147,0.0724574129871519,0.0024008573976898,0.048998544852779,3.4287963655560815e-10
3,SDS 201,0.0117028449695147,0.0809490239942883,0.0041349554651341,0.0643036193781823,2.5043274536156435e-16
3,EP ms,0.0117028449695147,0.0088670954516128,0.0095564915826483,0.097757309612368,2.4307379909779514e-35
3,PlC ms,0.0117028449695147,0.0076978563520379,0.0131658242183827,0.1147424255381711,5.986785889492927e-48
3,PrC ms,0.0117028449695147,0.0076950229586744,0.0055557456348042,0.0745368743294501,2.5153088502920604e-21
3,S ms,0.0117028449695147,0.0157950037936395,0.0040620364455948,0.0637341073962356,4.526230181373732e-16
3,SDS ms,0.0117028449695147,0.0108637398498613,0.0021778621013268,0.0466675701245179,2.1356862328699574e-09
4,DEM,0.0117028449695147,0.0727607677956967,0.0767642269319691,0.2770635792231977,2.7125812750458985e-269
4,RGB,0.0117028449695147,0.0217517651147569,0.0202520418358528,0.1423096688066303,1.160655005277026e-72
4,RGB+NIR,0.0117028449695147,0.0134486307270069,0.0446759074383667,0.2113667604860489,1.0883970695327686e-157
4,NHD,0.0117028449695147,0.0121874999999999,0.0018609757800937,0.0431390285019696,2.896553242363948e-08
4,OSM,0.0117028449695147,0.0029819999999998,0.0006969019577928,0.0263989006928861,0.0004907651341982
4,EP 5,0.0117028449695147,0.0933114542022419,0.0036687127004147,0.0605698992934174,1.1051004943131815e-14
4,EP 11,0.0117028449695147,0.0776014222020271,0.0019168108637772,0.043781398604627,1.8281968047658892e-08
4,EP 21,0.0117028449695147,0.0652196461253316,0.0052374288459982,0.0723700825341404,3.303145015311026e-20
4,EP 51,0.0117028449695147,0.0548283136528561,0.0105933072144451,0.1029237932377405,5.7744381194991676e-39
4,EP 101,0.0117028449695147,0.0498499969830947,0.0095386976509815,0.0976662564603637,2.8051597535335824e-35
4,EP 201,0.0117028449695147,0.048642927135172,0.0050543829997752,0.0710941840080834,1.4532931684801201e-19
4,PlC 5,0.0117028449695147,0.0528868814616393,0.0225829030954225,0.1502760895665793,8.770225015766454e-81
4,PlC 10,0.0117028449695147,0.0600761438671073,0.0146764151492306,0.12114625520102,3.203234065103731e-53
4,PlC 20,0.0117028449695147,0.0614418569668754,0.0140971840061257,0.1187315628050339,3.36260621432288e-51
4,PlC 50,0.0117028449695147,0.0590962271493468,0.0069148639801927,0.0831556611433805,4.289258969259481e-26
4,PlC 100,0.0117028449695147,0.0695719555455684,0.0008089780517301,0.0284425394740025,0.000188373004359
4,PlC 200,0.0117028449695147,0.0695508844281834,-6.285889428136931e-05,,1.0
4,PrC 5,0.0117028449695147,0.0576603527613021,0.0014020791519697,0.037444347396767,1.2932272891520392e-06
4,PrC10,0.0117028449695147,0.0521714495518733,0.0021017410572626,0.0458447495059428,3.991531840281539e-09
4,PrC20,0.0117028449695147,0.0516794549601164,0.0021767694364592,0.0466558617588319,2.1549364361275695e-09
4,PrC50,0.0117028449695147,0.0566710137271831,0.0013862451092025,0.0372323127028462,1.4752965748243902e-06
4,PrC100,0.0117028449695147,0.0547764022189434,0.0011118405800591,0.0333442735722215,1.459724146142702e-05
4,PrC200,0.0117028449695147,0.0556767193673308,0.0011431465265555,0.0338104499608558,1.1227268150934984e-05
4,S 5,0.0117028449695147,0.086762518192842,0.0005460874545615,0.0233685141710278,0.0018055618100849
4,S 10,0.0117028449695147,0.0911923220656791,0.0008085491351316,0.0284349984197582,0.0001890619557899
4,S 20,0.0117028449695147,0.0968049583050628,0.001018163649151,0.0319086767063601,3.2076662703957536e-05
4,S 50,0.0117028449695147,0.1177153956676301,0.0019254761609384,0.0438802479589444,1.7022372990135737e-08
4,S 100,0.0117028449695147,0.1349194910244275,0.0033077497745783,0.0575130400394408,2.0839691063932725e-13
4,S 200,0.0117028449695147,0.1308074307555482,0.0056993207110028,0.0754938455173856,7.877622515802544e-22
4,SDS 5,0.0117028449695147,0.0704736183897891,0.0005360740864705,0.0231532737743621,0.0019701020226025
4,SDS 11,0.0117028449695147,0.070493868387198,0.0005426907694263,0.0232957242734876,0.0018597542211972
4,SDS 21,0.0117028449695147,0.0691925869545892,0.0007813936324551,0.0279534189761316,0.0002382714693748
4,SDS 51,0.0117028449695147,0.070869223486289,0.0010641104187899,0.0326207053692882,2.179351323748956e-05
4,SDS 101,0.0117028449695147,0.075549108032553,0.001131415984853,0.0336365275385709,1.2387239622573455e-05
4,SDS 201,0.0117028449695147,0.0818527978159861,0.0018071286428783,0.0425103357182507,4.5162637556532674e-08
4,EP ms,0.0117028449695147,0.0081584814354575,0.0088039832667421,0.0938295436775761,1.0415428206706864e-32
4,PlC ms,0.0117028449695147,0.0077176805784715,0.0139021235818729,0.1179072668747474,1.6120232536150094e-50
4,PrC ms,0.0117028449695147,0.0076770730686093,0.0041481388678317,0.0644060468266124,2.2502212435556115e-16
4,S ms,0.0117028449695147,0.0154559171264017,0.0030377763835723,0.0551160265582738,1.8808927370770656e-12
4,SDS ms,0.0117028449695147,0.0113012091337832,0.0012841034835014,0.035834389676698,3.455044454317154e-06
5,DEM,0.0117028449695147,0.0726919228279136,0.0771263148589438,0.2777162488205251,1.4939672600265641e-270
5,RGB,0.0117028449695147,0.021722916761162,0.0207263891460738,0.143966625111773,2.5802970283755755e-74
5,RGB+NIR,0.0117028449695147,0.0134237901542698,0.0460991398323328,0.2147071024263819,1.2167175912317552e-162
5,NHD,0.0117028449695147,0.0152538750000002,0.0010935130675079,0.0330683091117151,1.702425813791782e-05
5,OSM,0.0117028449695147,0.002734875,0.000644868101311,0.0253942533127295,0.0007676390797548
5,EP 5,0.0117028449695147,0.0913160708751641,0.0044305840654712,0.0665626326512948,2.276096431666011e-17
5,EP 11,0.0117028449695147,0.0787781729294851,0.0026635694363204,0.0516097804327866,3.9933215036520456e-11
5,EP 21,0.0117028449695147,0.0656513147394421,0.0051324398629456,0.0716410487286836,7.725803488887887e-20
5,EP 51,0.0117028449695147,0.0543877716221026,0.0098814866551005,0.0994056671176273,1.7760841213936304e-36
5,EP 101,0.0117028449695147,0.0499447834527996,0.0084850881619979,0.0921145382770705,1.359802364447556e-31
5,EP 201,0.0117028449695147,0.0486409886403735,0.0040856280972527,0.0639189181483286,3.7373796256244037e-16
5,PlC 5,0.0117028449695147,0.0522667459441961,0.0214862375242349,0.1465818458208074,5.806790283550518e-77
5,PlC 10,0.0117028449695147,0.0590136342197223,0.014248786482923,0.119368280891211,9.946318822080353e-52
5,PlC 20,0.0117028449695147,0.0600756709459722,0.0136773491132404,0.1169501992868779,9.81319265252272e-50
5,PlC 50,0.0117028449695147,0.058092987229023,0.0062945396334308,0.0793381347992932,6.4189664595225635e-24
5,PlC 100,0.0117028449695147,0.0698619704644722,0.0010139364449935,0.031842368708901,3.323907383315523e-05
5,PlC 200,0.0117028449695147,0.0698565762355234,-4.217606448886916e-05,,0.5685093933245831
5,PrC 5,0.0117028449695147,0.0581786642220132,0.0017509491796684,0.0418443446557409,7.18130951907111e-08
5,PrC10,0.0117028449695147,0.0526965790058103,0.0028080268580527,0.05299081862033,1.2265300773010014e-11
5,PrC20,0.0117028449695147,0.0527115475164513,0.0028838778860713,0.0537017493762663,6.602403577102874e-12
5,PrC50,0.0117028449695147,0.0599654107948189,0.0019534491106659,0.0441978405656421,1.3519577734143125e-08
5,PrC100,0.0117028449695147,0.0557342180614212,0.0017212009124234,0.0414873584652419,9.181986564627007e-08
5,PrC200,0.0117028449695147,0.0561347740598578,0.0015341550798642,0.0391682917659717,4.318528898900952e-07
5,S 5,0.0117028449695147,0.0904352388163704,0.0006742553865975,0.0259664280677478,0.0005961098611111
5,S 10,0.0117028449695147,0.0963657617549361,0.0009703522330251,0.0311504772519644,4.7996739585150534e-05
5,S 20,0.0117028449695147,0.1036342588763363,0.0013278539929509,0.0364397309670492,2.398999272805897e-06
5,S 50,0.0117028449695147,0.128866419244123,0.0025211241510199,0.050210797155791,1.2805605143458386e-10
5,S 100,0.0117028449695147,0.1470272359894992,0.0038909992719151,0.0623778748589204,1.8151499441494738e-15
5,S 200,0.0117028449695147,0.1514242040228665,0.0060766216928839,0.0779526888111242,3.7326685100902067e-23
5,SDS 5,0.0117028449695147,0.0697531515498855,0.0007592676667877,0.027554812044138,0.0002877828860907
5,SDS 11,0.0117028449695147,0.0700666559311002,0.0005051766179707,0.0224761344089845,0.0025802103840737
5,SDS 21,0.0117028449695147,0.0695641234251714,0.0006038290051161,0.0245729323670617,0.0010940259923915
5,SDS 51,0.0117028449695147,0.0722057760443754,0.0008363617079128,0.0289199188780474,0.0001492387876109
5,SDS 101,0.0117028449695147,0.077759981305028,0.00123380746311,0.0351255955552365,5.258031797706297e-06
5,SDS 201,0.0117028449695147,0.0850371798206862,0.0021528436194964,0.0463987458827975,2.6228793425538526e-09
5,EP ms,0.0117028449695147,0.0082502647744331,0.0095240781621366,0.0975913836470035,3.1555685940707324e-35
5,PlC ms,0.0117028449695147,0.0076247874307883,0.0128743668103712,0.1134652669779227,6.231795299273989e-47
5,PrC ms,0.0117028449695147,0.0077622426377403,0.0055821619328226,0.0747138670718005,2.031489308447009e-21
5,S ms,0.0117028449695147,0.0165975666737382,0.0034637840351287,0.058853921153384,5.851576701423078e-14
5,SDS ms,0.0117028449695147,0.0114577068578106,0.0012395215109613,0.0352068389799669,5.012920217188675e-06
6,DEM,0.0117028449695147,0.0714780588316867,0.0801570994651311,0.2831202915107484,4.3248098029349073e-281
6,RGB,0.0117028449695147,0.0216391500417491,0.016931680977796,0.1301217928626717,4.3582784495780455e-61
6,RGB+NIR,0.0117028449695147,0.0133304473487234,0.0424869199410085,0.2061235550367996,4.4975017284955166e-150
6,NHD,0.0117028449695147,0.0157218749999997,0.0011907691411921,0.0345075229651764,7.5352604691695965e-06
6,OSM,0.0117028449695147,0.001743875,0.0004065709474375,0.0201636045249255,0.0061523323323002
6,EP 5,0.0117028449695147,0.1138919824782641,0.0021728508578676,0.0466138483486144,2.225412676953247e-09
6,EP 11,0.0117028449695147,0.1093102304722937,0.0014544187464056,0.038136842375918,8.370267465967432e-07
6,EP 21,0.0117028449695147,0.0833352893549601,0.004239835510097,0.0651140193053469,1.0692729590585595e-16
6,EP 51,0.0117028449695147,0.061570692252371,0.0093121680033436,0.096499575145923,1.738284257784591e-34
6,EP 101,0.0117028449695147,0.0520062202521537,0.0085213424200216,0.0923111175320807,1.0153352688737368e-31
6,EP 201,0.0117028449695147,0.0491431389323211,0.0039647774279883,0.0629664786055907,9.96971900697168e-16
6,PlC 5,0.0117028449695147,0.0525466182563119,0.0224138846719566,0.1497126737185488,3.402975277200674e-80
6,PlC 10,0.0117028449695147,0.0607005109594863,0.0119763547035907,0.109436532764844,8.513262871572362e-44
6,PlC 20,0.0117028449695147,0.0600760794170675,0.0114598775489137,0.1070508176003985,5.4193166263332545e-42
6,PlC 50,0.0117028449695147,0.0586430216531824,0.0065949771052437,0.0812094643821996,5.672768608212534e-25
6,PlC 100,0.0117028449695147,0.078766916547053,0.0008755904822198,0.0295903782033935,0.0001069742822407
6,PlC 200,0.0117028449695147,0.0705557129140734,-5.452432117888043e-05,,0.7209221557424738
6,PrC 5,0.0117028449695147,0.0576932975740113,0.0018036595945585,0.0424695137075831,4.6474204091950974e-08
6,PrC10,0.0117028449695147,0.0524788094598641,0.0026898338619327,0.0518636082617936,3.221705988106364e-11
6,PrC20,0.0117028449695147,0.0523507113227812,0.0029700899030159,0.0544985312005371,3.2669785940074067e-12
6,PrC50,0.0117028449695147,0.0576007425681213,0.0017904297574332,0.0423134701653418,5.1836099134347555e-08
6,PrC100,0.0117028449695147,0.0552974431292827,0.0014016087229963,0.0374380651609604,1.298297090219937e-06
6,PrC200,0.0117028449695147,0.0566899038167667,0.0010928485598689,0.0330582600853245,1.71194950384026e-05
6,S 5,0.0117028449695147,0.0867245419825825,0.0007007681043485,0.0264720249385747,0.0004747573160154
6,S 10,0.0117028449695147,0.0904395725523536,0.0010096600139442,0.0317751477407143,3.445811568543824e-05
6,S 20,0.0117028449695147,0.0959292307398041,0.0011415122706422,0.0337862734056637,1.1382087311219653e-05
6,S 50,0.0117028449695147,0.1182853911627631,0.0017050755878879,0.041292560926733,1.0490944036102861e-07
6,S 100,0.0117028449695147,0.1297193862074623,0.0027831371702779,0.0527554468304266,1.5030381291733686e-11
6,S 200,0.0117028449695147,0.1329069049776102,0.004794448608919,0.0692419569980445,1.192645080459838e-18
6,SDS 5,0.0117028449695147,0.0708204436512027,0.000345120164773,0.0185774100663429,0.0106552752653509
6,SDS 11,0.0117028449695147,0.070328347238823,0.0004633434704742,0.0215254145250269,0.0037244587008726
6,SDS 21,0.0117028449695147,0.0696860345320544,0.000874385800995,0.0295700152349471,0.0001080725135499
6,SDS 51,0.0117028449695147,0.0716984067570419,0.0012321086107132,0.0351014046829075,5.333200231621861e-06
6,SDS 101,0.0117028449695147,0.0754428772906168,0.0014286592689507,0.0377976093020539,1.036804362989415e-06
6,SDS 201,0.0117028449695147,0.0822334555494209,0.0021151455106452,0.0459907111343719,3.575155557341247e-09
6,EP ms,0.0117028449695147,0.0091454572557504,0.0078627346592195,0.0886720624504673,2.0508252901841913e-29
6,PlC ms,0.0117028449695147,0.007927561909325,0.0127069487749198,0.1127251026831196,2.393782164348575e-46
6,PrC ms,0.0117028449695147,0.0077317096376355,0.0050016108440741,0.0707220675890784,2.2279295819892925e-19
6,S ms,0.0117028449695147,0.0150781144839859,0.0031830375514289,0.0564184150028066,5.755591124732674e-13
6,SDS ms,0.0117028449695147,0.011242996503707,0.0013196753029329,0.036327335478024,2.5682143112585693e-06
7,DEM,0.0117028449695147,0.0727230372713895,0.0745956984333117,0.2731221309841291,9.415201925199892e-262
7,RGB,0.0117028449695147,0.022023492848086,0.0181265841400028,0.1346350033980868,2.972651430684854e-65
7,RGB+NIR,0.0117028449695147,0.0134575050944293,0.0448812875107512,0.2118520415543622,2.1000618523401376e-158
7,NHD,0.0117028449695147,0.0147848750000003,0.0019490030096668,0.0441475141957832,1.4023742670940527e-08
7,OSM,0.0117028449695147,0.0032288749999999,0.0007506017775708,0.0273971125772553,0.0003098934250245
7,EP 5,0.0117028449695147,0.0947072383768676,0.0038124056614415,0.0617446812400995,3.4372068000345792e-15
7,EP 11,0.0117028449695147,0.0785563198270197,0.0020514475803078,0.0452929087198853,6.035600873570317e-09
7,EP 21,0.0117028449695147,0.0666210893481981,0.0043117965382109,0.0656642713978531,5.964381389793787e-17
7,EP 51,0.0117028449695147,0.0555153404801684,0.0087191213372933,0.0933762353990207,2.0633715110610794e-32
7,EP 101,0.0117028449695147,0.049929868883636,0.0079899848740135,0.0893867153105737,7.352065398733453e-30
7,EP 201,0.0117028449695147,0.0481585406609018,0.0036392303179785,0.0603260335011227,1.4044396599426324e-14
7,PlC 5,0.0117028449695147,0.0526070399960838,0.0186087470988623,0.1364138816208319,6.198618952598509e-67
7,PlC 10,0.0117028449695147,0.0595603356116786,0.0119879607924569,0.1094895464985444,7.754704220043233e-44
7,PlC 20,0.0117028449695147,0.0605836086824487,0.0124683542898018,0.1116617852705295,1.6296824914598357e-45
7,PlC 50,0.0117028449695147,0.0602155310550981,0.0059558789007114,0.0771743409476975,9.90265727419963e-23
7,PlC 100,0.0117028449695147,0.0768631969092763,0.0006864259455143,0.0261997317832529,0.0005369340850068
7,PlC 200,0.0117028449695147,0.0694546132804482,-6.952339682978942e-05,,1.0
7,PrC 5,0.0117028449695147,0.0566317390050825,0.0012743157073829,0.0356975588434691,3.7490599586967393e-06
7,PrC10,0.0117028449695147,0.0519225008523061,0.0021428827866941,0.0462912819728957,2.846528477666751e-09
7,PrC20,0.0117028449695147,0.0519701267913658,0.0024218867989173,0.0492126690895479,2.886127105577095e-10
7,PrC50,0.0117028449695147,0.0574634832432968,0.0027941779571095,0.0528599844599821,1.3734184167589496e-11
7,PrC100,0.0117028449695147,0.0545175106853644,0.0020874042225782,0.0456881190527502,4.490767274974019e-09
7,PrC200,0.0117028449695147,0.0562734552477715,0.0019440615083133,0.0440915128830185,1.4606211446367457e-08
7,S 5,0.0117028449695147,0.0849250266618484,0.0015491968538775,0.0393598380824604,3.812181532570874e-07
7,S 10,0.0117028449695147,0.0883057750575187,0.0018344884075698,0.0428309281661022,3.6036970743516916e-08
7,S 20,0.0117028449695147,0.0934203877773304,0.0022978804638996,0.0479362124484161,7.97562716749378e-10
7,S 50,0.0117028449695147,0.1116074993154796,0.0034963085788991,0.0591295913980402,4.490991498660255e-14
7,S 100,0.0117028449695147,0.1263299998204769,0.0048543181656449,0.0696729371107959,7.343562948590291e-19
7,S 200,0.0117028449695147,0.1232649925268743,0.0068634153491003,0.082845732232266,6.496995140266469e-26
7,SDS 5,0.0117028449695147,0.0716161567120324,0.0018483627202008,0.0429925891311608,3.2140424046686734e-08
7,SDS 11,0.0117028449695147,0.0720117998588805,0.0014354289392543,0.0378870550353854,9.800808735543817e-07
7,SDS 21,0.0117028449695147,0.0704850406068402,0.0015818923919044,0.039773010847866,2.907372824236189e-07
7,SDS 51,0.0117028449695147,0.0708338586790836,0.0022492065277216,0.047425800232802,1.1890091263342203e-09
7,SDS 101,0.0117028449695147,0.0748145950912771,0.0031690805558832,0.0562945872698541,6.448879645600104e-13
7,SDS 201,0.0117028449695147,0.0831897381023294,0.004633692081815,0.0680712280028433,4.3869790984225845e-18
7,EP ms,0.0117028449695147,0.0083452996015885,0.0080099720921241,0.0894984474285681,6.258011773308163e-30
7,PlC ms,0.0117028449695147,0.007838722769364,0.011638869180665,0.1078835908776911,1.2845520695139392e-42
7,PrC ms,0.0117028449695147,0.0077223534376911,0.005714217562788,0.0755924438207155,6.9837557701303355e-22
7,S ms,0.0117028449695147,0.0147223403169319,0.0042656354123284,0.0653118321005347,8.673360578735202e-17
7,SDS ms,0.0117028449695147,0.0112334612733223,0.0028409645646583,0.0533006994762575,9.372612038560972e-12
8,DEM,0.0117028449695147,0.0719264155458191,0.0791336938586692,0.2813071166157536,1.5646817171916812e-277
8,RGB,0.0117028449695147,0.0216485171028088,0.0211202698431978,0.1453281453924114,1.0942994682479227e-75
8,RGB+NIR,0.0117028449695147,0.0135337839858119,0.0461966645256643,0.2149340934464896,5.570539406545757e-163
8,NHD,0.0117028449695147,0.0128988750000004,0.0004971123260117,0.022296015922396,0.0027689343243698
8,OSM,0.0117028449695147,0.002734875,0.0006448681013163,0.0253942533128341,0.0007676390797197
8,EP 5,0.0117028449695147,0.0878589876105169,0.0038903498382109,0.0623726690002196,1.824750518768011e-15
8,EP 11,0.0117028449695147,0.0751419500066435,0.0021793571728864,0.0466835856901169,2.10962524735177e-09
8,EP 21,0.0117028449695147,0.0639611976187757,0.004971334883385,0.0705076937885864,2.84683721110187e-19
8,EP 51,0.0117028449695147,0.0539054733949841,0.009609931608741,0.0980302586385503,1.5808131072905644e-35
8,EP 101,0.0117028449695147,0.0496742928596629,0.0088924671911164,0.0942998790620458,5.1065246041729224e-33
8,EP 201,0.0117028449695147,0.0488212233268941,0.0039022135720951,0.0624677002305604,1.6571163526918157e-15
8,PlC 5,0.0117028449695147,0.0529581259911845,0.0207253827670045,0.1439631298874978,2.6012175244470793e-74
8,PlC 10,0.0117028449695147,0.0587489730740074,0.0135854194531041,0.1165565075536504,2.0542411348022582e-49
8,PlC 20,0.0117028449695147,0.0581810700672368,0.0137888395966587,0.1174258898056929,4.006022247550657e-50
8,PlC 50,0.0117028449695147,0.0586088887677379,0.0079158662689229,0.0889711541395466,1.3362926683926399e-29
8,PlC 100,0.0117028449695147,0.0740716839666932,0.0013641125453577,0.0369338942620152,1.773685476817544e-06
8,PlC 200,0.0117028449695147,0.0716417522478888,0.0002673995994223,0.0163523576105204,0.0215916601517201
8,PrC 5,0.0117028449695147,0.0575067268362835,0.0007601592535253,0.0275709857191451,0.0002856002552238
8,PrC10,0.0117028449695147,0.0524244285416129,0.0013164898062333,0.0362834646393271,2.637316822766367e-06
8,PrC20,0.0117028449695147,0.0525682712469325,0.0015237868447549,0.0390357124279155,4.7062986451618115e-07
8,PrC50,0.0117028449695147,0.0592616225327914,0.0015900194103945,0.039875047465734,2.718084927796751e-07
8,PrC100,0.0117028449695147,0.054233945354271,0.0016545152390919,0.0406757328033798,1.5936531748761861e-07
8,PrC200,0.0117028449695147,0.0561863569466881,0.0014802245211413,0.0384736860872644,6.755687324212688e-07
8,S 5,0.0117028449695147,0.0904314958123267,0.0008386771801839,0.0289599236909213,0.000146331399356
8,S 10,0.0117028449695147,0.0952649414249882,0.0011283509594572,0.0335909356740356,1.2709675806421906e-05
8,S 20,0.0117028449695147,0.1013579169406746,0.0014546383412203,0.0381397213049649,8.355012953963706e-07
8,S 50,0.0117028449695147,0.1222714844232831,0.0025371437196967,0.050370067695971,1.1232029873460363e-10
8,S 100,0.0117028449695147,0.134846556458429,0.0039934369182085,0.0631936461854237,7.899764395675183e-16
8,S 200,0.0117028449695147,0.1371341894586282,0.006354815494076,0.0797170966234727,3.9448850614968404e-24
8,SDS 5,0.0117028449695147,0.072361839905987,0.0009184197251179,0.0303054405201103,7.44318310514746e-05
8,SDS 11,0.0117028449695147,0.072531675350033,0.0007832978472954,0.0279874587502228,0.0002344343311865
8,SDS 21,0.0117028449695147,0.0718994806477438,0.0009825783208011,0.0313461053529965,4.329327629146885e-05
8,SDS 51,0.0117028449695147,0.0728787507505566,0.0013776380194757,0.0371165464378863,1.5848348986064333e-06
8,SDS 101,0.0117028449695147,0.078681460083931,0.0019308893943647,0.043941886559008,1.6280000986830876e-08
8,SDS 201,0.0117028449695147,0.0872642571593816,0.0031441504193475,0.0560727243795731,7.901733679522616e-13
8,EP ms,0.0117028449695147,0.0081218312331614,0.0087902897703215,0.0937565452132358,1.1630121627198494e-32
8,PlC ms,0.0117028449695147,0.0077473695730685,0.0135270503558181,0.1163058483302458,3.2837400163576775e-49
8,PrC ms,0.0117028449695147,0.0077531980617017,0.0040723022101814,0.0638145924548723,4.1643300591923806e-16
8,S ms,0.0117028449695147,0.016042514571852,0.0034719337860743,0.0589231175861758,5.4761185603844295e-14
8,SDS ms,0.0117028449695147,0.0117114410127178,0.0015555787884324,0.0394408264167019,3.615751767212526e-07
9,DEM,0.0117028449695147,0.0720782623443934,0.0776346845783685,0.2786300137787897,2.5507071868514678e-272
9,RGB,0.0117028449695147,0.0212822147749842,0.0194371498520643,0.1394171791855806,8.030877702995123e-70
9,RGB+NIR,0.0117028449695147,0.013250273332405,0.044614725642164,0.2112219819104158,1.776851087697683e-157
9,NHD,0.0117028449695147,0.0126619999999997,0.0009531755841527,0.0308735418141927,5.54858871912777e-05
9,OSM,0.0117028449695147,0.0054395,0.0013290096240821,0.0364555842647206,2.3760089011381297e-06
9,EP 5,0.0117028449695147,0.0906381714223662,0.0037351251427614,0.0611156701899065,6.440922201034606e-15
9,EP 11,0.0117028449695147,0.0762397502644377,0.0018998799534883,0.0435876123857271,2.1018873420868305e-08
9,EP 21,0.0117028449695147,0.0645127186495606,0.0036463169663031,0.0603847411711195,1.3258035913681744e-14
9,EP 51,0.0117028449695147,0.053730143958917,0.0073156390705371,0.0855315092263497,1.6905262250678176e-27
9,EP 101,0.0117028449695147,0.0498263312956077,0.0065941669995763,0.0812044764749844,5.709993514184246e-25
9,EP 201,0.0117028449695147,0.048860013955259,0.0029568770105033,0.0543771736163565,3.6388579918399745e-12
9,PlC 5,0.0117028449695147,0.0532618266580656,0.0184314992562036,0.1357626578120936,2.5714291387007453e-66
9,PlC 10,0.0117028449695147,0.0574871005128249,0.0107756752506955,0.1038059499773282,1.3312359465677351e-39
9,PlC 20,0.0117028449695147,0.058273890304299,0.0111839004852421,0.1057539620309433,4.988788008988332e-41
9,PlC 50,0.0117028449695147,0.0578344850502775,0.0060628990340085,0.0778646199117963,4.170357790048331e-23
9,PlC 100,0.0117028449695147,0.0719951524706237,0.0006893767943343,0.0262559858762589,0.0005235027002971
9,PlC 200,0.0117028449695147,0.0675152133041647,-6.772025373035679e-05,,1.0
9,PrC 5,0.0117028449695147,0.0584661256580324,0.0007430590747412,0.0272591099403714,0.0003305286618072
9,PrC10,0.0117028449695147,0.0525410940923321,0.001276669069297,0.0357305061438694,3.676151599757356e-06
9,PrC20,0.0117028449695147,0.0524792806032136,0.0016564307474143,0.040699272074748,1.5685977955961342e-07
9,PrC50,0.0117028449695147,0.0580726309052347,0.0017196693536585,0.0414688962194383,9.298933204691228e-08
9,PrC100,0.0117028449695147,0.054124022640144,0.0015257444080689,0.0390607783853437,4.630503698071889e-07
9,PrC200,0.0117028449695147,0.0559788674564744,0.0014134076897399,0.0375953147312255,1.1769586706431245e-06
9,S 5,0.0117028449695147,0.0894441352490842,0.0008090613006957,0.0284440028950881,0.0001882395782491
9,S 10,0.0117028449695147,0.0944301100722989,0.0011430008077303,0.0338082949544981,1.1240986344917774e-05
9,S 20,0.0117028449695147,0.0996141704837357,0.0013941272789325,0.0373380138589689,1.3816569443310384e-06
9,S 50,0.0117028449695147,0.1216883424118818,0.0022032731836638,0.0469390368847065,1.7334899025501421e-09
9,S 100,0.0117028449695147,0.1394610179706505,0.0034270381924328,0.0585409104168427,7.891163661388485e-14
9,S 200,0.0117028449695147,0.1416066458862464,0.0053727161199569,0.0732988139055258,1.1054491005785916e-20
9,SDS 5,0.0117028449695147,0.0711340204989075,0.0006370518755893,0.0252398866001676,0.0008211401066733
9,SDS 11,0.0117028449695147,0.0718346505520464,0.0005798068130819,0.0240791779984682,0.0013470542579361
9,SDS 21,0.0117028449695147,0.0710348046248138,0.0007974090468162,0.0282384320884893,0.0002078730809232
9,SDS 51,0.0117028449695147,0.0734924740358953,0.0011356445110015,0.0336993250822854,1.195584339556488e-05
9,SDS 101,0.0117028449695147,0.078522539896037,0.0015772444611518,0.0397145371514244,3.021511035096517e-07
9,SDS 201,0.0117028449695147,0.0834443194118829,0.0026097243187091,0.0510854609327267,6.202441741319846e-11
9,EP ms,0.0117028449695147,0.0081617443818397,0.0072278215529118,0.0850165957499583,3.433118216426672e-27
9,PlC ms,0.0117028449695147,0.0077068736890794,0.010775729447078,0.1038062110236091,1.3306555966310792e-39
9,PrC ms,0.0117028449695147,0.0077325722622903,0.0041994935142525,0.0648034992438875,1.4833410125331276e-16
9,S ms,0.0117028449695147,0.015782917470393,0.0031868770936445,0.0564524321322346,5.578305646226273e-13
9,SDS ms,0.0117028449695147,0.0115596369083442,0.0015326808184264,0.0391494676646619,4.371648540747565e-07
10,DEM,0.0117028449695147,0.0726002362332398,0.074836932933493,0.2735633983805089,1.3645699231588256e-262
10,RGB,0.0117028449695147,0.0217544691642979,0.0189273721382519,0.1375767863349481,4.8042744435505105e-68
10,RGB+NIR,0.0117028449695147,0.0133521950327152,0.0447681207514693,0.2115847838372821,5.19947653755675e-158
10,NHD,0.0117028449695147,0.0152538750000003,0.0012379269257916,0.0351841857343841,5.080144932985199e-06
10,OSM,0.0117028449695147,0.0032288749999999,0.0007712445710743,0.0277712904106807,0.0002598163835268
10,EP 5,0.0117028449695147,0.1186637230161267,0.002651523118896,0.0514929424183168,4.406657793120074e-11
10,EP 11,0.0117028449695147,0.1145538037871265,0.0019553938160577,0.0442198350975863,1.3304804009007798e-08
10,EP 21,0.0117028449695147,0.0867417850350852,0.0046284358536018,0.0680326087519937,4.577882783404334e-18
10,EP 51,0.0117028449695147,0.0651116214243913,0.0098624700498426,0.0993099695390279,2.069877180212176e-36
10,EP 101,0.0117028449695147,0.0539658775957164,0.0088748359588266,0.0942063477629117,5.885790243287865e-33
10,EP 201,0.0117028449695147,0.0498044019977335,0.0041276814296277,0.0642470344033695,2.656622622150565e-16
10,PlC 5,0.0117028449695147,0.0536396491722132,0.0225649249621928,0.1502162606450873,1.0130822127322047e-80
10,PlC 10,0.0117028449695147,0.0589789094219139,0.0134937332395557,0.1161625294126974,4.2919288242782995e-49
10,PlC 20,0.0117028449695147,0.058527524914196,0.0131567212023477,0.1147027515029512,6.441232019198877e-48
10,PlC 50,0.0117028449695147,0.0587176431269415,0.0066765489795741,0.0817101522429993,2.936216528168994e-25
10,PlC 100,0.0117028449695147,0.0758847112812951,0.0004837798445528,0.0219949958979968,0.0031122300895154
10,PlC 200,0.0117028449695147,0.0680305860712197,4.098774293333489e-05,0.0064021670497836,0.1981708282906274
10,PrC 5,0.0117028449695147,0.057947659378859,0.0016902612070439,0.0411127864179006,1.1857722791828899e-07
10,PrC10,0.0117028449695147,0.0522697778844332,0.0023652342529703,0.0486336740640719,4.5912202399984303e-10
10,PrC20,0.0117028449695147,0.0520440142185078,0.0023656181893251,0.0486376211314359,4.5767947010079737e-10
10,PrC50,0.0117028449695147,0.0595714791719657,0.0021618092128337,0.0464952601114751,2.4366615261120312e-09
10,PrC100,0.0117028449695147,0.0566850852939156,0.0021032119028042,0.0458607882924431,3.9435679411687485e-09
10,PrC200,0.0117028449695147,0.0562520144039298,0.0022380004836479,0.0473075098018059,1.3035373148405452e-09
10,S 5,0.0117028449695147,0.0914430150724392,0.0010920531649496,0.0330462276962083,1.7234194569657364e-05
10,S 10,0.0117028449695147,0.0959772565091569,0.0014675092918371,0.0383080838967075,7.507941852501818e-07
10,S 20,0.0117028449695147,0.1024199810089636,0.0018265487042753,0.0427381410952245,3.847621254671936e-08
10,S 50,0.0117028449695147,0.1244098782254579,0.0028995053841701,0.0538470554828221,5.811684318512174e-12
10,S 100,0.0117028449695147,0.1345236725292978,0.0044513609377658,0.0667185202006601,1.923218585714182e-17
10,S 200,0.0117028449695147,0.1358375230141574,0.0066288587419146,0.0814178035930389,4.315147343022301e-25
10,SDS 5,0.0117028449695147,0.0740862234211857,0.0007541532689106,0.0274618511559337,0.000300632011853
10,SDS 11,0.0117028449695147,0.0741146612407672,0.0006549960999785,0.0255928915908014,0.0007035149202239
10,SDS 21,0.0117028449695147,0.0736016563156505,0.0009425610547637,0.0307011572218989,6.06906383277535e-05
10,SDS 51,0.0117028449695147,0.0765769692794495,0.0015304492840182,0.0391209570948651,4.453302571169988e-07
10,SDS 101,0.0117028449695147,0.0808163522594252,0.0021389437495859,0.0462487161939217,2.940152951830877e-09
10,SDS 201,0.0117028449695147,0.0864599530288539,0.0035563733318816,0.0596353362687057,2.7551060569212934e-14
10,EP ms,0.0117028449695147,0.0093950316354648,0.0090185494358036,0.0949660435935057,1.8495902150298924e-33
10,PlC ms,0.0117028449695147,0.007788378388892,0.0135432568470218,0.116375499341665,2.88273794745998e-49
10,PrC ms,0.0117028449695147,0.0077643603659727,0.0062527581595755,0.0790743837129035,8.995675300989723e-24
10,S ms,0.0117028449695147,0.0161480063208691,0.0041152477414543,0.0641501967374562,2.9387067610792685e-16
10,SDS ms,0.0117028449695147,0.0119127309924489,0.0019378835327244,0.044021398577561,1.5368632983442818e-08
11,DEM,0.0117028449695147,0.0710430905344715,0.0796701125604049,0.2822589459351199,2.1342879150755606e-279
11,RGB,0.0117028449695147,0.0217141473239409,0.0203566957370922,0.1426768927930947,5.011747694892284e-73
11,RGB+NIR,0.0117028449695147,0.013406739687311,0.0463113530331116,0.2152007273061866,2.2227586379591127e-163
11,NHD,0.0117028449695147,0.013371875,0.0014157388317708,0.0376263050507338,1.1543660556401838e-06
11,OSM,0.0117028449695147,0.0029819999999998,0.0007080195242093,0.0266086362711318,0.0004461395642523
11,EP 5,0.0117028449695147,0.1141912472172402,0.00354764362716,0.0595620989149987,2.9578498992691176e-14
11,EP 11,0.0117028449695147,0.1089200858198741,0.0021080308376437,0.0459132969589827,3.790430054406978e-09
11,EP 21,0.0117028449695147,0.0819718496308639,0.0046554535639908,0.0682308842386707,3.677727706409286e-18
11,EP 51,0.0117028449695147,0.0612262654133868,0.0094362026170489,0.0971401184735173,6.402695194900107e-35
11,EP 101,0.0117028449695147,0.0516171481417352,0.0082060873781483,0.090587457068561,1.2880317287472118e-30
11,EP 201,0.0117028449695147,0.048870842503923,0.0027173435648783,0.0521281456113525,2.5729768607015413e-11
11,PlC 5,0.0117028449695147,0.0527742322757345,0.0193230626628718,0.1390074194526027,2.0063589967682125e-69
11,PlC 10,0.0117028449695147,0.0606166670257937,0.0127908770926159,0.1130967598678935,1.2192107641966961e-46
11,PlC 20,0.0117028449695147,0.0609463605157602,0.0119935375794999,0.1095150107496683,7.414639514121552e-44
11,PlC 50,0.0117028449695147,0.0570231060408156,0.0056869812117217,0.0754120760337611,8.704080857189768e-22
11,PlC 100,0.0117028449695147,0.0718875354457725,0.0003955180576786,0.0198876357991257,0.0067877641558541
11,PlC 200,0.0117028449695147,0.0690355880247924,6.723794815629303e-05,0.0081998748866243,0.1496507524976952
11,PrC 5,0.0117028449695147,0.0562611367141399,0.0007571454341268,0.0275162758040911,0.0002930460705793
11,PrC10,0.0117028449695147,0.0516178666156042,0.0015195736592278,0.0389817092907408,4.873675223175105e-07
11,PrC20,0.0117028449695147,0.051677772622079,0.0017144327657375,0.0414057093374516,9.710181103089156e-08
11,PrC50,0.0117028449695147,0.0574972372140668,0.0023024447625486,0.0479837968750769,7.682579664388012e-10
11,PrC100,0.0117028449695147,0.0547956161067487,0.0020170324427507,0.0449113843334938,8.010670828212653e-09
11,PrC200,0.0117028449695147,0.055181581931478,0.0015842004117171,0.0398020151715604,2.852311403712599e-07
11,S 5,0.0117028449695147,0.0844324904632687,0.0011835812048757,0.0344032150369076,8.002377520076216e-06
11,S 10,0.0117028449695147,0.0882479574921753,0.0014929949452799,0.0386392927637131,6.076200829416883e-07
11,S 20,0.0117028449695147,0.093470267814358,0.001989801475355,0.0446071908480578,1.0022813299562828e-08
11,S 50,0.0117028449695147,0.1148757043072653,0.0032974294661422,0.0574232484812748,2.2666838709467182e-13
11,S 100,0.0117028449695147,0.1312753764062672,0.0045214421977108,0.0672416700990601,1.0896376994910706e-17
11,S 200,0.0117028449695147,0.1331488665556421,0.0061520104053059,0.0784347525355051,2.029985696984963e-23
11,SDS 5,0.0117028449695147,0.067398231372209,0.001622104478288,0.0402753582018584,2.08390907062998e-07
11,SDS 11,0.0117028449695147,0.0676255296461631,0.0012262434238133,0.035017758692031,5.601102848327291e-06
11,SDS 21,0.0117028449695147,0.0660075918395172,0.0012107429111932,0.0347957312208449,6.375964117034632e-06
11,SDS 51,0.0117028449695147,0.0671631208545958,0.0015545108199705,0.0394272852219192,3.6479013612049344e-07
11,SDS 101,0.0117028449695147,0.0710608282296067,0.0022100244660168,0.0470108973113346,1.6400246581787323e-09
11,SDS 201,0.0117028449695147,0.0788323807203329,0.0035385809480118,0.0594859726995523,3.1841347520822375e-14
11,EP ms,0.0117028449695147,0.0090978570806837,0.0085431894743601,0.0924293756029981,8.514532630279192e-32
11,PlC ms,0.0117028449695147,0.007752238552901,0.0120028657629922,0.1095575910788121,6.878826568981783e-44
11,PrC ms,0.0117028449695147,0.0076243986132432,0.0043459579991146,0.0659238803402427,4.520974656014036e-17
11,S ms,0.0117028449695147,0.0150329221305355,0.0035870376722292,0.0598918831915412,2.146967417230205e-14
11,SDS ms,0.0117028449695147,0.0106529259033664,0.0021453908729925,0.0463183643168943,2.788477006973097e-09
12,DEM,0.0117028449695147,0.0722638740212828,0.0757457035334741,0.275219373470463,9.440365917300854e-266
12,RGB,0.0117028449695147,0.0213751769204288,0.0168791435374618,0.1299197580719033,6.645324952827323e-61
12,RGB+NIR,0.0117028449695147,0.0131597546333196,0.0440681954414554,0.2099242612025953,1.4163046345746006e-155
12,NHD,0.0117028449695147,0.0157218749999997,0.0015263266032837,0.0390682301017557,4.608198657608211e-07
12,OSM,0.0117028449695147,0.003968,0.0009763003453209,0.0312458052435994,4.564752339967707e-05
12,EP 5,0.0117028449695147,0.0964268355884533,0.0038704779422309,0.0622131653448925,2.1444094388524095e-15
12,EP 11,0.0117028449695147,0.0806975979564475,0.0023809837719234,0.0487953253081016,4.035234480636924e-10
12,EP 21,0.0117028449695147,0.0675485875050619,0.0053356050084187,0.0730452257743021,1.4925579364085858e-20
12,EP 51,0.0117028449695147,0.0552252616295145,0.0094781514227611,0.0973557980952398,4.5674421000091345e-35
12,EP 101,0.0117028449695147,0.0505578524440763,0.0079740880935087,0.0892977496553457,8.35724464325585e-30
12,EP 201,0.0117028449695147,0.0488370349215232,0.0034567018944199,0.0587937232569935,6.198706331744726e-14
12,PlC 5,0.0117028449695147,0.0529719347766808,0.0180611021191306,0.1343915998830681,5.02839846459461e-65
12,PlC 10,0.0117028449695147,0.0578022012516896,0.0122614505648044,0.1107314344023615,8.60082378463617e-45
12,PlC 20,0.0117028449695147,0.0589080461560018,0.012696282996488,0.1126777839526852,2.6080808556598915e-46
12,PlC 50,0.0117028449695147,0.0576860172593129,0.0063211422227803,0.079505611266,5.177837462601246e-24
12,PlC 100,0.0117028449695147,0.0726576349291591,0.0005201269723178,0.0228062923842938,0.0022641481987754
12,PlC 200,0.0117028449695147,0.0706636720954606,-7.884371283098818e-05,,1.0
12,PrC 5,0.0117028449695147,0.056523327739579,0.0013057857998208,0.0361356582868067,2.8834778743528252e-06
12,PrC10,0.0117028449695147,0.0521288819218876,0.0021381347740597,0.0462399694426778,2.959759389878699e-09
12,PrC20,0.0117028449695147,0.0521252981720078,0.0023078253231489,0.0480398305903438,7.350938143455541e-10
12,PrC50,0.0117028449695147,0.058512283442076,0.0023531026903582,0.0485087898257447,5.071253128372941e-10
12,PrC100,0.0117028449695147,0.0558996132509346,0.0019699659576606,0.0443842985487058,1.1800527015753478e-08
12,PrC200,0.0117028449695147,0.0567126705387471,0.0017059036447195,0.0413025864168284,1.0419384729362725e-07
12,S 5,0.0117028449695147,0.088553524144991,0.0009071237418157,0.030118495012463,8.189732841282481e-05
12,S 10,0.0117028449695147,0.093581019777148,0.0012221801114973,0.0349596926688058,5.794582891287494e-06
12,S 20,0.0117028449695147,0.1003084013268065,0.0017121753452725,0.0413784405853161,9.893040007914704e-08
12,S 50,0.0117028449695147,0.1224357035891014,0.0028745467359181,0.0536147995978546,7.124986240704489e-12
12,S 100,0.0117028449695147,0.13470622463369,0.0039144340539815,0.0625654381746147,1.5005344279845217e-15
12,S 200,0.0117028449695147,0.132420767373782,0.005574243565185,0.0746608569813192,2.1658291204085747e-21
12,SDS 5,0.0117028449695147,0.0694597342586271,0.0010140560887016,0.0318442473407931,3.320559868034354e-05
12,SDS 11,0.0117028449695147,0.0697722595215186,0.000546274868965,0.0233725238039243,0.0018026187225206
12,SDS 21,0.0117028449695147,0.0691774109287787,0.0004299141424054,0.0207343710395424,0.0050022463577864
12,SDS 51,0.0117028449695147,0.0700330463242481,0.0007231207669597,0.0268909049115069,0.0003920027854401
12,SDS 101,0.0117028449695147,0.0740380219799194,0.0014424093872693,0.0379790651184223,9.24847783983928e-07
12,SDS 201,0.0117028449695147,0.0816378668629647,0.002597305338376,0.0509637649548782,6.865616148096127e-11
12,EP ms,0.0117028449695147,0.0083530681625598,0.0086070486379295,0.0927741808798631,5.089889824401433e-32
12,PlC ms,0.0117028449695147,0.0077119395674351,0.011670809160037,0.1080315192896825,9.935622792395998e-43
12,PrC ms,0.0117028449695147,0.0076974745687191,0.0053792823075931,0.07334359077379,1.0482599926206379e-20
12,S ms,0.0117028449695147,0.015750891817552,0.0032934230437204,0.0573883528577047,2.341859967761082e-13
12,SDS ms,0.0117028449695147,0.0110758743239054,0.001376643013224,0.0371031402070511,1.5980128114685456e-06
13,DEM,0.0117028449695147,0.07158268492932,0.0776609845954402,0.2786772050158395,2.0663867799556313e-272
13,RGB,0.0117028449695147,0.0217283528371116,0.0196431525115999,0.1401540313783371,1.537335965990298e-70
13,RGB+NIR,0.0117028449695147,0.0133601535619683,0.0453670249502905,0.2129953636826176,4.2882442959574776e-160
13,NHD,0.0117028449695147,0.0138438750000002,0.0020325206744166,0.0450834856063355,7.052295724664014e-09
13,OSM,0.0117028449695147,0.003721875,0.0009127851603249,0.0302123345725711,7.806599261413468e-05
13,EP 5,0.0117028449695147,0.1132623626103986,0.0039760413003742,0.0630558585729687,9.098278244906428e-16
13,EP 11,0.0117028449695147,0.1092416315189021,0.0025807251958342,0.0508008385347553,7.862943004694069e-11
13,EP 21,0.0117028449695147,0.0848578646442197,0.0062148231819039,0.0788341498457614,1.2221286397414113e-23
13,EP 51,0.0117028449695147,0.064768275508141,0.0109413412488036,0.1046008663864866,3.510872041158974e-40
13,EP 101,0.0117028449695147,0.053537517872306,0.008797200529165,0.0937933927799021,1.1000354646058755e-32
13,EP 201,0.0117028449695147,0.0496634956550478,0.0041268949398454,0.0642409132862033,2.67363451875749e-16
13,PlC 5,0.0117028449695147,0.0529921064760496,0.0215452660227909,0.1467830576830682,3.6162588169036746e-77
13,PlC 10,0.0117028449695147,0.0605983769863139,0.0135911157105741,0.1165809405973983,1.9623243595504178e-49
13,PlC 20,0.0117028449695147,0.0596807002004208,0.013196042687304,0.114874029646844,4.6958379540010557e-48
13,PlC 50,0.0117028449695147,0.058105629110344,0.0063433547253786,0.0796451801766977,4.327470069440845e-24
13,PlC 100,0.0117028449695147,0.0803812982953032,0.0010121043156603,0.0318135869662692,3.3755943101345504e-05
13,PlC 200,0.0117028449695147,0.0709770114788402,-4.469943321228952e-05,,0.593566367765743
13,PrC 5,0.0117028449695147,0.0574813271119064,0.0011908746936425,0.0345090523434439,7.5286089517659424e-06
13,PrC10,0.0117028449695147,0.0523149876862325,0.0020154483337743,0.0448937449292704,8.115763935828025e-09
13,PrC20,0.0117028449695147,0.0522627313197673,0.0024144878391795,0.0491374382643173,3.0664832365406724e-10
13,PrC50,0.0117028449695147,0.0590910242601248,0.0023399154304877,0.0483726723521423,5.65023225715781e-10
13,PrC100,0.0117028449695147,0.0549754559888312,0.0023436505759682,0.0484112649697185,5.479833239825205e-10
13,PrC200,0.0117028449695147,0.0555568553190187,0.0021915213461444,0.0468136875939553,1.909085384004142e-09
13,S 5,0.0117028449695147,0.0887543326548515,0.0012109197411795,0.0347982721004879,6.366544155055226e-06
13,S 10,0.0117028449695147,0.0923510327517834,0.0016202782890069,0.0402526805195255,2.1156519084043853e-07
13,S 20,0.0117028449695147,0.0972253121995935,0.0021100632948702,0.0459354252714639,3.727640897004923e-09
13,S 50,0.0117028449695147,0.1192308454180279,0.0034498977839029,0.058735830494707,6.551601051438505e-14
13,S 100,0.0117028449695147,0.1351839017250734,0.0047934166612738,0.0692345048460217,1.2026564880155452e-18
13,S 200,0.0117028449695147,0.1338520640985135,0.0065877943231673,0.0811652285351762,6.011471710324885e-25
13,SDS 5,0.0117028449695147,0.073636829127938,0.0009482258275313,0.0307932756869306,5.7854633517416144e-05
13,SDS 11,0.0117028449695147,0.0731660077306496,0.0006358185111016,0.0252154419176352,0.0008299201281837
13,SDS 21,0.0117028449695147,0.0716869564098688,0.0007056720958925,0.0265644893775979,0.0004552079090573
13,SDS 51,0.0117028449695147,0.0741564816369652,0.0012465144897072,0.0353060120901136,4.728494298840203e-06
13,SDS 101,0.0117028449695147,0.0784731199739224,0.0020669841672747,0.0454640975636241,5.3116938239272885e-09
13,SDS 201,0.0117028449695147,0.0855079125345832,0.003445260930479,0.0586963451202806,6.803540398951158e-14
13,EP ms,0.0117028449695147,0.0093269342083216,0.0088009277069199,0.0938132597606539,1.0674979700731458e-32
13,PlC ms,0.0117028449695147,0.0079496623125324,0.0130837043601326,0.1143840214371423,1.158369298399564e-47
13,PrC ms,0.0117028449695147,0.0077174947299924,0.0061321601415311,0.0783081103177132,2.38309434672491e-23
13,S ms,0.0117028449695147,0.0156112040431351,0.004180433151478,0.0646562692356898,1.7314504856604922e-16
13,SDS ms,0.0117028449695147,0.0115996025321706,0.0017854740580333,0.042254870228571,5.400050225367073e-08
14,DEM,0.0117028449695147,0.0717933066039375,0.07665887295251,0.2768733879456638,6.305470152795817e-269
14,RGB,0.0117028449695147,0.021459835044881,0.0201792872873956,0.1420538182781287,2.080907126303509e-72
14,RGB+NIR,0.0117028449695147,0.0134821768389679,0.0443792429528645,0.2106638150059582,1.1720497665865115e-156
14,NHD,0.0117028449695147,0.0138438750000002,0.0014929194861125,0.0386383162950005,6.080007463691077e-07
14,OSM,0.0117028449695147,0.0032288749999999,0.0007712445710707,0.0277712904106158,0.0002598163835348
14,EP 5,0.0117028449695147,0.0864753366419443,0.0039234013902622,0.0626370608367142,1.3951324448197496e-15
14,EP 11,0.0117028449695147,0.0736716730738989,0.0019555457344324,0.0442215528270144,1.3288170726717533e-08
14,EP 21,0.0117028449695147,0.0640533316060725,0.0042939887614257,0.0655285339483933,6.891250750817293e-17
14,EP 51,0.0117028449695147,0.0547192129316173,0.0090173079862903,0.0949595070874441,1.8681771206042137e-33
14,EP 101,0.0117028449695147,0.0503284010041274,0.0086881009036364,0.0932099828539648,2.649178879879219e-32
14,EP 201,0.0117028449695147,0.0494896828064995,0.0042045748520309,0.0648426931275291,1.4234262542712066e-16
14,PlC 5,0.0117028449695147,0.0529047757978251,0.0196920958129296,0.1403285281506568,1.0379753451695231e-70
14,PlC 10,0.0117028449695147,0.0606836258675203,0.0119517072761361,0.1093238641657719,1.0379358060321837e-43
14,PlC 20,0.0117028449695147,0.0628098911258304,0.0119604239504063,0.1093637231919541,9.676755612976625e-44
14,PlC 50,0.0117028449695147,0.0609250564065887,0.0068020557093504,0.0824745761392594,1.0660966933501182e-25
14,PlC 100,0.0117028449695147,0.0767837237920839,0.0008475175941201,0.0291121554358342,0.0001357458894009
14,PlC 200,0.0117028449695147,0.0733654528123717,-3.470309104667353e-05,,0.5048384375796627
14,PrC 5,0.0117028449695147,0.0561836693817807,0.0016087223961657,0.0401088817615962,2.3280633179762433e-07
14,PrC10,0.0117028449695147,0.0515288321246513,0.0023672072364014,0.0486539539647233,4.5175708230246485e-10
14,PrC20,0.0117028449695147,0.0515568030878726,0.0025616813509309,0.0506130551432228,9.188686333363332e-11
14,PrC50,0.0117028449695147,0.0578310267565784,0.0017933159891662,0.0423475617853756,5.061581264710682e-08
14,PrC100,0.0117028449695147,0.0552166781540303,0.0016256122934014,0.0403188825911814,2.0242690139950693e-07
14,PrC200,0.0117028449695147,0.0571196751576354,0.0013705704740874,0.0370212165398098,1.6808542841199308e-06
14,S 5,0.0117028449695147,0.0853342549083662,0.0006913390143545,0.0262933264223938,0.0005147595030561
14,S 10,0.0117028449695147,0.0882158112439537,0.0010133628962726,0.031833361372507,3.3400018857174284e-05
14,S 20,0.0117028449695147,0.0934085086843667,0.0012282999780933,0.0350471108380325,5.505662204987879e-06
14,S 50,0.0117028449695147,0.1139490022559667,0.0020446757842243,0.0452180913376975,6.381292577774643e-09
14,S 100,0.0117028449695147,0.1294940766241968,0.0033669306599072,0.0580252588094806,1.2871333548668194e-13
14,S 200,0.0117028449695147,0.1290560611505453,0.0058585700419533,0.0765412963174344,2.1742350966243997e-22
14,SDS 5,0.0117028449695147,0.0687784999254823,0.0003935643722016,0.0198384569007183,0.0069068689049759
14,SDS 11,0.0117028449695147,0.0694072563172106,0.0003969554147049,0.0199237399778484,0.0067014779315286
14,SDS 21,0.0117028449695147,0.069333397063543,0.0005833133370445,0.0241518806109293,0.0013067169238649
14,SDS 51,0.0117028449695147,0.0714108651769776,0.0007709167034782,0.0277653867878384,0.0002605442288938
14,SDS 101,0.0117028449695147,0.0755699249955669,0.0010986655115559,0.0331461236278985,1.63036462286352e-05
14,SDS 201,0.0117028449695147,0.0832481485419975,0.0021831942023033,0.0467246637473544,2.0441890114925962e-09
14,EP ms,0.0117028449695147,0.0081796765405753,0.0082966206872791,0.0910857875152824,6.209423449109595e-31
14,PlC ms,0.0117028449695147,0.0079288389159199,0.0117053956968589,0.1081914770065505,7.523096545083924e-43
14,PrC ms,0.0117028449695147,0.0076631800575313,0.0051850922741339,0.0720075848375293,5.045104916595022e-20
14,S ms,0.0117028449695147,0.0149313564715894,0.003391995422506,0.0582408398162838,1.0495693891048229e-13
14,SDS ms,0.0117028449695147,0.0111853173322252,0.0011468241952825,0.0338647928575168,1.0886557818601555e-05
15,DEM,0.0117028449695147,0.073201945687997,0.0751973888382616,0.2742214230111529,7.613825489226412e-264
15,RGB,0.0117028449695147,0.0213125737621922,0.0179024639266247,0.1338000894118713,1.7967650909486577e-64
15,RGB+NIR,0.0117028449695147,0.0132728412475851,0.0431640917805448,0.2077596971997813,1.9806905944836318e-152
15,NHD,0.0117028449695147,0.0124248749999998,0.0016960779987511,0.0411834675416139,1.1300981627882337e-07
15,OSM,0.0117028449695147,0.0034755000000002,0.0008225256801529,0.0286797085088559,0.0001678656188354
15,EP 5,0.0117028449695147,0.0998193108084673,0.0050701407364382,0.0712049207319148,1.2792426512372245e-19
15,EP 11,0.0117028449695147,0.0839272480779299,0.0028964400409297,0.0538185845310871,5.9589305845099035e-12
15,EP 21,0.0117028449695147,0.068099324341746,0.0050130689418862,0.0708030291858068,2.0305449223739257e-19
15,EP 51,0.0117028449695147,0.0551889861292668,0.0081772520204864,0.0904281594443149,1.6250187207652048e-30
15,EP 101,0.0117028449695147,0.0502352261749135,0.0069249013052868,0.083215991884294,3.955507646726757e-26
15,EP 201,0.0117028449695147,0.0488129986227129,0.0026295116911485,0.0512787645243966,5.275692865267704e-11
15,PlC 5,0.0117028449695147,0.0530150859740307,0.0182960189584313,0.1352627774313071,7.628993969862858e-66
15,PlC 10,0.0117028449695147,0.0598919740271066,0.0135168792119126,0.1162621142587413,3.5634286010116084e-49
15,PlC 20,0.0117028449695147,0.0609716530912032,0.0129086622981507,0.1136162941577957,4.730303164443357e-47
15,PlC 50,0.0117028449695147,0.0593315304504613,0.0060326401185364,0.0776700722192043,5.325470102551444e-23
15,PlC 100,0.0117028449695147,0.0757209288259268,0.0005385647818419,0.0232069985530647,0.0019278056467189
15,PlC 200,0.0117028449695147,0.0679096529858008,-6.512922305669214e-05,,1.0
15,PrC 5,0.0117028449695147,0.0559144129131373,0.0006359502395831,0.0252180538421018,0.0008289778770559
15,PrC10,0.0117028449695147,0.052245091869836,0.0014256609603743,0.0377579257954452,1.0629684019687724e-06
15,PrC20,0.0117028449695147,0.0526669777665933,0.0018893501329238,0.0434666554145108,2.2924359301440976e-08
15,PrC50,0.0117028449695147,0.0589060871911053,0.0026675044838168,0.0516478894420363,3.8668937247802846e-11
15,PrC100,0.0117028449695147,0.055354781419873,0.0023297325178085,0.0482673027815785,6.142213689342743e-10
15,PrC200,0.0117028449695147,0.0560309464237845,0.0016709863857703,0.0408777003483608,1.3906650389277202e-07
15,S 5,0.0117028449695147,0.0845051316823515,0.0012832792698938,0.0358228875147416,3.4788846276339424e-06
15,S 10,0.0117028449695147,0.0890049346214204,0.0016868878055051,0.0410717397428589,1.2193108065740168e-07
15,S 20,0.0117028449695147,0.0950641628455244,0.0021244386290234,0.0460916329611288,3.3122971658370604e-09
15,S 50,0.0117028449695147,0.1190698130982773,0.0033305866242336,0.0577112348181325,1.7303393575501016e-13
15,S 100,0.0117028449695147,0.1319779568426273,0.0046017172464177,0.0678359583585119,5.6846515973664615e-18
15,S 200,0.0117028449695147,0.1309404550397297,0.0065184259462429,0.0807367694810917,1.052511972133314e-24
15,SDS 5,0.0117028449695147,0.0747972293520401,0.0011088311629175,0.0332991165486039,1.4970488478605905e-05
15,SDS 11,0.0117028449695147,0.0741801854444879,0.0011224798841065,0.0335034309303778,1.3351030830305058e-05
15,SDS 21,0.0117028449695147,0.0727431134976402,0.0013516557827246,0.0367648715858577,1.967527907067046e-06
15,SDS 51,0.0117028449695147,0.0749648897145647,0.0019303314181963,0.0439355370764529,1.6354998282448863e-08
15,SDS 101,0.0117028449695147,0.0808549102815923,0.0028186028872027,0.0530905159816963,1.1250353838085474e-11
15,SDS 201,0.0117028449695147,0.0880087616025039,0.0044102619179363,0.066409802875301,2.6838343190231498e-17
15,EP ms,0.0117028449695147,0.0083936340311701,0.0085023709186725,0.0922083017882474,1.18303314993337e-31
15,PlC ms,0.0117028449695147,0.0079120980979925,0.0120498211094237,0.1097716771732297,4.715631275672787e-44
15,PrC ms,0.0117028449695147,0.0077317308922641,0.0048596611403215,0.0697112698229024,7.032556507577939e-19
15,S ms,0.0117028449695147,0.0151450692500281,0.0036964030045822,0.0607980509932861,8.823478722829641e-15
15,SDS ms,0.0117028449695147,0.011828373438057,0.0021442814081433,0.0463063862565774,2.814008701082544e-09
16,DEM,0.0117028449695147,0.0730657416823648,0.0763362153374864,0.2762900927240903,8.349462437409329e-268
16,RGB,0.0117028449695147,0.0215102526147177,0.021290954069901,0.1459142010563091,2.7821839896951816e-76
16,RGB+NIR,0.0117028449695147,0.0134241079964284,0.0455530567469167,0.2134316207756403,9.661707482672568e-161
16,NHD,0.0117028449695147,0.0128988750000003,0.0008979974240891,0.0299666051478841,8.847594578263359e-05
16,OSM,0.0117028449695147,0.0024875000000002,0.0005817937005557,0.0241204000911203,0.0013240457719299
16,EP 5,0.0117028449695147,0.1163969782608273,0.0047500445382077,0.0689205668738132,1.7089628484798951e-18
16,EP 11,0.0117028449695147,0.1095009929460168,0.0026955672644946,0.0519188526885433,3.074203777306085e-11
16,EP 21,0.0117028449695147,0.0834839175808968,0.0059551657679191,0.0771697205380394,9.959892451716812e-23
16,EP 51,0.0117028449695147,0.0640663677990743,0.0099471239606529,0.09973526939179,1.0471404184349224e-36
16,EP 101,0.0117028449695147,0.0533976206511839,0.0085073038600288,0.0922350468099236,1.1369329457361594e-31
16,EP 201,0.0117028449695147,0.0490807926892116,0.0036797035486989,0.0606605600757112,1.0106405648059496e-14
16,PlC 5,0.0117028449695147,0.0531217445620813,0.0197333452306405,0.1404754257179544,7.454555460319724e-71
16,PlC 10,0.0117028449695147,0.0610817590135538,0.0132030006866005,0.1149043110009393,4.4404364383654715e-48
16,PlC 20,0.0117028449695147,0.0624555336119567,0.0129836570184163,0.1139458512558328,2.588752468802658e-47
16,PlC 50,0.0117028449695147,0.0583675015648952,0.0072643902628502,0.0852313924727869,2.5560384344821743e-27
16,PlC 100,0.0117028449695147,0.069009750918673,0.0009131897538503,0.0302190296642745,7.779919140168263e-05
16,PlC 200,0.0117028449695147,0.0695230251854041,-3.477325639783055e-05,,0.5053766012770816
16,PrC 5,0.0117028449695147,0.0567019967359524,0.0009177036293608,0.030293623575942,7.488408687912536e-05
16,PrC10,0.0117028449695147,0.0518797024873664,0.0016706674138599,0.0408737986228334,1.3943386055599385e-07
16,PrC20,0.0117028449695147,0.051568449969933,0.0020508029437993,0.0452857918535093,6.0676846266632204e-09
16,PrC50,0.0117028449695147,0.0558640222694104,0.002564634016877,0.050642215757973,8.969351925479825e-11
16,PrC100,0.0117028449695147,0.0542786827565189,0.0023039125027105,0.0479990885612483,7.590654464130515e-10
16,PrC200,0.0117028449695147,0.0553466824696557,0.0017701523480971,0.0420731784881665,6.128198311881422e-08
16,S 5,0.0117028449695147,0.0823088828905055,0.001122630807311,0.0335056832091367,1.3334143818452008e-05
16,S 10,0.0117028449695147,0.0872206943625357,0.0014904289453271,0.0386060739434508,6.206996835624e-07
16,S 20,0.0117028449695147,0.0931990988541471,0.002019916633096,0.0449434826542857,7.822814962235144e-09
16,S 50,0.0117028449695147,0.1149017222373436,0.0034679079313819,0.0588889457486036,5.658476337928458e-14
16,S 100,0.0117028449695147,0.1284508687870265,0.0051113914001584,0.0714939955531826,9.160834505485436e-20
16,S 200,0.0117028449695147,0.1275293373609327,0.0076791573964538,0.0876308016421956,9.010571568527967e-29
16,SDS 5,0.0117028449695147,0.0668466670342368,0.001047774051647,0.0323693381403918,2.5001989974871976e-05
16,SDS 11,0.0117028449695147,0.0669899365103507,0.000728723934453,0.0269948871909663,0.0003736455534343
16,SDS 21,0.0117028449695147,0.0665561550670129,0.0008206076883837,0.0286462508608677,0.0001706263044336
16,SDS 51,0.0117028449695147,0.0685967654278473,0.0013336355791754,0.0365189756041358,2.2861710912090135e-06
16,SDS 101,0.0117028449695147,0.0723436375569304,0.0022047592829625,0.0469548643163046,1.7124687159268591e-09
16,SDS 201,0.0117028449695147,0.0807341601094805,0.0036694889561646,0.0605763068877979,1.0981483491530247e-14
16,EP ms,0.0117028449695147,0.0092797343529075,0.0092126702528586,0.0959826560002307,3.873453303969162e-34
16,PlC ms,0.0117028449695147,0.0078009180675944,0.0123244228790295,0.1110154173033166,5.183892681087757e-45
16,PrC ms,0.0117028449695147,0.0075799187194883,0.0049405660413311,0.0702891601979363,3.6522848191979853e-19
16,S ms,0.0117028449695147,0.0148770252917631,0.0040750798794924,0.0638363523354242,4.071484755897311e-16
16,SDS ms,0.0117028449695147,0.0107674335443905,0.0019546272385252,0.0442111664461058,1.3389053919860364e-08
17,DEM,0.0117028449695147,0.0719277033733093,0.0781563636274614,0.279564596520127,3.9148142248424413e-274
17,RGB,0.0117028449695147,0.021653006249726,0.0170488544251001,0.1305712618653131,1.7011060501229688e-61
17,RGB+NIR,0.0117028449695147,0.0132937683987073,0.042678137841803,0.2065868772255465,9.71944488544592e-151
17,NHD,0.0117028449695147,0.0152538750000002,0.0018557228385648,0.0430781016128248,3.024770377248593e-08
17,OSM,0.0117028449695147,0.002734875,0.0006448681013105,0.0253942533127185,0.0007676390797585
17,EP 5,0.0117028449695147,0.1033173324127486,0.0042930308559718,0.0655212244694175,6.945006038219515e-17
17,EP 11,0.0117028449695147,0.0927635423317946,0.0022992430305579,0.0479504226316931,7.886991666307688e-10
17,EP 21,0.0117028449695147,0.0735508302012356,0.0055769084742361,0.0746787016105403,2.119653476096068e-21
17,EP 51,0.0117028449695147,0.0578852923180147,0.0099624842041844,0.0998122447607728,9.253564036878109e-37
17,EP 101,0.0117028449695147,0.0515036614192921,0.008232467025285,0.0907329434399936,1.0413402959564572e-30
17,EP 201,0.0117028449695147,0.0491581529510501,0.0031500014096353,0.0561248733596376,7.533767441711867e-13
17,PlC 5,0.0117028449695147,0.0521618436944816,0.0172958524332221,0.1315136967514112,2.3414372811194175e-62
17,PlC 10,0.0117028449695147,0.060381616842883,0.0116892030015064,0.1081166176011183,8.569425862555219e-43
17,PlC 20,0.0117028449695147,0.0617266403256724,0.0117935089243799,0.1085979232047278,3.703878904836804e-43
17,PlC 50,0.0117028449695147,0.0593915885481329,0.0053453192918686,0.0731116905280454,1.379743795848044e-20
17,PlC 100,0.0117028449695147,0.0719601308730948,0.0004470847624076,0.0211443789790011,0.0042981541489159
17,PlC 200,0.0117028449695147,0.0721224239028094,4.395851414331574e-05,0.0066301217291476,0.1918522488172146
17,PrC 5,0.0117028449695147,0.0565520165930242,0.0013492996921384,0.0367328149226061,2.0065143795324952e-06
17,PrC10,0.0117028449695147,0.052413107652093,0.0019983712022561,0.0447031453284458,9.340252673876851e-09
17,PrC20,0.0117028449695147,0.0525021416942908,0.0021083518629106,0.0459167928203905,3.7804425689748535e-09
17,PrC50,0.0117028449695147,0.0599790362682773,0.0020237996164882,0.0449866604282677,7.576854035396e-09
17,PrC100,0.0117028449695147,0.0556911255173026,0.0015525011004277,0.0394017905738775,3.7091800302866857e-07
17,PrC200,0.0117028449695147,0.0573095330397729,0.0011145014828258,0.0333841501737853,1.4275011616028096e-05
17,S 5,0.0117028449695147,0.0906751155704166,0.0006822081419231,0.0261191144934731,0.0005567386639843
17,S 10,0.0117028449695147,0.0954124790797804,0.0010332303549446,0.0321439007425156,2.825593015290659e-05
17,S 20,0.0117028449695147,0.1029158247898428,0.0013726680731845,0.0370495353976887,1.6517628734129232e-06
17,S 50,0.0117028449695147,0.1295220093111181,0.0023125059911812,0.0480885224474748,7.074115526897808e-10
17,S 100,0.0117028449695147,0.1477672776827716,0.0033751563882533,0.0580960961532989,1.2037647788680977e-13
17,S 200,0.0117028449695147,0.1404960092134306,0.0052490316430629,0.0724502011250689,3.007122416266791e-20
17,SDS 5,0.0117028449695147,0.0723276011848602,0.0004418245629143,0.0210196232819318,0.0045024164487631
17,SDS 11,0.0117028449695147,0.0723905474754092,0.0002010340405448,0.014178647345386,0.0400316028174611
17,SDS 21,0.0117028449695147,0.0712641048459772,0.0002723278488885,0.0165023588886133,0.0206363425678357
17,SDS 51,0.0117028449695147,0.0727593008419483,0.000597669252151,0.0244472749432528,0.0011539202116133
17,SDS 101,0.0117028449695147,0.0776043358204836,0.0010896993303535,0.0330105942138814,1.7578170573198415e-05
17,SDS 201,0.0117028449695147,0.0847372364969804,0.0022937140964082,0.0478927353197564,8.252886136143497e-10
17,EP ms,0.0117028449695147,0.0087384280652263,0.0082364547332112,0.0907549157523232,1.0084052735886255e-30
17,PlC ms,0.0117028449695147,0.0078289022559729,0.0110002179076758,0.1048819236459544,2.186303987089382e-40
17,PrC ms,0.0117028449695147,0.0078067740506447,0.0047582531753184,0.0689800926015505,1.5990125126548564e-18
17,S ms,0.0117028449695147,0.0166564283025874,0.0028045292617318,0.0529578064286266,1.2620727612949718e-11
17,SDS ms,0.0117028449695147,0.0115580331798424,0.0010133059699495,0.0318324672300079,3.341603577003081e-05
18,DEM,0.0117028449695147,0.0733637842008921,0.0757653484248019,0.2752550606706477,8.066391811981634e-266
18,RGB,0.0117028449695147,0.021356476331996,0.0185228020709781,0.136098501354637,1.2356452079161292e-66
18,RGB+NIR,0.0117028449695147,0.0132846705852327,0.0439894693733034,0.2097366667354648,2.661127494296312e-155
18,NHD,0.0117028449695147,0.0126619999999997,0.0006445083599536,0.0253871691992945,0.0007700223293292
18,OSM,0.0117028449695147,0.0054395,0.0013433586433255,0.0366518572970802,2.1082972950777147e-06
18,EP 5,0.0117028449695147,0.0933376579668919,0.0037737471046181,0.0614308318730763,4.705773943535715e-15
18,EP 11,0.0117028449695147,0.0809464825761566,0.0024666073075276,0.0496649504935584,2.000963617427657e-10
18,EP 21,0.0117028449695147,0.0679551045274241,0.0045466570319471,0.0674289035351097,8.882107307048818e-18
18,EP 51,0.0117028449695147,0.0553387692007674,0.0091425824401897,0.0956168522813306,6.811360507071525e-34
18,EP 101,0.0117028449695147,0.0503743204368891,0.0085822035855875,0.0926401834280757,6.217895738917274e-32
18,EP 201,0.0117028449695147,0.0489436361738486,0.0038478689030766,0.0620311929844708,2.5767625368157993e-15
18,PlC 5,0.0117028449695147,0.0526098102522703,0.0214311133821148,0.1463936931090778,9.0367036875158e-77
18,PlC 10,0.0117028449695147,0.0591107518361873,0.0140254258931447,0.1184289909318859,5.985258717809743e-51
18,PlC 20,0.0117028449695147,0.0602297203211945,0.0148838900311178,0.1219995493070274,6.049740542065001e-54
18,PlC 50,0.0117028449695147,0.0581542809330407,0.0079795142455496,0.0893281268445142,7.999564846102427e-30
18,PlC 100,0.0117028449695147,0.0769541681716488,0.0011279663872159,0.0335852108407246,1.2750722918566862e-05
18,PlC 200,0.0117028449695147,0.0715838264976317,-7.598484117645081e-05,,1.0
18,PrC 5,0.0117028449695147,0.0568373560653357,0.0012806356133696,0.0357859695043971,3.556471254496819e-06
18,PrC10,0.0117028449695147,0.0518749522246159,0.0020690184678715,0.0454864646666626,5.22358292356422e-09
18,PrC20,0.0117028449695147,0.0520831448010355,0.0022039195466113,0.046945921512005,1.7243153971698351e-09
18,PrC50,0.0117028449695147,0.0577324129954354,0.0019677949292272,0.0443598346393136,1.2013344452012283e-08
18,PrC100,0.0117028449695147,0.0552034652553859,0.0019884781093822,0.0445923548310944,1.0132581083344405e-08
18,PrC200,0.0117028449695147,0.0559291289642402,0.0016412382676808,0.0405121989983371,1.7787016725599886e-07
18,S 5,0.0117028449695147,0.0879381561162944,0.0007247833166363,0.0269218000259332,0.0003864629344912
18,S 10,0.0117028449695147,0.09415053116771,0.0010309835140091,0.0321089319973292,2.8795274146674615e-05
18,S 20,0.0117028449695147,0.1003699682471369,0.00137821927001,0.037124375685122,1.5771872789784473e-06
18,S 50,0.0117028449695147,0.1229207173653771,0.0025726862201476,0.0507216543514467,8.397473956798257e-11
18,S 100,0.0117028449695147,0.1324626705402811,0.0040697704967079,0.0637947528932276,4.2507980065492734e-16
18,S 200,0.0117028449695147,0.124117615356267,0.0066037499637875,0.0812634602006803,5.284868800359931e-25
18,SDS 5,0.0117028449695147,0.0720150647876818,0.0007149111002536,0.0267378215315624,0.0004205559494061
18,SDS 11,0.0117028449695147,0.0722190903667333,0.0005898156040756,0.0242861195763265,0.0012351240574327
18,SDS 21,0.0117028449695147,0.0712658178481519,0.0007804649487463,0.0279368027652829,0.0002401657364632
18,SDS 51,0.0117028449695147,0.0740141306552009,0.0012283226089884,0.0350474337004643,5.5046210805623655e-06
18,SDS 101,0.0117028449695147,0.0814137017348333,0.0017716367690032,0.0420908157322141,6.053547116630574e-08
18,SDS 201,0.0117028449695147,0.0877439417310155,0.0028826788374113,0.0536905842528406,6.667345668413158e-12
18,EP ms,0.0117028449695147,0.0084001378777504,0.0092172707494234,0.0960066182584483,3.7325728105958124e-34
18,PlC ms,0.0117028449695147,0.00784673787838,0.0137425928970069,0.1172288057475932,5.809124031931801e-50
18,PrC ms,0.0117028449695147,0.0077238342437561,0.0050495050094262,0.0710598691908886,1.5118316629668737e-19
18,S ms,0.0117028449695147,0.0156991380748406,0.0034995343036337,0.0591568618474118,4.3746624809735564e-14
18,SDS ms,0.0117028449695147,0.0117399433926274,0.0014187151318812,0.0376658350747902,1.1261517700385225e-06
19,DEM,0.0117028449695147,0.0716874456001268,0.078510258469764,0.280196820948711,2.3023738711170456e-275
19,RGB,0.0117028449695147,0.0215584627036285,0.0186999111020325,0.1367476182682261,2.982002749757163e-67
19,RGB+NIR,0.0117028449695147,0.0133691132078662,0.0442768148020211,0.2104205664901156,2.662671256358371e-156
19,NHD,0.0117028449695147,0.0157218749999996,0.0009339824731888,0.0305611268311367,6.525392391772941e-05
19,OSM,0.0117028449695147,0.003721875,0.0008855142528043,0.0297575915155165,9.8344297672034e-05
19,EP 5,0.0117028449695147,0.0985525308402006,0.0032195469326429,0.0567410515644798,4.274639308466431e-13
19,EP 11,0.0117028449695147,0.0818642492903354,0.0016909677740288,0.0411213785521453,1.1788655045597015e-07
19,EP 21,0.0117028449695147,0.0674870995324867,0.0037058756973377,0.0608759040781962,8.169558837119557e-15
19,EP 51,0.0117028449695147,0.0552778603596556,0.0084732697475079,0.092050365276342,1.495661705360848e-31
19,EP 101,0.0117028449695147,0.0502477702590093,0.0078430519755194,0.0885610070827983,2.403505215483101e-29
19,EP 201,0.0117028449695147,0.0490618097133577,0.0034463758332204,0.0587058415595964,6.742091724168513e-14
19,PlC 5,0.0117028449695147,0.0532156299144552,0.0196695954159846,0.140248334806459,1.243389947643943e-70
19,PlC 10,0.0117028449695147,0.0607974264354692,0.0116793258794723,0.1080709298538341,9.277886494399135e-43
19,PlC 20,0.0117028449695147,0.0609476006899342,0.0114770994089474,0.1071312251817716,4.7183349065153877e-42
19,PlC 50,0.0117028449695147,0.0594208085259589,0.0058433532671827,0.0764418293029593,2.458796202153391e-22
19,PlC 100,0.0117028449695147,0.0721999491776052,0.0004276788104136,0.0206803967663501,0.0051021793788591
19,PlC 200,0.0117028449695147,0.0711280139837003,1.2625194792757787e-05,0.0035531950119234,0.2729216870893265
19,PrC 5,0.0117028449695147,0.0563762485353833,0.0011459256344159,0.0338515233692071,1.096883251256334e-05
19,PrC10,0.0117028449695147,0.0520369256360234,0.0018906225704385,0.0434812898893143,2.2685202833248293e-08
19,PrC20,0.0117028449695147,0.0520152314882952,0.0024076384766178,0.0490676927990086,3.243484860051673e-10
19,PrC50,0.0117028449695147,0.0577174437412949,0.0027264133260282,0.0522150679979282,2.3891623026247977e-11
19,PrC100,0.0117028449695147,0.0539520418143849,0.0025999812388154,0.0509900111670457,6.71696926480142e-11
19,PrC200,0.0117028449695147,0.0556728527002744,0.0019994714138079,0.0447154493861795,9.256064095426837e-09
19,S 5,0.0117028449695147,0.0901979180150997,0.0009121724780626,0.0302021932657655,7.84717672536463e-05
19,S 10,0.0117028449695147,0.0960002155987384,0.0012244583041434,0.034992260632081,5.685292069244958e-06
19,S 20,0.0117028449695147,0.1022633188882788,0.0014818449120071,0.0384947387574861,6.665416779243795e-07
19,S 50,0.0117028449695147,0.1273195451129446,0.0023480926843611,0.0484571221221519,5.28386690638052e-10
19,S 100,0.0117028449695147,0.1456328130371173,0.0034838824719201,0.0590244226733322,4.9687808468690705e-14
19,S 200,0.0117028449695147,0.1446349348045046,0.005132419626185,0.0716409074913562,7.727069060241393e-20
19,SDS 5,0.0117028449695147,0.069626959071917,0.0006691951666464,0.0258688068268811,0.0006226131789231
19,SDS 11,0.0117028449695147,0.0691653240109932,0.0006008391762271,0.0245120210555389,0.0011226943034763
19,SDS 21,0.0117028449695147,0.0676366259235199,0.0008214447074649,0.0286608567119857,0.0001694159509645
19,SDS 51,0.0117028449695147,0.0686914769014433,0.0011450942665621,0.0338392415187177,1.1045510812290268e-05
19,SDS 101,0.0117028449695147,0.0722136698948321,0.001550263668469,0.0393733878205709,3.7786166410116715e-07
19,SDS 201,0.0117028449695147,0.0803836188444146,0.002669682295762,0.0516689684023406,3.798653947612035e-11
19,EP ms,0.0117028449695147,0.0084264274353897,0.0072245410427291,0.0849973002084721,3.5251901158643216e-27
19,PlC ms,0.0117028449695147,0.0077758643621484,0.0113981000154694,0.1067618846567884,8.907106958217473e-42
19,PrC ms,0.0117028449695147,0.0076493091576557,0.0055609606825948,0.074571849129513,2.411432817379835e-21
19,S ms,0.0117028449695147,0.0164932609604028,0.0030372627602661,0.055111366888022,1.888787911490687e-12
19,SDS ms,0.0117028449695147,0.0109267225793907,0.0015805369493035,0.0397559674678349,2.9402043133594154e-07
20,DEM,0.0117028449695147,0.0727806459212611,0.075909510197244,0.27551680565302,2.543303853798479e-266
20,RGB,0.0117028449695147,0.0215978573377218,0.0218058299606836,0.1476679720206235,4.470741343752853e-78
20,RGB+NIR,0.0117028449695147,0.0134188546825588,0.0463451256979351,0.215279180827908,1.6958849646180754e-163
20,NHD,0.0117028449695147,0.013371875,0.0011574921892428,0.0340219368825892,9.955841398525266e-06
20,OSM,0.0117028449695147,0.0019919999999998,0.0004559001825486,0.0213518191859309,0.0039767453137681
20,EP 5,0.0117028449695147,0.1254479603588314,0.0053149295968915,0.0729035636775842,1.7643304691391642e-20
20,EP 11,0.0117028449695147,0.119728424519536,0.0031848982795158,0.0564349030256616,5.668981377639073e-13
20,EP 21,0.0117028449695147,0.0891090068282294,0.0071427375839638,0.0845147181499401,6.820367102176621e-27
20,EP 51,0.0117028449695147,0.0659546036280434,0.0117511536990415,0.1084027384296241,5.2069456645631305e-43
20,EP 101,0.0117028449695147,0.0542956704069974,0.0099023791931852,0.0995106988880351,1.5011538975541553e-36
20,EP 201,0.0117028449695147,0.0500638951364095,0.0040948280566335,0.063990843537443,3.468452168475619e-16
20,PlC 5,0.0117028449695147,0.0531775263141528,0.0204576634767773,0.1430302886691395,2.229085325316968e-73
20,PlC 10,0.0117028449695147,0.060126083197932,0.0155330962447665,0.1246318428202301,3.2885511312403012e-56
20,PlC 20,0.0117028449695147,0.060940621871256,0.0153896816828923,0.1240551558093914,1.04056226507643e-55
20,PlC 50,0.0117028449695147,0.058518024311952,0.0080208638570027,0.0895592756614455,5.7319987312093526e-30
20,PlC 100,0.0117028449695147,0.0763787797917394,0.0005509124515543,0.0234715242699403,0.0017313199960827
20,PlC 200,0.0117028449695147,0.0720416598205049,0.0001791825426538,0.013385908361179,0.049246796980889
20,PrC 5,0.0117028449695147,0.0559223536588299,0.0008908813981878,0.0298476363919801,9.397242213880417e-05
20,PrC10,0.0117028449695147,0.0516582024374326,0.0015894364379872,0.0398677368054331,2.7312418934299826e-07
20,PrC20,0.0117028449695147,0.0518845157096849,0.0017239545930394,0.0415205321863701,8.9754156642078e-08
20,PrC50,0.0117028449695147,0.0580797149332121,0.0024347567353202,0.0493432542027808,2.597341370773145e-10
20,PrC100,0.0117028449695147,0.0548778083148467,0.0027017978384182,0.0519788210564479,2.9215643082446406e-11
20,PrC200,0.0117028449695147,0.0566668693430195,0.0021216254438955,0.0460611055435667,3.389758231211842e-09
20,S 5,0.0117028449695147,0.0842400984698161,0.0011901243844282,0.0344981794364318,7.576018882224579e-06
20,S 10,0.0117028449695147,0.0888681864070246,0.0016476613233215,0.0405913946954464,1.6866351330855689e-07
20,S 20,0.0117028449695147,0.0940278173681525,0.0021908387899984,0.0468063968918608,1.919814806260493e-09
20,S 50,0.0117028449695147,0.1140010538199661,0.0037512875702242,0.0612477556341802,5.648067674142301e-15
20,S 100,0.0117028449695147,0.1282800017752386,0.0054216370909151,0.0736317668599304,7.441600307119657e-21
20,S 200,0.0117028449695147,0.1308511386260049,0.0075293022903,0.0867715523100749,3.017034596234999e-28
20,SDS 5,0.0117028449695147,0.0682146183135301,0.0010030804443938,0.031671445252686,3.642204576278935e-05
20,SDS 11,0.0117028449695147,0.0673219342364707,0.0009525525938505,0.0308634507767769,5.577857510284341e-05
20,SDS 21,0.0117028449695147,0.0657073179479325,0.0011735999751326,0.0342578454537443,8.69962969590618e-06
20,SDS 51,0.0117028449695147,0.0667262050481497,0.0016245744173749,0.0403060096930334,2.041734598476713e-07
20,SDS 101,0.0117028449695147,0.0712032324009567,0.0022241181341979,0.047160556975061,1.4608532281164015e-09
20,SDS 201,0.0117028449695147,0.0808087218177728,0.0034763204982784,0.0589603298691458,5.2841029941457594e-14
20,EP ms,0.0117028449695147,0.0096285460089175,0.0107831611527296,0.1038420009087344,1.2534242652373539e-39
20,PlC ms,0.0117028449695147,0.0078108575022527,0.0139516097117225,0.1181169323667126,1.0831221884683774e-50
20,PrC ms,0.0117028449695147,0.0076851262344461,0.0050107955199857,0.0707869728126987,2.0682655725932204e-19
20,S ms,0.0117028449695147,0.0150360821500166,0.0042089632813424,0.0648765233450629,1.3736335868684711e-16
20,SDS ms,0.0117028449695147,0.0107290892825579,0.0018860228134825,0.0434283641584918,2.3561739219021825e-08
21,DEM,0.0117028449695147,0.0725952157167328,0.0778367238532692,0.2789923365493563,5.0598919890529586e-273
21,RGB,0.0117028449695147,0.0213393825255017,0.0201439047352756,0.1419292243876351,2.7641516526775743e-72
21,RGB+NIR,0.0117028449695147,0.0133117278754116,0.04504255153159,0.2122323055794995,5.769894575829703e-159
21,NHD,0.0117028449695147,0.0159555000000001,0.0012279155954677,0.0350416266099014,5.523375776447149e-06
21,OSM,0.0117028449695147,0.0032288749999999,0.0007712445710683,0.0277712904105715,0.0002598163835402
21,EP 5,0.0117028449695147,0.1138240754111476,0.0030983676650976,0.0556629828979518,1.1476212195026532e-12
21,EP 11,0.0117028449695147,0.1069689309618682,0.0015012881838341,0.0387464602748972,5.672073305369609e-07
21,EP 21,0.0117028449695147,0.0795783333323374,0.0036534629706238,0.0604438828221997,1.2509687414196036e-14
21,EP 51,0.0117028449695147,0.0603706898588331,0.007801890408867,0.0883283103476292,3.349432797352456e-29
21,EP 101,0.0117028449695147,0.0515498231751864,0.0067150278234399,0.0819452733441039,2.152208840333864e-25
21,EP 201,0.0117028449695147,0.0491997059223999,0.0029079859699869,0.0539257449645987,5.423009660782773e-12
21,PlC 5,0.0117028449695147,0.0526853069947636,0.0190422724147691,0.1379937404912598,1.9103894221892656e-68
21,PlC 10,0.0117028449695147,0.0588305288901685,0.0119705200990418,0.1094098720364933,8.922195512420343e-44
21,PlC 20,0.0117028449695147,0.0595840185532513,0.0113750415506822,0.1066538398309325,1.0722169427332579e-41
21,PlC 50,0.0117028449695147,0.05871047268834,0.0051183257938891,0.0715424754526231,8.660805345942374e-20
21,PlC 100,0.0117028449695147,0.0741243640975189,0.0005044180110135,0.0224592522362953,0.0025973930127915
21,PlC 200,0.0117028449695147,0.0702626964797207,0.0001107179708922,0.0105222607310541,0.0959569500580647
21,PrC 5,0.0117028449695147,0.0575041986147153,0.0009648516960594,0.0310620620059174,5.0277259784605184e-05
21,PrC10,0.0117028449695147,0.0523540824537566,0.0017707985907737,0.0420808577713639,6.095586207106586e-08
21,PrC20,0.0117028449695147,0.0519287767456684,0.002187312734882,0.0467687153435071,1.976211762943148e-09
21,PrC50,0.0117028449695147,0.0579701956903212,0.002137120182301,0.0462289972019837,2.984534348719559e-09
21,PrC100,0.0117028449695147,0.0542560708888506,0.0019426126261996,0.044075079423634,1.4781545434959017e-08
21,PrC200,0.0117028449695147,0.0556715487736374,0.0014945081205658,0.0386588685887964,6.000369153799024e-07
21,S 5,0.0117028449695147,0.0882360751762077,0.0007594156200182,0.0275574966210335,0.0002874195319268
21,S 10,0.0117028449695147,0.0937625887934362,0.0010284503188264,0.0320694608440246,2.94157749924416e-05
21,S 20,0.0117028449695147,0.0997240907443597,0.0013008135899179,0.0360667934521206,3.0055406582190124e-06
21,S 50,0.0117028449695147,0.1198620367707213,0.002048953420403,0.0452653666769978,6.1606871540861325e-09
21,S 100,0.0117028449695147,0.1343977269643057,0.0030752773831958,0.0554551835556953,1.3853414172436329e-12
21,S 200,0.0117028449695147,0.1309130849953601,0.0049250202049339,0.0701784881921371,4.1422494534423224e-19
21,SDS 5,0.0117028449695147,0.0674148068164768,0.0009953683892671,0.0315494594132314,3.88677477618618e-05
21,SDS 11,0.0117028449695147,0.0679816989313197,0.0007604176372646,0.0275756711117727,0.0002849708484948
21,SDS 21,0.0117028449695147,0.0669256466484967,0.0008376659790681,0.0289424597964327,0.0001475940178817
21,SDS 51,0.0117028449695147,0.0692445053130276,0.0010193846249204,0.0319278033212507,3.174858251291565e-05
21,SDS 101,0.0117028449695147,0.0747777646779469,0.0015342228775156,0.0391691572224323,4.316101680553978e-07
21,SDS 201,0.0117028449695147,0.083215387015804,0.0026435624738443,0.0514155859039297,4.7030413303533535e-11
21,EP ms,0.0117028449695147,0.0090310366316507,0.0067398686971415,0.0820967033268785,1.761156463485753e-25
21,PlC ms,0.0117028449695147,0.0077738126492293,0.0114321819425007,0.1069213820641162,6.771516819888022e-42
21,PrC ms,0.0117028449695147,0.0077069706408653,0.0049408634086718,0.0702912754804738,3.6435008564476255e-19
21,S ms,0.0117028449695147,0.015779276109196,0.0027258807422317,0.0522099678436194,2.399583303319387e-11
21,SDS ms,0.0117028449695147,0.01098451392101,0.0016450060654995,0.040558674355796,1.724101302973885e-07
22,DEM,0.0117028449695147,0.0714458135868636,0.0777110867143866,0.2787670832691454,1.3835642001732434e-272
22,RGB,0.0117028449695147,0.0214881861833803,0.020863875377787,0.1444433292948728,8.56191075280318e-75
22,RGB+NIR,0.0117028449695147,0.0133769131328963,0.0466633368945032,0.2160169828844557,1.3253712422173476e-164
22,NHD,0.0117028449695147,0.0131477421875002,0.0012510611350666,0.0353703425918757,4.552313724310011e-06
22,OSM,0.0117028449695147,0.0029819999999998,0.0007225865193842,0.0268809694651111,0.000393799927244
22,EP 5,0.0117028449695147,0.1095180914101694,0.0036535039672257,0.0604442219507019,1.2505518412132967e-14
22,EP 11,0.0117028449695147,0.1045961857663641,0.0018946371186204,0.0435274294970479,2.1946921272916943e-08
22,EP 21,0.0117028449695147,0.0816633288233112,0.0041339127541523,0.064295511150875,2.525610148989153e-16
22,EP 51,0.0117028449695147,0.0620054259691658,0.0080620773258855,0.0897890713053961,4.111761506046629e-30
22,EP 101,0.0117028449695147,0.0527939151489806,0.0066878431596355,0.081779234281299,2.6803462833853178e-25
22,EP 201,0.0117028449695147,0.0497607687899381,0.0028713560640312,0.0535850358218713,7.313015010469309e-12
22,PlC 5,0.0117028449695147,0.0527047018559687,0.0180675592375589,0.1344156212557117,4.774397020045179e-65
22,PlC 10,0.0117028449695147,0.0594656234071535,0.0116165454843957,0.1077800792558429,1.537172208808417e-42
22,PlC 20,0.0117028449695147,0.0599502015116146,0.0118680889623733,0.1089407589581297,2.03325315158863e-43
22,PlC 50,0.0117028449695147,0.059274752861303,0.0056181491836753,0.0749543139764174,1.5185563609915387e-21
22,PlC 100,0.0117028449695147,0.0733370534786048,0.0004831227634464,0.0219800537635019,0.0031302264053976
22,PlC 200,0.0117028449695147,0.0714712642735318,1.4806756884952932e-05,0.0038479548964291,0.2660677694965628
22,PrC 5,0.0117028449695147,0.0570934505467863,0.0010555601753148,0.0324893855792134,2.341752771649246e-05
22,PrC10,0.0117028449695147,0.0524542192391202,0.0019056338350355,0.0436535661204852,2.0045542750271327e-08
22,PrC20,0.0117028449695147,0.0527444576850387,0.0023626052945521,0.0486066383794661,4.691227951691522e-10
22,PrC50,0.0117028449695147,0.0611803264919895,0.0021050334260872,0.0458806432614803,3.884967744089785e-09
22,PrC100,0.0117028449695147,0.0562571684163721,0.0017768156009566,0.0421522905778159,5.8001669750455855e-08
22,PrC200,0.0117028449695147,0.0565584324489482,0.001415941978077,0.0376290044789532,1.152417955965062e-06
22,S 5,0.0117028449695147,0.0960941608765405,0.0007444016908533,0.0272837257509545,0.0003267567326332
22,S 10,0.0117028449695147,0.1004743689348977,0.000999801523159,0.0316196382515523,3.7442390029642906e-05
22,S 20,0.0117028449695147,0.1080334432028869,0.0012237199804585,0.0349817092272307,5.720482865527795e-06
22,S 50,0.0117028449695147,0.1321703701051292,0.0019798518866718,0.0444955265916901,1.0878199284655812e-08
22,S 100,0.0117028449695147,0.1437366882967294,0.0030328237420186,0.0550710789981334,1.9584192166414772e-12
22,S 200,0.0117028449695147,0.1408056233074718,0.0050944752248719,0.0713755926411261,1.0505161428052108e-19
22,SDS 5,0.0117028449695147,0.0744266661785098,0.0008404435072532,0.0289904037097323,0.0001441519392928
22,SDS 11,0.0117028449695147,0.0728737593965286,0.0007169058893825,0.0267750983076163,0.0004134306914412
22,SDS 21,0.0117028449695147,0.071486935782619,0.0008270199403742,0.0287579543843827,0.0001615716405913
22,SDS 51,0.0117028449695147,0.0736027054376124,0.0010676907238926,0.0326755370865208,2.1147546820222186e-05
22,SDS 101,0.0117028449695147,0.0780110078917421,0.001579232931492,0.039739563806012,2.972140899988714e-07
22,SDS 201,0.0117028449695147,0.0862973754006234,0.0028124181453167,0.0530322368500212,1.1833206849651632e-11
22,EP ms,0.0117028449695147,0.0090863515533202,0.0073580893220927,0.085779305908201,1.2003532160810683e-27
22,PlC ms,0.0117028449695147,0.0078619510324345,0.0110599673044711,0.1051663791545146,1.3519575467953503e-40
22,PrC ms,0.0117028449695147,0.0077928620586914,0.0047757161308518,0.0691065563521423,1.3880760979704945e-18
22,S ms,0.0117028449695147,0.0169074070456265,0.0027589092713422,0.0525253202878598,1.8320147120346645e-11
22,SDS ms,0.0117028449695147,0.0117345489936794,0.0015969667986769,0.0399620669970527,2.5660954990999796e-07
23,DEM,0.0117028449695147,0.0719204396175995,0.0790688535326538,0.2811918447122068,2.629553144067146e-277
23,RGB,0.0117028449695147,0.0217197952105948,0.0177207422410642,0.1331192782472328,7.72768889280179e-64
23,RGB+NIR,0.0117028449695147,0.0133786293565496,0.0443977598990802,0.2107077594657592,1.0104652619761691e-156
23,NHD,0.0117028449695147,0.0145500000000002,0.0013598851932049,0.0368766212281569,1.837220629008825e-06
23,OSM,0.0117028449695147,0.0042138749999997,0.0010248444402865,0.0320131916604159,3.032227786646962e-05
23,EP 5,0.0117028449695147,0.1005883176448754,0.0043307534612103,0.0658084604075367,5.1143251469428247e-17
23,EP 11,0.0117028449695147,0.0873134557470428,0.0026907258315181,0.0518722067346102,3.198301532214976e-11
23,EP 21,0.0117028449695147,0.0711419087823094,0.0058004400164098,0.0761606198531097,3.478324191256504e-22
23,EP 51,0.0117028449695147,0.0566124526070245,0.0108751771962832,0.1042841176607601,5.978435637645645e-40
23,EP 101,0.0117028449695147,0.0501708317310097,0.0098573165289346,0.099284019504322,2.157551379263784e-36
23,EP 201,0.0117028449695147,0.048769056235437,0.0042323393264042,0.0650564318603798,1.1363219180906692e-16
23,PlC 5,0.0117028449695147,0.0523035793588911,0.0207320098073809,0.1439861444979377,2.466511647122204e-74
23,PlC 10,0.0117028449695147,0.059664643191404,0.0150904553767818,0.1228432146143281,1.1510626765266148e-54
23,PlC 20,0.0117028449695147,0.0603216486052874,0.0148532956742617,0.1218740976346565,7.735238799651606e-54
23,PlC 50,0.0117028449695147,0.0600390334217832,0.0074372796496949,0.0862396640165938,6.33732131247235e-28
23,PlC 100,0.0117028449695147,0.0754731917542299,0.000885230636712,0.0297528256928995,9.858093317597538e-05
23,PlC 200,0.0117028449695147,0.0687601555722887,-3.9978036137646555e-05,,0.5483111295988672
23,PrC 5,0.0117028449695147,0.0574075282457158,0.0008590401595456,0.0293093868845062,0.0001230968043715
23,PrC10,0.0117028449695147,0.0522372862306778,0.0016990748177072,0.0412198352459983,1.1024450383631504e-07
23,PrC20,0.0117028449695147,0.0522806791824306,0.0018864945203437,0.0434337946804535,2.3470310547203772e-08
23,PrC50,0.0117028449695147,0.0594077342743436,0.001652469726036,0.0406505808819015,1.620852073049951e-07
23,PrC100,0.0117028449695147,0.0543637680563496,0.0017002524375571,0.041234117397577,1.0917650626088289e-07
23,PrC200,0.0117028449695147,0.0554408803851946,0.0015841939195915,0.0398019336162391,2.85246480823534e-07
23,S 5,0.0117028449695147,0.0895554352538143,0.0011528692052706,0.0339539276854782,1.034893607390171e-05
23,S 10,0.0117028449695147,0.0948206761151626,0.0015233362779769,0.0390299407887965,4.723919508613078e-07
23,S 20,0.0117028449695147,0.1005742116669133,0.0020466238754447,0.0452396272690743,6.279861609410664e-09
23,S 50,0.0117028449695147,0.1206775562268313,0.0034754226903203,0.0589527157162442,5.322845765954593e-14
23,S 100,0.0117028449695147,0.1318436408413485,0.0050354683482562,0.0709610340134374,1.6937724441380558e-19
23,S 200,0.0117028449695147,0.1297852573148633,0.0073785835253681,0.0858986817440651,1.0174561219789655e-27
23,SDS 5,0.0117028449695147,0.0720748050025289,0.0011352762346106,0.0336938604883833,1.1992807675332996e-05
23,SDS 11,0.0117028449695147,0.0725114122970192,0.0007335615101456,0.027084340681391,0.0003584952982747
23,SDS 21,0.0117028449695147,0.0725350997076769,0.0007403433937049,0.027209251987236,0.00033829283484
23,SDS 51,0.0117028449695147,0.0774590452764759,0.0011584989944852,0.034036730079213,9.872240159254762e-06
23,SDS 101,0.0117028449695147,0.0826173325748225,0.0017804053941901,0.0421948503278559,5.6307946238958695e-08
23,SDS 201,0.0117028449695147,0.089208743015728,0.0029247183100496,0.0540806648447453,4.730783332639003e-12
23,EP ms,0.0117028449695147,0.0086010414801646,0.0095724532412714,0.0978389147592685,2.1375986341794008e-35
23,PlC ms,0.0117028449695147,0.0078020898730862,0.0141635315820627,0.1190106364240724,1.9731248600817452e-51
23,PrC ms,0.0117028449695147,0.0077653313561749,0.0050632322470416,0.0711563928754235,1.3528237775691587e-19
23,S ms,0.0117028449695147,0.0160456872833503,0.003888983901962,0.0623617182409369,1.8451092625039418e-15
23,SDS ms,0.0117028449695147,0.0119225458434218,0.0015851042159337,0.0398133673021228,2.831035634245678e-07
24,DEM,0.0117028449695147,0.0723421082359045,0.076879105798588,0.2772708167092023,1.08125658310743e-269
24,RGB,0.0117028449695147,0.0212775564719591,0.0192084189309204,0.1385944404762342,5.035024174707137e-69
24,RGB+NIR,0.0117028449695147,0.0132802136878834,0.0449904630484602,0.2121095543544897,8.757739554157061e-159
24,NHD,0.0117028449695147,0.0140914921875002,0.0015303460477665,0.0391196376231503,4.4571168727519875e-07
24,OSM,0.0117028449695147,0.0032288749999999,0.0007859298008077,0.0280344395486647,0.0002292330318366
24,EP 5,0.0117028449695147,0.0900874503931107,0.0035932532114838,0.059943750395549,2.0411392329598825e-14
24,EP 11,0.0117028449695147,0.0776867128996749,0.0020484372652334,0.0452596648820277,6.1868956776349694e-09
24,EP 21,0.0117028449695147,0.0662045736858947,0.0038534804550515,0.06207640820031,2.4619300601529626e-15
24,EP 51,0.0117028449695147,0.0546447916988413,0.0080101184789888,0.0894992652427316,6.2506315081234294e-30
24,EP 101,0.0117028449695147,0.0499794849177639,0.0075470427133291,0.0868737170456585,2.614838825416875e-28
24,EP 201,0.0117028449695147,0.0486473194627485,0.0035776938659172,0.0598138267118668,2.3164780917411593e-14
24,PlC 5,0.0117028449695147,0.0532167105702976,0.0197151325547782,0.1404105856222322,8.627752870634074e-71
24,PlC 10,0.0117028449695147,0.0615456487742945,0.0126994851047459,0.1126919921944143,2.5418025884476055e-46
24,PlC 20,0.0117028449695147,0.0635420789482977,0.0125382105903093,0.1119741514382198,9.293983455856664e-46
24,PlC 50,0.0117028449695147,0.0614549316367466,0.0063429222283096,0.0796424649813758,4.34261281712845e-24
24,PlC 100,0.0117028449695147,0.0751069168608448,0.0009088378756723,0.0301469380812105,8.071774266259916e-05
24,PlC 200,0.0117028449695147,0.0712962205464104,1.409968481494399e-05,0.0037549547021161,0.2682654276096484
24,PrC 5,0.0117028449695147,0.0576737998155475,0.0005449696140159,0.0233445842545117,0.001823217399758
24,PrC10,0.0117028449695147,0.0524674003231149,0.0012646747402997,0.0355622656800685,4.063206563255949e-06
24,PrC20,0.0117028449695147,0.0521674126643471,0.0016488542426038,0.0406060862753833,1.6700695278223608e-07
24,PrC50,0.0117028449695147,0.0569461813259061,0.0019232603839122,0.0438549926908241,1.7335939895318664e-08
24,PrC100,0.0117028449695147,0.054367898989088,0.0016531528591072,0.040658982514412,1.6117171973243198e-07
24,PrC200,0.0117028449695147,0.055628439417988,0.0016406454076257,0.0405048812814674,1.7874494134019077e-07
24,S 5,0.0117028449695147,0.0863016021439236,0.0011046769576444,0.0332366809059577,1.5501521062202476e-05
24,S 10,0.0117028449695147,0.0905851526112251,0.001405278052518,0.0374870384602201,1.259275390067667e-06
24,S 20,0.0117028449695147,0.0952162642757261,0.0018159878474959,0.0426144089187676,4.1978987917877765e-08
24,S 50,0.0117028449695147,0.114639597115611,0.0029435107054402,0.0542541307684514,4.058181410186947e-12
24,S 100,0.0117028449695147,0.1239845708269287,0.0044273106450202,0.066538039083071,2.3373180825733994e-17
24,S 200,0.0117028449695147,0.1216427288833372,0.0067081082287354,0.0819030416329912,2.2758489880985547e-25
24,SDS 5,0.0117028449695147,0.0717376811386111,0.0013356239966751,0.0365461899064066,2.248609998800583e-06
24,SDS 11,0.0117028449695147,0.0718824860055735,0.0010799613656811,0.0328627656426104,1.9076070696955395e-05
24,SDS 21,0.0117028449695147,0.0712495946043121,0.0011737573433617,0.0342601421970445,8.68817662465024e-06
24,SDS 51,0.0117028449695147,0.0736246683084601,0.0016156301363488,0.0401949018701232,2.1986500085441986e-07
24,SDS 101,0.0117028449695147,0.079087931768757,0.0023308855198383,0.0482792452285485,6.084420360690698e-10
24,SDS 201,0.0117028449695147,0.0843455617150536,0.0037690710445249,0.0613927605221081,4.888033774520696e-15
24,EP ms,0.0117028449695147,0.0082250396951928,0.0081366107878076,0.0902031639567459,2.2548539967650034e-30
24,PlC ms,0.0117028449695147,0.0080240126954757,0.0118217347842093,0.1087278013399025,2.951746418053407e-43
24,PrC ms,0.0117028449695147,0.0077010377075159,0.0040676108092687,0.0637778238047425,4.325978033179083e-16
24,S ms,0.0117028449695147,0.0150567133941372,0.0036973143717026,0.0608055455670174,8.758352235312581e-15
24,SDS ms,0.0117028449695147,0.0115937943991503,0.0021441094665616,0.0463045296549016,2.8179864246538115e-09
25,DEM,0.0117028449695147,0.0727065649058204,0.0762835611130644,0.2761947883524676,1.2727628612194986e-267
25,RGB,0.0117028449695147,0.0211762561284722,0.0201928358001345,0.1421014982332505,1.866534110506671e-72
25,RGB+NIR,0.0117028449695147,0.0131927639443332,0.0459974588880315,0.2144701818156349,2.7475343012735073e-162
25,NHD,0.0117028449695147,0.0145500000000002,0.0013166203247738,0.0362852631900861,2.634449190607333e-06
25,OSM,0.0117028449695147,0.001246875,0.0002802792739933,0.0167415433575674,0.0191861535277235
25,EP 5,0.0117028449695147,0.1113511241216247,0.0039315769324643,0.062702288095925,1.3055055302472446e-15
25,EP 11,0.0117028449695147,0.1055012413970356,0.0022870265990324,0.0478228669051995,8.7182369398603e-10
25,EP 21,0.0117028449695147,0.0815029567081111,0.0053380056326769,0.0730616563778634,1.463848538742824e-20
25,EP 51,0.0117028449695147,0.0611171069649807,0.0096057264051417,0.0980088077936964,1.6352499588714146e-35
25,EP 101,0.0117028449695147,0.0512990194005233,0.008018359380689,0.0895452923424177,5.848894856522569e-30
25,EP 201,0.0117028449695147,0.0486128550426772,0.0035173830790978,0.0593075296998436,3.7833909466821414e-14
25,PlC 5,0.0117028449695147,0.0523319853800169,0.0184128720398953,0.1356940383358654,2.986135463460751e-66
25,PlC 10,0.0117028449695147,0.0595006761332444,0.0131780265429944,0.1147955859037899,5.4275038911712306e-48
25,PlC 20,0.0117028449695147,0.0590617011557434,0.013057696534725,0.1142702784398684,1.4276886252526175e-47
25,PlC 50,0.0117028449695147,0.0577731279387158,0.0060924422454251,0.0780540981975009,3.284771396405094e-23
25,PlC 100,0.0117028449695147,0.0752331281362975,0.0005691036788228,0.0238558940059446,0.0014781473813368
25,PlC 200,0.0117028449695147,0.0688571934961371,-2.509070620959179e-05,,0.4391322988874626
25,PrC 5,0.0117028449695147,0.0566464162923618,0.0007421543402353,0.0272425098005913,0.0003330951448438
25,PrC10,0.0117028449695147,0.0522659221054793,0.0014332890897222,0.0378588046525811,9.9766609075471e-07
25,PrC20,0.0117028449695147,0.052125822874691,0.0015440831139354,0.0392948229915268,3.977271100805682e-07
25,PrC50,0.0117028449695147,0.0571122379380491,0.0016790638807939,0.0409763819876034,1.3008018394530061e-07
25,PrC100,0.0117028449695147,0.0540337742524569,0.0017748611238966,0.0421291006775201,5.8945189502380006e-08
25,PrC200,0.0117028449695147,0.0557985045874775,0.0014958888097259,0.0386767218068686,5.932005087161993e-07
25,S 5,0.0117028449695147,0.0855064420683504,0.0008789643867816,0.0296473335526429,0.0001039579149441
25,S 10,0.0117028449695147,0.089904640210478,0.0011797822681418,0.0343479587187042,8.26088828065966e-06
25,S 20,0.0117028449695147,0.0967356858414328,0.001623834246603,0.0402968267559994,2.0542825294435057e-07
25,S 50,0.0117028449695147,0.1193556327111764,0.0028712263457227,0.0535838254114316,7.32076359013287e-12
25,S 100,0.0117028449695147,0.1355607154217636,0.0042422853069312,0.0651328281815801,1.0482306678038587e-16
25,S 200,0.0117028449695147,0.1363164927420402,0.0067463415116992,0.0821361157573161,1.6714992306304144e-25
25,SDS 5,0.0117028449695147,0.0693829754356329,0.0010621794866239,0.0325910952044251,2.215008755966244e-05
25,SDS 11,0.0117028449695147,0.0682347967561661,0.0006863092030141,0.0261975037553983,0.0005374725582298
25,SDS 21,0.0117028449695147,0.0666726396836897,0.0006589019650584,0.0256690857854049,0.0006802561656002
25,SDS 51,0.0117028449695147,0.0680449549611706,0.0009068307316559,0.0301136303300671,8.210069290559717e-05
25,SDS 101,0.0117028449695147,0.0731096112609809,0.0014295995923991,0.0378100461835101,1.0287326349588584e-06
25,SDS 201,0.0117028449695147,0.0825198551843383,0.0024941116698145,0.0499410819848203,1.5974742686999439e-10
25,EP ms,0.0117028449695147,0.0089844066916798,0.0086294720382915,0.092894951629739,4.248624934381534e-32
25,PlC ms,0.0117028449695147,0.0077821234007908,0.0120614649130384,0.1098247008329113,4.294163472999801e-44
25,PrC ms,0.0117028449695147,0.0076768609336001,0.0041477173526553,0.0644027744173757,2.2579319611763677e-16
25,S ms,0.0117028449695147,0.015282156379557,0.0033027239744587,0.0574693307291704,2.1710294210846385e-13
25,SDS ms,0.0117028449695147,0.0109420498562421,0.0016374126681432,0.0404649560501834,1.8359131334767938e-07
26,DEM,0.0117028449695147,0.0741219662781951,0.07422462286808,0.2724419623847985,1.837208206155487e-260
26,RGB,0.0117028449695147,0.0215443170578266,0.0195644354872977,0.1398729262126796,2.8915017923778913e-70
26,RGB+NIR,0.0117028449695147,0.0132772065488211,0.0452051530238905,0.212615034802082,1.5683868072187056e-159
26,NHD,0.0117028449695147,0.0114738749999997,0.0013144132028772,0.0362548369583595,2.6833656147806993e-06
26,OSM,0.0117028449695147,0.0029819999999998,0.0007225865194074,0.0268809694655437,0.0003937999271656
26,EP 5,0.0117028449695147,0.1153072517637162,0.0046990854188453,0.0685498754108664,2.582483569146928e-18
26,EP 11,0.0117028449695147,0.1121883330158092,0.0025345697085764,0.0503445102128969,1.1471153936553623e-10
26,EP 21,0.0117028449695147,0.0863862533734705,0.005599910482895,0.0748325496217725,1.759877168052115e-21
26,EP 51,0.0117028449695147,0.0655493052153327,0.0091040116343935,0.0954149445023866,9.292709492893647e-34
26,EP 101,0.0117028449695147,0.0540585393836894,0.0076183802909083,0.0872833334085516,1.4709517489662154e-28
26,EP 201,0.0117028449695147,0.0496093701939724,0.0030380514294536,0.0551185216551903,1.8766784487365627e-12
26,PlC 5,0.0117028449695147,0.0522314926851234,0.018811918410979,0.13715654709484,1.2135865945173343e-67
26,PlC 10,0.0117028449695147,0.0597210503667461,0.012686935896966,0.1126362991977545,2.811601841075795e-46
26,PlC 20,0.0117028449695147,0.0600995062761219,0.0126356693612781,0.1124084932791031,4.2455948039967454e-46
26,PlC 50,0.0117028449695147,0.0591242941241195,0.0063748258241283,0.079842506374289,3.356200110761682e-24
26,PlC 100,0.0117028449695147,0.0743448156842635,0.000408522470663,0.0202119388150429,0.0060466093136319
26,PlC 200,0.0117028449695147,0.0721482017726341,-7.874032542181059e-05,,1.0
26,PrC 5,0.0117028449695147,0.0560477670537377,0.0012503524346233,0.0353603228862994,4.579335828337748e-06
26,PrC10,0.0117028449695147,0.0517438677409449,0.0018695193992655,0.0432379393503614,2.6995397325094874e-08
26,PrC20,0.0117028449695147,0.0520487104476734,0.0021701230008148,0.0465845790022285,2.2758317553880148e-09
26,PrC50,0.0117028449695147,0.0575973486139602,0.0021683327476243,0.046565359953772,2.3095411548812547e-09
26,PrC100,0.0117028449695147,0.0545483053056111,0.0018017380180958,0.0424468846689116,4.721706130819348e-08
26,PrC200,0.0117028449695147,0.0554058875636154,0.0016524642702737,0.0406505137762587,1.620925236129296e-07
26,S 5,0.0117028449695147,0.0839418302157247,0.0009296356611913,0.0304899272086926,6.769635083343999e-05
26,S 10,0.0117028449695147,0.0872307307792576,0.0013093390591329,0.0361847904392573,2.7993076654888204e-06
26,S 20,0.0117028449695147,0.0918808952672639,0.0017488032294521,0.0418186947363519,7.309729134755438e-08
26,S 50,0.0117028449695147,0.109330463267371,0.0028639735367404,0.0535161053958565,7.76733281820146e-12
26,S 100,0.0117028449695147,0.1218324660393646,0.0040958891778697,0.0639991341962512,3.4387066792236883e-16
26,S 200,0.0117028449695147,0.1267769922397794,0.0062232391394595,0.0788875094007891,1.1418037852309765e-23
26,SDS 5,0.0117028449695147,0.0677395093579846,0.0007433485928898,0.0272644199074518,0.0003297115971667
26,SDS 11,0.0117028449695147,0.0686450631763932,0.0005757800328992,0.0239954169144705,0.0013949342685037
26,SDS 21,0.0117028449695147,0.0681411780602072,0.0007627793591423,0.0276184604774114,0.0002792822490198
26,SDS 51,0.0117028449695147,0.0699738684989468,0.0013198784760363,0.036330131792169,2.563869038968818e-06
26,SDS 101,0.0117028449695147,0.0741808888375238,0.0020589490808035,0.0453756441365143,5.674508976382193e-09
26,SDS 201,0.0117028449695147,0.0818897108507286,0.0034351033610686,0.0586097548286003,7.389839368654745e-14
26,EP ms,0.0117028449695147,0.0093348412166989,0.0088111986481552,0.093867985214104,9.82729728979608e-33
26,PlC ms,0.0117028449695147,0.0078947743607217,0.0118589515777472,0.1088988134818155,2.1882787967978553e-43
26,PrC ms,0.0117028449695147,0.0077302561688274,0.0054034983759678,0.0735084918629666,8.617683387018482e-21
26,S ms,0.0117028449695147,0.014816266953565,0.003624560893914,0.0602043262059633,1.5823594467842176e-14
26,SDS ms,0.0117028449695147,0.0110072755541727,0.0016850200300908,0.0410489954821169,1.2382875136522998e-07
27,DEM,0.0117028449695147,0.0719730402971177,0.0749568340222315,0.2737824574771574,5.224803772999841e-263
27,RGB,0.0117028449695147,0.0224236646492211,0.0186018292288105,0.1363885230831777,6.552545149427805e-67
27,RGB+NIR,0.0117028449695147,0.0135376077767203,0.0443490847232846,0.2105922237958576,1.4923595490894798e-156
27,NHD,0.0117028449695147,0.0143148749999997,0.0016624219289795,0.0407728086962318,1.4927513646285912e-07
27,OSM,0.0117028449695147,0.001743875,0.0003931041993518,0.0198268555084226,0.0069352322443552
27,EP 5,0.0117028449695147,0.0907631169201615,0.0047220807601033,0.0687173977978167,2.143498441288285e-18
27,EP 11,0.0117028449695147,0.0761690573890435,0.0031604605909825,0.0562179739138878,6.918190859077289e-13
27,EP 21,0.0117028449695147,0.0653885598224614,0.0070112142822291,0.0837329939882074,1.9710595196959231e-26
27,EP 51,0.0117028449695147,0.0547018241767983,0.0114703697868931,0.1070998122635756,4.9807552439434314e-42
27,EP 101,0.0117028449695147,0.0500100945950517,0.0097352012611548,0.0986671235070468,5.766199904859572e-36
27,EP 201,0.0117028449695147,0.04859395583691,0.0046300802252915,0.0680446928517687,4.517283366434644e-18
27,PlC 5,0.0117028449695147,0.0526218302677861,0.0216231563494135,0.1470481429648589,1.935815174768548e-77
27,PlC 10,0.0117028449695147,0.0589790723800198,0.014007463383175,0.1183531300100468,6.914578609345014e-51
27,PlC 20,0.0117028449695147,0.0591702178682899,0.0141187664654183,0.1188224156690072,2.827242069627589e-51
27,PlC 50,0.0117028449695147,0.0575923714637519,0.0071040676315264,0.0842856312281426,9.317726996831056e-27
27,PlC 100,0.0117028449695147,0.073557008117269,0.0008906593287783,0.02984391610996,9.414937204862392e-05
27,PlC 200,0.0117028449695147,0.0685502499496642,2.1532682975637016e-05,0.0046403322053099,0.2462379130699213
27,PrC 5,0.0117028449695147,0.0583649940039892,0.0013536674438686,0.036792219882316,1.9348426461967226e-06
27,PrC10,0.0117028449695147,0.0524874069356689,0.0020705172989566,0.0455029372563641,5.1596024837416735e-09
27,PrC20,0.0117028449695147,0.0525049001195866,0.0021855509320903,0.0467498762788776,2.0050091792115293e-09
27,PrC50,0.0117028449695147,0.0592560690611111,0.002341698875593,0.0483911032690205,5.568218866453405e-10
27,PrC100,0.0117028449695147,0.0552749551967034,0.002232745071066,0.0472519319294566,1.3609912714345656e-09
27,PrC200,0.0117028449695147,0.0563710230130019,0.0023613072268599,0.0485932837628813,4.741408854682731e-10
27,S 5,0.0117028449695147,0.0886330816235829,0.0011233154239806,0.0335158980780864,1.3257810030179627e-05
27,S 10,0.0117028449695147,0.0929113066208257,0.0015249916434851,0.0390511413851778,4.659504110334453e-07
27,S 20,0.0117028449695147,0.0988560512826145,0.0021500778929553,0.0463689324112103,2.6831514252439507e-09
27,S 50,0.0117028449695147,0.1198695341805685,0.0039217187727035,0.0626236279107457,1.4143290571097596e-15
27,S 100,0.0117028449695147,0.1307242194345841,0.0057527295141445,0.0758467501884195,5.115304821885743e-22
27,S 200,0.0117028449695147,0.135118609239849,0.0086222838529241,0.0928562537092908,4.5019416763609003e-32
27,SDS 5,0.0117028449695147,0.0710407552035023,0.0010232774909694,0.0319887088043484,3.072490376126081e-05
27,SDS 11,0.0117028449695147,0.0714042551672349,0.0006057173582028,0.0246113258115622,0.0010763019838495
27,SDS 21,0.0117028449695147,0.0705483202636824,0.0006462888354788,0.0254222114592512,0.0007582994766598
27,SDS 51,0.0117028449695147,0.0722309183359891,0.0010259844664526,0.0320309922801746,3.0032685409704223e-05
27,SDS 101,0.0117028449695147,0.0766663585151598,0.0017638144147082,0.0419977905931755,6.457449276687236e-08
27,SDS 201,0.0117028449695147,0.0841204140263503,0.0032752334490342,0.0572296553286341,2.715799919957641e-13
27,EP ms,0.0117028449695147,0.0082334214425029,0.0106188052910013,0.1030475875069442,4.703349624671935e-39
27,PlC ms,0.0117028449695147,0.0077579861076446,0.0137125155159307,0.1171004505368392,7.397408359630713e-50
27,PrC ms,0.0117028449695147,0.0077509559522851,0.0054167812485445,0.0735987856458555,7.739723821524662e-21
27,S ms,0.0117028449695147,0.0158163780577109,0.0044931077426856,0.0670306477865585,1.371001622099355e-17
27,SDS ms,0.0117028449695147,0.0113548326741528,0.0015789049555436,0.0397354370246973,2.98022790950357e-07
28,DEM,0.0117028449695147,0.0720499305316729,0.0753848305326052,0.2745629809945348,1.6975575624131015e-264
28,RGB,0.0117028449695147,0.0221008555078638,0.0209839449305546,0.1448583616176664,3.267166496853568e-75
28,RGB+NIR,0.0117028449695147,0.0136015970892012,0.0455032923459792,0.2133150073154235,1.4394265323822166e-160
28,NHD,0.0117028449695147,0.0143148749999997,0.0016149133996401,0.0401859851147161,2.211735430752246e-07
28,OSM,0.0117028449695147,0.0032288749999999,0.0007859298008194,0.0280344395488742,0.0002292330318136
28,EP 5,0.0117028449695147,0.0979980464056914,0.0056307233536003,0.0750381459898922,1.3717458794507929e-21
28,EP 11,0.0117028449695147,0.0814507263255872,0.0032770411691506,0.0572454467110759,2.676107600888165e-13
28,EP 21,0.0117028449695147,0.0674794048837718,0.0068189982273491,0.0825772258395084,9.298358694082684e-26
28,EP 51,0.0117028449695147,0.0554280885917435,0.0108014269186648,0.1039299134930112,1.0821189861704842e-39
28,EP 101,0.0117028449695147,0.0496283003694447,0.0088793867820347,0.0942304981523221,5.673937585548017e-33
28,EP 201,0.0117028449695147,0.0487630088515006,0.0038537756718007,0.0620787860045664,2.456032664770903e-15
28,PlC 5,0.0117028449695147,0.0524499438912339,0.0213357753358327,0.146067708052919,1.941816225929387e-76
28,PlC 10,0.0117028449695147,0.0596040803057352,0.0154731946268158,0.1243912964271048,5.320509335279776e-56
28,PlC 20,0.0117028449695147,0.0611672709777205,0.0146912125138972,0.1212073121304869,2.844207477701143e-53
28,PlC 50,0.0117028449695147,0.0587681079128174,0.0071726987644188,0.0846917868769977,5.3558182723918146e-27
28,PlC 100,0.0117028449695147,0.0713528296866649,0.0010960935701692,0.0331073038794953,1.6659440506467343e-05
28,PlC 200,0.0117028449695147,0.0710030866168765,8.570477347576569e-05,0.0092576872638778,0.1235859684109092
28,PrC 5,0.0117028449695147,0.0562726980698505,0.0008977370711863,0.0299622607822959,8.867122513719534e-05
28,PrC10,0.0117028449695147,0.0515701350732348,0.0015238120099167,0.0390360347617015,4.705316425782159e-07
28,PrC20,0.0117028449695147,0.0517259598366346,0.001884999672111,0.0434165829161052,2.3761277855460008e-08
28,PrC50,0.0117028449695147,0.0569891180556621,0.0026374643036891,0.0513562489254143,4.9435109577270066e-11
28,PrC100,0.0117028449695147,0.053537263125325,0.0022960914499187,0.0479175484548068,8.09351938979493e-10
28,PrC200,0.0117028449695147,0.0551841445161803,0.0020191549314428,0.0449350078607182,7.871993811672217e-09
28,S 5,0.0117028449695147,0.0810324331524823,0.0011582200985404,0.0340326328476129,9.895327769972452e-06
28,S 10,0.0117028449695147,0.0859481322252781,0.0015671700275936,0.039587498375038,3.2845639102596146e-07
28,S 20,0.0117028449695147,0.0912937352490841,0.002169477714432,0.0465776525216979,2.287924947036604e-09
28,S 50,0.0117028449695147,0.1077661196975453,0.0038017739818557,0.0616585272436487,3.7473359896657405e-15
28,S 100,0.0117028449695147,0.1174161614331953,0.0057049189509918,0.0755309138763186,7.529018275367547e-22
28,S 200,0.0117028449695147,0.1195442792436991,0.008539527253739,0.0924095625665386,8.769519613326332e-32
28,SDS 5,0.0117028449695147,0.0663699958394413,0.0008639394862789,0.0293928475360747,0.0001180845240043
28,SDS 11,0.0117028449695147,0.0665106194615889,0.0006276669702142,0.0250532826235259,0.0008903846247725
28,SDS 21,0.0117028449695147,0.0659652636984356,0.0007301044476148,0.0270204449929098,0.0003692573936167
28,SDS 51,0.0117028449695147,0.0676246538100545,0.0011173441212577,0.0334266977318695,1.3938661656729712e-05
28,SDS 101,0.0117028449695147,0.0735502805625939,0.0020161174407437,0.0449011964288672,8.071206569517276e-09
28,SDS 201,0.0117028449695147,0.0836634557117974,0.0036560661551383,0.0604654128832203,1.2247705390448256e-14
28,EP ms,0.0117028449695147,0.008390104426933,0.0092865906294138,0.0963669581828431,2.1358526611527793e-34
28,PlC ms,0.0117028449695147,0.0077616710666131,0.0140123395347115,0.1183737282284861,6.648897595968474e-51
28,PrC ms,0.0117028449695147,0.0076246002315475,0.0051591254972892,0.0718270526841329,6.225022105482277e-20
28,S ms,0.0117028449695147,0.0144215547996295,0.0045879589790072,0.0677344740808342,6.355215508960271e-18
28,SDS ms,0.0117028449695147,0.0107528351313673,0.0016757309056885,0.0409356923196433,1.3371541024595397e-07
29,DEM,0.0117028449695147,0.0711364306520835,0.0767572109169355,0.2770509175529572,2.8693180583720827e-269
29,RGB,0.0117028449695147,0.021889710597009,0.0185965300251435,0.1363690948314301,6.8372678954542e-67
29,RGB+NIR,0.0117028449695147,0.013342162064055,0.0445873066619264,0.2111570663319758,2.2133355695484168e-157
29,NHD,0.0117028449695147,0.0136080000000003,0.0012359507124895,0.035156090688379,5.164715273004164e-06
29,OSM,0.0117028449695147,0.003721875,0.0008855142528008,0.0297575915154584,9.834429767491622e-05
29,EP 5,0.0117028449695147,0.1118834232846399,0.0040088249960539,0.0633152824841995,6.9719093790953095e-16
29,EP 11,0.0117028449695147,0.110109855838172,0.0025621496965845,0.05061768165952,9.153541047721307e-11
29,EP 21,0.0117028449695147,0.0852382592038831,0.0064628600820956,0.080391915526971,1.6485052524402204e-24
29,EP 51,0.0117028449695147,0.0641513347043711,0.0112373577191426,0.1060064041421206,3.24524130133636e-41
29,EP 101,0.0117028449695147,0.0531524472048816,0.0093339513149451,0.0966123766136885,1.4586138544198831e-34
29,EP 201,0.0117028449695147,0.0488532264885566,0.0036121076807943,0.0601008126467054,1.7509899085037816e-14
29,PlC 5,0.0117028449695147,0.0523932660370087,0.0215369992841755,0.1467548952647765,3.864236654737059e-77
29,PlC 10,0.0117028449695147,0.0598639270066107,0.0155460372747904,0.1246837490404844,2.9639041778892737e-56
29,PlC 20,0.0117028449695147,0.0605549419633307,0.0143081935886639,0.119616861640255,6.171192567201669e-52
29,PlC 50,0.0117028449695147,0.0587779592688405,0.0066707538618048,0.0816746831141989,3.0768468262411e-25
29,PlC 100,0.0117028449695147,0.0714396299092053,0.0003495753414759,0.0186969340127193,0.0102368688140512
29,PlC 200,0.0117028449695147,0.0702879474766003,-8.013010288970477e-05,,1.0
29,PrC 5,0.0117028449695147,0.0569332061685019,0.0008626613948081,0.0293710979503346,0.000119371929308
29,PrC10,0.0117028449695147,0.0522868511012741,0.0016375457713158,0.0404666006889124,1.8338919584460296e-07
29,PrC20,0.0117028449695147,0.0523887315295573,0.0019124050363392,0.0437310534556307,1.895778601771587e-08
29,PrC50,0.0117028449695147,0.0578652715026643,0.0022031983223767,0.0469382394469234,1.7345556405348652e-09
29,PrC100,0.0117028449695147,0.0543437606520227,0.001870919032186,0.0432541215629912,2.6685692534883174e-08
29,PrC200,0.0117028449695147,0.0560665754518704,0.0019556321198952,0.0442225295510703,1.3278721821322645e-08
29,S 5,0.0117028449695147,0.0887638051547296,0.0009478760922995,0.0307875964034146,5.802579925998495e-05
29,S 10,0.0117028449695147,0.0929691481130307,0.0012767430947365,0.0357315420145358,3.673881479524539e-06
29,S 20,0.0117028449695147,0.0983816606347545,0.0017758093133623,0.0421403525538452,5.848554776111256e-08
29,S 50,0.0117028449695147,0.1190170345533909,0.0031410528388264,0.0560450964744144,8.103765466796893e-13
29,S 100,0.0117028449695147,0.1322066426155379,0.0046063180317552,0.0678698609970233,5.476591943038048e-18
29,S 200,0.0117028449695147,0.1352604135012635,0.0065811534620935,0.0811243087002503,6.3425889928846655e-25
29,SDS 5,0.0117028449695147,0.0680098658631332,0.0009385919679188,0.0306364483567989,6.276063481430747e-05
29,SDS 11,0.0117028449695147,0.0684816845151473,0.0006745110256004,0.0259713500919843,0.0005948015728305
29,SDS 21,0.0117028449695147,0.0683834043017165,0.0007265339062081,0.0269542929087021,0.0003807150467946
29,SDS 51,0.0117028449695147,0.0700456925807842,0.0011200449427981,0.0334670725161034,1.3626467689853248e-05
29,SDS 101,0.0117028449695147,0.0739172042257398,0.0017802531734191,0.0421930465055463,5.637875006694545e-08
29,SDS 201,0.0117028449695147,0.0811414396681145,0.0031572413429907,0.0561893347797497,7.102097899823972e-13
29,EP ms,0.0117028449695147,0.0091861281559082,0.0092514512823025,0.0961844648698661,2.8344251095824032e-34
29,PlC ms,0.0117028449695147,0.0077534164349246,0.0139310384275055,0.118029820077409,1.2778080297584537e-50
29,PrC ms,0.0117028449695147,0.0077341984471026,0.0047795382258254,0.0691342044564443,1.345757009330633e-18
29,S ms,0.0117028449695147,0.0157024691295058,0.0035848948533311,0.0598739914598244,2.184710358349093e-14
29,SDS ms,0.0117028449695147,0.0110194310766889,0.0017557461029841,0.0419016241091454,6.902363079395739e-08
30,DEM,0.0117028449695147,0.07211358977169,0.0749763858044271,0.2738181619331105,4.467696295779003e-263
30,RGB,0.0117028449695147,0.0213365272429078,0.0201276745533209,0.14187203583977,3.1486523930003786e-72
30,RGB+NIR,0.0117028449695147,0.0133684833657893,0.0446784493448046,0.2113727734236476,1.0664575500023964e-157
30,NHD,0.0117028449695147,0.0147848750000003,0.00207858809433,0.0455915353363984,4.828336174839735e-09
30,OSM,0.0117028449695147,0.003968,0.0009613418563352,0.0310055133215887,5.1789069105657464e-05
30,EP 5,0.0117028449695147,0.111560032909231,0.0035739165025491,0.0597822423680238,2.3887483232144174e-14
30,EP 11,0.0117028449695147,0.1073941527272788,0.00222059150997,0.0471231525894654,1.5037590705023747e-09
30,EP 21,0.0117028449695147,0.0832453465142458,0.0061911319760806,0.0786837465813664,1.4799057801496118e-23
30,EP 51,0.0117028449695147,0.0619531257470157,0.0131580127649665,0.114708381406794,6.374712106331752e-48
30,EP 101,0.0117028449695147,0.0525106436732963,0.0123379332250752,0.1110762495994318,4.650309619157625e-45
30,EP 201,0.0117028449695147,0.0487973879285643,0.0051233369704162,0.0715774892715317,8.316536811818062e-20
30,PlC 5,0.0117028449695147,0.0524616245070943,0.0232473788449048,0.1524709114713518,4.24755741075625e-83
30,PlC 10,0.0117028449695147,0.0607979560438223,0.0162294400773219,0.1273948196643879,1.225309747252149e-58
30,PlC 20,0.0117028449695147,0.0608922507280145,0.0166894844851665,0.1291877876781183,3.0470956601859395e-60
30,PlC 50,0.0117028449695147,0.0585928154508876,0.0097589093374582,0.0987871921731669,4.764321666518427e-36
30,PlC 100,0.0117028449695147,0.0716119322349464,0.0011458482874358,0.0338503809053288,1.0975943732302164e-05
30,PlC 200,0.0117028449695147,0.073288759446503,-4.02402441264152e-05,,0.5506488316653589
30,PrC 5,0.0117028449695147,0.0560380935680255,0.0012082020908462,0.0347592015277433,6.512871955384209e-06
30,PrC10,0.0117028449695147,0.0522916450600439,0.0023055019766786,0.0480156430413944,7.492346638776283e-10
30,PrC20,0.0117028449695147,0.052366053285223,0.0025401454656331,0.0503998558096465,1.0959464457517598e-10
30,PrC50,0.0117028449695147,0.0584978742278305,0.0024371061975714,0.0493670557920098,2.5478338089423403e-10
30,PrC100,0.0117028449695147,0.0540952210445001,0.0023810254559585,0.0487957524376722,4.033856228520491e-10
30,PrC200,0.0117028449695147,0.0556441833028789,0.001936576477376,0.0440065503916868,1.5534976856930142e-08
30,S 5,0.0117028449695147,0.0826319624495055,0.0013675544727283,0.0369804606884281,1.723586015565074e-06
30,S 10,0.0117028449695147,0.0867742954759051,0.0017747743765865,0.042128071123499,5.8987421173230595e-08
30,S 20,0.0117028449695147,0.0929116681226903,0.0023142723432511,0.0481068845722854,6.972384457110625e-10
30,S 50,0.0117028449695147,0.1154340828313081,0.0038812505004771,0.062299682988577,1.964733082215736e-15
30,S 100,0.0117028449695147,0.1267467694496576,0.0054439664070802,0.0737832393371305,6.211879463181361e-21
30,S 200,0.0117028449695147,0.1229133868737746,0.0077733859277132,0.0881668074034283,4.2148524583571424e-29
30,SDS 5,0.0117028449695147,0.0694501854834117,0.0012522786499303,0.0353875493631641,4.506264045724838e-06
30,SDS 11,0.0117028449695147,0.0680715420596791,0.0011233117814823,0.0335158437381833,1.3258215000106168e-05
30,SDS 21,0.0117028449695147,0.0668199294181594,0.0013060465166962,0.0361392655804775,2.877216560155708e-06
30,SDS 51,0.0117028449695147,0.0692727437789127,0.0017773601645847,0.0421587495614466,5.7741488585219905e-08
30,SDS 101,0.0117028449695147,0.0759037535503795,0.0024318322582002,0.0493136112873536,2.6603131653463544e-10
30,SDS 201,0.0117028449695147,0.0850134018337794,0.0037683385475192,0.0613867945695103,4.917217454447266e-15
30,EP ms,0.0117028449695147,0.0091289035456376,0.0110758910366738,0.1052420592570948,1.1894086033337242e-40
30,PlC ms,0.0117028449695147,0.0078183791091086,0.0153563890625078,0.123920898409057,1.359574861537144e-55
30,PrC ms,0.0117028449695147,0.0077187396342542,0.0061883812940355,0.0786662652859249,1.5131592174627262e-23
30,S ms,0.0117028449695147,0.0149386923408162,0.0045182544030951,0.0672179619082215,1.1181623143896369e-17
30,SDS ms,0.0117028449695147,0.011117949405651,0.0019795056970309,0.0444916362593122,1.0909243561613772e-08
31,DEM,0.0117028449695147,0.0724437692398495,0.0776470668980904,0.278652232896294,2.3099653904687155e-272
31,RGB,0.0117028449695147,0.0217532073749677,0.0184288427462283,0.1357528738046763,2.6268496008559924e-66
31,RGB+NIR,0.0117028449695147,0.0133817063802598,0.0441868582818524,0.2102067037034081,5.473917871535582e-156
31,NHD,0.0117028449695147,0.0145500000000002,0.0011495368054434,0.0339048197966521,1.0641923573291152e-05
31,OSM,0.0117028449695147,0.0019919999999998,0.0004697034276707,0.0216726423786002,0.0035218160096801
31,EP 5,0.0117028449695147,0.0974011134932612,0.0037156190218471,0.060955877664481,7.547503244832085e-15
31,EP 11,0.0117028449695147,0.0803179541340327,0.0022414941004143,0.0473444199501311,1.266694066831482e-09
31,EP 21,0.0117028449695147,0.0681871216432668,0.005251605685821,0.0724679631687065,2.9451342855821153e-20
31,EP 51,0.0117028449695147,0.0557469966690252,0.0097487437242126,0.0987357266860005,5.1706141557139293e-36
31,EP 101,0.0117028449695147,0.0498310210869899,0.0074095291989367,0.0860786221946935,7.927070621815384e-28
31,EP 201,0.0117028449695147,0.0481637248292444,0.0024286780019534,0.0492816193113969,2.7299471038728586e-10
31,PlC 5,0.0117028449695147,0.0532831356379108,0.0216719539365643,0.1472139733060837,1.308694860648914e-77
31,PlC 10,0.0117028449695147,0.0605530315055326,0.013274957208828,0.1152170005200101,2.4903431043498324e-48
31,PlC 20,0.0117028449695147,0.059532778236493,0.0125596761521371,0.112069960971427,7.820902476574125e-46
31,PlC 50,0.0117028449695147,0.0579386476677254,0.0045866154490809,0.0677245557318829,6.4247960141056044e-18
31,PlC 100,0.0117028449695147,0.0699701140068276,0.0002459184872606,0.015681788394842,0.0263226954995501
31,PlC 200,0.0117028449695147,0.0684776824126254,-3.517805822564743e-05,,0.5085007282023841
31,PrC 5,0.0117028449695147,0.0566045299598705,0.0014249946883768,0.0377491018221203,1.0688718062606245e-06
31,PrC10,0.0117028449695147,0.0518727936071623,0.0023056708328892,0.0480174013550219,7.481978197017658e-10
31,PrC20,0.0117028449695147,0.0524896715384415,0.0026744937790285,0.0517155081095459,3.6521331747548607e-11
31,PrC50,0.0117028449695147,0.0609329840946735,0.0032354437554848,0.0568809612742689,3.755394427649355e-13
31,PrC100,0.0117028449695147,0.0574641268416998,0.0026949464048975,0.051912873209807,3.089844518597112e-11
31,PrC200,0.0117028449695147,0.0582284247394351,0.00216528244175,0.0465325954761826,2.36813229660552e-09
31,S 5,0.0117028449695147,0.0932912407946423,0.0013963856804527,0.0373682442784345,1.3559428987416485e-06
31,S 10,0.0117028449695147,0.1003466726767181,0.0018634176666044,0.0431673217446305,2.8388180755318324e-08
31,S 20,0.0117028449695147,0.1096560217692884,0.0024072963267731,0.049064206166748,3.252590180442642e-10
31,S 50,0.0117028449695147,0.1367123486301956,0.0037175106915869,0.060971392403216,7.432340668079461e-15
31,S 100,0.0117028449695147,0.153597316353733,0.0049611553685343,0.0704354695344208,3.0914281088913727e-19
31,S 200,0.0117028449695147,0.15716435919409,0.0064928965347175,0.0805785116189019,1.2934628966566235e-24
31,SDS 5,0.0117028449695147,0.0730854033050498,0.0009495659430189,0.0308150278763296,5.7203447844146696e-05
31,SDS 11,0.0117028449695147,0.0730411317177633,0.0006482393140631,0.0254605442609376,0.0007456641477358
31,SDS 21,0.0117028449695147,0.0714771108757029,0.0008013275564354,0.0283077296234687,0.0002010504169508
31,SDS 51,0.0117028449695147,0.0720475644211893,0.0014519085267746,0.0381039174728089,8.546641021256231e-07
31,SDS 101,0.0117028449695147,0.0777848052174893,0.0022403120220722,0.0473319344847875,1.2790419111284232e-09
31,SDS 201,0.0117028449695147,0.0887801851435333,0.0035086229161319,0.0592336299422207,4.0628614347705675e-14
31,EP ms,0.0117028449695147,0.008355912065443,0.0080646001071,0.0898031185822631,4.028992505947917e-30
31,PlC ms,0.0117028449695147,0.0076709290010962,0.0124139350180168,0.111417839765528,2.5241245476541924e-45
31,PrC ms,0.0117028449695147,0.007828121389843,0.0063951673902572,0.0799697904852652,2.8477482798903744e-24
31,S ms,0.0117028449695147,0.0176132127821502,0.0042649694233935,0.0653067333694891,8.720347632715566e-17
31,SDS ms,0.0117028449695147,0.0116200954640976,0.001738096519981,0.0416904847654836,7.985661316382866e-08
32,DEM,0.0117028449695147,0.0715156329491786,0.0789040378998487,0.2808986256638661,9.839253421481436e-277
32,RGB,0.0117028449695147,0.021410914452877,0.0201087426738079,0.1418052984687383,3.665247204575985e-72
32,RGB+NIR,0.0117028449695147,0.0133021504253907,0.0455694796773092,0.2134700908261136,8.470651761356274e-161
32,NHD,0.0117028449695147,0.0128988750000002,0.0020327574878242,0.0450861119173553,7.038570759516633e-09
32,OSM,0.0117028449695147,0.0032288749999999,0.0007596504121838,0.0275617563334392,0.0002868438615521
32,EP 5,0.0117028449695147,0.108014335292774,0.0034302771241851,0.058568567714988,7.685869939778696e-14
32,EP 11,0.0117028449695147,0.1003378749869224,0.0020912159742167,0.045729814937486,4.3522332302961754e-09
32,EP 21,0.0117028449695147,0.0782128659807166,0.0047134832027169,0.0686548119414575,2.2981326497112106e-18
32,EP 51,0.0117028449695147,0.0606297696840508,0.0094920363228529,0.0974270820811797,4.084323926180532e-35
32,EP 101,0.0117028449695147,0.0517427547855631,0.0081020642719005,0.0900114674466566,2.9788503535290658e-30
32,EP 201,0.0117028449695147,0.048740583585846,0.0033495712635618,0.0578754806767238,1.4825222395693968e-13
32,PlC 5,0.0117028449695147,0.0528626221586662,0.0217747010086751,0.1475625325368031,5.739052262215637e-78
32,PlC 10,0.0117028449695147,0.0601894422448009,0.0144137572027812,0.1200573079940627,2.6425775510568903e-52
32,PlC 20,0.0117028449695147,0.0608258752209119,0.0139139137534394,0.1179572539246291,1.466312028608711e-50
32,PlC 50,0.0117028449695147,0.0590304610899989,0.0066116597993857,0.0813121134849274,4.957922540146852e-25
32,PlC 100,0.0117028449695147,0.0762067851898579,0.0007726693919744,0.0277969313409666,0.000256677099567
32,PlC 200,0.0117028449695147,0.0682456189969186,-3.887003303239166e-05,,0.5386328670324698
32,PrC 5,0.0117028449695147,0.0568764772799559,0.0008873425428228,0.0297882953997519,9.683252002383874e-05
32,PrC10,0.0117028449695147,0.0525141000219897,0.0016369442741951,0.0404591679869368,1.843043475643463e-07
32,PrC20,0.0117028449695147,0.0525808590672877,0.0018875886088944,0.0434463877542707,2.3259614392111848e-08
32,PrC50,0.0117028449695147,0.059210995093695,0.0019199542358797,0.0438172823881143,1.781460130806802e-08
32,PrC100,0.0117028449695147,0.0548611450148882,0.0018826338061018,0.043389328251332,2.422918901495628e-08
32,PrC200,0.0117028449695147,0.0558722902415263,0.0016412011827766,0.0405117412952915,1.779247605805148e-07
32,S 5,0.0117028449695147,0.0892742363264047,0.0009037580756521,0.0300625693454866,8.426412254791006e-05
32,S 10,0.0117028449695147,0.0941654312541595,0.0012354764059692,0.0351493443177719,5.185222195414248e-06
32,S 20,0.0117028449695147,0.1005047652902488,0.0015283795118914,0.0390944946493935,4.530403746800111e-07
32,S 50,0.0117028449695147,0.1226736161974291,0.0025276946760462,0.0502761839845292,1.213512155380917e-10
32,S 100,0.0117028449695147,0.1328282516584403,0.003941065474338,0.0627779059410083,1.2086814725296514e-15
32,S 200,0.0117028449695147,0.135305727419384,0.0059699653467637,0.077265550841004,8.837161483937143e-23
32,SDS 5,0.0117028449695147,0.0690710192936645,0.00080319771843,0.0283407430818264,0.0001978741836684
32,SDS 11,0.0117028449695147,0.0686852667994069,0.0007433864870228,0.0272651148360471,0.0003296048049512
32,SDS 21,0.0117028449695147,0.0672031538267099,0.0009340301007619,0.030561906039413,6.52276593028043e-05
32,SDS 51,0.0117028449695147,0.06916739299786,0.0012702833369534,0.035641034454031,3.877374134862177e-06
32,SDS 101,0.0117028449695147,0.0743733316014291,0.0017846444787926,0.0422450527138111,5.4371568315414086e-08
32,SDS 201,0.0117028449695147,0.0827157194097679,0.0029479687669888,0.0542952002205428,3.913207932599906e-12
32,EP ms,0.0117028449695147,0.0089135453939659,0.0086690231154994,0.09310758892539,3.089311466085424e-32
32,PlC ms,0.0117028449695147,0.0078821023598998,0.0131053537398845,0.1144786169548031,9.733642658951332e-48
32,PrC ms,0.0117028449695147,0.0077314601371245,0.0044599732036536,0.0667830308061387,1.793508290520101e-17
32,S ms,0.0117028449695147,0.0157772965649139,0.0032932121492105,0.0573865153952608,2.345885577739858e-13
32,SDS ms,0.0117028449695147,0.01108318691967,0.0015565575293659,0.0394532321789474,3.5865377182365417e-07
33,DEM,0.0117028449695147,0.0732862869292937,0.0757614465767041,0.2752479728839145,8.322367274555956e-266
33,RGB,0.0117028449695147,0.0217915574678179,0.0178684001835943,0.1336727353785891,2.361838365121424e-64
33,RGB+NIR,0.0117028449695147,0.0133805932608981,0.0440985875743285,0.2099966370548074,1.1102339852110853e-155
33,NHD,0.0117028449695147,0.0136080000000003,0.0018421478378723,0.0429202497414954,3.3830743218351205e-08
33,OSM,0.0117028449695147,0.0032288749999999,0.0007859298008105,0.0280344395487151,0.0002292330318311
33,EP 5,0.0117028449695147,0.1054624546724495,0.0035439830225548,0.0595313616722722,3.0472467666009576e-14
33,EP 11,0.0117028449695147,0.0934304205658672,0.0024336534601462,0.0493320733412475,2.6209206098947567e-10
33,EP 21,0.0117028449695147,0.0716929232828035,0.0049451153713218,0.0703215142849031,3.5201885771206316e-19
33,EP 51,0.0117028449695147,0.0564553990080801,0.0093852716154367,0.0968776115283442,9.648677342053943e-35
33,EP 101,0.0117028449695147,0.0503988805326091,0.0084646333779903,0.0920034422072908,1.6034517803723714e-31
33,EP 201,0.0117028449695147,0.0490011846243823,0.0042139288588549,0.0649147815128033,1.3193904047470462e-16
33,PlC 5,0.0117028449695147,0.0524764664329627,0.0222334654679427,0.1491089047238385,1.4469041417131922e-79
33,PlC 10,0.0117028449695147,0.059879584013491,0.0137147868465288,0.1171101483498712,7.263613025381988e-50
33,PlC 20,0.0117028449695147,0.0602564146497955,0.0132540721366362,0.1151263312046215,2.9454966668055734e-48
33,PlC 50,0.0117028449695147,0.0577967725840424,0.0068213505659363,0.0825914678761453,9.123479672681556e-26
33,PlC 100,0.0117028449695147,0.0703155300251943,0.0009578079742413,0.0309484728902956,5.335742700352319e-05
33,PlC 200,0.0117028449695147,0.0701993161806078,-2.951570510607971e-06,,0.3290139819316158
33,PrC 5,0.0117028449695147,0.0569975691364333,0.0013637828254848,0.0369294303433564,1.7785607676259983e-06
33,PrC10,0.0117028449695147,0.0524060920343959,0.0022806288920863,0.047755930438913,9.187993169878607e-10
33,PrC20,0.0117028449695147,0.0528700507900465,0.0024410928602378,0.0494074170569344,2.4659792179133835e-10
33,PrC50,0.0117028449695147,0.0599606970318468,0.0023101430323762,0.0480639473241244,7.212535140038203e-10
33,PrC100,0.0117028449695147,0.0551217206762654,0.0021292488717935,0.0461437847580099,3.183931408150963e-09
33,PrC200,0.0117028449695147,0.0561552329772602,0.0018074076767513,0.0425136175448688,4.505876681145664e-08
33,S 5,0.0117028449695147,0.0916514131369777,0.0009257778700835,0.0304265980695101,6.994092915166132e-05
33,S 10,0.0117028449695147,0.097233784526753,0.0012860235129041,0.0358611699879433,3.400141858321844e-06
33,S 20,0.0117028449695147,0.1056118719628774,0.0017187476434999,0.0414577814589727,9.370031274027623e-08
33,S 50,0.0117028449695147,0.1316433224518113,0.0030012369579659,0.0547835464164737,2.5339281528246506e-12
33,S 100,0.0117028449695147,0.1470423635015905,0.0046790890736855,0.0684038673883685,3.0367093225118898e-18
33,S 200,0.0117028449695147,0.1434222940675585,0.0071161476714819,0.0843572621146629,8.452399567262001e-27
33,SDS 5,0.0117028449695147,0.0726908167644774,0.0008129557223553,0.0285123784057965,0.0001821030831081
33,SDS 11,0.0117028449695147,0.0727204788918969,0.0005896134360303,0.0242819570057763,0.0012372890781606
33,SDS 21,0.0117028449695147,0.0715138056156061,0.0006676756365206,0.0258394202048077,0.0006308018489548
33,SDS 51,0.0117028449695147,0.0720172612808544,0.0010939916919234,0.0330755452248859,1.6955991791992947e-05
33,SDS 101,0.0117028449695147,0.0778310059011796,0.0018328515040743,0.0428118150056074,3.65268495284897e-08
33,SDS 201,0.0117028449695147,0.0867850290253347,0.0030919049895136,0.0556049007688502,1.2097080423055926e-12
33,EP ms,0.0117028449695147,0.0086545674364629,0.0091396057675985,0.0956012853867485,6.976622024249681e-34
33,PlC ms,0.0117028449695147,0.0077017498917223,0.0133131517064424,0.115382631736507,1.832072403269196e-48
33,PrC ms,0.0117028449695147,0.0078359182481836,0.0060437861074459,0.0777417912544206,4.8668037337231605e-23
33,S ms,0.0117028449695147,0.0168802010097149,0.0040048456323033,0.0632838496956634,7.200849494628536e-16
33,SDS ms,0.0117028449695147,0.0115610612386757,0.0013200285518013,0.0363321971782785,2.5606640988294514e-06
34,DEM,0.0117028449695147,0.0717166142056705,0.0767013422241748,0.2769500717172228,4.4879099840855566e-269
34,RGB,0.0117028449695147,0.0218761165627191,0.0203334375128687,0.1425953628729517,6.040077810776772e-73
34,RGB+NIR,0.0117028449695147,0.0134846800779461,0.0455100935560568,0.2133309484253441,1.3630988725483431e-160
34,NHD,0.0117028449695147,0.0124248749999998,0.0008038270898373,0.0283518445579365,0.000196816683915
34,OSM,0.0117028449695147,0.0049499999999998,0.0012157539366132,0.0348676631940434,6.114361384834572e-06
34,EP 5,0.0117028449695147,0.0980236518497816,0.0038782789759321,0.0622758297891897,2.0127347656349642e-15
34,EP 11,0.0117028449695147,0.0839906162625989,0.0022988281292989,0.0479460960798581,7.913876218322679e-10
34,EP 21,0.0117028449695147,0.0673435166171456,0.0053221283794617,0.0729529189235206,1.6645034027147613e-20
34,EP 51,0.0117028449695147,0.0551834698310592,0.0105597383811072,0.1027605876837381,7.565142911060513e-39
34,EP 101,0.0117028449695147,0.0500856600728731,0.010023640623,0.1001181333375728,5.6562049964105695e-37
34,EP 201,0.0117028449695147,0.0488427637118024,0.0046645838189781,0.0682977585208921,3.4154539732672413e-18
34,PlC 5,0.0117028449695147,0.0530954893749319,0.0225292911424526,0.1500976053854713,1.3483096056415319e-80
34,PlC 10,0.0117028449695147,0.0612296269776407,0.0136691311455205,0.1169150595326389,1.0483136245752129e-49
34,PlC 20,0.0117028449695147,0.0624566763127489,0.0135298669267864,0.1163179561666489,3.210246631640009e-49
34,PlC 50,0.0117028449695147,0.0599152879220669,0.0077915617620197,0.0882698236206449,3.64030415459539e-29
34,PlC 100,0.0117028449695147,0.0724353420401818,0.0010862757482773,0.0329586976119705,1.8090821671398986e-05
34,PlC 200,0.0117028449695147,0.0679287099204782,-1.4685528330436682e-05,,0.3817584853547697
34,PrC 5,0.0117028449695147,0.0570297759092469,0.0016127666170399,0.0401592656436839,2.2513980237119018e-07
34,PrC10,0.0117028449695147,0.0527366016484076,0.0023919586160461,0.0489076539617898,3.688157311094747e-10
34,PrC20,0.0117028449695147,0.0527241012868385,0.0025464999989901,0.0504628576181549,1.0404104060381409e-10
34,PrC50,0.0117028449695147,0.0592703250710605,0.0014657420474052,0.0382850107405665,7.618941678202268e-07
34,PrC100,0.0117028449695147,0.0555726439734989,0.0013744757383388,0.03707392261872,1.6270979795259512e-06
34,PrC200,0.0117028449695147,0.0560296802883943,0.0015772903947866,0.0397151154447106,3.020361362496977e-07
34,S 5,0.0117028449695147,0.0878593195711381,0.0004415740166934,0.0210136626196726,0.0045123886064708
34,S 10,0.0117028449695147,0.0932106900759161,0.0007610258111135,0.0275866962703676,0.0002834948882126
34,S 20,0.0117028449695147,0.1007898836607851,0.0011619642649602,0.0340875969373066,9.589848241742018e-06
34,S 50,0.0117028449695147,0.1275256471709091,0.0024698410776908,0.0496974956883225,1.9486718750515324e-10
34,S 100,0.0117028449695147,0.1443607818024042,0.0041018654839039,0.0640458076996767,3.275881608592035e-16
34,S 200,0.0117028449695147,0.1429701636707825,0.0068731461413886,0.0829044398171091,6.006267890307516e-26
34,SDS 5,0.0117028449695147,0.0711697086108526,0.0005183439101621,0.0227671673723845,0.0022996804269435
34,SDS 11,0.0117028449695147,0.0702963124813428,0.0002371938702434,0.0154010996439693,0.028540767881022
34,SDS 21,0.0117028449695147,0.0691350482712227,0.0002324048070928,0.0152448288640056,0.0298401629137273
34,SDS 51,0.0117028449695147,0.0710081333210118,0.0004060632054303,0.0201510100349924,0.0061801470387676
34,SDS 101,0.0117028449695147,0.0761401379853494,0.0007262456677251,0.0269489455772419,0.0003816554846804
34,SDS 201,0.0117028449695147,0.0834503459128738,0.0014869318730077,0.0385607556073238,6.38980944665092e-07
34,EP ms,0.0117028449695147,0.0084127130283197,0.0091042751090326,0.0954163251704476,9.273011466369073e-34
34,PlC ms,0.0117028449695147,0.0078703426774536,0.0130912975807462,0.1144172084117869,1.0897861014220063e-47
34,PrC ms,0.0117028449695147,0.0077826694920291,0.0049800216999747,0.0705692688071425,2.653480480938187e-19
34,S ms,0.0117028449695147,0.0162222442507996,0.003545942390751,0.0595478160032009,2.999065233658894e-14
34,SDS ms,0.0117028449695147,0.0112288585659202,0.000870704981484,0.0295077105429079,0.0001114988957164
35,DEM,0.0117028449695147,0.0713201379084163,0.0784167704350068,0.2800299456040494,4.8668130130905035e-275
35,RGB,0.0117028449695147,0.0210244097551195,0.019468925106992,0.1395310901089503,6.223191118730022e-70
35,RGB+NIR,0.0117028449695147,0.0132940543186821,0.0438982183728264,0.2095190167331511,5.52781033828655e-155
35,NHD,0.0117028449695147,0.0150194999999995,0.001146894735922,0.0338658343455762,1.088012521763658e-05
35,OSM,0.0117028449695147,0.0044595000000003,0.001088414252077,0.0329911238377398,1.7768866323900495e-05
35,EP 5,0.0117028449695147,0.1059664452002262,0.0048849399011856,0.0698923450828893,5.73059888871316e-19
35,EP 11,0.0117028449695147,0.1024809614044033,0.0027395997061263,0.0523411855628654,2.1451051046535863e-11
35,EP 21,0.0117028449695147,0.0792345571486557,0.0060553957346029,0.0778164232961332,4.43101713325356e-23
35,EP 51,0.0117028449695147,0.0616898101890168,0.0110105303761533,0.1049310744067426,2.0122468590123334e-40
35,EP 101,0.0117028449695147,0.0519736096390707,0.0099059477308846,0.0995286276951746,1.4586464695829449e-36
35,EP 201,0.0117028449695147,0.0489839442055489,0.0048392675955771,0.0695648445378637,8.2955963415746675e-19
35,PlC 5,0.0117028449695147,0.053013923142356,0.0188779736184156,0.1373971383196014,7.141966029164661e-68
35,PlC 10,0.0117028449695147,0.0621188647979046,0.0146515110653874,0.1210434263617296,3.9127174858678473e-53
35,PlC 20,0.0117028449695147,0.0639804595121539,0.0144565940988428,0.1202355775086676,1.873099821600595e-52
35,PlC 50,0.0117028449695147,0.0606758571038595,0.0075757396288452,0.0870387248806257,2.074613269302383e-28
35,PlC 100,0.0117028449695147,0.0742020028284943,0.0011902630150723,0.0345001886237218,7.5672366850031104e-06
35,PlC 200,0.0117028449695147,0.0699245069961149,-3.505849857545279e-05,,0.5075745579586779
35,PrC 5,0.0117028449695147,0.0576041017457776,0.0008373980864404,0.0289378314052802,0.0001479303515693
35,PrC10,0.0117028449695147,0.0520384958311208,0.0015701892012689,0.0396256129450256,3.2034079859359233e-07
35,PrC20,0.0117028449695147,0.0518648875484522,0.0020058442329389,0.0447866523971027,8.783150433594318e-09
35,PrC50,0.0117028449695147,0.0578958730694113,0.002145509086425,0.0463196403961116,2.785770318040846e-09
35,PrC100,0.0117028449695147,0.054756902817052,0.0019495519206711,0.0441537305408183,1.3960493974208496e-08
35,PrC200,0.0117028449695147,0.0554738860521615,0.0022624905068323,0.0475656441860334,1.0662208385703115e-09
35,S 5,0.0117028449695147,0.0846696641819134,0.0011548132366589,0.0339825431164143,1.0181769964180224e-05
35,S 10,0.0117028449695147,0.0900167565865063,0.0015655679718592,0.0395672588368116,3.3284611553928937e-07
35,S 20,0.0117028449695147,0.0956737018935591,0.0021739369853866,0.0466254971596722,2.2056504635619908e-09
35,S 50,0.0117028449695147,0.1186604140270742,0.0038345237614748,0.0619235315649455,2.8718413417332476e-15
35,S 100,0.0117028449695147,0.1360832759111097,0.0055535809482367,0.0745223520041924,2.559729809547689e-21
35,S 200,0.0117028449695147,0.1390990369111563,0.0075196560551,0.0867159504076383,3.2611175783080218e-28
35,SDS 5,0.0117028449695147,0.06726899039828,0.0012590014422096,0.0354824103213074,4.260278808955156e-06
35,SDS 11,0.0117028449695147,0.0679057357105115,0.0010281481939163,0.0320647500211106,2.949067114533896e-05
35,SDS 21,0.0117028449695147,0.0670252009897081,0.0011300408331706,0.0336160799792396,1.2530874926377e-05
35,SDS 51,0.0117028449695147,0.0687811772087129,0.0015391653712734,0.0392321981448074,4.142790430188753e-07
35,SDS 101,0.0117028449695147,0.0733223497413898,0.0022778829697106,0.04772717223669,9.397309583864967e-10
35,SDS 201,0.0117028449695147,0.0802011042250728,0.0036292486527239,0.0602432457021031,1.5231789753707782e-14
35,EP ms,0.0117028449695147,0.0089347855324587,0.0100246897205056,0.1001233724986613,5.608644190978219e-37
35,PlC ms,0.0117028449695147,0.0079906616274369,0.0128210355126828,0.1132300115370606,9.567393300228588e-47
35,PrC ms,0.0117028449695147,0.0076334088371541,0.0051220853426874,0.0715687455715652,8.401219595611784e-20
35,S ms,0.0117028449695147,0.0154248862969066,0.0039461584059717,0.0628184559343174,1.159709354743193e-15
35,SDS ms,0.0117028449695147,0.0109015172471945,0.0019598277734322,0.0442699420988134,1.2827808323435968e-08
36,DEM,0.0117028449695147,0.0724803109987073,0.0762973263398524,0.2762197066464527,1.139942941000562e-267
36,RGB,0.0117028449695147,0.0218831871723405,0.0203992474235431,0.142825934001998,3.562051365392006e-73
36,RGB+NIR,0.0117028449695147,0.0134752813452441,0.0464279632033095,0.2154714904652343,8.733798971751873e-164
36,NHD,0.0117028449695147,0.0131354999999999,0.0012150010014284,0.0348568644807367,6.152969864633296e-06
36,OSM,0.0117028449695147,0.0032288749999999,0.0007859298008431,0.0280344395492965,0.0002292330317674
36,EP 5,0.0117028449695147,0.0935671189185679,0.004513591129334,0.0671832652476351,1.1612406547390664e-17
36,EP 11,0.0117028449695147,0.0779299943850824,0.0027009808135709,0.0519709612530974,2.9411397126810986e-11
36,EP 21,0.0117028449695147,0.0666936594169763,0.0060643277962647,0.0778737940276747,4.122490161849937e-23
36,EP 51,0.0117028449695147,0.0545450295458625,0.0112059865946962,0.1058583326653895,4.1767513955513615e-41
36,EP 101,0.0117028449695147,0.049433387261362,0.0097738464540302,0.0988627657615862,4.2245288849015906e-36
36,EP 201,0.0117028449695147,0.0485571072830537,0.0042519389626047,0.0652068935205835,9.69266923028084e-17
36,PlC 5,0.0117028449695147,0.0521044184604111,0.0207898489914732,0.1441868544336594,1.5507067642017149e-74
36,PlC 10,0.0117028449695147,0.0601724992697796,0.0147190700052928,0.1213221744170985,2.2738834863840854e-53
36,PlC 20,0.0117028449695147,0.0605654306769572,0.0145655762717678,0.1206879292711902,7.803831119405784e-53
36,PlC 50,0.0117028449695147,0.0587252478658803,0.007270870770714,0.0852694011396473,2.4258444731676647e-27
36,PlC 100,0.0117028449695147,0.0750928915925902,0.0006695391750933,0.0258754550702667,0.0006207742870076
36,PlC 200,0.0117028449695147,0.0710240789138221,-4.09766531077008e-05,,0.5573155391137476
36,PrC 5,0.0117028449695147,0.0562401076966405,0.000798364406768,0.0282553429773557,0.0002061884615009
36,PrC10,0.0117028449695147,0.0519120319960018,0.0014765118051665,0.0384254057254642,6.967168665184176e-07
36,PrC20,0.0117028449695147,0.051584811960976,0.0017875676380712,0.0422796362102515,5.3075297727586375e-08
36,PrC50,0.0117028449695147,0.0571176489534474,0.0022858501347722,0.0478105650957213,8.802777847791806e-10
36,PrC100,0.0117028449695147,0.0545719726719084,0.0022071507653711,0.0469803231722721,1.679175237684832e-09
36,PrC200,0.0117028449695147,0.0562911799017036,0.0019182021815448,0.0437972850933119,1.8073606193903077e-08
36,S 5,0.0117028449695147,0.0838458886990987,0.0013080218564034,0.0361665848042566,2.830218357269071e-06
36,S 10,0.0117028449695147,0.0878521329031134,0.0017428293746159,0.041747207985876,7.679470061373787e-08
36,S 20,0.0117028449695147,0.0930680738997503,0.0023719393918348,0.0487025604238103,4.3457088133808936e-10
36,S 50,0.0117028449695147,0.1130064832529679,0.0039036670385759,0.0624793328915723,1.637668074784936e-15
36,S 100,0.0117028449695147,0.1263471040800071,0.0055510778415782,0.0745055557765875,2.6120745639381984e-21
36,S 200,0.0117028449695147,0.1270421171552982,0.008049072998561,0.0897166260988509,4.5661719737608465e-30
36,SDS 5,0.0117028449695147,0.0687133560085347,0.0012367583385046,0.035167575101287,5.1299842073704355e-06
36,SDS 11,0.0117028449695147,0.0684490181227058,0.0009009726077336,0.0300162057517869,8.627487949610014e-05
36,SDS 21,0.0117028449695147,0.0672718419846445,0.0009978053884535,0.0315880576872584,3.8077573874354946e-05
36,SDS 51,0.0117028449695147,0.0691826312415608,0.0013714321872345,0.0370328528098305,1.6688415760210742e-06
36,SDS 101,0.0117028449695147,0.0727984236737659,0.0021015648386058,0.045842827559018,3.997317335517149e-09
36,SDS 201,0.0117028449695147,0.0795309010310152,0.0034831259359772,0.0590180136566559,4.9994604839853936e-14
36,EP ms,0.0117028449695147,0.0083134750967685,0.0099281106148616,0.0996399047312955,1.2203148908933232e-36
36,PlC ms,0.0117028449695147,0.0078489233467309,0.0136095120579142,0.1166598133802477,1.6926438006241236e-49
36,PrC ms,0.0117028449695147,0.0076355352978266,0.0054454388321903,0.0737932167085181,6.138333532856774e-21
36,S ms,0.0117028449695147,0.0147942928211174,0.0044343360751737,0.0665908107412255,2.207894446216588e-17
36,SDS ms,0.0117028449695147,0.0109369803359657,0.0019746199516427,0.0444366960027721,1.135695142271948e-08
37,DEM,0.0117028449695147,0.0724796430783375,0.0775014748687295,0.2783908670713347,7.410551938307976e-272
37,RGB,0.0117028449695147,0.0216120838363575,0.0196169034739998,0.1400603565395999,1.8978195734200533e-70
37,RGB+NIR,0.0117028449695147,0.0133256189317868,0.0458772373464592,0.2141897227844027,7.197829038816348e-162
37,NHD,0.0117028449695147,0.0152538750000003,0.001814349806522,0.0425951852504727,4.2550202073412324e-08
37,OSM,0.0117028449695147,0.0029819999999998,0.0007080195241952,0.0266086362708654,0.0004461395643065
37,EP 5,0.0117028449695147,0.1093985878965345,0.0035373656958148,0.0594757572109415,3.215767205494533e-14
37,EP 11,0.0117028449695147,0.1026940663569909,0.0021506733327653,0.0463753526430292,2.670059228727418e-09
37,EP 21,0.0117028449695147,0.0802427207920805,0.0048104946452058,0.0693577295274711,1.0472797076700122e-18
37,EP 51,0.0117028449695147,0.0617513785139011,0.0083841629142881,0.0915650747517203,3.066681063408829e-31
37,EP 101,0.0117028449695147,0.0518989406238643,0.0075219767070132,0.0867293301427678,3.200650756382528e-28
37,EP 201,0.0117028449695147,0.0484819779866467,0.0037913521400007,0.0615739566700142,4.078501584594901e-15
37,PlC 5,0.0117028449695147,0.0525668643072769,0.0186497118265275,0.1365639477553558,4.4616564847192285e-67
37,PlC 10,0.0117028449695147,0.060888134207584,0.0120943296880004,0.1099742228342643,3.2969527382859874e-44
37,PlC 20,0.0117028449695147,0.0618811484195223,0.0122956150599768,0.110885594465543,6.534994596189848e-45
37,PlC 50,0.0117028449695147,0.0600780010220765,0.0059114542268389,0.076885981991771,1.417998523156787e-22
37,PlC 100,0.0117028449695147,0.0757039328101768,0.0008923051161607,0.029871476631743,9.28458946276513e-05
37,PlC 200,0.0117028449695147,0.0691700909380718,-3.876360703656096e-05,,0.5377197754617362
37,PrC 5,0.0117028449695147,0.0577470868275042,0.0009799606095909,0.0313043225384446,4.425970965602228e-05
37,PrC10,0.0117028449695147,0.0520618046182413,0.0018022911132038,0.0424533993127037,4.7002030709009077e-08
37,PrC20,0.0117028449695147,0.0517676791531743,0.0020269775663229,0.0450219675971961,7.381326507593673e-09
37,PrC50,0.0117028449695147,0.0576172133996336,0.0016532708903841,0.0406604339669919,1.6101441151732841e-07
37,PrC100,0.0117028449695147,0.0557516404006223,0.00151394083479,0.0389093926294161,5.106810501422606e-07
37,PrC200,0.0117028449695147,0.0565153599331889,0.001334175655299,0.0365263693144979,2.2759072581652383e-06
37,S 5,0.0117028449695147,0.0866177493681991,0.000998026796375,0.0315915621072314,3.800658958128124e-05
37,S 10,0.0117028449695147,0.0906004677845505,0.0011237477124118,0.033522346463395,1.3209836678287128e-05
37,S 20,0.0117028449695147,0.0963537763438448,0.0013539958087997,0.0367966820352015,1.929559356714604e-06
37,S 50,0.0117028449695147,0.1185430827544664,0.0022140561560034,0.0470537581496252,1.5866336868110844e-09
37,S 100,0.0117028449695147,0.1372386465453081,0.0034658416675674,0.0588713994021501,5.754418181976365e-14
37,S 200,0.0117028449695147,0.1377786690733623,0.0056248483751182,0.074998989160643,1.4384837198524064e-21
37,SDS 5,0.0117028449695147,0.07220850206168,0.0013905644927283,0.0372902734332742,1.4232207252465333e-06
37,SDS 11,0.0117028449695147,0.0717159881830561,0.0012115402442214,0.034807186674902,6.333599533796581e-06
37,SDS 21,0.0117028449695147,0.0703352313232674,0.0013553173133218,0.0368146344993653,1.908442668295416e-06
37,SDS 51,0.0117028449695147,0.0721773968948824,0.0016873621933682,0.0410775144497362,1.214537585407309e-07
37,SDS 101,0.0117028449695147,0.0756601741555396,0.0022454744630049,0.0473864375428764,1.225986615367247e-09
37,SDS 201,0.0117028449695147,0.0826052986310998,0.0034923657138734,0.059096241114587,4.6373947308653345e-14
37,EP ms,0.0117028449695147,0.0089719369951327,0.0082722514593534,0.0909519183929258,7.556896271180372e-31
37,PlC ms,0.0117028449695147,0.0079298184449793,0.0119954634091931,0.109523802934308,7.30070314577814e-44
37,PrC ms,0.0117028449695147,0.0077116142010566,0.0047958910002048,0.0692523718020173,1.1787913065386089e-18
37,S ms,0.0117028449695147,0.0153173852510386,0.0031249104063311,0.0559008980816151,9.243344564671653e-13
37,SDS ms,0.0117028449695147,0.0114545218060328,0.0021668914682322,0.0465498815061029,2.337042527638899e-09
38,DEM,0.0117028449695147,0.0721984406653073,0.0754254068849644,0.274636863667215,1.2266799370326018e-264
38,RGB,0.0117028449695147,0.0216490107345914,0.0191128128838568,0.1382490972261911,1.0845362208199909e-68
38,RGB+NIR,0.0117028449695147,0.0133646528152523,0.0447608503099103,0.2115676022218675,5.5113100693700384e-158
38,NHD,0.0117028449695147,0.0143148749999997,0.0012645998632973,0.035561212905318,4.065747028928017e-06
38,OSM,0.0117028449695147,0.003968,0.000948606159607,0.030799450638073,5.7669069500186144e-05
38,EP 5,0.0117028449695147,0.0941785340775489,0.0044818103670104,0.0669463245220408,1.5024995609996472e-17
38,EP 11,0.0117028449695147,0.0770348127325388,0.0022378704850589,0.0473061358077253,1.3049287795391364e-09
38,EP 21,0.0117028449695147,0.0670404525996211,0.0047370868334577,0.06882649804732,1.8981189776945337e-18
38,EP 51,0.0117028449695147,0.0556079794019998,0.0083424549797028,0.0913370405679037,4.291768803266348e-31
38,EP 101,0.0117028449695147,0.0500285173936288,0.0065351583249669,0.0808403261062627,9.19499281595738e-25
38,EP 201,0.0117028449695147,0.0489715743410264,0.0026218369534833,0.0512038763521212,5.6174378747044885e-11
38,PlC 5,0.0117028449695147,0.0525683947794934,0.0191136067867335,0.1382519684732682,1.0776477519767038e-68
38,PlC 10,0.0117028449695147,0.0608300040132495,0.0120157346251667,0.1096163063835245,6.202606154800368e-44
38,PlC 20,0.0117028449695147,0.0608863760089733,0.0118397590455641,0.1088106568565973,2.5534692404480433e-43
38,PlC 50,0.0117028449695147,0.059487486458274,0.0047006969333875,0.068561628724729,2.5489829237316557e-18
38,PlC 100,0.0117028449695147,0.0695163305711189,0.0003728979471528,0.0193105656870237,0.0083055948444542
38,PlC 200,0.0117028449695147,0.0700333571058205,-5.860428720804525e-05,,0.802848297478639
38,PrC 5,0.0117028449695147,0.0562465038579999,0.0011478834521356,0.0338804287478129,1.0790364785996167e-05
38,PrC10,0.0117028449695147,0.0519609532084814,0.0020828947425025,0.0456387416840407,4.66037329189986e-09
38,PrC20,0.0117028449695147,0.0518631947189868,0.0023997139099732,0.0489868748745341,3.4610735832155803e-10
38,PrC50,0.0117028449695147,0.057763262066065,0.0031894699341263,0.0564753922883794,5.461686269255581e-13
38,PrC100,0.0117028449695147,0.0547611952663401,0.0028568510124185,0.0534495183553463,8.232404691796009e-12
38,PrC200,0.0117028449695147,0.0560766480327946,0.0021901600482946,0.0467991458073187,1.9305441434034587e-09
38,S 5,0.0117028449695147,0.0891238405952502,0.0014720135113499,0.0383668282680494,7.232311315455797e-07
38,S 10,0.0117028449695147,0.0937133544102458,0.001875525463689,0.0433073372962254,2.5691314630235376e-08
38,S 20,0.0117028449695147,0.0997201995318677,0.0023875488516381,0.048862550605122,3.8238712128292715e-10
38,S 50,0.0117028449695147,0.1204909463814077,0.0035722787487419,0.0597685431371882,2.420779587980168e-14
38,S 100,0.0117028449695147,0.1308168544688147,0.0049331393178124,0.0702363105367337,3.878668790335865e-19
38,S 200,0.0117028449695147,0.13009723103898,0.0073583441052379,0.0857807910038019,1.197888837998122e-27
38,SDS 5,0.0117028449695147,0.0675848362202473,0.0013883206876747,0.0372601756259248,1.450038428571004e-06
38,SDS 11,0.0117028449695147,0.0679537006833614,0.0010544355391397,0.032472073218995,2.3639999622424283e-05
38,SDS 21,0.0117028449695147,0.0676916949335575,0.0010210916503567,0.0319545247243126,3.129554460577205e-05
38,SDS 51,0.0117028449695147,0.0695245788509225,0.001388478693505,0.0372622958700214,1.4481334825601076e-06
38,SDS 101,0.0117028449695147,0.0750252728070848,0.0022568406132502,0.0475062165747839,1.1168118384642535e-09
38,SDS 201,0.0117028449695147,0.0828645408317762,0.0038511007326471,0.062057237552498,2.5099888952449095e-15
38,EP ms,0.0117028449695147,0.0084022937935757,0.0073991509025184,0.0860183172499816,8.61921245709554e-28
38,PlC ms,0.0117028449695147,0.0077890904993074,0.0116865229551957,0.1081042226520118,8.756129469051325e-43
38,PrC ms,0.0117028449695147,0.0076970494062194,0.0059808145476344,0.0773357262048687,8.095362740791901e-23
38,S ms,0.0117028449695147,0.0159140300093069,0.0040763912478547,0.0638466228382893,4.028373939546203e-16
38,SDS ms,0.0117028449695147,0.0110487007864212,0.0021591155866294,0.046466284407401,2.491172983449587e-09
39,DEM,0.0117028449695147,0.072172786803451,0.0755292617508198,0.2748258753298528,5.340777078374893e-265
39,RGB,0.0117028449695147,0.0219217883857828,0.0189988485302595,0.1378363106378707,2.706966432391511e-68
39,RGB+NIR,0.0117028449695147,0.0133834260282452,0.0449104411591608,0.2119208370103346,1.6626525959212471e-158
39,NHD,0.0117028449695147,0.0140795000000002,0.0007582514766987,0.0275363664396516,0.0002902910631243
39,OSM,0.0117028449695147,0.0034755000000002,0.0008225256802334,0.0286797085102593,0.0001678656187205
39,EP 5,0.0117028449695147,0.0912077763790209,0.0054126020395942,0.073570388333855,8.005853317874834e-21
39,EP 11,0.0117028449695147,0.0744763995219353,0.0038035181306245,0.0616726692354444,3.694603116337231e-15
39,EP 21,0.0117028449695147,0.0635475074820557,0.0074386166287923,0.0862474152006444,6.26934974831121e-28
39,EP 51,0.0117028449695147,0.0540497168523555,0.0120931145122702,0.1099686978747598,3.3293247827292097e-44
39,EP 101,0.0117028449695147,0.0498912186071178,0.0100074685383994,0.1000373357222163,6.442537821570513e-37
39,EP 201,0.0117028449695147,0.0488192816254192,0.0040793509206488,0.0638697966228865,3.932746602377132e-16
39,PlC 5,0.0117028449695147,0.052551228744479,0.0207561992885338,0.1440701193465661,2.0313714622451354e-74
39,PlC 10,0.0117028449695147,0.061065722231311,0.0154061806840471,0.1241216366474723,9.11412065989479e-56
39,PlC 20,0.0117028449695147,0.0630717584149972,0.0150025982714828,0.1224850940787606,2.3313005766619085e-54
39,PlC 50,0.0117028449695147,0.0608580491827591,0.0071637607446859,0.0846390025029,5.756303200975839e-27
39,PlC 100,0.0117028449695147,0.0792357659272448,0.0008299436258114,0.0288087421768375,0.0001576053005082
39,PlC 200,0.0117028449695147,0.0688240823019097,-7.031344880824453e-06,,0.3461560969842057
39,PrC 5,0.0117028449695147,0.058147992410093,0.0010916142041435,0.0330395854111928,1.729782492827712e-05
39,PrC10,0.0117028449695147,0.0527459952646165,0.001932691999786,0.0439623930170555,1.604005971968901e-08
39,PrC20,0.0117028449695147,0.0526118523884229,0.0022604480677495,0.0475441696504372,1.0842390956107155e-09
39,PrC50,0.0117028449695147,0.0580626231465455,0.0024369771771981,0.0493657490290396,2.55052782935706e-10
39,PrC100,0.0117028449695147,0.0549047130313253,0.002317899969409,0.0481445736237119,6.768025126275006e-10
39,PrC200,0.0117028449695147,0.0556219891837636,0.0019067683347035,0.0436665585397286,1.9859025936318142e-08
39,S 5,0.0117028449695147,0.0858864971008596,0.0009657326840354,0.0310762398632047,4.99048058330571e-05
39,S 10,0.0117028449695147,0.090110412734044,0.0013324905002932,0.0365032943758951,2.3080865102061864e-06
39,S 20,0.0117028449695147,0.0954244211683856,0.0018750480563092,0.043301825092128,2.57926230868454e-08
39,S 50,0.0117028449695147,0.118196391640585,0.0033488183563354,0.057868975767119,1.491637839938162e-13
39,S 100,0.0117028449695147,0.1330489305378678,0.0048027551669791,0.0693019131552598,1.1150368121209842e-18
39,S 200,0.0117028449695147,0.1341879407901989,0.0068124258616781,0.0825374209778698,9.804939407922301e-26
39,SDS 5,0.0117028449695147,0.070337834830791,0.0009456680781773,0.0307517166704121,5.911825488381076e-05
39,SDS 11,0.0117028449695147,0.0706557846546668,0.0006945901532783,0.0263550783204747,0.0005005963402376
39,SDS 21,0.0117028449695147,0.0704034799986008,0.0008070608949102,0.0284088172036474,0.000191472199733
39,SDS 51,0.0117028449695147,0.0717892202682848,0.0011638245325785,0.0341148726009427,9.44161152694907e-06
39,SDS 101,0.0117028449695147,0.0765113726768917,0.00173348750885,0.0416351715362151,8.295594243113587e-08
39,SDS 201,0.0117028449695147,0.0851513548133062,0.0030351570525484,0.055092259461275,1.9215040567124024e-12
39,EP ms,0.0117028449695147,0.0081575542362335,0.0102971826565742,0.1014750346468247,6.257502583074493e-38
39,PlC ms,0.0117028449695147,0.0079734679958688,0.0137541347001758,0.1172780230911822,5.294567060384483e-50
39,PrC ms,0.0117028449695147,0.0077251555196073,0.0051539401973151,0.0717909478786506,6.491832959909814e-20
39,S ms,0.0117028449695147,0.0153708801845965,0.0035232702899607,0.0593571418614535,3.6064642152048235e-14
39,SDS ms,0.0117028449695147,0.0113526504625514,0.0016956479766992,0.0411782464014587,1.1341228117445384e-07
40,DEM,0.0117028449695147,0.0708762614351598,0.0778648511493988,0.2790427407215583,4.03960353633267e-273
40,RGB,0.0117028449695147,0.0214921976303033,0.0189368268721169,0.1376111437061583,4.45319088393689e-68
40,RGB+NIR,0.0117028449695147,0.0132729233648779,0.0435348893682026,0.2086501602400599,1.0155105212428828e-153
40,NHD,0.0117028449695147,0.0133718750000001,0.0015782976592168,0.0397277945425719,2.995260490100841e-07
40,OSM,0.0117028449695147,0.0042138749999996,0.0010398753484993,0.0322470982958062,2.6719502657795463e-05
40,EP 5,0.0117028449695147,0.106994534206528,0.0036871427879941,0.0607218476991117,9.513322829029984e-15
40,EP 11,0.0117028449695147,0.0914128425807386,0.0021665203705922,0.0465458953141113,2.344176455050093e-09
40,EP 21,0.0117028449695147,0.0709545035482335,0.0054044192822988,0.0735147555413121,8.553723124190464e-21
40,EP 51,0.0117028449695147,0.0576356326321843,0.0111914335480595,0.1057895720194555,4.695465785350076e-41
40,EP 101,0.0117028449695147,0.0509797384912581,0.0103041168026343,0.1015091956555384,5.917874514180291e-38
40,EP 201,0.0117028449695147,0.0489273352469284,0.0049617662499418,0.0704398058624653,3.0761743586144424e-19
40,PlC 5,0.0117028449695147,0.0524768330577619,0.0232368811509047,0.1524364823488944,4.62071603174826e-83
40,PlC 10,0.0117028449695147,0.0605932433475866,0.0157249187994003,0.1253990382714333,7.045485857814322e-57
40,PlC 20,0.0117028449695147,0.0622255693750291,0.0144805473416122,0.120335145911792,1.5451971528076989e-52
40,PlC 50,0.0117028449695147,0.0595390420508356,0.0071803875583609,0.0847371675143852,5.033677747017333e-27
40,PlC 100,0.0117028449695147,0.0766853901792067,0.0007677871468024,0.0277089723158835,0.0002675959235303
40,PlC 200,0.0117028449695147,0.0680011116391784,-4.046868336837129e-06,,0.3335023938514583
40,PrC 5,0.0117028449695147,0.0571399831496841,0.0011037221852359,0.0332223145677111,1.5626219808921938e-05
40,PrC10,0.0117028449695147,0.0519698925147316,0.0020980469071106,0.0458044420019569,4.114589245453825e-09
40,PrC20,0.0117028449695147,0.0519339901980535,0.0024149125333483,0.0491417595670764,3.055832220193777e-10
40,PrC50,0.0117028449695147,0.0579935254193191,0.0019061729180792,0.0436597402429196,1.9956697290256516e-08
40,PrC100,0.0117028449695147,0.0555855372671145,0.0018073509943918,0.0425129509019528,4.5079847508763396e-08
40,PrC200,0.0117028449695147,0.0558035288093569,0.0017582472258641,0.0419314586660674,6.761252903616506e-08
40,S 5,0.0117028449695147,0.0843215044612802,0.0009794201213528,0.0312956885425586,4.446193843590888e-05
40,S 10,0.0117028449695147,0.0878415256368347,0.0013903793551617,0.0372877909665045,1.4254145126024535e-06
40,S 20,0.0117028449695147,0.0935891867640389,0.0018718423727342,0.0432647936864865,2.6483330779727768e-08
40,S 50,0.0117028449695147,0.1165189928449936,0.0033221750566199,0.0576383124026016,1.8530058373472506e-13
40,S 100,0.0117028449695147,0.1350210171494611,0.0051676295698727,0.0718862265658226,5.810979546427855e-20
40,S 200,0.0117028449695147,0.13652578487146,0.0078492528466371,0.0885960092026564,2.2863008067897082e-29
40,SDS 5,0.0117028449695147,0.0680114683671446,0.0007945761291072,0.028188226781889,0.0002129504389352
40,SDS 11,0.0117028449695147,0.0692367619062829,0.0005253876595694,0.0229213363390857,0.0021625263890223
40,SDS 21,0.0117028449695147,0.068755791966661,0.0006759517046421,0.0259990712265295,0.0005874826065522
40,SDS 51,0.0117028449695147,0.0701052704251914,0.0011701632029902,0.0342076483113095,8.953569246441384e-06
40,SDS 101,0.0117028449695147,0.0741989036153515,0.0018504422038523,0.0430167665434345,3.159395126072709e-08
40,SDS 201,0.0117028449695147,0.0819748461914692,0.0032963448413156,0.0574138035781956,2.286793986061842e-13
40,EP ms,0.0117028449695147,0.0087042519016682,0.0093808934042872,0.0968550122827272,9.99490358551937e-35
40,PlC ms,0.0117028449695147,0.0079413775136178,0.0142766268023364,0.1194848392154271,7.952740088615019e-52
40,PrC ms,0.0117028449695147,0.0076915077533231,0.0057403464355918,0.0757650739826198,5.653900582372894e-22
40,S ms,0.0117028449695147,0.0151404604579297,0.0046294764656919,0.0680402562141852,4.5394397008981774e-18
40,SDS ms,0.0117028449695147,0.0110753103547076,0.0016701959554045,0.0408680309704848,1.399786161477032e-07
41,DEM,0.0117028449695147,0.0724173799408552,0.0751111237755972,0.2740640869862325,1.519032532489655e-263
41,RGB,0.0117028449695147,0.0215322055342833,0.0198904544495548,0.14103352243192,2.1128198354089915e-71
41,RGB+NIR,0.0117028449695147,0.0133005439564107,0.0461865738332235,0.214910618242151,6.039530132028445e-163
41,NHD,0.0117028449695147,0.0164220000000003,0.0011541322097028,0.0339725213916015,1.024002027237384e-05
41,OSM,0.0117028449695147,0.002734875,0.0006448681013097,0.0253942533127039,0.0007676390797635
41,EP 5,0.0117028449695147,0.0930909499364141,0.0036942238619061,0.0607801271955413,8.981171825500728e-15
41,EP 11,0.0117028449695147,0.0780127771933336,0.0022939660240384,0.0478953653711761,8.235850315165125e-10
41,EP 21,0.0117028449695147,0.0656020436849159,0.0052981924284015,0.0727886833814261,2.0201928110572563e-20
41,EP 51,0.0117028449695147,0.0549728653671872,0.0106077749183937,0.1029940528302183,5.139874432579845e-39
41,EP 101,0.0117028449695147,0.0495906967032805,0.0095466482710918,0.0977069509865691,2.6312180518684626e-35
41,EP 201,0.0117028449695147,0.0483575169267232,0.0037576780604753,0.0612999026139143,5.362218844031614e-15
41,PlC 5,0.0117028449695147,0.0534025561561809,0.0203655567151262,0.1427079420183973,4.6677691034853455e-73
41,PlC 10,0.0117028449695147,0.0594848567855885,0.0134443038665422,0.1159495746716748,6.385189610800379e-49
41,PlC 20,0.0117028449695147,0.0600080561812751,0.0134125573682224,0.1158125958962255,8.240978622001408e-49
41,PlC 50,0.0117028449695147,0.0587037137857812,0.0065491540091312,0.0809268435633769,8.212465939532843e-25
41,PlC 100,0.0117028449695147,0.0720425419799301,0.0006208050262324,0.0249159592677555,0.0009447250325317
41,PlC 200,0.0117028449695147,0.0701990537981042,-7.446362303968574e-07,,0.3202106671662392
41,PrC 5,0.0117028449695147,0.0566490204563233,0.000721752585885,0.0268654533906482,0.0003966218022365
41,PrC10,0.0117028449695147,0.0519855570649581,0.0014628099847686,0.0382466990048635,7.806744998746331e-07
41,PrC20,0.0117028449695147,0.0515996146763209,0.0016583365569395,0.0407226786562425,1.5440610642583269e-07
41,PrC50,0.0117028449695147,0.0565490406828657,0.0021223786668554,0.0460692811627815,3.368842138052505e-09
41,PrC100,0.0117028449695147,0.0555448507970485,0.0021273737331261,0.04612346185106,3.2333678492124175e-09
41,PrC200,0.0117028449695147,0.0569737894976655,0.0017780019426388,0.0421663603200324,5.7436361096619875e-08
41,S 5,0.0117028449695147,0.0846493161783827,0.0014313837107248,0.0378336320054637,1.0135905823888905e-06
41,S 10,0.0117028449695147,0.0884037492949959,0.0017664243989785,0.0420288519826385,6.31976849100197e-08
41,S 20,0.0117028449695147,0.0945351425793852,0.0023049549329099,0.0480099461873265,7.526036198150704e-10
41,S 50,0.0117028449695147,0.11680626270469,0.0036775397137448,0.0606427218530369,1.0285759636447636e-14
41,S 100,0.0117028449695147,0.1320589158298239,0.005131233108255,0.071632626004182,7.801635462310196e-20
41,S 200,0.0117028449695147,0.1323906588745147,0.0072768047200035,0.0853041893461484,2.3124563125866756e-27
41,SDS 5,0.0117028449695147,0.0685690047378619,0.0017002636844479,0.0412342537758104,1.0916635646310815e-07
41,SDS 11,0.0117028449695147,0.068060294949378,0.0012672640746799,0.0355986527087748,3.976327426199581e-06
41,SDS 21,0.0117028449695147,0.0679329818571259,0.0011996345670335,0.0346357411792152,6.996646334151351e-06
41,SDS 51,0.0117028449695147,0.0701210409553877,0.0016323948779804,0.040402906801126,1.9137591974025873e-07
41,SDS 101,0.0117028449695147,0.0735932918406811,0.0025929520793742,0.0509210376894878,7.114509078327881e-11
41,SDS 201,0.0117028449695147,0.0819140286187448,0.0044113047601947,0.0664176539799076,2.661234830553421e-17
41,EP ms,0.0117028449695147,0.0082163536139681,0.0087459529916789,0.0935197999980697,1.6622691484042269e-32
41,PlC ms,0.0117028449695147,0.0077992227819992,0.0127053166223187,0.1127178629247322,2.425396783716114e-46
41,PrC ms,0.0117028449695147,0.0076502608659168,0.005266036064246,0.0725674587142617,2.620553645435779e-20
41,S ms,0.0117028449695147,0.0151264424800539,0.0043170163635278,0.0657040056886021,5.717126827531145e-17
41,SDS ms,0.0117028449695147,0.011049285136521,0.0024911760734348,0.0499116827349551,1.636333135923352e-10
42,DEM,0.0117028449695147,0.0712120499487749,0.0765594320401605,0.2766937513572732,1.3979504131484984e-268
42,RGB,0.0117028449695147,0.0219909653360214,0.0218429604380996,0.1477936413994176,3.319011392916202e-78
42,RGB+NIR,0.0117028449695147,0.0134863777910581,0.0476250334883627,0.2182316051546218,5.9792829239517655e-168
42,NHD,0.0117028449695147,0.0140914921875002,0.0013169103961098,0.0362892600656144,2.628087209375015e-06
42,OSM,0.0117028449695147,0.002734875,0.0006448681013113,0.0253942533127343,0.0007676390797532
42,EP 5,0.0117028449695147,0.0944478496790921,0.0042363980937558,0.0650876185902959,1.099512677580064e-16
42,EP 11,0.0117028449695147,0.0804905307313652,0.0027764214780888,0.0526917591098349,1.5877983837658635e-11
42,EP 21,0.0117028449695147,0.0666193808209115,0.0054530710155085,0.0738449119134724,5.770844042746522e-21
42,EP 51,0.0117028449695147,0.0549575240246138,0.0098894688807715,0.0994458087642284,1.6655524914669604e-36
42,EP 101,0.0117028449695147,0.049709203405939,0.0087458838202873,0.0935194301751638,1.663195695595606e-32
42,EP 201,0.0117028449695147,0.048647098835643,0.0038818029109196,0.0623041163240414,1.955936578305189e-15
42,PlC 5,0.0117028449695147,0.0529630745085147,0.021659104880121,0.1471703260855295,1.4508024320547072e-77
42,PlC 10,0.0117028449695147,0.0609965144741986,0.0137772400481468,0.1173764884810704,4.39738642826807e-50
42,PlC 20,0.0117028449695147,0.0610233428300051,0.0131821191547091,0.1148134101693226,5.2518760021686994e-48
42,PlC 50,0.0117028449695147,0.0583855296910875,0.0061883410950007,0.0786660097818665,1.5136506903514426e-23
42,PlC 100,0.0117028449695147,0.0739698702917153,0.0008851825650398,0.0297520178313984,9.862109860029314e-05
42,PlC 200,0.0117028449695147,0.0702531319503438,-5.081121001779119e-06,,0.3378159988079455
42,PrC 5,0.0117028449695147,0.0573454551059747,0.0009172666778149,0.0302864107780205,7.516140400132773e-05
42,PrC10,0.0117028449695147,0.0521162419975187,0.0019011432970918,0.0436021019802013,2.0801187097351616e-08
42,PrC20,0.0117028449695147,0.0520799307253679,0.0022797470736086,0.0477466969916107,9.254698612062e-10
42,PrC50,0.0117028449695147,0.0585498944131307,0.0022525075970442,0.0474605899356958,1.157233725247246e-09
42,PrC100,0.0117028449695147,0.0554751448969382,0.0020141144007595,0.0448788859126378,8.205330089613823e-09
42,PrC200,0.0117028449695147,0.0557920042812267,0.0018711823049125,0.0432571647812543,2.6627835636405353e-08
42,S 5,0.0117028449695147,0.0856876474362529,0.0011501084014685,0.0339132481704208,1.0591082999830505e-05
42,S 10,0.0117028449695147,0.0889223690028123,0.0015009105785455,0.0387415871970356,5.689874325626067e-07
42,S 20,0.0117028449695147,0.0939879437570121,0.0020182519289882,0.0449249588646247,7.930696961046776e-09
42,S 50,0.0117028449695147,0.1124319864104148,0.0034505331750677,0.0587412391345952,6.517812728825097e-14
42,S 100,0.0117028449695147,0.1272505280430407,0.005181370470169,0.0719817370599586,5.1993813005747673e-20
42,S 200,0.0117028449695147,0.1307578744129953,0.007569114602049,0.0870006586299724,2.188468553833939e-28
42,SDS 5,0.0117028449695147,0.0700267625037619,0.0015525237334779,0.0394020777812282,3.7084842095527587e-07
42,SDS 11,0.0117028449695147,0.0702630473220981,0.0012116282559755,0.0348084509275485,6.328940567210591e-06
42,SDS 21,0.0117028449695147,0.0694845306212946,0.0012264365249291,0.0350205157718888,5.59207120708857e-06
42,SDS 51,0.0117028449695147,0.0702161990019401,0.0015304745129358,0.0391212795411376,4.452370928262287e-07
42,SDS 101,0.0117028449695147,0.0746215107032043,0.0022144415469754,0.0470578531913161,1.581622062471836e-09
42,SDS 201,0.0117028449695147,0.0828744741251195,0.0036650834596717,0.060539932768973,1.1381927358569187e-14
42,EP ms,0.0117028449695147,0.0083089374810349,0.0090747832810065,0.0952616569297773,1.1759162704320494e-33
42,PlC ms,0.0117028449695147,0.0077962043560553,0.0129724867084599,0.1138968248392375,2.831942430448277e-47
42,PrC ms,0.0117028449695147,0.0076410707430707,0.0049898463692034,0.0706388446196808,2.450578971825091e-19
42,S ms,0.0117028449695147,0.0148830149080833,0.0042201874088367,0.0649629695198484,1.25406484003286e-16
42,SDS ms,0.0117028449695147,0.0111891644312672,0.0023287932426301,0.0482575718683623,6.189700122768186e-10
43,DEM,0.0117028449695147,0.0716867552943798,0.0780127377906674,0.279307604247839,1.2362801101726374e-273
43,RGB,0.0117028449695147,0.0219527984505898,0.0192085290154445,0.1385948376219133,5.030577624007314e-69
43,RGB+NIR,0.0117028449695147,0.0135749756576046,0.0445747880313254,0.2111274213154829,2.4468207935411527e-157
43,NHD,0.0117028449695147,0.0109968750000002,0.000224660828798,0.0149886900294217,0.0320733263839629
43,OSM,0.0117028449695147,0.003721875,0.0008855142528058,0.0297575915155417,9.83442976707854e-05
43,EP 5,0.0117028449695147,0.0970927952775733,0.003807369644404,0.0617038867852267,3.5807707705773325e-15
43,EP 11,0.0117028449695147,0.0810494988399282,0.0021454187808262,0.0463186655769163,2.7878377743276203e-09
43,EP 21,0.0117028449695147,0.0669888547038934,0.0043124859582289,0.0656695207705135,5.931121342988436e-17
43,EP 51,0.0117028449695147,0.0554498531104045,0.0082132914263182,0.0906272112906395,1.2153763507725268e-30
43,EP 101,0.0117028449695147,0.0500152144902701,0.0067453008037859,0.0821297802492248,1.6856002236007902e-25
43,EP 201,0.0117028449695147,0.0485309245009988,0.002747714899131,0.0524186502986397,2.007478109921877e-11
43,PlC 5,0.0117028449695147,0.0531027296629566,0.0187480962664736,0.1369236877478606,2.0255469760244564e-67
43,PlC 10,0.0117028449695147,0.0610376003387147,0.0127476764725821,0.1129056086852295,1.7254295418053686e-46
43,PlC 20,0.0117028449695147,0.0618634093945215,0.0124112131086908,0.1114056242237834,2.5799695347453952e-45
43,PlC 50,0.0117028449695147,0.0600023282534891,0.0058307239379761,0.0763591771693238,2.7230574675063863e-22
43,PlC 100,0.0117028449695147,0.0694043258085847,0.0004735848329065,0.0217620043402847,0.0034036900704465
43,PlC 200,0.0117028449695147,0.0697080458307671,-7.061320871781131e-05,,1.0
43,PrC 5,0.0117028449695147,0.057400514244612,0.0009606369000944,0.030994142996612,5.2098187525768285e-05
43,PrC10,0.0117028449695147,0.0525321714074332,0.0018744847966045,0.0432953207241212,2.5912664612023375e-08
43,PrC20,0.0117028449695147,0.0527550337458461,0.0021834906078752,0.0467278354717538,2.039219528835341e-09
43,PrC50,0.0117028449695147,0.0591904006196266,0.002381592534412,0.0488015628275578,4.015152944253288e-10
43,PrC100,0.0117028449695147,0.0559755368132632,0.0019824756629131,0.0445250004257509,1.0645772909309404e-08
43,PrC200,0.0117028449695147,0.056410555417686,0.0016671944462513,0.0408312924881316,1.4349713396515506e-07
43,S 5,0.0117028449695147,0.087086463673344,0.0010790087343359,0.0328482683612987,1.922932174233511e-05
43,S 10,0.0117028449695147,0.0904443331607771,0.0014000260774295,0.0374169223404275,1.3155000130559483e-06
43,S 20,0.0117028449695147,0.0950797716697581,0.0017004956217416,0.0412370661146215,1.089572544893868e-07
43,S 50,0.0117028449695147,0.1114998163533069,0.0025520822643457,0.0505181379738578,9.939527409036248e-11
43,S 100,0.0117028449695147,0.1266856168701994,0.0037356034938079,0.0611195835539476,6.415929384256934e-15
43,S 200,0.0117028449695147,0.1265324516073668,0.0059784132558638,0.0773201995332643,8.253988437057669e-23
43,SDS 5,0.0117028449695147,0.0726446255962296,0.0009825970290776,0.031346403766264,4.328644628693556e-05
43,SDS 11,0.0117028449695147,0.0723620449862393,0.0008835591740403,0.0297247232794579,9.998720636023632e-05
43,SDS 21,0.0117028449695147,0.0715107292979864,0.0010337198574119,0.032151514076509,2.8139780642919216e-05
43,SDS 51,0.0117028449695147,0.0739850376058297,0.0014027438624893,0.0374532223245117,1.2860975506846064e-06
43,SDS 101,0.0117028449695147,0.0792061199182324,0.0020232124079262,0.0449801334805293,7.61354658418725e-09
43,SDS 201,0.0117028449695147,0.089302089452921,0.0035227777384825,0.0593529926666088,3.620943906547917e-14
43,EP ms,0.0117028449695147,0.008372071821194,0.0078321763337264,0.0884995838053855,2.6237672085365505e-29
43,PlC ms,0.0117028449695147,0.0078086607235124,0.0116317307984912,0.1078505020780673,1.3604548206644134e-42
43,PrC ms,0.0117028449695147,0.0078081426787409,0.005057641019935,0.0711170937253133,1.4154635128073675e-19
43,S ms,0.0117028449695147,0.0151419844269639,0.0033040201222473,0.0574806064881658,2.148234371570428e-13
43,SDS ms,0.0117028449695147,0.0116824488799345,0.0016665971575434,0.0408239777280883,1.442078091898764e-07
44,DEM,0.0117028449695147,0.0737078977363726,0.0755451318057868,0.2748547467405045,4.703495401137354e-265
44,RGB,0.0117028449695147,0.021624163080209,0.0187833213377038,0.137052257689189,1.5267020436375826e-67
44,RGB+NIR,0.0117028449695147,0.0133278133935653,0.0448206636128055,0.2117089124548269,3.413134279204193e-158
44,NHD,0.0117028449695147,0.0133718750000001,0.001474973429246,0.0384053828160332,7.056730059087779e-07
44,OSM,0.0117028449695147,0.0022398750000001,0.0005188015646574,0.0227772159110253,0.0022905068359011
44,EP 5,0.0117028449695147,0.1083418755169342,0.0035701125580671,0.0597504188944911,2.4638071085536806e-14
44,EP 11,0.0117028449695147,0.1022415774887221,0.0021173789043525,0.0460149856498141,3.510136402759394e-09
44,EP 21,0.0117028449695147,0.0795471769931294,0.0051692357175671,0.0718973971543278,5.735930086189546e-20
44,EP 51,0.0117028449695147,0.0613185854542871,0.0094521768251257,0.0972223062117215,5.629923788372064e-35
44,EP 101,0.0117028449695147,0.0516753581614321,0.0082945336296327,0.0910743302453154,6.3147461823169225e-31
44,EP 201,0.0117028449695147,0.0487132747906606,0.0039062212301341,0.0624997698406494,1.604043008210856e-15
44,PlC 5,0.0117028449695147,0.0527723677962746,0.0226715367744648,0.1505707035729889,4.307468925987799e-81
44,PlC 10,0.0117028449695147,0.0571873345588476,0.0134706641808203,0.1160631904645927,5.166175249034336e-49
44,PlC 20,0.0117028449695147,0.058055293118165,0.0132802937317665,0.1152401567673634,2.3857895658810448e-48
44,PlC 50,0.0117028449695147,0.0568737242315281,0.006873409677516,0.0829060291988225,5.993506378712416e-26
44,PlC 100,0.0117028449695147,0.0729114240186805,0.00090398704737,0.0300663773569417,8.410094608826198e-05
44,PlC 200,0.0117028449695147,0.0692287036628925,-6.69235993123763e-05,,1.0
44,PrC 5,0.0117028449695147,0.0561496239597791,0.0015211569726834,0.0390020124183793,4.810086406116526e-07
44,PrC10,0.0117028449695147,0.0520647039771082,0.0022028515426866,0.0469345453017987,1.7395010199990535e-09
44,PrC20,0.0117028449695147,0.052338292340159,0.0022544220421156,0.0474807544392005,1.139196673968911e-09
44,PrC50,0.0117028449695147,0.0586372323591552,0.002175285825911,0.0466399595401951,2.1813526063696254e-09
44,PrC100,0.0117028449695147,0.0543295511982984,0.0017902469511336,0.0423113099671187,5.1914374067493575e-08
44,PrC200,0.0117028449695147,0.0556234266732174,0.0015483102038106,0.0393485730848101,3.8403052820417156e-07
44,S 5,0.0117028449695147,0.0833707266089341,0.0009614649688231,0.0310074985902297,5.173527460595578e-05
44,S 10,0.0117028449695147,0.0882434042238847,0.0012150569550292,0.0348576670910327,6.150092317568524e-06
44,S 20,0.0117028449695147,0.0933082663039114,0.0014634434616931,0.0382549795672818,7.765780553347102e-07
44,S 50,0.0117028449695147,0.1104941465033542,0.0022938545133594,0.0478942012498328,8.243386529903631e-10
44,S 100,0.0117028449695147,0.1198194572325075,0.0034605383559614,0.0588263406643783,6.008180516662588e-14
44,S 200,0.0117028449695147,0.1219386078643838,0.0051360980905233,0.0716665758252989,7.500397616296258e-20
44,SDS 5,0.0117028449695147,0.0669586733156974,0.0007610461321565,0.0275870645802794,0.000283445704904
44,SDS 11,0.0117028449695147,0.0678305626226563,0.0007208875058301,0.0268493483315734,0.0003995706301498
44,SDS 21,0.0117028449695147,0.0671595015446975,0.0009569227496522,0.0309341679967675,5.3757719954398264e-05
44,SDS 51,0.0117028449695147,0.0688948132375767,0.0013330662924458,0.0365111803759601,2.297040330141458e-06
44,SDS 101,0.0117028449695147,0.0736884350135737,0.0018601139826336,0.0431290387399674,2.9172089097765575e-08
44,SDS 201,0.0117028449695147,0.0827789399626809,0.0030442896838387,0.0551750820918171,1.783592035518096e-12
44,EP ms,0.0117028449695147,0.0089965962577564,0.0086869073141576,0.0932035799428201,2.674776204453667e-32
44,PlC ms,0.0117028449695147,0.0076739062948635,0.0137517714974555,0.117267947442835,5.396073741642545e-50
44,PrC ms,0.0117028449695147,0.0077094327049182,0.0054155948831347,0.0735907255239054,7.814358377448021e-21
44,S ms,0.0117028449695147,0.014581723846694,0.0031130995105379,0.055795156694268,1.0177511061976237e-12
44,SDS ms,0.0117028449695147,0.0109412571617033,0.0015692873334701,0.039614231451211,3.227437533675207e-07
45,DEM,0.0117028449695147,0.0713762321830462,0.0796004579570907,0.2821355311850861,3.7277550817954456e-279
45,RGB,0.0117028449695147,0.021880999111813,0.0229796803283013,0.1515905021045228,3.6367549549352857e-82
45,RGB+NIR,0.0117028449695147,0.0134834420873507,0.0471614493263166,0.2171668697714193,2.4514394924192472e-166
45,NHD,0.0117028449695147,0.0119498749999998,0.0012619652266457,0.0355241499074324,4.156158417716e-06
45,OSM,0.0117028449695147,0.0022398750000001,0.0005328611932465,0.0230837863715317,0.0020260555913363
45,EP 5,0.0117028449695147,0.1114447942657065,0.0037072906241302,0.0608875243718306,8.076136136696192e-15
45,EP 11,0.0117028449695147,0.1051659809480002,0.0022046410539695,0.0469536053351554,1.7141317033014903e-09
45,EP 21,0.0117028449695147,0.0801163796057285,0.0055550578118674,0.074532260209036,2.5293392633267538e-21
45,EP 51,0.0117028449695147,0.0602324351112716,0.0096303724096613,0.0981344608670231,1.3409396521348603e-35
45,EP 101,0.0117028449695147,0.0513025988248886,0.0091544910143013,0.0956791043765635,6.188454306067221e-34
45,EP 201,0.0117028449695147,0.0489475924748769,0.004771644065461,0.0690770878472817,1.4346285580416521e-18
45,PlC 5,0.0117028449695147,0.0525115169106827,0.0222474330768172,0.1491557343075257,1.2935287196603563e-79
45,PlC 10,0.0117028449695147,0.0597826446167581,0.0140194092092939,0.1184035861335879,6.281725901798819e-51
45,PlC 20,0.0117028449695147,0.0608133415230772,0.0137295119950872,0.1171730002820072,6.453010728626309e-50
45,PlC 50,0.0117028449695147,0.0585018744213113,0.0082931820901794,0.0910669099628366,6.383902451878098e-31
45,PlC 100,0.0117028449695147,0.0692604329312198,0.0013863921633783,0.0372342874697279,1.4734926064403794e-06
45,PlC 200,0.0117028449695147,0.0704347414964103,-1.633713727666398e-05,,0.3901078552637347
45,PrC 5,0.0117028449695147,0.0561606974855715,0.0010405916140776,0.0322582022759735,2.6558985671546182e-05
45,PrC10,0.0117028449695147,0.0515676623259492,0.0014656888266221,0.0382843156739429,7.622309854219163e-07
45,PrC20,0.0117028449695147,0.0517604302299898,0.0016637519068584,0.0407891150536324,1.476419143630609e-07
45,PrC50,0.0117028449695147,0.0578799408258311,0.0014787792419333,0.0384548988027966,6.837236339543156e-07
45,PrC100,0.0117028449695147,0.0538129415638248,0.0014803023607662,0.0384746976695883,6.751323050951865e-07
45,PrC200,0.0117028449695147,0.0542170014489283,0.0014079696295794,0.0375229213891916,1.2314014858995138e-06
45,S 5,0.0117028449695147,0.0846950022110556,0.0008626576935141,0.0293710349411478,0.000119375678018
45,S 10,0.0117028449695147,0.0881143014307918,0.0011974013148708,0.034603487033402,7.128571762234042e-06
45,S 20,0.0117028449695147,0.0932383478564663,0.001522270293813,0.0390162824191784,4.7658720526948955e-07
45,S 50,0.0117028449695147,0.1111789244047941,0.0025986152879252,0.05097661510855,6.792441195147421e-11
45,S 100,0.0117028449695147,0.1238881623437336,0.0042015688107089,0.0648195094914249,1.4585719936108844e-16
45,S 200,0.0117028449695147,0.125408398012526,0.0070440177534445,0.0839286467986025,1.5126592925932746e-26
45,SDS 5,0.0117028449695147,0.06855498607526,0.0008335779960482,0.0288717508310156,0.000152811229088
45,SDS 11,0.0117028449695147,0.0681694319377479,0.0006841392391915,0.0261560554975618,0.0005475813273966
45,SDS 21,0.0117028449695147,0.0673451588844559,0.0009048138931428,0.030080124553314,8.351433769085104e-05
45,SDS 51,0.0117028449695147,0.0693256425518521,0.0013023550006111,0.0360881559602469,2.9671560967765646e-06
45,SDS 101,0.0117028449695147,0.0752723682542648,0.0018799536799684,0.0433584326281346,2.4770414088142823e-08
45,SDS 201,0.0117028449695147,0.083579285871005,0.0031821482717781,0.0564105333406635,5.797450065827509e-13
45,EP ms,0.0117028449695147,0.0090275723328846,0.0093016632032109,0.0964451305313592,1.891727282754835e-34
45,PlC ms,0.0117028449695147,0.007767635769433,0.0137881391407787,0.1174229072233301,4.028634561365637e-50
45,PrC ms,0.0117028449695147,0.0076376485486767,0.0038916391289043,0.0623830035258348,1.8057403655942706e-15
45,S ms,0.0117028449695147,0.0147985781301069,0.0038237880040976,0.0618367852018327,3.133584892370399e-15
45,SDS ms,0.0117028449695147,0.0110514076781513,0.0018933604782482,0.043512762245671,2.2179049415608778e-08
46,DEM,0.0117028449695147,0.0717480669225091,0.075527355789058,0.2748224077273505,5.422903879549672e-265
46,RGB,0.0117028449695147,0.0215313061327607,0.0222072605488368,0.149021007072281,1.7854139713102545e-79
46,RGB+NIR,0.0117028449695147,0.0134445763502512,0.0462361431568276,0.2150259127566433,4.060221205388176e-163
46,NHD,0.0117028449695147,0.0124373046875003,0.0015649687041273,0.0395596853390838,3.345032152664268e-07
46,OSM,0.0117028449695147,0.0032288749999999,0.0007712445710698,0.0277712904105991,0.0002598163835368
46,EP 5,0.0117028449695147,0.0940753388476869,0.0042711611727432,0.0653541213141393,8.293146951171611e-17
46,EP 11,0.0117028449695147,0.0798142232563473,0.0024902531594362,0.0499024364078171,1.648744299905343e-10
46,EP 21,0.0117028449695147,0.0660476930698621,0.0052014527317474,0.0721210976881764,4.4194415882299925e-20
46,EP 51,0.0117028449695147,0.0552503905567897,0.0096644851668837,0.0983081134336519,1.0189104482144422e-35
46,EP 101,0.0117028449695147,0.0499690245082266,0.0081108952877934,0.0900605090358334,2.7741843092877432e-30
46,EP 201,0.0117028449695147,0.0482267323020329,0.0032771078893056,0.0572460294632354,2.67465377894576e-13
46,PlC 5,0.0117028449695147,0.0530720394433422,0.0217227137686049,0.1473862740169686,8.709174652824429e-78
46,PlC 10,0.0117028449695147,0.0594563315269132,0.0135353852764554,0.1163416747191454,3.070989555488145e-49
46,PlC 20,0.0117028449695147,0.0609092210644444,0.0128638497305842,0.1134189125789182,6.781537885788998e-47
46,PlC 50,0.0117028449695147,0.0592220663710158,0.0064070255480297,0.0800438976314232,2.5876832500610602e-24
46,PlC 100,0.0117028449695147,0.0733251089540524,0.0007223151018239,0.0268759204832864,0.0003947161233341
46,PlC 200,0.0117028449695147,0.069141012409651,3.9310364423524026e-05,0.0062697977976585,0.2018461483653345
46,PrC 5,0.0117028449695147,0.0568616258967581,0.0012269556611881,0.0350279268753969,5.567862796304482e-06
46,PrC10,0.0117028449695147,0.0520942084008001,0.0017523424330191,0.041860989393696,7.099146126120931e-08
46,PrC20,0.0117028449695147,0.051888260046815,0.0020942279575742,0.0457627354686572,4.245799395874487e-09
46,PrC50,0.0117028449695147,0.0578158267168457,0.0027260500649412,0.0522115893738281,2.396265263688918e-11
46,PrC100,0.0117028449695147,0.0546227212996461,0.0026220757220913,0.0512062078472072,5.6064790851674074e-11
46,PrC200,0.0117028449695147,0.0559733254346938,0.0016490798782846,0.0406088645283838,1.6669545997455426e-07
46,S 5,0.0117028449695147,0.0844857942894189,0.000955777830246,0.0309156567170438,5.4279927374062125e-05
46,S 10,0.0117028449695147,0.0888930843554661,0.0013513522625476,0.0367607434982981,1.972507332839332e-06
46,S 20,0.0117028449695147,0.0943856467122729,0.0016488569641175,0.0406061197865244,1.6700319222598096e-07
46,S 50,0.0117028449695147,0.1146195640524729,0.0025771045841605,0.050765190673931,8.099335851042142e-11
46,S 100,0.0117028449695147,0.1295106312868903,0.0036988261458107,0.0608179755155556,8.651379390344829e-15
46,S 200,0.0117028449695147,0.1270265459130253,0.006003582238356,0.0774827867229621,6.734924865304955e-23
46,SDS 5,0.0117028449695147,0.0755459356242886,0.0005621839731585,0.0237104190844142,0.0015697063907082
46,SDS 11,0.0117028449695147,0.0746416984817737,0.0005484145296471,0.0234182520621664,0.0017693608556302
46,SDS 21,0.0117028449695147,0.0727240557873984,0.0008376522982142,0.0289422234497326,0.0001476111752408
46,SDS 51,0.0117028449695147,0.0736727296189781,0.0012807598567197,0.0357877053849474,3.552786349128057e-06
46,SDS 101,0.0117028449695147,0.0786868827691518,0.001843382318984,0.0429346284365438,3.3488046608441855e-08
46,SDS 201,0.0117028449695147,0.0855234313764831,0.0031214644946102,0.055870067966759,9.506659251228405e-13
46,EP ms,0.0117028449695147,0.0083116609674616,0.0086393181249186,0.0929479323326702,3.924615881586132e-32
46,PlC ms,0.0117028449695147,0.0078651376872032,0.0130980752481115,0.1144468227960549,1.0320064597013579e-47
46,PrC ms,0.0117028449695147,0.0076834609636852,0.0054769038495335,0.0740061068394596,4.759040317409361e-21
46,S ms,0.0117028449695147,0.0152034410150301,0.0037259784549054,0.0610407933672675,6.9380041129182856e-15
46,SDS ms,0.0117028449695147,0.0117076177707871,0.0016299981249683,0.0403732352551585,1.9521015147832025e-07
47,DEM,0.0117028449695147,0.0723706061934029,0.0782252142382271,0.27968770841463,2.2558430663577511e-274
47,RGB,0.0117028449695147,0.0216195955738445,0.0160905094680816,0.1268483719567644,3.739261870207556e-58
47,RGB+NIR,0.0117028449695147,0.0132277738564463,0.0431723086026454,0.2077794710808684,1.8545020631096629e-152
47,NHD,0.0117028449695147,0.0126619999999997,0.0017080944722757,0.0413290995822036,1.0232407103337401e-07
47,OSM,0.0117028449695147,0.0034755000000002,0.0008345409550874,0.0288884225095009,0.0001515657888449
47,EP 5,0.0117028449695147,0.09710661176765,0.0036083164473866,0.0600692637493309,1.8058132751521357e-14
47,EP 11,0.0117028449695147,0.0828485077728717,0.0021440049255505,0.0463034007989754,2.8204076446843515e-09
47,EP 21,0.0117028449695147,0.0687349949830517,0.0044684102602064,0.0668461686277263,1.6749266666269624e-17
47,EP 51,0.0117028449695147,0.0557106080285622,0.00924154997346,0.0961329806750007,3.0696836335458272e-34
47,EP 101,0.0117028449695147,0.0499811791228737,0.0088940963115593,0.0943085166438287,5.039951033497111e-33
47,EP 201,0.0117028449695147,0.0490048492683828,0.0040298768247894,0.0634813108307431,5.876546775021289e-16
47,PlC 5,0.0117028449695147,0.0531770067989885,0.0207850312096194,0.144170146735097,1.6118263434802688e-74
47,PlC 10,0.0117028449695147,0.0598645873967748,0.0128795729177251,0.1134882060732528,5.97638774218066e-47
47,PlC 20,0.0117028449695147,0.060510301232898,0.0132803314044592,0.1152403202202215,2.3850673050588273e-48
47,PlC 50,0.0117028449695147,0.0599498823961126,0.007188383991692,0.0847843381273453,4.719188362905613e-27
47,PlC 100,0.0117028449695147,0.0744117698559979,0.0008562233368844,0.029261294176513,0.0001260749778566
47,PlC 200,0.0117028449695147,0.068832665863749,0.0001689690788242,0.0129988106696068,0.0542982849833827
47,PrC 5,0.0117028449695147,0.0568470886266712,0.0010170165063195,0.0318906962344752,3.23880077747728e-05
47,PrC10,0.0117028449695147,0.0525208347179267,0.0018622365518288,0.0431536389175792,2.8665985786799215e-08
47,PrC20,0.0117028449695147,0.0528252838064631,0.0021953324839459,0.0468543752913851,1.8502705193192007e-09
47,PrC50,0.0117028449695147,0.0588486925673645,0.002316382251155,0.048128808952176,6.852784603924848e-10
47,PrC100,0.0117028449695147,0.055128229048411,0.0018684681648733,0.0432257812523194,2.7230375537928625e-08
47,PrC200,0.0117028449695147,0.0555489723489047,0.001278634699906,0.0357580019003591,3.616346898284827e-06
47,S 5,0.0117028449695147,0.0888808504159448,0.0010363932106799,0.0321930615300866,2.7513858538569016e-05
47,S 10,0.0117028449695147,0.0944378032930397,0.0013293986364368,0.0364609193032327,2.368319636788309e-06
47,S 20,0.0117028449695147,0.1007271465535365,0.001684380991906,0.0410412108971703,1.2448479039201804e-07
47,S 50,0.0117028449695147,0.1235002669393488,0.0028052438919806,0.0529645531651179,1.2547278322652036e-11
47,S 100,0.0117028449695147,0.1388228913005028,0.0040176439689629,0.0633848875439798,6.490154575194772e-16
47,S 200,0.0117028449695147,0.143657850610371,0.0060473023381817,0.0777644027700446,4.730473636829679e-23
47,SDS 5,0.0117028449695147,0.0740937263886856,0.0010387781341838,0.0322300812003917,2.6967283796137663e-05
47,SDS 11,0.0117028449695147,0.0730897334731322,0.0008589485199045,0.0293078235272518,0.0001231925696018
47,SDS 21,0.0117028449695147,0.0701644445974489,0.0010511488321633,0.0324214255109693,2.430241256461792e-05
47,SDS 51,0.0117028449695147,0.0723504180041009,0.0014662007035054,0.0382910002938742,7.589976555794421e-07
47,SDS 101,0.0117028449695147,0.0796990873512008,0.0021300345678549,0.0461522975360375,3.1634428848878102e-09
47,SDS 201,0.0117028449695147,0.0866730625123378,0.0033275450132328,0.0576848768156164,1.7737282097802614e-13
47,EP ms,0.0117028449695147,0.0084233368833284,0.0091821355933454,0.0958234605581818,4.953284686133882e-34
47,PlC ms,0.0117028449695147,0.0078317324311265,0.0133155866537615,0.1153931828738663,1.796567726983153e-48
47,PrC ms,0.0117028449695147,0.0077477501096174,0.0051346038524519,0.0716561501369695,7.591661014253799e-20
47,S ms,0.0117028449695147,0.0162085987643205,0.0036302370918994,0.0602514488780098,1.510985980111284e-14
47,SDS ms,0.0117028449695147,0.0116665218034664,0.0017811182905056,0.0422032971520672,5.5977534121048926e-08
48,DEM,0.0117028449695147,0.0710361984026368,0.0774868685107322,0.2783646322914106,8.32988625032734e-272
48,RGB,0.0117028449695147,0.0212942726336867,0.0202240691928877,0.1422113539520941,1.4527385544500846e-72
48,RGB+NIR,0.0117028449695147,0.0133272654894664,0.045474362464078,0.2132471862981504,1.8148458539524512e-160
48,NHD,0.0117028449695147,0.0143148749999997,0.0017501693821753,0.0418350257819376,7.227711178950723e-08
48,OSM,0.0117028449695147,0.0044595000000003,0.001088414252145,0.0329911238387692,1.7768866313766417e-05
48,EP 5,0.0117028449695147,0.1049669555113669,0.0034587240986002,0.0588109181921204,6.097538402097684e-14
48,EP 11,0.0117028449695147,0.1027960974725874,0.0020841454895116,0.0456524423170507,4.612698698009085e-09
48,EP 21,0.0117028449695147,0.0797635583156498,0.0042424689192855,0.065134237688681,1.0466703372476355e-16
48,EP 51,0.0117028449695147,0.0617226262009822,0.0093920516825566,0.0969125981622442,9.136032504190261e-35
48,EP 101,0.0117028449695147,0.0521558138951531,0.0086505510878038,0.093008338807893,3.585036664481269e-32
48,EP 201,0.0117028449695147,0.0486547042023482,0.0033445843220016,0.0578323812582681,1.543954621196335e-13
48,PlC 5,0.0117028449695147,0.053448083214926,0.0184213413027598,0.1357252419513769,2.789879302704655e-66
48,PlC 10,0.0117028449695147,0.0607280942574928,0.0127697952459758,0.1130035187327184,1.4443674432187511e-46
48,PlC 20,0.0117028449695147,0.0618397632535442,0.0121832952280782,0.1103779653195248,1.6123052452517102e-44
48,PlC 50,0.0117028449695147,0.0574297086152831,0.0058453723124306,0.0764550345787027,2.4189947268286033e-22
48,PlC 100,0.0117028449695147,0.068071791239417,0.0003121757886292,0.0176684970676402,0.0143480050437125
48,PlC 200,0.0117028449695147,0.0693156212914534,-6.896551990613912e-05,,1.0
48,PrC 5,0.0117028449695147,0.0564233473489119,0.0009164622415606,0.030273127383219,7.567465491571794e-05
48,PrC10,0.0117028449695147,0.0520303720036407,0.0017354730060268,0.041659008701923,8.160628453870567e-08
48,PrC20,0.0117028449695147,0.0523293595380885,0.0021730588895774,0.0466160797319704,2.2216138372754287e-09
48,PrC50,0.0117028449695147,0.0598076261038118,0.002243163678306,0.0473620489242819,1.2494569326911342e-09
48,PrC100,0.0117028449695147,0.0562532807910902,0.0020730242109185,0.0455304756280731,5.054339418539887e-09
48,PrC200,0.0117028449695147,0.0571589166046679,0.0017756273989742,0.0421381940639869,5.857345282421697e-08
48,S 5,0.0117028449695147,0.0887427996191806,0.0013307587423281,0.0364795660929257,2.3416313109815164e-06
48,S 10,0.0117028449695147,0.0949212925311139,0.0016755907748956,0.0409339806871456,1.3387045939517162e-07
48,S 20,0.0117028449695147,0.1022977855433807,0.0021399868904469,0.0462599923308142,2.915063105029237e-09
48,S 50,0.0117028449695147,0.1291369495165373,0.0034428459522004,0.0586757697197103,6.938572049375157e-14
48,S 100,0.0117028449695147,0.1529157158079394,0.0048073563743584,0.0693351020361149,1.0742433406905665e-18
48,S 200,0.0117028449695147,0.14993276247832,0.0066219960752587,0.0813756479252774,4.560976283850428e-25
48,SDS 5,0.0117028449695147,0.0733186022843897,0.0012980613921063,0.0360286190702104,3.075319740143329e-06
48,SDS 11,0.0117028449695147,0.072417890183854,0.0009094826824825,0.0301576305846881,8.027845458388806e-05
48,SDS 21,0.0117028449695147,0.0706329814497419,0.0008459925609251,0.0290859512638858,0.0001375153214372
48,SDS 51,0.0117028449695147,0.0715722649513466,0.0011246055766847,0.0335351394314198,1.311515053183967e-05
48,SDS 101,0.0117028449695147,0.078149881348341,0.0018131730914962,0.0425813702397689,4.2965343853373394e-08
48,SDS 201,0.0117028449695147,0.0857310303703458,0.0033207121987331,0.0576256210268758,1.875210227548491e-13
48,EP ms,0.0117028449695147,0.0089502560208959,0.0087075946324184,0.0933144931530917,2.2641572857427496e-32
48,PlC ms,0.0117028449695147,0.0077312165871958,0.0109652051085799,0.104714875297543,2.897598705427293e-40
48,PrC ms,0.0117028449695147,0.0077344824501966,0.0052276683285153,0.0723026163324356,3.5746250145876587e-20
48,S ms,0.0117028449695147,0.0167254959023803,0.0038219726729244,0.0618221050508998,3.180145556558728e-15
48,SDS ms,0.0117028449695147,0.0114692138325903,0.001783102864662,0.0422268026810234,5.5067921732532766e-08
49,DEM,0.0117028449695147,0.0714105262314014,0.0808213427136943,0.2842909472946586,2.1201262219550423e-283
49,RGB,0.0117028449695147,0.0212713901618753,0.0204691502661733,0.1430704381281239,2.0328096187683348e-73
49,RGB+NIR,0.0117028449695147,0.0133871102089541,0.0451821571944006,0.2125609493637076,1.8856405580570538e-159
49,NHD,0.0117028449695147,0.0138438750000002,0.0017759027946051,0.0421414617046576,5.844042697989745e-08
49,OSM,0.0117028449695147,0.0032288749999999,0.0007859298008259,0.02803443954899,0.0002292330318009
49,EP 5,0.0117028449695147,0.1212057333248785,0.0032346962065665,0.0568743897247832,3.778333812362717e-13
49,EP 11,0.0117028449695147,0.1146834864061571,0.0019686345422102,0.0443692972922747,1.1930588358978428e-08
49,EP 21,0.0117028449695147,0.0840602780848174,0.0054938435343657,0.0741204663663536,4.149693507967957e-21
49,EP 51,0.0117028449695147,0.0621922307837655,0.0117267026027994,0.1082899007424026,6.338406869660047e-43
49,EP 101,0.0117028449695147,0.0524196039952572,0.0107083486343328,0.1034811511065317,2.2882820971641193e-39
49,EP 201,0.0117028449695147,0.0496827778847408,0.0045298049773511,0.0673038258745457,1.0182189324222615e-17
49,PlC 5,0.0117028449695147,0.0532960563735134,0.0211025566221203,0.1452671904530419,1.2614174107392095e-75
49,PlC 10,0.0117028449695147,0.0601577698663502,0.0149853331884754,0.1224145954879377,2.6781215746129726e-54
49,PlC 20,0.0117028449695147,0.0607131463816102,0.0148746097124526,0.1219615091430599,6.517989304425957e-54
49,PlC 50,0.0117028449695147,0.0588075574214077,0.0074593428185435,0.086367487045436,5.304234935370747e-28
49,PlC 100,0.0117028449695147,0.0703169615632274,0.0011239634535572,0.0335255641795517,1.3185959984380786e-05
49,PlC 200,0.0117028449695147,0.0679646081853531,-1.320197331160967e-05,,0.3744727860779339
49,PrC 5,0.0117028449695147,0.0587276014305043,0.0019525418803423,0.0441875760858451,1.3620956999104825e-08
49,PrC10,0.0117028449695147,0.0527244647902557,0.0030793436318842,0.0554918339207155,1.3401648542871382e-12
49,PrC20,0.0117028449695147,0.0521547584621558,0.0033659449927948,0.0580167647563606,1.297503180912839e-13
49,PrC50,0.0117028449695147,0.0582989090471853,0.0019967001034131,0.0446844503537101,9.469595198664528e-09
49,PrC100,0.0117028449695147,0.0570022944617159,0.0014030378222535,0.0374571464777217,1.2829570993585147e-06
49,PrC200,0.0117028449695147,0.0578459820749378,0.0010595579263062,0.0325508513914194,2.2643596502365924e-05
49,S 5,0.0117028449695147,0.0879316621485902,0.00056851686442,0.02384359168456,0.0014856974924814
49,S 10,0.0117028449695147,0.092879913860174,0.0007977085566103,0.0282437348204928,0.0002073434579678
49,S 20,0.0117028449695147,0.0987118622089525,0.0010209220732717,0.0319518712014144,3.134025752421151e-05
49,S 50,0.0117028449695147,0.1224880429356971,0.0020184467065042,0.0449271266219451,7.917997724880353e-09
49,S 100,0.0117028449695147,0.1392638428496432,0.003347951503021,0.0578614854892362,1.5022024874910968e-13
49,S 200,0.0117028449695147,0.1421924811050122,0.0053803155708318,0.073350634426921,1.0395341390896256e-20
49,SDS 5,0.0117028449695147,0.0705689873125181,0.0003798173184509,0.0194889024434674,0.0078076263209079
49,SDS 11,0.0117028449695147,0.070700592900363,0.0003979782970084,0.0199493933995116,0.0066407560077554
49,SDS 21,0.0117028449695147,0.0691519176041572,0.0006869249412899,0.0262092529708482,0.0005346386055342
49,SDS 51,0.0117028449695147,0.070872978122707,0.0009990980432961,0.0316085121968136,3.76650175947216e-05
49,SDS 101,0.0117028449695147,0.0754783931033735,0.0011916899601731,0.034520862680025,7.477432109865254e-06
49,SDS 201,0.0117028449695147,0.0810582609936742,0.0018773705726032,0.0433286345573374,2.530350571340126e-08
49,EP ms,0.0117028449695147,0.0092888603515863,0.0101368674205682,0.1006820114050579,2.2737349612602373e-37
49,PlC ms,0.0117028449695147,0.0077891422556019,0.0137832877250714,0.117402247529898,4.1887922353993524e-50
49,PrC ms,0.0117028449695147,0.0077547347361339,0.0056405155825209,0.0751033659866252,1.2673208463365604e-21
49,S ms,0.0117028449695147,0.0155773505816722,0.0029692297660326,0.0544906392514586,3.2899856077270028e-12
49,SDS ms,0.0117028449695147,0.0112616966289295,0.001177726510508,0.0343180202008802,8.404258034389975e-06
