patch_id,af1,Qal,Qaf,Qat,Qc,Qca,Qr
sonora_256_50_1,0.0,0.012210544,0.0,0.0,0.0,0.0,0.98778945
sonora_256_50_2,0.0,0.012210544,0.0,0.0,0.048615634,0.0,0.9391738
sonora_256_50_3,0.0,0.0,0.0,0.0,0.16317733,0.0,0.8368227
sonora_256_50_4,0.0,0.0,0.0,0.0,0.2654681,0.0,0.73453194
sonora_256_50_5,0.0,0.0,0.0,0.0,0.3203801,0.0,0.6796199
sonora_256_50_6,0.0,0.0,0.0,0.0,0.2478444,0.0,0.7521556
sonora_256_50_7,0.024496512,0.0,0.0,0.0,0.078370705,0.0,0.89713275
sonora_256_50_8,0.08586151,0.023374757,0.0,0.0,0.0,0.0,0.89076376
sonora_256_50_9,0.06149427,0.058750346,0.0,0.0,0.0,0.0,0.8797554
sonora_256_50_10,0.00012926865,0.058470245,0.0,0.0,0.0,0.0,0.94140047
sonora_256_50_11,0.0,0.023094654,0.0,0.0,0.0,0.0,0.97690535
sonora_256_50_12,0.0,0.021676548,0.0,0.0,0.0,0.0,0.97832346
sonora_256_50_13,0.0,0.0735161,0.0,0.0,0.0,0.0,0.92648387
sonora_256_50_14,0.07766223,0.07978625,0.0,0.0,0.0,0.0,0.8425515
sonora_256_50_15,0.07766223,0.048696376,0.0,0.0,0.04843183,0.0,0.82520956
sonora_256_50_16,0.0,0.024559356,0.0,0.0,0.13736662,0.0,0.838074
sonora_256_50_17,0.0,0.0091484785,0.0,0.0,0.28645286,0.0,0.70439863
sonora_256_50_18,0.0,0.051277835,0.0,0.0,0.30997294,0.0,0.6387492
sonora_256_50_19,0.0,0.103423394,0.0,0.0,0.18477789,0.0,0.7117987
sonora_256_50_20,0.0,0.14459369,0.0,0.0,0.08651032,0.0,0.768896
sonora_256_50_21,0.0,0.15551159,0.0,0.0,0.014187314,0.0,0.8303011
sonora_256_50_22,0.0,0.06990623,0.0,0.0,0.0,0.0,0.93009377
sonora_256_50_23,0.0,0.0015039562,0.0,0.0,0.0,0.0,0.99849606
sonora_256_50_24,0.0,0.0,0.0,0.0,0.0,0.0,1.0
sonora_256_50_25,0.01551328,0.06704914,0.0,0.0,0.0,0.0,0.91743755
sonora_256_50_26,0.03388772,0.16845348,0.0,0.0,0.0,0.0,0.7976588
sonora_256_50_27,0.049720768,0.13370933,0.0,0.0,0.0,0.0,0.8165699
sonora_256_50_28,0.06260544,0.043917615,0.0,0.0,0.0,0.0,0.89347696
sonora_256_50_29,0.051432442,0.011612651,0.0,0.0,0.0,0.0,0.9369549
sonora_256_50_30,0.020173324,0.0,0.0,0.0,0.0,0.0,0.9798267
sonora_256_50_31,0.0,0.0,0.0,0.0,0.0,0.0,1.0
sonora_256_50_32,0.0,0.0,0.0,0.0,0.0,0.0,1.0
sonora_256_50_33,0.0,0.0,0.0,0.0,0.0,0.0,1.0
sonora_256_50_34,0.0,0.10470192,0.0,0.0,0.0,0.0,0.89529806
sonora_256_50_35,0.0,0.5499289,0.0,0.0,0.0,0.0,0.45007113
sonora_256_50_36,0.0,0.93302923,0.0,0.0,0.0,0.0,0.06697079
sonora_256_50_37,0.0,0.9127315,0.0,0.0,0.0,0.0,0.08726847
sonora_256_50_38,0.0,0.59951556,0.0,0.0,0.0,0.0,0.40048444
sonora_256_50_39,0.0,0.22259507,0.0,0.0,0.0,0.0,0.77740496
sonora_256_50_40,0.0,0.048008785,0.0,0.0,0.0,0.0,0.9519912
sonora_256_50_41,0.0,0.0,0.0,0.0,0.0,0.0,1.0
sonora_256_50_42,0.0,0.039979685,0.0,0.0,0.0,0.0,0.9600203
sonora_256_50_43,0.0,0.10881773,0.0,0.0,0.0,0.0,0.8911823
sonora_256_50_44,0.0,0.07454341,0.0,0.0,0.0,0.0,0.9254566
sonora_256_50_45,0.0,0.005705371,0.0,0.0,0.0,0.0,0.99429464
sonora_256_50_46,0.0,0.0,0.0,0.0,0.0,0.0,1.0
sonora_256_50_47,0.0,0.0,0.0,0.0,0.0,0.0,1.0
sonora_256_50_48,0.0,0.0,0.0,0.0,0.0,0.0,1.0
sonora_256_50_49,0.0,0.04932656,0.0,0.0,0.0,0.0,0.95067346
sonora_256_50_50,0.033486154,0.1444513,0.0,0.0,0.0,0.0,0.82206255
sonora_256_50_51,0.091783345,0.1195452,0.0,0.0,0.0,0.0,0.78867143
sonora_256_50_52,0.18230896,0.06906609,0.0,0.0,0.0,0.0,0.748625
sonora_256_50_53,0.18860438,0.044645637,0.0,0.0,0.08572179,0.0,0.6810282
sonora_256_50_54,0.09449701,0.0,0.0,0.0,0.41327593,0.0,0.49222708
sonora_256_50_55,0.029904393,0.027268102,0.0,0.0,0.6084647,0.0,0.33436278
sonora_256_50_56,0.0,0.027268102,0.0,0.0,0.30439115,0.0,0.66834074
sonora_256_50_57,0.0,0.0,0.0,0.0,0.023480542,0.0,0.97651947
sonora_256_50_58,0.0,0.072665036,0.0,0.0,0.0011103118,0.0,0.92622465
sonora_256_50_59,0.0,0.10681198,0.0,0.0,0.10285048,0.0,0.79033756
sonora_256_50_60,0.0,0.03414694,0.0,0.0,0.101740174,0.0,0.8641129
sonora_256_50_61,0.0,0.106388435,0.0,0.013466639,0.031927034,0.0,0.8482179
sonora_256_50_62,0.013172156,0.18305944,0.0,0.02687771,0.042158302,0.0,0.7347324
sonora_256_50_63,0.013172156,0.08848168,0.0,0.013411071,0.010231267,0.0,0.8747038
sonora_256_50_64,0.0,0.07701655,0.0,0.0,0.0029037811,0.0,0.92007965
sonora_256_50_65,0.0,0.082218185,0.0,0.0,0.041222543,0.0,0.87655926
sonora_256_50_66,0.0,0.017012307,0.0,0.0,0.038318764,0.0,0.94466895
sonora_256_50_67,0.0,0.006972345,0.0,0.0,0.0,0.0,0.9930276
sonora_256_50_68,3.4770346e-05,0.15200424,0.0,0.0,0.0,0.0,0.847961
sonora_256_50_69,0.07323526,0.38393137,0.0,0.0,0.0,0.0,0.5428334
sonora_256_50_70,0.0,0.0,0.0,0.0,0.0,0.0,1.0
sonora_256_50_71,0.0,0.0,0.0,0.0,0.0,0.0,1.0
sonora_256_50_72,0.0,0.0,0.0,0.0,0.061049342,0.0,0.93895066
sonora_256_50_73,0.0,0.0,0.0,0.0,0.10840391,0.0,0.8915961
sonora_256_50_74,0.0,0.0,0.0,0.0,0.14841917,0.0,0.8515808
sonora_256_50_75,0.010022338,0.0,0.0,0.0,0.2685568,0.0,0.7214209
sonora_256_50_76,0.10100273,0.004353085,0.0,0.0,0.27872688,0.0,0.6159173
sonora_256_50_77,0.1498791,0.09520729,0.0,0.0,0.12773316,0.0,0.62718046
sonora_256_50_78,0.058898702,0.13015252,0.0,0.0,0.016498495,0.0,0.7944503
sonora_256_50_79,0.0,0.07741586,0.0,0.0,0.0,0.0,0.9225841
sonora_256_50_80,0.0,0.03811755,0.0,0.0,0.0,0.0,0.9618825
sonora_256_50_81,0.0,0.0,0.0,0.0,0.0,0.0,1.0
sonora_256_50_82,0.0,4.364669e-05,0.0,0.0,0.0,0.0,0.99995637
sonora_256_50_83,0.035638854,0.0012694991,0.0,0.0,0.0,0.0,0.9630917
sonora_256_50_84,0.035638854,0.0012258524,0.0,0.0,0.04843183,0.0,0.9147035
sonora_256_50_85,0.0,0.0,0.0,0.0,0.13563478,0.0,0.8643652
sonora_256_50_86,0.0,0.028386218,0.0,0.0,0.25863057,0.0,0.7129832
sonora_256_50_87,0.0,0.12781546,0.0,0.0,0.19424403,0.0,0.6779405
sonora_256_50_88,0.0,0.26870358,0.0,0.0,0.03113389,0.0,0.70016253
sonora_256_50_89,0.0,0.297686,0.0,0.0,0.008317493,0.0,0.6939965
sonora_256_50_90,0.0,0.20331466,0.0,0.0,0.0,0.0,0.79668534
sonora_256_50_91,0.0,0.07640696,0.0,0.0,0.0,0.0,0.92359304
sonora_256_50_92,0.0,0.0015039562,0.0,0.0,0.0,0.0,0.99849606
sonora_256_50_93,0.0,0.0,0.0,0.0,0.0,0.0,1.0
sonora_256_50_94,0.01551328,0.114449844,0.0,0.0,0.0,0.0,0.8700369
sonora_256_50_95,0.03388772,0.32228792,0.0,0.0,0.0,0.0,0.6438244
sonora_256_50_96,0.049181044,0.39642358,0.0,0.0,0.0,0.0,0.5543954
sonora_256_50_97,0.077321075,0.25629714,0.0,0.0,0.0,0.0,0.6663818
sonora_256_50_98,0.08355717,0.067711666,0.0,0.0,0.0,0.0,0.84873116
sonora_256_50_99,0.0370427,0.0,0.0,0.0,0.0,0.0,0.9629573
sonora_256_50_100,0.0,0.0,0.0,0.0,0.0,0.0,1.0
sonora_256_50_101,0.0,0.0,0.0,0.0,0.0,0.0,1.0
sonora_256_50_102,0.0,0.0,0.0,0.0,0.0,0.0,1.0
sonora_256_50_103,0.0,0.05396181,0.0,0.0,0.0,0.0,0.9460382
sonora_256_50_104,0.015028059,0.2820117,0.0,0.0,0.0,0.0,0.70296025
sonora_256_50_105,0.015181677,0.46933472,0.0,0.0,0.0,0.0,0.5154836
sonora_256_50_106,0.00015361869,0.58947766,0.0,0.0,0.0,0.0,0.4103687
sonora_256_50_107,0.0,0.6864525,0.0,0.0,0.0,0.0,0.3135475
sonora_256_50_108,0.0,0.5575156,0.0,0.0,0.0,0.0,0.44248438
sonora_256_50_109,0.0,0.3665722,0.0,0.0,0.0,0.0,0.6334278
sonora_256_50_110,0.0,0.27608714,0.0,0.0,0.0,0.0,0.72391284
sonora_256_50_111,0.0,0.31180307,0.0,0.0,0.0,0.0,0.68819696
sonora_256_50_112,0.0,0.43204316,0.0,0.0,0.0,0.0,0.5679568
sonora_256_50_113,0.0,0.48936245,0.0,0.0,0.0,0.0,0.5106375
sonora_256_50_114,0.0,0.40054205,0.0,0.0,0.0,0.0,0.5994579
sonora_256_50_115,0.0,0.16019057,0.0,0.0,0.0,0.0,0.8398094
sonora_256_50_116,0.0,0.00014773708,0.0,0.0,0.0,0.0,0.99985224
sonora_256_50_117,0.0,0.00014773708,0.0,0.0,0.0,0.0,0.99985224
sonora_256_50_118,0.0,0.010708305,0.0,0.0,0.0,0.0,0.98929167
sonora_256_50_119,0.034776635,0.11348545,0.0,0.0,0.0,0.0,0.8517379
sonora_256_50_120,0.04382355,0.16616416,0.0,0.0,0.0,0.0,0.79001224
sonora_256_50_121,0.08932516,0.13720965,0.0,0.0,0.0,0.0,0.7734652
sonora_256_50_122,0.2264621,0.07602411,0.0,0.0,0.0,0.0,0.6975138
sonora_256_50_123,0.21474405,0.0022014785,0.0,0.0,0.12312617,0.0,0.6599283
sonora_256_50_124,0.06856017,0.0,0.0,0.0,0.25472304,0.0,0.67671674
sonora_256_50_125,0.0,0.0,0.0,0.0,0.13163759,0.0,0.8683624
sonora_256_50_126,0.0,0.0,0.0,0.0,4.0714756e-05,0.0,0.9999593
sonora_256_50_127,0.0,0.06092888,0.0,0.0,0.0,0.0,0.9390711
sonora_256_50_128,0.0,0.095793106,0.0,0.0,0.00018597467,0.0,0.9040209
sonora_256_50_129,0.0,0.034864224,0.0,0.0,0.00018597467,0.0,0.9649498
sonora_256_50_130,0.0,0.07499121,0.0,0.0,0.0,0.0,0.9250088
sonora_256_50_131,0.013172156,0.14488705,0.0,0.0,0.0,0.0,0.8419408
sonora_256_50_132,0.013172156,0.12439359,0.0,0.0,0.0,0.0,0.86243427
sonora_256_50_133,0.0,0.13919476,0.0,0.0,0.0029037811,0.0,0.85790145
sonora_256_50_134,0.0,0.101709306,0.0,0.0,0.041222543,0.0,0.8570681
sonora_256_50_135,0.0,0.017012307,0.0,0.0,0.038318764,0.0,0.94466895
sonora_256_50_136,0.0,0.00021489749,0.0,0.0,0.0,0.0,0.9997851
sonora_256_50_137,3.4770346e-05,0.22223347,0.0,0.0,0.0,0.0,0.7777318
sonora_256_50_138,0.04817667,0.50473595,0.0,0.0,0.0,0.0,0.4470874
sonora_256_50_139,0.044351704,0.0,0.0,0.0,0.0,0.0,0.9556483
sonora_256_50_140,0.02363386,0.0,0.0,0.0,0.0,0.0,0.97636616
sonora_256_50_141,0.0,0.0,0.0,0.0,0.0,0.0,1.0
sonora_256_50_142,0.0,0.0,0.0,0.0,0.0,0.0,1.0
sonora_256_50_143,0.0,0.0,0.0,0.0,0.056728374,0.0,0.94327164
sonora_256_50_144,0.011031978,0.0,0.0,0.0,0.1593804,0.0,0.82958764
sonora_256_50_145,0.08244338,0.004353085,0.0,0.0,0.22860038,0.0,0.68460315
sonora_256_50_146,0.07469679,0.15870702,0.0,0.0,0.143552,0.0,0.6230442
sonora_256_50_147,0.0032853826,0.17801525,0.0,0.0,0.01760365,0.0,0.8010957
sonora_256_50_148,0.0,0.066091284,0.0,0.0,0.0,0.0,0.9339087
sonora_256_50_149,0.0,0.06420538,0.0,0.0,0.0,0.0,0.9357946
sonora_256_50_150,0.0,0.057345334,0.0,0.0,0.0,0.0,0.94265467
sonora_256_50_151,0.0,0.03556993,0.0,0.0,0.0,0.0,0.9644301
sonora_256_50_152,0.0,0.0,0.0,0.0,0.0,0.0,1.0
sonora_256_50_153,0.0,0.0,0.0,0.0,0.0,0.0,1.0
sonora_256_50_154,0.0,0.0,0.0,0.0,0.0637201,0.0,0.9362799
sonora_256_50_155,0.0,0.023047414,0.0,0.0,0.17913707,0.0,0.7978155
sonora_256_50_156,0.0,0.078210935,0.0,0.0,0.33559746,0.0,0.5861916
sonora_256_50_157,0.0,0.24479443,0.0,0.0,0.23354612,0.0,0.52165943
sonora_256_50_158,0.0,0.2610693,0.0,0.0,0.013365632,0.0,0.7255651
sonora_256_50_159,0.0,0.07793911,0.0,0.0,0.0,0.0,0.9220609
sonora_256_50_160,0.0,0.00650073,0.0,0.0,0.0,0.0,0.9934993
sonora_256_50_161,0.0,0.0,0.0,0.0,0.0,0.0,1.0
sonora_256_50_162,0.0,0.0,0.0,0.0,0.0,0.0,1.0
sonora_256_50_163,0.0,0.07987301,0.0,0.0,0.0,0.0,0.920127
sonora_256_50_164,0.0,0.18630673,0.0,0.0,0.0,0.0,0.8136933
sonora_256_50_165,0.0,0.3812663,0.0,0.0,0.0,0.0,0.6187337
sonora_256_50_166,0.015904779,0.42843655,0.0,0.0,0.0,0.0,0.5556587
sonora_256_50_167,0.050532266,0.1648148,0.0,0.0,0.0,0.0,0.78465295
sonora_256_50_168,0.034627486,0.011210842,0.0,0.0,0.0,0.0,0.9541617
sonora_256_50_169,0.0,0.0,0.0,0.0,0.0,0.0,1.0
sonora_256_50_170,0.0,0.0,0.0,0.0,0.0,0.0,1.0
sonora_256_50_171,0.0,0.0,0.0,0.0,0.0,0.0,1.0
sonora_256_50_172,0.0,0.0,0.0,0.0,0.0,0.0,1.0
sonora_256_50_173,0.016969813,0.0068086614,0.0,0.0,0.0,0.0,0.9762215
sonora_256_50_174,0.05401091,0.010291265,0.0,0.0,0.0,0.0,0.93569785
sonora_256_50_175,0.06682208,0.11690021,0.0,0.0,0.0,0.0,0.8162777
sonora_256_50_176,0.03576433,0.37330317,0.0,0.0,0.0,0.0,0.5909325
sonora_256_50_177,0.005983342,0.48971182,0.0,0.0,0.0,0.0,0.5043048
sonora_256_50_178,0.0,0.37714255,0.0,0.0,0.0,0.0,0.62285745
sonora_256_50_179,0.0,0.27608714,0.0,0.0,0.0,0.0,0.72391284
sonora_256_50_180,0.0,0.27182338,0.0,0.0,0.0,0.0,0.72817665
sonora_256_50_181,0.0,0.36430773,0.0,0.0,0.0,0.0,0.63569224
sonora_256_50_182,0.0,0.6851974,0.0,0.0,0.0,0.0,0.3148026
sonora_256_50_183,0.0,0.8740406,0.0,0.0,0.0,0.0,0.12595938
sonora_256_50_184,0.0,0.6297351,0.0,0.0010117966,0.0,0.0,0.36925307
sonora_256_50_185,0.0,0.4542665,0.0,0.0053039147,0.0,0.0,0.5404296
sonora_256_50_186,0.0,0.3246849,0.0,0.004292118,0.0,0.0,0.671023
sonora_256_50_187,0.0039125285,0.09005513,0.0,0.0,0.0,0.0,0.9060323
sonora_256_50_188,0.04425665,0.091730095,0.0,0.0,0.0,0.0,0.86401325
sonora_256_50_189,0.073088706,0.20871639,0.0,0.0,0.0,0.0,0.7181949
sonora_256_50_190,0.0536216,0.21650136,0.0,0.0,0.0,0.0,0.72987705
sonora_256_50_191,0.14458625,0.1077956,0.0,0.0,0.0,0.0,0.74761814
sonora_256_50_192,0.29014716,0.02595809,0.0,0.0,0.0,0.0,0.68389475
sonora_256_50_193,0.16817544,0.017677534,0.0,0.0,0.0,0.0,0.81414706
sonora_256_50_194,0.001737539,0.0,0.0,0.0,0.0,0.0,0.99826247
sonora_256_50_195,0.0,0.0,0.0,0.0,0.0,0.0,1.0
sonora_256_50_196,0.0,0.020975733,0.0,0.0,0.0,0.0,0.9790243
sonora_256_50_197,0.0,0.026888771,0.0,0.0,0.0,0.0,0.9731112
sonora_256_50_198,0.0,0.0059130387,0.0,0.0,0.0,0.0,0.994087
sonora_256_50_199,0.0,0.016061617,0.0,0.0,0.0,0.0,0.9839384
sonora_256_50_200,0.0,0.058204576,0.0,0.0,0.0,0.0,0.9417954
sonora_256_50_201,0.0,0.087691925,0.0,0.0,0.0,0.0,0.9123081
sonora_256_50_202,0.0,0.06876791,0.0,0.0,0.0,0.0,0.9312321
sonora_256_50_203,0.0,0.023218947,0.0,0.0,0.0,0.0,0.9767811
sonora_256_50_204,0.0,0.0,0.0,0.0,0.0,0.0,1.0
sonora_256_50_205,0.0,0.03507943,0.0,0.0,0.0,0.0,0.9649206
sonora_256_50_206,0.0,0.3137187,0.0,0.0,0.0,0.0,0.6862813
sonora_256_50_207,0.051836845,0.53256,0.0,0.0,0.0,0.0,0.4156031
sonora_256_50_208,0.04474675,0.0,0.0,0.0,0.0,0.0,0.95525324
sonora_256_50_209,0.024028903,0.0,0.0,0.0,0.0,0.0,0.9759711
sonora_256_50_210,0.025497913,0.0,0.0,0.0,0.0,0.0,0.9745021
sonora_256_50_211,0.05062661,0.0,0.0,0.0,0.0,0.0,0.94937336
sonora_256_50_212,0.0487857,0.0,0.0,0.0,0.0,0.0,0.9512143
sonora_256_50_213,0.066521764,0.0,0.0,0.0,0.013233094,0.0,0.9202451
sonora_256_50_214,0.0626496,0.0,0.0,0.0,0.027946796,0.0,0.9094036
sonora_256_50_215,0.028223675,0.06935112,0.0,0.0,0.015818857,0.0,0.88660634
sonora_256_50_216,0.008438837,0.06935112,0.0,0.0,0.0011051547,0.0,0.9211049
sonora_256_50_217,0.0,0.004312422,0.0,0.0,0.0,0.0,0.9956876
sonora_256_50_218,0.0,0.026087828,0.0,0.0,0.0,0.0,0.9739122
sonora_256_50_219,0.0,0.057345334,0.0,0.0,0.0,0.0,0.94265467
sonora_256_50_220,0.0,0.03556993,0.0,0.0,0.0,0.0,0.9644301
sonora_256_50_221,0.0,0.0,0.0,0.0,0.0,0.0,1.0
sonora_256_50_222,0.0,0.0,0.0,0.0,0.0,0.0,1.0
sonora_256_50_223,0.0,0.0,0.0,0.0,0.10170708,0.0,0.8982929
sonora_256_50_224,0.0,0.0,0.0,0.0,0.40842262,0.0,0.59157735
sonora_256_50_225,0.0,0.0,0.0,0.0,0.59385055,0.0,0.40614945
sonora_256_50_226,0.0,0.05351809,0.0,0.0,0.3001163,0.0,0.6463656
sonora_256_50_227,0.0,0.08365413,0.0,0.0,0.012981305,0.0,0.90336454
sonora_256_50_228,0.0,0.030136041,0.0,0.0,0.0,0.0,0.96986395
sonora_256_50_229,0.0,0.0,0.0,0.0,0.0,0.0,1.0
sonora_256_50_230,0.0,0.0,0.0,0.0,0.0,0.0,1.0
sonora_256_50_231,0.0,0.0,0.0,0.0,0.0,0.0,1.0
sonora_256_50_232,0.0,0.03538956,0.0,0.0,0.0,0.0,0.96461046
sonora_256_50_233,0.0053333216,0.04141949,0.0,0.0,0.0,0.0,0.9532472
sonora_256_50_234,0.0085773375,0.16600126,0.0,0.0,0.0,0.0,0.8254214
sonora_256_50_235,0.0061591733,0.2667604,0.0,0.0,0.0,0.0,0.72708046
sonora_256_50_236,0.03623368,0.16757092,0.0,0.0,0.0,0.0,0.7961954
sonora_256_50_237,0.03331852,0.06078184,0.0,0.0,0.0,0.0,0.90589964
sonora_256_50_238,0.0,0.0,0.0,0.0,0.0,0.0,1.0
sonora_256_50_239,0.0,0.0,0.0,0.0,0.0,0.0,1.0
sonora_256_50_240,0.0,0.0,0.0,0.0,0.0,0.0,1.0
sonora_256_50_241,0.0,0.0,0.0,0.0,0.0,0.0,1.0
sonora_256_50_242,0.0019417532,0.0,0.0,0.0,0.0,0.0,0.99805826
sonora_256_50_243,0.03882923,0.0,0.0,0.0,0.0,0.0,0.9611708
sonora_256_50_244,0.066668466,0.0,0.0,0.0,0.0,0.0,0.93333155
sonora_256_50_245,0.03576433,0.015130459,0.0,0.0,0.0,0.0,0.9491052
sonora_256_50_246,0.005983342,0.029973857,0.0,0.0,0.0,0.0,0.9640428
sonora_256_50_247,0.0,0.014843399,0.0,0.0,0.0,0.0,0.9851566
sonora_256_50_248,0.0,0.0,0.0,0.0,0.0,0.0,1.0
sonora_256_50_249,0.0,0.0,0.0,0.0,0.0,0.0,1.0
sonora_256_50_250,0.0,0.041082293,0.0,0.0,0.0,0.0,0.95891774
sonora_256_50_251,0.0,0.37475815,0.0,0.0,0.0,0.0,0.6252419
sonora_256_50_252,0.0,0.7977819,0.0,0.035801824,0.0,0.0,0.1664163
sonora_256_50_253,0.0,0.72734606,0.0,0.2432103,0.0,0.0,0.029443627
sonora_256_50_254,0.0,0.5817336,0.0,0.3776891,0.0,0.0,0.04057735
sonora_256_50_255,0.0,0.5976781,0.0,0.1702806,0.0,0.0,0.23204125
sonora_256_50_256,0.0039125285,0.2791846,0.0,0.0,0.0,0.0,0.71690285
sonora_256_50_257,0.024790397,0.0419574,0.0,0.0,0.0,0.0,0.93325216
sonora_256_50_258,0.044805873,0.10299172,0.0,0.0,0.0,0.0,0.8522024
sonora_256_50_259,0.038134232,0.11376041,0.0,0.0,0.0,0.0,0.8481054
sonora_256_50_260,0.022613734,0.06098617,0.0,0.0,0.0,0.0,0.9164001
sonora_256_50_261,0.16393393,0.03160885,0.0,0.0,0.0,0.0,0.8044572
sonora_256_50_262,0.26106232,0.023348775,0.0,0.0,0.0,0.0,0.7155889
sonora_256_50_263,0.10553591,0.0,0.0,0.0,0.0,0.0,0.8944641
sonora_256_50_264,0.0,0.0,0.0,0.0,0.0,0.0,1.0
sonora_256_50_265,0.0,0.0,0.0,0.0,0.0,0.0,1.0
sonora_256_50_266,0.0,0.0,0.0,0.0,0.0,0.0,1.0
sonora_256_50_267,0.0,0.0,0.0,0.0,0.0,0.0,1.0
sonora_256_50_268,0.0,0.0,0.0,0.0,0.0,0.0,1.0
sonora_256_50_269,0.0,0.0,0.0,0.0,0.0,0.0,1.0
sonora_256_50_270,0.0,0.0028618868,0.0,0.0,0.0,0.0,0.99713814
sonora_256_50_271,0.0,0.0028618868,0.0,0.0,0.0,0.0,0.99713814
sonora_256_50_272,0.0,0.0,0.0,0.0,0.0,0.0,1.0
sonora_256_50_273,0.0,0.0,0.0,0.0,0.0,0.0,1.0
sonora_256_50_274,0.0,0.034864534,0.0,0.0,0.0,0.0,0.96513546
sonora_256_50_275,0.0,0.1868696,0.0,0.0,0.0,0.0,0.8131304
sonora_256_50_276,0.037548807,0.43725574,0.0,0.0,0.0,0.0,0.5251955
sonora_256_50_277,0.00039504387,0.0,0.0,0.0,0.0,0.0,0.99960494
sonora_256_50_278,0.00039504387,0.0,0.0,0.0,0.0,0.0,0.99960494
sonora_256_50_279,0.025497913,0.0,0.0,0.0,0.0,0.0,0.9745021
sonora_256_50_280,0.05062661,0.0,0.0,0.0,0.0,0.0,0.94937336
sonora_256_50_281,0.0487857,0.0,0.0,0.0,0.0,0.0,0.9512143
sonora_256_50_282,0.06551213,0.0,0.0,0.0,0.0,0.0,0.9344879
sonora_256_50_283,0.06807234,0.0,0.0,0.0,0.0,0.0,0.9319277
sonora_256_50_284,0.037609417,0.0017294314,0.0,0.0,0.0,0.0,0.9606612
sonora_256_50_285,0.011392202,0.0017294314,0.0,0.0,0.0,0.0,0.9868784
sonora_256_50_286,0.0,0.014873163,0.0,0.0,0.0,0.0,0.98512685
sonora_256_50_287,0.0,0.014873163,0.0,0.0,0.0,0.0,0.98512685
sonora_256_50_288,0.0,0.020942774,0.0,0.0,0.0,0.0,0.97905725
sonora_256_50_289,0.020991717,0.034862738,0.0,0.0,0.0,0.0,0.94414556
sonora_256_50_290,0.053843226,0.0139199635,0.0,0.0,0.0,0.0,0.9322368
sonora_256_50_291,0.03461006,0.0,0.0,0.0,0.0,0.0,0.96538997
sonora_256_50_292,0.0017585469,0.0,0.0,0.0,0.045094572,0.0,0.9531469
sonora_256_50_293,0.0,0.0,0.0,0.0,0.35882992,0.0,0.6411701
sonora_256_50_294,0.0,0.0,0.0,0.0,0.5542558,0.0,0.44574425
sonora_256_50_295,0.0,0.0,0.0,0.0,0.25093272,0.0,0.7490673
sonora_256_50_296,0.0,0.0,0.0,0.0,0.010412315,0.0,0.98958766
sonora_256_50_297,0.0,0.0,0.0,0.0,0.0,0.0,1.0
sonora_256_50_298,0.0,0.0,0.0,0.0,0.0,0.0,1.0
sonora_256_50_299,0.0,0.0,0.0,0.0,0.0,0.0,1.0
sonora_256_50_300,0.0,0.0,0.0,0.0,0.0,0.0,1.0
sonora_256_50_301,0.0,0.002917249,0.0,0.0,0.0,0.0,0.99708277
sonora_256_50_302,0.0053333216,0.015341349,0.0,0.0,0.0,0.0,0.97932535
sonora_256_50_303,0.0085773375,0.05433361,0.0,0.0,0.0,0.0,0.937089
sonora_256_50_304,0.011709317,0.051193643,0.0,0.0,0.0,0.0,0.937097
sonora_256_50_305,0.02550809,0.058855135,0.0,0.0,0.0,0.0,0.9156368
sonora_256_50_306,0.01704279,0.049571,0.0,0.0,0.0,0.0,0.9333862
sonora_256_50_307,0.0,0.0,0.0,0.0,0.0,0.0,1.0
sonora_256_50_308,0.0,0.0,0.0,0.0,0.0,0.0,1.0
sonora_256_50_309,0.0,0.0,0.0,0.0,0.0,0.0,1.0
sonora_256_50_310,0.0,0.0,0.0,0.0,0.0,0.0,1.0
sonora_256_50_311,0.0,0.0,0.0,0.0,0.0,0.0,1.0
sonora_256_50_312,0.0,0.0,0.0,0.0,0.0,0.0,1.0
sonora_256_50_313,0.0,0.0,0.0,0.0,0.0,0.0,1.0
sonora_256_50_314,0.0,0.0,0.0,0.0,0.0,0.0,1.0
sonora_256_50_315,0.0,0.0,0.0,0.0,0.0,0.0,1.0
sonora_256_50_316,0.0,0.0,0.0,0.0,0.0,0.0,1.0
sonora_256_50_317,0.0,0.0,0.0,0.0,0.0,0.0,1.0
sonora_256_50_318,0.0,0.0,0.0,0.0,0.0,0.0,1.0
sonora_256_50_319,0.0,0.0,0.0,0.0,0.0,0.0,1.0
sonora_256_50_320,0.0,0.10545665,0.0,0.045818266,0.0,0.0,0.8487251
sonora_256_50_321,0.0,0.32438037,0.0,0.32629427,0.0,0.0,0.34932536
sonora_256_50_322,0.0,0.26252702,0.0,0.73687273,0.0,0.0,0.00060026813
sonora_256_50_323,0.0,0.15733485,0.0,0.84266514,0.0,0.0,0.0
sonora_256_50_324,0.0,0.48795572,0.0,0.39053884,0.0,0.0,0.12150543
sonora_256_50_325,0.0,0.37926304,0.0,0.0042703715,0.0,0.0,0.6164666
sonora_256_50_326,0.0,0.0050388463,0.0,0.0,0.0,0.0,0.99496114
sonora_256_50_327,0.0,0.003409724,0.0,0.0,0.0,0.0,0.99659026
sonora_256_50_328,0.0,0.01778428,0.0,0.0,0.0,0.0,0.9822157
sonora_256_50_329,0.0,0.016555557,0.0,0.0,0.0,0.0,0.98344445
sonora_256_50_330,0.028425789,0.00785224,0.0,0.0,0.0,0.0,0.963722
sonora_256_50_331,0.18863274,0.00567124,0.0,0.0,0.0,0.0,0.805696
sonora_256_50_332,0.23878275,0.0,0.0,0.0,0.0,0.0,0.76121724
sonora_256_50_333,0.078575805,0.0,0.0,0.0,0.0,0.0,0.9214242
sonora_256_50_334,0.0,0.0,0.0,0.0,0.0,0.0,1.0
sonora_256_50_335,0.0,0.0,0.0,0.0,0.0,0.0,1.0
sonora_256_50_336,0.0,0.0,0.0,0.0,0.0,0.0,1.0
sonora_256_50_337,0.0,0.0,0.0,0.0,0.0,0.0,1.0
sonora_256_50_338,0.0,0.0,0.0,0.0,0.0,0.0,1.0
sonora_256_50_339,0.0,0.0,0.0,0.0,0.0,0.0,1.0
sonora_256_50_340,0.0,0.0,0.0,0.0,0.0,0.0,1.0
sonora_256_50_341,0.0,0.0,0.0,0.0,0.0,0.0,1.0
sonora_256_50_342,0.009210377,0.0,0.0,0.0,0.0,0.0,0.99078965
sonora_256_50_343,0.023345623,0.03299019,0.0,0.0,0.0,0.0,0.9436642
sonora_256_50_344,0.014135246,0.22911733,0.0,0.0,0.0,0.0,0.75674736
sonora_256_50_345,0.0,0.3422756,0.0,0.0,0.0,0.0,0.6577244
sonora_256_50_346,0.0,0.07602073,0.0,0.0,0.0,0.0,0.9239793
sonora_256_50_347,0.0,0.072161436,0.0,0.0,0.0,0.0,0.92783856
sonora_256_50_348,0.0,0.021834778,0.0,0.0,0.0,0.0,0.9781652
sonora_256_50_349,0.0,0.0,0.0,0.0,0.0,0.0,1.0
sonora_256_50_350,0.0,0.0,0.0,0.0,0.0,0.0,1.0
sonora_256_50_351,0.0,0.0,0.0,0.0,0.0,0.0,1.0
sonora_256_50_352,0.011359897,0.0,0.0,0.0,0.0,0.0,0.9886401
sonora_256_50_353,0.014313263,0.0,0.0,0.0,0.0,0.0,0.9856867
sonora_256_50_354,0.002953366,0.0,0.0,0.0,0.0,0.0,0.99704665
sonora_256_50_355,0.0,0.06544031,0.0,0.0,0.0,0.0,0.9345597
sonora_256_50_356,0.0,0.06739243,0.0,0.0,0.0527645,0.0,0.87984306
sonora_256_50_357,0.0,0.032794543,0.0,0.0,0.10675825,0.0,0.8604472
sonora_256_50_358,0.020991717,0.077707574,0.0,0.0,0.053993747,0.0,0.84730697
sonora_256_50_359,0.054371633,0.046865154,0.0,0.0,0.0,0.0,0.89876324
sonora_256_50_360,0.056847256,0.0,0.0,0.0,0.0,0.0,0.9431527
sonora_256_50_361,0.023467336,0.0,0.0,0.0,0.0071075945,0.0,0.9694251
sonora_256_50_362,0.0,0.0,0.0,0.0,0.14528333,0.0,0.85471666
sonora_256_50_363,0.0,0.0,0.0,0.0,0.38720927,0.0,0.61279076
sonora_256_50_364,0.0,0.0,0.0,0.0,0.29671168,0.0,0.7032883
sonora_256_50_365,0.0,0.0,0.0,0.0,0.04767816,0.0,0.9523218
sonora_256_50_366,0.0,0.0,0.0,0.0,0.0,0.0,1.0
sonora_256_50_367,0.0,0.0,0.0,0.0,0.0,0.0,1.0
sonora_256_50_368,0.0,0.0,0.0,0.0,0.0,0.0,1.0
sonora_256_50_369,0.0,0.0,0.0,0.0,0.0,0.0,1.0
sonora_256_50_370,0.0,0.0,0.0,0.0,0.0,0.0,1.0
sonora_256_50_371,0.0,0.00639417,0.0,0.0,0.0,0.0,0.99360585
sonora_256_50_372,0.0,0.006884404,0.0,0.0,0.0,0.0,0.9931156
sonora_256_50_373,0.005550143,0.000490234,0.0,0.0,0.0,0.0,0.9939596
sonora_256_50_374,0.0070325243,0.0,0.0,0.0,0.0,0.0,0.9929675
sonora_256_50_375,0.0014823815,0.0,0.0,0.0,0.0,0.0,0.99851763
sonora_256_50_376,0.0,0.0,0.0,0.0,0.0,0.0,1.0
sonora_256_50_377,0.0,0.0,0.0,0.0,0.0,0.0,1.0
sonora_256_50_378,0.0,0.0,0.0,0.0,0.0,0.0,1.0
sonora_256_50_379,0.0,0.0,0.0,0.0,0.0,0.0,1.0
sonora_256_50_380,0.0,0.0,0.0,0.0,0.0,0.0,1.0
sonora_256_50_381,0.0,0.0,0.0,0.0,0.0,0.0,1.0
sonora_256_50_382,0.0,0.0,0.0,0.0,0.0,0.0,1.0
sonora_256_50_383,0.0,0.0,0.0,0.0,0.0,0.0,1.0
sonora_256_50_384,0.0,0.0,0.0,0.0,0.0,0.0,1.0
sonora_256_50_385,0.0,0.0,0.0,0.0,0.0,0.0,1.0
sonora_256_50_386,0.0,0.0,0.0,0.0,0.0,0.0,1.0
sonora_256_50_387,0.0,0.0,0.0,0.0,0.0,0.0,1.0
sonora_256_50_388,0.0,0.0,0.0,0.0,0.0,0.0,1.0
sonora_256_50_389,0.0,0.001076884,0.0,0.0566675,0.0,0.0,0.9422556
sonora_256_50_390,0.0,0.0058024223,0.0,0.4983616,0.0,0.0,0.495836
sonora_256_50_391,0.0,0.004725538,0.0,0.9416941,0.0,0.0,0.053580362
sonora_256_50_392,0.0,0.029834729,0.0,0.96620643,0.0,0.0,0.003958848
sonora_256_50_393,0.0,0.3770317,0.0,0.48577982,0.0,0.0,0.13718848
sonora_256_50_394,0.0,0.35223582,0.0,0.019573396,0.0,0.0,0.6281908
sonora_256_50_395,0.0,0.014681548,0.0,0.0,0.0,0.0,0.9853184
sonora_256_50_396,0.0,0.021314492,0.0,0.0,0.0,0.0,0.9786855
sonora_256_50_397,0.0,0.011671791,0.0,0.0,0.0,0.0,0.9883282
sonora_256_50_398,0.0,0.0,0.0,0.0,0.0,0.0,1.0
sonora_256_50_399,0.0,0.0,0.0,0.0,0.0,0.0,1.0
sonora_256_50_400,0.056408577,0.0,0.0,0.0,0.0,0.0,0.9435914
sonora_256_50_401,0.22637591,0.04092196,0.0,0.0,0.0,0.0,0.73270214
sonora_256_50_402,0.21900187,0.05722266,0.0,0.0,0.0,0.0,0.7237755
sonora_256_50_403,0.04903454,0.019196613,0.0,0.0,0.0,0.0,0.93176883
sonora_256_50_404,0.0,0.0028959129,0.0,0.0,0.0,0.0,0.9971041
sonora_256_50_405,0.0,0.0,0.0,0.0,0.0,0.0,1.0
sonora_256_50_406,0.0,0.0,0.0,0.0,0.0,0.0,1.0
sonora_256_50_407,0.0,0.0,0.0,0.0,0.0,0.0,1.0
sonora_256_50_408,0.0,0.0,0.0,0.0,0.0,0.0,1.0
sonora_256_50_409,0.0,0.0,0.0,0.0,0.0,0.0,1.0
sonora_256_50_410,0.0,0.0,0.0,0.0,0.0,0.0,1.0
sonora_256_50_411,0.009210377,0.00048056772,0.0,0.0,0.0,0.0,0.99030906
sonora_256_50_412,0.03783412,0.23914684,0.0,0.0,0.0,0.0,0.72301906
sonora_256_50_413,0.046316776,0.42971408,0.0,0.0,0.0,0.0,0.5239692
sonora_256_50_414,0.017693035,0.19914863,0.0,0.0,0.0,0.0,0.78315836
sonora_256_50_415,0.0,0.12146936,0.0,0.0,0.0,0.0,0.8785306
sonora_256_50_416,0.0,0.091502175,0.0,0.0,0.0,0.0,0.9084978
sonora_256_50_417,0.0,0.025919745,0.0,0.0,0.0,0.0,0.97408026
sonora_256_50_418,0.0,0.0,0.0,0.0,0.0,0.0,1.0
sonora_256_50_419,0.0,0.0,0.0,0.0,0.006510743,0.0,0.99348927
sonora_256_50_420,0.0,0.0,0.0,0.0,0.037559967,0.0,0.96244
sonora_256_50_421,0.0,0.0,0.0,0.0,0.0658388,0.0,0.9341612
sonora_256_50_422,0.0,0.0,0.0,0.0,0.037342764,0.0,0.9626572
sonora_256_50_423,0.0,0.02860588,0.0,0.0,0.027190013,0.0,0.9442041
sonora_256_50_424,0.0,0.105046585,0.0,0.0,0.024636826,0.0,0.87031657
sonora_256_50_425,0.0,0.0801227,0.0,0.0,0.08026866,0.0,0.8396086
sonora_256_50_426,0.0,0.06757441,0.0,0.0,0.1342624,0.0,0.7981632
sonora_256_50_427,0.0,0.11987923,0.0,0.0,0.053993747,0.0,0.826127
sonora_256_50_428,0.0005284062,0.055986818,0.0,0.0,0.0,0.0,0.9434848
sonora_256_50_429,0.022237197,0.0,0.0,0.0,0.0,0.0,0.9777628
sonora_256_50_430,0.02170879,0.0,0.0,0.0,0.0,0.0,0.9782912
sonora_256_50_431,0.0,0.0,0.0,0.0,0.042250797,0.0,0.9577492
sonora_256_50_432,0.0,0.0,0.0,0.0,0.2587269,0.0,0.7412731
sonora_256_50_433,0.0,0.0,0.0,0.0,0.26555374,0.0,0.7344463
sonora_256_50_434,0.0,0.0,0.0,0.0,0.049077637,0.0,0.95092237
sonora_256_50_435,0.0,0.0,0.0,0.0,0.0,0.0,1.0
sonora_256_50_436,0.0,0.0,0.0,0.0,0.0,0.0,1.0
sonora_256_50_437,0.0,0.0,0.0,0.0,0.0,0.0,1.0
sonora_256_50_438,0.0,0.0,0.0,0.0,0.0,0.0,1.0
sonora_256_50_439,0.0,0.0,0.0,0.0,0.0,0.0,1.0
sonora_256_50_440,0.0,0.0,0.0,0.0,0.0,0.0,1.0
sonora_256_50_441,0.0,0.0,0.0,0.0,0.0,0.0,1.0
sonora_256_50_442,0.0,0.0,0.0,0.0,0.0,0.0,1.0
sonora_256_50_443,0.0,0.0,0.0,0.0,0.0,0.0,1.0
sonora_256_50_444,0.0,0.0,0.0,0.0,0.0,0.0,1.0
sonora_256_50_445,0.0,0.0,0.0,0.0,0.0,0.0,1.0
sonora_256_50_446,0.0,0.0,0.0,0.0,0.0,0.0,1.0
sonora_256_50_447,0.0,0.0,0.0,0.0,0.0,0.0,1.0
sonora_256_50_448,0.0,0.0,0.0,0.0,0.0,0.0,1.0
sonora_256_50_449,0.0,0.0,0.0,0.0,0.0,0.0,1.0
sonora_256_50_450,0.0,0.0,0.0,0.0,0.0,0.0,1.0
sonora_256_50_451,0.0,0.0,0.0,0.0,0.0,0.0,1.0
sonora_256_50_452,0.0,0.0,0.0,0.0,0.0,0.0,1.0
sonora_256_50_453,0.0,0.0,0.0,0.0,0.0,0.0,1.0
sonora_256_50_454,0.0,0.0,0.0,0.0,0.0,0.0,1.0
sonora_256_50_455,0.0,0.0,0.0,0.0,0.0,0.0,1.0
sonora_256_50_456,0.0,0.0,0.0,0.0,0.0,0.0,1.0
sonora_256_50_457,0.0,0.0,0.0,0.0,0.0,0.0,1.0
sonora_256_50_458,0.0,0.0,0.0,0.010849232,0.0,0.0,0.98915076
sonora_256_50_459,0.0,0.0,0.0,0.29026186,0.0,0.0,0.70973814
sonora_256_50_460,0.0,0.0,0.0,0.7430023,0.0,0.0,0.2569977
sonora_256_50_461,0.0,0.00011471019,0.0,0.7582191,0.0,0.0,0.24166617
sonora_256_50_462,0.0,0.2964397,0.0,0.32708663,0.0,0.0,0.37647367
sonora_256_50_463,0.0,0.3503099,0.0,0.032457165,0.0,0.0,0.6172329
sonora_256_50_464,0.0,0.2501773,0.0,0.043411214,0.0,0.0,0.7064115
sonora_256_50_465,0.0,0.4357813,0.0,0.05472885,0.0,0.0,0.50948983
sonora_256_50_466,0.0,0.26339346,0.0,0.056285728,0.0,0.0,0.6803208
sonora_256_50_467,0.0,0.023804536,0.0,0.046797432,0.0,0.0,0.92939806
sonora_256_50_468,0.0,0.0,0.0,0.0018293401,0.0,0.0,0.9981707
sonora_256_50_469,0.016073683,0.011167674,0.0,0.0,0.0,0.0,0.97275865
sonora_256_50_470,0.10746521,0.18007186,0.0,0.0,0.0,0.0,0.7124629
sonora_256_50_471,0.25763804,0.274667,0.0,0.0,0.0,0.0,0.46769497
sonora_256_50_472,0.21524632,0.10865872,0.0,0.0,0.0,0.0,0.67609495
sonora_256_50_473,0.06735593,0.0028959129,0.0,0.0,0.0,0.0,0.9297482
sonora_256_50_474,0.018356109,0.0,0.0,0.0,0.0,0.0,0.9816439
sonora_256_50_475,0.0,0.0,0.0,0.0,0.0,0.0,1.0
sonora_256_50_476,0.0,0.0076593636,0.0,0.0,0.0,0.0,0.9923406
sonora_256_50_477,0.0,0.019994108,0.0,0.0,0.0,0.0,0.9800059
sonora_256_50_478,0.0,0.020365948,0.0,0.0,0.0,0.0,0.97963405
sonora_256_50_479,0.0,0.13267043,0.0,0.0,0.0,0.0,0.8673296
sonora_256_50_480,0.0,0.278485,0.0,0.0,0.0,0.0,0.721515
sonora_256_50_481,0.014488497,0.53102773,0.0,0.0,0.0,0.0,0.45448375
sonora_256_50_482,0.03218153,0.41096842,0.0,0.0,0.0,0.0,0.5568501
sonora_256_50_483,0.017693035,0.03378645,0.0,0.0,0.0,0.0,0.94852054
sonora_256_50_484,0.029394737,0.22215,0.0,0.0,0.0,0.0,0.7484552
sonora_256_50_485,0.0,0.06857063,0.0,0.0,0.0,0.0,0.9314294
sonora_256_50_486,0.0,0.009570177,0.0,0.0,0.0,0.0,0.9904298
sonora_256_50_487,0.0,0.0,0.0,0.0,0.0,0.0,1.0
sonora_256_50_488,0.0,0.0,0.0,0.0,0.06379679,0.0,0.93620324
sonora_256_50_489,0.0,0.0,0.0,0.0,0.20189199,0.0,0.798108
sonora_256_50_490,0.0,0.0,0.0,0.0,0.35831422,0.0,0.6416858
sonora_256_50_491,0.0,0.0,0.0,0.0,0.37121755,0.0,0.62878245
sonora_256_50_492,0.0,0.08357387,0.0,0.0,0.19410032,0.0,0.7223258
sonora_256_50_493,0.0,0.11661522,0.0,0.0,0.043101735,0.0,0.84028304
sonora_256_50_494,0.0,0.059019975,0.0,0.0,0.027504157,0.0,0.9134759
sonora_256_50_495,0.0,0.10957336,0.0,0.0,0.035299893,0.0,0.85512674
sonora_256_50_496,0.0,0.14006892,0.0,0.0,0.10002881,0.0,0.75990224
sonora_256_50_497,0.0,0.056474205,0.0,0.0,0.09223308,0.0,0.8512927
sonora_256_50_498,0.0,0.0,0.0,0.0,0.0,0.0,1.0
sonora_256_50_499,0.0,0.0,0.0,0.0,0.0,0.0,1.0
sonora_256_50_500,0.0,0.0,0.0,0.0,0.025719533,0.0,0.9742805
sonora_256_50_501,0.0,0.0,0.0,0.0,0.188096,0.0,0.811904
sonora_256_50_502,0.0,0.0,0.0,0.0,0.17373809,0.0,0.8262619
sonora_256_50_503,0.0,0.0,0.0,0.0,0.011361634,0.0,0.98863834
sonora_256_50_504,0.0,0.0,0.0,0.0,0.0,0.0,1.0
sonora_256_50_505,0.0,0.0,0.0,0.0,0.0,0.0,1.0
sonora_256_50_506,0.0,0.0,0.0,0.0,0.0,0.0,1.0
sonora_256_50_507,0.0,0.0,0.0,0.0,0.0,0.0,1.0
sonora_256_50_508,0.0,0.0,0.0,0.0,0.0,0.0,1.0
sonora_256_50_509,0.0,0.0,0.0,0.0,0.0,0.0,1.0
sonora_256_50_510,0.0,0.0,0.0,0.0,0.0,0.0,1.0
sonora_256_50_511,0.013109758,0.0,0.0,0.0,0.0,0.0,0.98689026
sonora_256_50_512,0.013109758,0.0,0.0,0.0,0.0,0.0,0.98689026
sonora_256_50_513,0.0,0.0,0.0,0.0,0.0,0.0,1.0
sonora_256_50_514,0.0,0.0,0.0,0.0,0.0,0.0,1.0
sonora_256_50_515,0.0,0.0,0.0,0.0,0.0,0.0,1.0
sonora_256_50_516,0.0,0.0,0.0,0.0,0.0,0.0,1.0
sonora_256_50_517,0.0,0.0,0.0,0.0,0.0,0.0,1.0
sonora_256_50_518,0.0,0.0,0.0,0.0,0.0,0.0,1.0
sonora_256_50_519,0.0,0.0,0.0,0.0,0.0,0.0,1.0
sonora_256_50_520,0.0,0.0,0.0,0.0,0.0,0.0,1.0
sonora_256_50_521,0.0,0.0,0.0,0.0,0.0,0.0,1.0
sonora_256_50_522,0.0,0.0,0.0,0.0,0.0,0.0,1.0
sonora_256_50_523,0.0,0.0,0.0,0.0,0.0,0.0,1.0
sonora_256_50_524,0.0,0.0,0.0,0.0,0.0,0.0,1.0
sonora_256_50_525,0.0,0.0,0.0,0.0,0.0,0.0,1.0
sonora_256_50_526,0.0,0.0,0.0,0.0,0.0,0.0,1.0
sonora_256_50_527,0.0,0.0,0.0,0.0,0.0,0.0,1.0
sonora_256_50_528,0.0,0.0,0.0,0.08864913,0.0,0.0,0.91135085
sonora_256_50_529,0.0,0.0,0.0,0.33665058,0.0,0.0,0.6633494
sonora_256_50_530,0.0,0.0,0.0,0.29696652,0.0,0.0,0.7030335
sonora_256_50_531,0.0,0.33939567,0.0,0.0661192,0.0,0.0,0.59448516
sonora_256_50_532,0.0,0.54921687,0.0,0.08086532,0.0,0.0,0.3699178
sonora_256_50_533,0.0,0.4029327,0.0,0.32393765,0.0,0.0,0.2731296
sonora_256_50_534,0.0,0.56009,0.0,0.3784948,0.0,0.0,0.061415225
sonora_256_50_535,0.0,0.39081708,0.0,0.41320238,0.0,0.0,0.19598058
sonora_256_50_536,0.0048250207,0.076396264,0.0,0.4380963,0.0,0.0,0.4806824
sonora_256_50_537,0.05508169,0.14638063,0.0,0.14970967,0.0,0.0,0.648828
sonora_256_50_538,0.106891796,0.308401,0.0,0.0065473816,0.0,0.0,0.5781598
sonora_256_50_539,0.11286372,0.5046909,0.0,0.031640783,0.0,0.0,0.3508046
sonora_256_50_540,0.23270665,0.5678894,0.0,0.031640783,0.0,0.0,0.16776319
sonora_256_50_541,0.30479664,0.38468263,0.0,0.0,0.0,0.0,0.31052077
sonora_256_50_542,0.1466747,0.2766745,0.0,0.0,0.0,0.0,0.57665074
sonora_256_50_543,0.018356109,0.37262598,0.0,0.0,0.0,0.0,0.6090179
sonora_256_50_544,0.0,0.39583087,0.0,0.0,0.0,0.0,0.60416913
sonora_256_50_545,0.0,0.3582072,0.0,0.0,0.0,0.0,0.64179283
sonora_256_50_546,0.0,0.42593542,0.0,0.0,0.0,0.0,0.57406455
sonora_256_50_547,0.0,0.50265396,0.0,0.0,0.0,0.0,0.49734604
sonora_256_50_548,0.0,0.61649746,0.0,0.0,0.0,0.0,0.38350257
sonora_256_50_549,0.0,0.77791023,0.0,0.0,0.0,0.0,0.22208978
sonora_256_50_550,0.0,0.70219797,0.0,0.0,0.0,0.0,0.29780203
sonora_256_50_551,0.0,0.29925135,0.0,0.0,0.0,0.0,0.7007486
sonora_256_50_552,0.0,0.00041856305,0.0,0.0,0.0,0.0,0.99958146
sonora_256_50_553,0.029394737,0.29551104,0.0,0.0,0.0,0.0,0.67509425
sonora_256_50_554,0.0,0.12814748,0.0,0.0,0.0,0.0,0.8718525
sonora_256_50_555,0.0,0.02403912,0.0,0.0,0.010496249,0.0,0.96546465
sonora_256_50_556,0.0,0.0,0.0,0.0,0.010496249,0.0,0.98950374
sonora_256_50_557,0.0,0.0,0.0,0.0,0.12733856,0.0,0.8726615
sonora_256_50_558,0.0,0.0,0.0,0.0,0.31587586,0.0,0.6841241
sonora_256_50_559,0.0,0.0,0.0,0.0,0.54450476,0.0,0.4554952
sonora_256_50_560,0.0,0.009540857,0.0,0.0,0.593981,0.0,0.39647812
sonora_256_50_561,0.0,0.076569974,0.0,0.0,0.3192271,0.0,0.6042029
sonora_256_50_562,0.0,0.07419691,0.0,0.0,0.122982875,0.0,0.8028202
sonora_256_50_563,0.0,0.043864284,0.0,0.0,0.045489516,0.0,0.9106462
sonora_256_50_564,0.0,0.096952096,0.0,0.0,0.072828874,0.0,0.83021903
sonora_256_50_565,0.0,0.093688175,0.0,0.0,0.2969035,0.0,0.6094083
sonora_256_50_566,0.0,0.033432577,0.0,0.0,0.24946018,0.0,0.7171073
sonora_256_50_567,0.0,0.0,0.0,0.0,0.021665413,0.0,0.9783346
sonora_256_50_568,0.0,0.0,0.0,0.0,0.0,0.0,1.0
sonora_256_50_569,0.0,0.0,0.0,0.0,0.0,0.0,1.0
sonora_256_50_570,0.0,0.0,0.0,0.0,0.03282335,0.0,0.9671767
sonora_256_50_571,0.0,0.0,0.0,0.0,0.03282335,0.0,0.9671767
sonora_256_50_572,0.0,0.0,0.0,0.0,0.0,0.0,1.0
sonora_256_50_573,0.0,0.0,0.0,0.0,0.0,0.0,1.0
sonora_256_50_574,0.0,0.0,0.0,0.0,0.0,0.0,1.0
sonora_256_50_575,0.0,0.0,0.0,0.0,0.0,0.0,1.0
sonora_256_50_576,0.0,0.0,0.0,0.0,0.0,0.0,1.0
sonora_256_50_577,0.0,0.0,0.0,0.0,0.0,0.0,1.0
sonora_256_50_578,0.0,0.016169898,0.0,0.0,0.08661745,0.0,0.8972126
sonora_256_50_579,0.0,0.016169898,0.0,0.0,0.08661745,0.0,0.8972126
sonora_256_50_580,0.05342952,0.0,0.0,0.0,0.0,0.0,0.94657046
sonora_256_50_581,0.05342952,0.0,0.0,0.0,0.0,0.0,0.94657046
sonora_256_50_582,0.0,0.0,0.0,0.0,0.0,0.0,1.0
sonora_256_50_583,0.0,0.0,0.0,0.0,0.0,0.0,1.0
sonora_256_50_584,0.0,0.0,0.0,0.0,0.0,0.0,1.0
sonora_256_50_585,0.0,0.0,0.0,0.0,0.0,0.0,1.0
sonora_256_50_586,0.0,0.0,0.0,0.0,0.0,0.0,1.0
sonora_256_50_587,0.0,0.0,0.0,0.0,0.0,0.0,1.0
sonora_256_50_588,0.0,0.0,0.0,0.0,0.0,0.0,1.0
sonora_256_50_589,0.0,0.0,0.0,0.0,0.0,0.0,1.0
sonora_256_50_590,0.0,0.0,0.0,0.0,0.0,0.0,1.0
sonora_256_50_591,0.0,0.0,0.0,0.0,0.0,0.0,1.0
sonora_256_50_592,0.0,0.0,0.0,0.0,0.0,0.0,1.0
sonora_256_50_593,0.0,0.0,0.0,0.0,0.0,0.0,1.0
sonora_256_50_594,0.0,0.0,0.0,0.0,0.0,0.0,1.0
sonora_256_50_595,0.0,0.0,0.0,0.0,0.0,0.0,1.0
sonora_256_50_596,0.0,0.0,0.0,0.0,0.0,0.0,1.0
sonora_256_50_597,0.0,0.0,0.0,0.006256391,0.0,0.0,0.9937436
sonora_256_50_598,0.0,0.0,0.0,0.040668186,0.0,0.0,0.9593318
sonora_256_50_599,0.0,0.0,0.0,0.034673847,0.0,0.0,0.96532613
sonora_256_50_600,0.0,0.28631797,0.0,0.00026205252,0.0,0.0,0.71342
sonora_256_50_601,0.0,0.49371913,0.0,0.13844213,0.0,0.0,0.36783874
sonora_256_50_602,0.0,0.21396296,0.0,0.39685208,0.0,0.0,0.38918495
sonora_256_50_603,0.0,0.3138512,0.0,0.41993335,0.0,0.0,0.26621544
sonora_256_50_604,5.523117e-05,0.47962213,0.0,0.4891354,0.0,0.0,0.031187216
sonora_256_50_605,0.03642327,0.4420903,0.0,0.46894497,0.0,0.0,0.05254145
sonora_256_50_606,0.086883724,0.6133215,0.0,0.14788033,0.0,0.0,0.15191445
sonora_256_50_607,0.11854481,0.70730054,0.0,0.068753436,0.0,0.0,0.105401196
sonora_256_50_608,0.1252278,0.6571418,0.0,0.18362084,0.0,0.0,0.03400956
sonora_256_50_609,0.11646477,0.5080284,0.0,0.12141478,0.0,0.0,0.25409204
sonora_256_50_610,0.16434155,0.3235497,0.0,0.0,0.0,0.0,0.5121088
sonora_256_50_611,0.15325274,0.30781254,0.0,0.0,0.0,0.0,0.5389347
sonora_256_50_612,0.048177265,0.4677511,0.0,0.0,0.0,0.0,0.48407167
sonora_256_50_613,0.0,0.6075547,0.0,0.0,0.0,0.0,0.39244533
sonora_256_50_614,0.0,0.74626416,0.0,0.0,0.0,0.0,0.25373584
sonora_256_50_615,0.0,0.9059413,0.0,0.0,0.0,0.0,0.09405869
sonora_256_50_616,0.0,0.849717,0.0,0.0,0.0,0.0,0.15028301
sonora_256_50_617,0.0,0.6371038,0.0,0.0,0.0,0.0,0.3628962
sonora_256_50_618,0.0,0.5594569,0.0,0.0,0.0,0.0,0.44054314
sonora_256_50_619,0.0,0.46370968,0.0,0.0,0.0,0.0,0.5362903
sonora_256_50_620,0.0,0.20396672,0.0,0.0,0.0,0.0,0.79603326
sonora_256_50_621,0.0,0.013960266,0.0,0.0,0.0,0.0,0.98603976
sonora_256_50_622,0.0,0.43062022,0.0,0.0,0.0,0.0,0.56937975
sonora_256_50_623,0.0,0.39496014,0.0,0.0,0.0,0.0,0.60503983
sonora_256_50_624,0.0,0.118418306,0.0,0.0,0.025734019,0.0,0.85584766
sonora_256_50_625,0.0,0.0,0.0,0.0,0.025734019,0.0,0.974266
sonora_256_50_626,0.0,0.0,0.0,0.0,0.07292076,0.0,0.92707926
sonora_256_50_627,0.0,0.0,0.0,0.0,0.18741702,0.0,0.81258297
sonora_256_50_628,0.0,0.0,0.0,0.0,0.3880278,0.0,0.6119722
sonora_256_50_629,0.0,0.012509384,0.0,0.0,0.5081483,0.0,0.47934228
sonora_256_50_630,0.0,0.04415927,0.0,0.0,0.376782,0.0,0.57905877
sonora_256_50_631,0.0,0.04154204,0.0,0.0,0.28985763,0.0,0.6686003
sonora_256_50_632,0.0,0.05924532,0.0,0.0,0.24232325,0.0,0.69843143
sonora_256_50_633,0.0,0.08000681,0.0,0.0,0.32540193,0.0,0.59459126
sonora_256_50_634,0.0,0.030653642,0.0,0.0,0.5381431,0.0,0.43120325
sonora_256_50_635,0.0,0.0,0.0,0.0,0.3675816,0.0,0.6324184
sonora_256_50_636,0.0,0.0,0.0,0.0,0.070655406,0.0,0.9293446
sonora_256_50_637,0.0,0.0,0.0,0.0,0.016159762,0.0,0.9838402
sonora_256_50_638,0.0,0.0,0.0,0.0,0.005713976,0.0,0.994286
sonora_256_50_639,0.0,0.0,0.0,0.0,0.0,0.0,1.0
sonora_256_50_640,0.0,0.0,0.0,0.0,0.0,0.0,1.0
sonora_256_50_641,0.0,0.0,0.0,0.0,0.0,0.0,1.0
sonora_256_50_642,0.0,0.0,0.0,0.0,0.0,0.0,1.0
sonora_256_50_643,0.0,0.0,0.0,0.0,0.0,0.0,1.0
sonora_256_50_644,0.0,0.0,0.0,0.0,0.0,0.0,1.0
sonora_256_50_645,0.0,0.0,0.0,0.0,0.0,0.0,1.0
sonora_256_50_646,0.0,0.0,0.0,0.0,0.0,0.0,1.0
sonora_256_50_647,0.0,0.016169898,0.0,0.0,0.08661745,0.0,0.8972126
sonora_256_50_648,0.0,0.016169898,0.0,0.0,0.08661745,0.0,0.8972126
sonora_256_50_649,0.060714986,0.0,0.0,0.0,0.0,0.0,0.93928504
sonora_256_50_650,0.09156032,0.0,0.0,0.0,0.0,0.0,0.9084397
sonora_256_50_651,0.05639685,0.0,0.0,0.0,0.0,0.0,0.94360316
sonora_256_50_652,0.04906575,0.0,0.0,0.0,0.0,0.0,0.95093423
sonora_256_50_653,0.0570936,0.0,0.0,0.0,0.0,0.0,0.9429064
sonora_256_50_654,0.033579364,0.0,0.0,0.0,0.0,0.0,0.96642065
sonora_256_50_655,0.0,0.0,0.0,0.0,0.0,0.0,1.0
sonora_256_50_656,0.0,0.0,0.0,0.0,0.0,0.0,1.0
sonora_256_50_657,0.0,0.0,0.0,0.0,0.0,0.0,1.0
sonora_256_50_658,0.0,0.0,0.0,0.0,0.0,0.0,1.0
sonora_256_50_659,0.0,0.0,0.0,0.0,0.0,0.0,1.0
sonora_256_50_660,0.0,0.0,0.0,0.0,0.0,0.0,1.0
sonora_256_50_661,0.0,0.0,0.0,0.0,0.0,0.0,1.0
sonora_256_50_662,0.0,0.0,0.0,0.0,0.0,0.0,1.0
sonora_256_50_663,0.04432506,0.0,0.0,0.0,0.0,0.0,0.95567495
sonora_256_50_664,0.049224973,0.0,0.0,0.0,0.0,0.0,0.950775
sonora_256_50_665,0.004899912,0.0,0.0,0.0,0.0,0.0,0.9951001
sonora_256_50_666,0.0,0.0,0.0,0.0,0.0,0.0,1.0
sonora_256_50_667,0.0,0.0,0.0,0.0,0.0,0.0,1.0
sonora_256_50_668,0.014131062,0.0,0.0,0.0,0.0,0.0,0.98586893
sonora_256_50_669,0.03121995,0.081145056,0.0,0.0,0.0,0.0,0.887635
sonora_256_50_670,0.01708889,0.1327099,0.0,0.07473094,0.0,0.0,0.77547026
sonora_256_50_671,0.0,0.06322809,0.0,0.11632563,0.0,0.0,0.82044625
sonora_256_50_672,0.0,0.37235764,0.0,0.114960104,0.0,0.0,0.51268226
sonora_256_50_673,0.025375845,0.62155247,0.0,0.1510115,0.0,0.0,0.20206022
sonora_256_50_674,0.059718736,0.5937491,0.0,0.10432259,0.0,0.0,0.24220955
sonora_256_50_675,0.03460191,0.69707775,0.0,0.16223085,0.0,0.0,0.10608952
sonora_256_50_676,0.038958248,0.5269279,0.0,0.38639945,0.0,0.0,0.04771439
sonora_256_50_677,0.046318684,0.29401582,0.0,0.35021883,0.0,0.0,0.30944666
sonora_256_50_678,0.0076194545,0.15758337,0.0,0.09937373,0.0,0.0,0.73542345
sonora_256_50_679,0.025756694,0.02832918,0.0,0.0,0.0,0.0,0.9459141
sonora_256_50_680,0.11849154,0.031138025,0.0,0.0,0.0,0.0,0.8503704
sonora_256_50_681,0.11434736,0.09512513,0.0,0.0,0.0,0.0,0.7905275
sonora_256_50_682,0.021612514,0.2448248,0.0,0.0,0.0,0.0,0.7335627
sonora_256_50_683,0.0,0.60961175,0.0,0.0,0.0,0.0,0.39038828
sonora_256_50_684,0.0,0.8830236,0.0,0.0,0.0,0.0,0.1169764
sonora_256_50_685,0.0,0.69439185,0.0,0.0,0.0,0.0,0.30560812
sonora_256_50_686,0.0,0.29298595,0.0,0.0,0.0,0.0,0.7070141
sonora_256_50_687,0.0,0.074526526,0.0,0.0,0.0,0.0,0.92547345
sonora_256_50_688,0.0,0.0863828,0.0,0.0,0.0,0.0,0.9136172
sonora_256_50_689,0.0,0.07622125,0.0,0.0,0.0,0.0,0.9237788
sonora_256_50_690,0.0,0.013541702,0.0,0.0,0.0,0.0,0.9864583
sonora_256_50_691,0.0,0.3736711,0.0,0.0,0.0,0.0,0.6263289
sonora_256_50_692,0.0,0.4173649,0.0,0.0,0.024084643,0.0,0.5585505
sonora_256_50_693,0.0,0.1558745,0.0,0.0,0.042279445,0.0,0.801846
sonora_256_50_694,0.0,0.0,0.0,0.0,0.0181948,0.0,0.9818052
sonora_256_50_695,0.0,0.0,0.0,0.0,0.01723031,0.0,0.98276967
sonora_256_50_696,0.0,0.0,0.0,0.0,0.12055656,0.0,0.8794434
sonora_256_50_697,0.0,0.0,0.0,0.0,0.24273258,0.0,0.7572674
sonora_256_50_698,0.0,0.002968528,0.0,0.0,0.4159976,0.0,0.5810339
sonora_256_50_699,0.0,0.027962226,0.0,0.0,0.36712018,0.0,0.6049176
sonora_256_50_700,0.0,0.06546618,0.0,0.0,0.31248742,0.0,0.6220464
sonora_256_50_701,0.0,0.077377915,0.0,0.0,0.49961293,0.0,0.4230092
sonora_256_50_702,0.0,0.036905423,0.0,0.0,0.66042393,0.0,0.30267066
sonora_256_50_703,0.0,0.0,0.0,0.0,0.75416464,0.0,0.24583532
sonora_256_50_704,0.0,0.0,0.0,0.0,0.52992344,0.0,0.4700765
sonora_256_50_705,0.0,0.0,0.0,0.0,0.31461614,0.0,0.68538386
sonora_256_50_706,0.0,0.0,0.0,0.0,0.18920371,0.0,0.81079626
sonora_256_50_707,0.0,0.0,0.0,0.0,0.03311595,0.0,0.9668841
sonora_256_50_708,0.0,0.0,0.0,0.0,0.0,0.0,1.0
sonora_256_50_709,0.0,0.0,0.0,0.0,0.0,0.0,1.0
sonora_256_50_710,0.0,0.0,0.0,0.0,0.0,0.0,1.0
sonora_256_50_711,0.0,0.0,0.0,0.0,0.0,0.0,1.0
sonora_256_50_712,0.0,0.0,0.0,0.0,0.0,0.0,1.0
sonora_256_50_713,0.0,0.0,0.0,0.0,0.0,0.0,1.0
sonora_256_50_714,0.0,0.0,0.0,0.0,0.0,0.0,1.0
sonora_256_50_715,0.0,0.0,0.0,0.0,0.0,0.0,1.0
sonora_256_50_716,0.0,0.0,0.0,0.0,0.0,0.0,1.0
sonora_256_50_717,0.0,0.0,0.0,0.0,0.0,0.0,1.0
sonora_256_50_718,0.026312545,0.0,0.0,0.0,0.0,0.0,0.97368747
sonora_256_50_719,0.057157878,0.0,0.0,0.0,0.0,0.0,0.9428421
sonora_256_50_720,0.05639685,0.0,0.0,0.0,0.0,0.0,0.94360316
sonora_256_50_721,0.04906575,0.0,0.0,0.0,0.0,0.0,0.95093423
sonora_256_50_722,0.057381675,0.0,0.0,0.0,0.0,0.0,0.9426183
sonora_256_50_723,0.033867437,0.0,0.0,0.0,0.0,0.0,0.9661326
sonora_256_50_724,0.0,0.0,0.0,0.0,0.0,0.0,1.0
sonora_256_50_725,0.0,0.0,0.0,0.0,0.0,0.0,1.0
sonora_256_50_726,0.0,0.0,0.0,0.0,0.0,0.0,1.0
sonora_256_50_727,0.0,0.0,0.0,0.0,0.0,0.0,1.0
sonora_256_50_728,0.0,0.0,0.0,0.0,0.0,0.0,1.0
sonora_256_50_729,0.0,0.0,0.0,0.0,0.0,0.0,1.0
sonora_256_50_730,0.0,0.0,0.0,0.0,0.0,0.0,1.0
sonora_256_50_731,0.021949803,0.0,0.0,0.0,0.0,0.0,0.9780502
sonora_256_50_732,0.07507176,0.0,0.0,0.0,0.0,0.0,0.92492825
sonora_256_50_733,0.05803948,0.0,0.0,0.0,0.0,0.0,0.9419605
sonora_256_50_734,0.06051042,0.0,0.0,0.0,0.0,0.0,0.9394896
sonora_256_50_735,0.10736242,0.0,0.0,0.0,0.0,0.0,0.8926376
sonora_256_50_736,0.083034895,0.0,0.0,0.0,0.0,0.0,0.9169651
sonora_256_50_737,0.059006486,0.0,0.0,0.0,0.0,0.0,0.9409935
sonora_256_50_738,0.04864076,0.0,0.0,0.0,0.0,0.0,0.9513592
sonora_256_50_739,0.027635697,0.0,0.0,0.0,0.0,0.0,0.9723643
sonora_256_50_740,0.032332834,0.011663244,0.0,0.090068914,0.0,0.0,0.865935
sonora_256_50_741,0.047805708,0.20496489,0.0,0.19936697,0.0,0.0,0.5478624
sonora_256_50_742,0.06218427,0.3683019,0.0,0.10929806,0.0,0.0,0.46021578
sonora_256_50_743,0.042775214,0.40473947,0.0,0.16262849,0.0,0.0,0.38985685
sonora_256_50_744,0.0027998702,0.34418488,0.0,0.54818285,0.0,0.0,0.10483243
sonora_256_50_745,0.011231554,0.11686066,0.0,0.60982245,0.0,0.0,0.26208532
sonora_256_50_746,0.01788092,0.0024150033,0.0,0.23386785,0.0,0.0,0.74583626
sonora_256_50_747,0.0066493675,0.0,0.0,0.0095997285,0.0,0.0,0.9837509
sonora_256_50_748,0.0,0.0,0.0,0.0,0.0,0.0,1.0
sonora_256_50_749,0.04455758,0.0,0.0,0.0,0.0,0.0,0.9554424
sonora_256_50_750,0.1273572,0.0,0.0,0.0,0.0,0.0,0.8726428
sonora_256_50_751,0.086999476,0.033100978,0.0,0.0,0.0,0.0,0.87989956
sonora_256_50_752,0.0041998588,0.21389538,0.0,0.0,0.0,0.0,0.78190476
sonora_256_50_753,0.0,0.3830236,0.0,0.0,0.0,0.0,0.6169764
sonora_256_50_754,0.0,0.3269629,0.0,0.0,0.0,0.0,0.6730371
sonora_256_50_755,0.0,0.13970914,0.0,0.0,0.0,0.0,0.8602909
sonora_256_50_756,0.0,0.014975453,0.0,0.0,0.0,0.0,0.9850246
sonora_256_50_757,0.0,0.0,0.0,0.0,0.0,0.0,1.0
sonora_256_50_758,0.0,0.0,0.0,0.0,0.0,0.0,1.0
sonora_256_50_759,0.0,0.0,0.0,0.0,0.0,0.0,1.0
sonora_256_50_760,0.0,0.08496493,0.0,0.0,0.0,0.0,0.91503507
sonora_256_50_761,0.0,0.10132234,0.0,0.0,0.026242578,0.0,0.8724351
sonora_256_50_762,0.0,0.056010116,0.0,0.0,0.02919961,0.0,0.9147903
sonora_256_50_763,0.0,0.0,0.0,0.0,0.05964217,0.0,0.9403578
sonora_256_50_764,0.0,0.0,0.0,0.0,0.14245673,0.0,0.8575433
sonora_256_50_765,0.0,0.0,0.0,0.0,0.27991712,0.0,0.7200829
sonora_256_50_766,0.0,0.0,0.0,0.0,0.3994894,0.0,0.6005106
sonora_256_50_767,0.0,0.0,0.0,0.0,0.5080437,0.0,0.49195626
sonora_256_50_768,0.0,0.034648195,0.0,0.0,0.43387207,0.0,0.5314797
sonora_256_50_769,0.0,0.065261416,0.0,0.0,0.428819,0.0,0.5059196
sonora_256_50_770,0.0,0.03061322,0.0,0.0,0.71359235,0.0,0.2557944
sonora_256_50_771,0.0,0.0,0.0,0.0,0.85877067,0.0,0.14122936
sonora_256_50_772,0.0,0.0,0.0,0.0,0.8040286,0.0,0.1959714
sonora_256_50_773,0.0,0.0,0.0,0.0,0.53169435,0.0,0.46830568
sonora_256_50_774,0.0,0.0,0.0,0.0,0.36462596,0.0,0.635374
sonora_256_50_775,0.0,0.0,0.0,0.0,0.24027047,0.0,0.75972956
sonora_256_50_776,0.0,0.0,0.0,0.0,0.04613524,0.0,0.95386475
sonora_256_50_777,0.0,0.0,0.0,0.0,0.0,0.0,1.0
sonora_256_50_778,0.0,0.0,0.0,0.0,0.0,0.0,1.0
sonora_256_50_779,0.0,0.0,0.0,0.0,0.0,0.0,1.0
sonora_256_50_780,0.0,0.0,0.0,0.0,0.0,0.0,1.0
sonora_256_50_781,0.0,0.0,0.0,0.0,0.0,0.0,1.0
sonora_256_50_782,0.0,0.0,0.0,0.0,0.0,0.0,1.0
sonora_256_50_783,0.0,0.0,0.0,0.0,0.0,0.0,1.0
sonora_256_50_784,0.0,0.0,0.0,0.0,0.0,0.0,1.0
sonora_256_50_785,0.0,0.0,0.0,0.0,0.0,0.0,1.0
sonora_256_50_786,0.0,0.0,0.0,0.0,0.0,0.0,1.0
sonora_256_50_787,0.035148844,0.0,0.0,0.0,0.0,0.0,0.96485114
sonora_256_50_788,0.035148844,0.0,0.0,0.0,0.0,0.0,0.96485114
sonora_256_50_789,0.0,0.0,0.0,0.0,0.0,0.0,1.0
sonora_256_50_790,0.0,0.0,0.0,0.0,0.0,0.0,1.0
sonora_256_50_791,0.0002880714,0.0,0.0,0.0,0.0,0.0,0.99971193
sonora_256_50_792,0.0002880714,0.0,0.0,0.0,0.0,0.0,0.99971193
sonora_256_50_793,0.0,0.0,0.0,0.0,0.0,0.0,1.0
sonora_256_50_794,0.0,0.0,0.0,0.0,0.0,0.0,1.0
sonora_256_50_795,0.0,0.0,0.0,0.0,0.0,0.0,1.0
sonora_256_50_796,0.0,0.0,0.0,0.0,0.0,0.0,1.0
sonora_256_50_797,0.0,0.0,0.0,0.0,0.0,0.0,1.0
sonora_256_50_798,0.0,0.0,0.0,0.0,0.0,0.0,1.0
sonora_256_50_799,0.0,0.0,0.0,0.0,0.0,0.0,1.0
sonora_256_50_800,0.021949803,0.0,0.0,0.0,0.0,0.0,0.9780502
sonora_256_50_801,0.030746695,0.0,0.0,0.0,0.0,0.0,0.9692533
sonora_256_50_802,0.008814508,0.0,0.0,0.0,0.0,0.0,0.9911855
sonora_256_50_803,0.055610508,0.0,0.0,0.0,0.0,0.0,0.9443895
sonora_256_50_804,0.12947598,0.0,0.0,0.0,0.0,0.0,0.870524
sonora_256_50_805,0.10955601,0.0,0.0,0.0,0.0,0.0,0.890444
sonora_256_50_806,0.049282968,0.0,0.0,0.0,0.0,0.0,0.95071703
sonora_256_50_807,0.01742081,0.0,0.0,0.0,0.0,0.0,0.9825792
sonora_256_50_808,0.010546809,0.0,0.0,0.0,0.0,0.0,0.9894532
sonora_256_50_809,0.032332834,0.0,0.0,0.28331268,0.0,0.0,0.6843545
sonora_256_50_810,0.047805708,0.00083530095,0.0,0.4493788,0.0,0.0,0.50198025
sonora_256_50_811,0.036863655,0.16380756,0.0,0.19937845,0.0,0.0,0.5999504
sonora_256_50_812,0.0146547295,0.5146355,0.0,0.18164912,0.0,0.0,0.28906068
sonora_256_50_813,0.0,0.36720562,0.0,0.48360264,0.0,0.0,0.14919174
sonora_256_50_814,0.0,0.015542396,0.0,0.3717332,0.0,0.0,0.6127244
sonora_256_50_815,0.0,0.0,0.0,0.03646732,0.0,0.0,0.9635327
sonora_256_50_816,0.0,0.0,0.0,0.0,0.0,0.0,1.0
sonora_256_50_817,0.0,0.0001647827,0.0,0.0,0.0,0.0,0.9998352
sonora_256_50_818,0.0,0.0011910045,0.0,0.0,0.0,0.0,0.998809
sonora_256_50_819,0.06288207,0.014307721,0.0,0.0,0.0,0.0,0.9228102
sonora_256_50_820,0.13178751,0.013281498,0.0,0.0,0.0,0.0,0.854931
sonora_256_50_821,0.06890544,0.0,0.0,0.0,0.0,0.0,0.9310945
sonora_256_50_822,0.0,0.0,0.0,0.0,0.0,0.0,1.0
sonora_256_50_823,0.0,0.0,0.0,0.0,0.0,0.0,1.0
sonora_256_50_824,0.0,0.0,0.0,0.0,0.0,0.0,1.0
sonora_256_50_825,0.0,0.0,0.0,0.0,0.0,0.0,1.0
sonora_256_50_826,0.0,0.0,0.0,0.0,0.0,0.0,1.0
sonora_256_50_827,0.0,0.0,0.0,0.0,0.0,0.0,1.0
sonora_256_50_828,0.0,0.0,0.0,0.0,0.0,0.0,1.0
sonora_256_50_829,0.0,0.023104437,0.0,0.0,0.0,0.0,0.9768956
sonora_256_50_830,0.0,0.0,0.0,0.0,0.0021579366,0.0,0.9978421
sonora_256_50_831,0.0,0.0,0.0,0.0,0.0021579366,0.0,0.9978421
sonora_256_50_832,0.0,0.0,0.0,0.0,0.10094418,0.0,0.89905584
sonora_256_50_833,0.0,0.0,0.0,0.0,0.29679996,0.0,0.70320004
sonora_256_50_834,0.0,0.0,0.0,0.0,0.4344245,0.0,0.56557554
sonora_256_50_835,0.0,0.0,0.0,0.0,0.54019296,0.0,0.459807
sonora_256_50_836,0.0,0.0,0.0,0.0,0.57992077,0.0,0.4200792
sonora_256_50_837,0.0,0.02924325,0.0,0.0,0.59846056,0.0,0.3722962
sonora_256_50_838,0.0,0.029276134,0.0,0.0,0.7197581,0.0,0.25096577
sonora_256_50_839,0.0,3.288555e-05,0.0,0.0,0.85126126,0.0,0.14870588
sonora_256_50_840,0.0,0.0,0.0,0.0,0.8902724,0.0,0.1097276
sonora_256_50_841,0.0,0.0,0.0,0.0,0.69352466,0.0,0.30647534
sonora_256_50_842,0.0,0.0,0.0,0.0,0.31529525,0.0,0.6847048
sonora_256_50_843,0.0,0.0,0.0,0.0,0.10886901,0.0,0.891131
sonora_256_50_844,0.0,0.0,0.0,0.0,0.0672265,0.0,0.93277353
sonora_256_50_845,0.0,0.0,0.0,0.0,0.018733267,0.0,0.98126674
sonora_256_50_846,0.0,0.0,0.0,0.0,0.0,0.0,1.0
sonora_256_50_847,0.0,0.0,0.0,0.0,0.0,0.0,1.0
sonora_256_50_848,0.0,0.0,0.0,0.0,0.0,0.0,1.0
sonora_256_50_849,0.0,0.0,0.0,0.0,0.0,0.0,1.0
sonora_256_50_850,0.0,0.0,0.0,0.0,0.0,0.0,1.0
sonora_256_50_851,0.0,0.0,0.0,0.0,0.0,0.0,1.0
sonora_256_50_852,0.0,0.0,0.0,0.0,0.0,0.0,1.0
sonora_256_50_853,0.0,0.0,0.0,0.0,0.0,0.0,1.0
sonora_256_50_854,0.0,0.0,0.0,0.0,0.0,0.0,1.0
sonora_256_50_855,0.010566464,0.0,0.0,0.0,0.0,0.0,0.9894335
sonora_256_50_856,0.06335736,0.0,0.0,0.0,0.0,0.0,0.93664265
sonora_256_50_857,0.052790895,0.0,0.0,0.0,0.0,0.0,0.9472091
sonora_256_50_858,0.0,0.0,0.0,0.0,0.0,0.0,1.0
sonora_256_50_859,0.0,0.0,0.0,0.0,0.0,0.0,1.0
sonora_256_50_860,0.0,0.0,0.0,0.0,0.0,0.0,1.0
sonora_256_50_861,0.0,0.0,0.0,0.0,0.0,0.0,1.0
sonora_256_50_862,0.0,0.0,0.0,0.0,0.0,0.0,1.0
sonora_256_50_863,0.0,0.0,0.0,0.0,0.0,0.0,1.0
sonora_256_50_864,0.0,0.0,0.0,0.0,0.0,0.0,1.0
sonora_256_50_865,0.0,0.0,0.0,0.0,0.0,0.0,1.0
sonora_256_50_866,0.0,0.0,0.0,0.0,0.0,0.0,1.0
sonora_256_50_867,0.0,0.0,0.0,0.0,0.0,0.0,1.0
sonora_256_50_868,0.0,0.0,0.0,0.0,0.0,0.0,1.0
sonora_256_50_869,0.0,0.0,0.0,0.0,0.0,0.0,1.0
sonora_256_50_870,0.0,0.0,0.0,0.0,0.0,0.0,1.0
sonora_256_50_871,0.0,0.0,0.0,0.0,0.0,0.0,1.0
sonora_256_50_872,0.0,0.0,0.0,0.0,0.0,0.0,1.0
sonora_256_50_873,0.022155622,0.0,0.0,0.0,0.0,0.0,0.97784436
sonora_256_50_874,0.044022657,0.0,0.0,0.0,0.0,0.0,0.9559773
sonora_256_50_875,0.021867035,0.0,0.0,0.0,0.0,0.0,0.97813296
sonora_256_50_876,0.0,0.0,0.0,0.0,0.0,0.0,1.0
sonora_256_50_877,0.0,0.0,0.0,0.0,0.0,0.0,1.0
sonora_256_50_878,0.0,0.0,0.0,0.34360933,0.0,0.0,0.65639067
sonora_256_50_879,0.0,0.0,0.0,0.65787065,0.0,0.0,0.34212938
sonora_256_50_880,0.0,0.0765531,0.0,0.42951766,0.0,0.0,0.49392927
sonora_256_50_881,0.0,0.45037496,0.0,0.15669274,0.0,0.0,0.3929323
sonora_256_50_882,0.0,0.49195895,0.0,0.12670225,0.0,0.0,0.3813388
sonora_256_50_883,0.016285934,0.11813711,0.0,0.086104125,0.0,0.0,0.7794728
sonora_256_50_884,0.016285934,0.0,0.0,0.0008382554,0.0,0.0,0.9828758
sonora_256_50_885,0.0,0.0,0.0,0.0,0.0,0.0,1.0
sonora_256_50_886,0.017188275,0.044099305,0.0,0.0,0.0,0.0,0.9387124
sonora_256_50_887,0.017188275,0.08660895,0.0,0.0,0.0,0.0,0.8962028
sonora_256_50_888,0.0016949662,0.06601296,0.0,0.0,0.0,0.0,0.93229204
sonora_256_50_889,0.08356414,0.023503318,0.0,0.0,0.0,0.0,0.89293253
sonora_256_50_890,0.13211963,0.0,0.0,0.0,0.0,0.0,0.86788034
sonora_256_50_891,0.05025045,0.0,0.0,0.0,0.0,0.0,0.9497495
sonora_256_50_892,0.0,0.0,0.0,0.0,0.0,0.0,1.0
sonora_256_50_893,0.0,0.0,0.0,0.0,0.0,0.0,1.0
sonora_256_50_894,0.0,0.0,0.0,0.0,0.0,0.0,1.0
sonora_256_50_895,0.0,0.0,0.0,0.0,0.0,0.0,1.0
sonora_256_50_896,0.0,0.0,0.0,0.0,0.0,0.0,1.0
sonora_256_50_897,0.0,0.0,0.0,0.0,0.0,0.0,1.0
sonora_256_50_898,0.0,0.0,0.0,0.0,0.0,0.0,1.0
sonora_256_50_899,0.0,0.0,0.0,0.0,0.0,0.0,1.0
sonora_256_50_900,0.0,0.0,0.0,0.0,0.0,0.0,1.0
sonora_256_50_901,0.0155769875,0.0,0.0,0.0,0.04425904,0.0,0.94016397
sonora_256_50_902,0.04934321,0.03746784,0.0,0.0,0.22274026,0.0,0.6904487
sonora_256_50_903,0.03376622,0.03746784,0.0,0.0,0.40933752,0.0,0.51942843
sonora_256_50_904,0.0,0.0,0.0,0.0,0.47605783,0.0,0.5239422
sonora_256_50_905,0.0,0.0,0.0,0.0,0.36734006,0.0,0.6326599
sonora_256_50_906,0.0,0.0,0.0,0.0,0.50367534,0.0,0.49632466
sonora_256_50_907,0.0,0.0,0.0,0.0,0.80119,0.0,0.19881
sonora_256_50_908,0.0,0.0,0.0,0.0,0.84777504,0.0,0.15222499
sonora_256_50_909,0.0,0.0,0.0,0.0,0.8320287,0.0,0.16797131
sonora_256_50_910,0.0,0.0,0.0,0.0,0.6749171,0.0,0.32508293
sonora_256_50_911,0.0,0.0,0.0,0.0,0.2879209,0.0,0.7120791
sonora_256_50_912,0.0,0.0,0.0,0.0,0.01691068,0.0,0.9830893
sonora_256_50_913,0.0,0.0,0.0,0.0,0.0,0.0,1.0
sonora_256_50_914,0.0,0.0,0.0,0.0,0.0,0.0,1.0
sonora_256_50_915,0.0,0.0,0.0,0.0,0.03470543,0.0,0.9652946
sonora_256_50_916,0.0,0.0,0.0,0.0,0.040820513,0.0,0.95917946
sonora_256_50_917,0.0,0.0,0.0,0.0,0.0061150813,0.0,0.9938849
sonora_256_50_918,0.0,0.0,0.0,0.0,0.0,0.0,1.0
sonora_256_50_919,0.0,0.0,0.0,0.0,0.0,0.0,1.0
sonora_256_50_920,0.0,0.0,0.0,0.0,0.0,0.0,1.0
sonora_256_50_921,0.0,0.0,0.0,0.0,0.0,0.0,1.0
sonora_256_50_922,0.0,0.0,0.0,0.0,0.0,0.0,1.0
sonora_256_50_923,0.0,0.0,0.0,0.0,0.0,0.0,1.0
sonora_256_50_924,0.037671935,0.0,0.0,0.0,0.0,0.0,0.9623281
sonora_256_50_925,0.06123131,0.0,0.0,0.0,0.0,0.0,0.9387687
sonora_256_50_926,0.023559375,0.0,0.0,0.0,0.0,0.0,0.9764406
sonora_256_50_927,0.0,0.0,0.0,0.0,0.0,0.0,1.0
sonora_256_50_928,0.0,0.0,0.0,0.0,0.0,0.0,1.0
sonora_256_50_929,0.0,0.0,0.0,0.0,0.0,0.0,1.0
sonora_256_50_930,0.0,0.0,0.0,0.0,0.0,0.0,1.0
sonora_256_50_931,0.0,0.0,0.0,0.0,0.0,0.0,1.0
sonora_256_50_932,0.0,0.0,0.0,0.0,0.0,0.0,1.0
sonora_256_50_933,0.0,0.0,0.0,0.0,0.0,0.0,1.0
sonora_256_50_934,0.0,0.0,0.0,0.0,0.0,0.0,1.0
sonora_256_50_935,0.0,0.0,0.0,0.0,0.0,0.0,1.0
sonora_256_50_936,0.0,0.0,0.0,0.0,0.0,0.0,1.0
sonora_256_50_937,0.0,0.0,0.0,0.0,0.0,0.0,1.0
sonora_256_50_938,0.0,0.0,0.0,0.0,0.0,0.0,1.0
sonora_256_50_939,0.0,0.0,0.0,0.0,0.0,0.0,1.0
sonora_256_50_940,0.0,0.0,0.0,0.0,0.0,0.0,1.0
sonora_256_50_941,0.0,0.0,0.0,0.0,0.0,0.0,1.0
sonora_256_50_942,4.2056083e-05,0.0,0.0,0.0,0.0,0.0,0.9999579
sonora_256_50_943,0.017501546,0.0,0.0,0.0,0.0,0.0,0.98249847
sonora_256_50_944,0.01745949,0.0,0.0,0.0,0.0,0.0,0.9825405
sonora_256_50_945,0.0,0.0,0.0,0.0,0.0,0.0,1.0
sonora_256_50_946,0.0,0.0,0.0,0.0,0.0,0.0,1.0
sonora_256_50_947,0.0,0.0,0.0,0.16920075,0.0,0.0,0.8307993
sonora_256_50_948,0.0,0.0,0.0,0.4619028,0.0,0.0,0.5380972
sonora_256_50_949,0.0,2.1735264e-05,0.0,0.38719225,0.0,0.0,0.612786
sonora_256_50_950,0.0,0.19003797,0.0,0.2640069,0.0,0.0,0.5459551
sonora_256_50_951,0.0,0.4602145,0.0,0.1942999,0.0,0.0,0.34548563
sonora_256_50_952,0.039917376,0.27019826,0.0,0.024783198,0.0,0.0,0.6651012
sonora_256_50_953,0.042362023,0.0,0.0,0.0,0.0,0.0,0.95763797
sonora_256_50_954,0.0024446466,0.0,0.0,0.0,0.0,0.0,0.9975554
sonora_256_50_955,0.017188275,0.048262015,0.0,0.0,0.0,0.0,0.9345497
sonora_256_50_956,0.017188275,0.118855104,0.0,0.0,0.0,0.0,0.86395663
sonora_256_50_957,0.0,0.080814905,0.0,0.0,0.0,0.0,0.9191851
sonora_256_50_958,0.017163595,0.01022182,0.0,0.0,0.0,0.0,0.9726146
sonora_256_50_959,0.10492986,0.0,0.0,0.0,0.0,0.0,0.89507014
sonora_256_50_960,0.11867814,0.0,0.0,0.0,0.0,0.0,0.88132185
sonora_256_50_961,0.030911878,0.0,0.0,0.0,0.0,0.0,0.96908814
sonora_256_50_962,0.0,0.0,0.0,0.0,0.0026847946,0.0,0.9973152
sonora_256_50_963,0.0,0.0,0.0,0.0,0.04117209,0.0,0.9588279
sonora_256_50_964,0.0,0.0,0.0,0.0,0.038487297,0.0,0.9615127
sonora_256_50_965,0.0,0.0,0.0,0.0,0.0,0.0,1.0
sonora_256_50_966,0.0,0.0,0.0,0.0,0.0,0.0,1.0
sonora_256_50_967,0.010651569,0.018804615,0.0,0.0,0.0,0.0,0.9705438
sonora_256_50_968,0.0,0.019426338,0.0,0.0,0.0,0.0,0.98057365
sonora_256_50_969,0.0,0.008063575,0.0,0.0,0.0,0.0,0.99193645
sonora_256_50_970,0.020142151,0.061894834,0.0,0.0,0.0,0.0,0.917963
sonora_256_50_971,0.111179136,0.10680245,0.0,0.0,0.09978355,0.0,0.6822349
sonora_256_50_972,0.09103698,0.049943123,0.0,0.0,0.27722892,0.0,0.581791
sonora_256_50_973,0.0,0.006494809,0.0,0.0,0.2948737,0.0,0.69863147
sonora_256_50_974,0.0,0.020840876,0.0,0.0,0.17533068,0.0,0.8038284
sonora_256_50_975,0.0,0.014346068,0.0,0.0,0.41429377,0.0,0.5713602
sonora_256_50_976,0.0,0.0,0.0,0.0,0.76908016,0.0,0.23091985
sonora_256_50_977,0.0,0.0,0.0,0.0,0.80114937,0.0,0.1988506
sonora_256_50_978,0.0,0.0,0.0,0.0,0.7283086,0.0,0.27169135
sonora_256_50_979,0.0,0.0,0.0,0.0,0.69705,0.0,0.30295002
sonora_256_50_980,0.0,0.0,0.0,0.0,0.3642435,0.0,0.6357565
sonora_256_50_981,0.0,0.0,0.0,0.0,0.0070415107,0.0,0.9929585
sonora_256_50_982,0.0,0.0,0.0,0.0,0.0,0.0,1.0
sonora_256_50_983,0.0,0.0,0.0,0.0,0.0,0.0,1.0
sonora_256_50_984,0.0,0.0,0.0,0.0,0.048880003,0.0,0.95112
sonora_256_50_985,0.0,0.0,0.0,0.0,0.05691353,0.0,0.94308645
sonora_256_50_986,0.0,0.0,0.0,0.0,0.008033526,0.0,0.9919665
sonora_256_50_987,0.0,0.0,0.0,0.0,0.0,0.0,1.0
sonora_256_50_988,0.0,0.0,0.0,0.0,0.0,0.0,1.0
sonora_256_50_989,0.0,0.0,0.0,0.0,0.0,0.0,1.0
sonora_256_50_990,0.0,0.0,0.0,0.0,0.0,0.0,1.0
sonora_256_50_991,0.0,0.0,0.0,0.0,0.0,0.0,1.0
sonora_256_50_992,0.009363493,0.0,0.0,0.0,0.0,0.0,0.9906365
sonora_256_50_993,0.072163686,0.0,0.0,0.0,0.0,0.0,0.9278363
sonora_256_50_994,0.06280019,0.0,0.0,0.0,0.0,0.0,0.93719983
sonora_256_50_995,0.0,0.0,0.0,0.0,0.0,0.0,1.0
sonora_256_50_996,0.0,0.0,0.0,0.0,0.0,0.0,1.0
sonora_256_50_997,0.0,0.0,0.0,0.0,0.0,0.0,1.0
sonora_256_50_998,0.0,0.0,0.0,0.0,0.0,0.0,1.0
sonora_256_50_999,0.0,0.0,0.0,0.0,0.0,0.0,1.0
sonora_256_50_1000,0.0,0.0,0.0,0.0,0.0,0.0,1.0
sonora_256_50_1001,0.0,0.0,0.0,0.0,0.0,0.0,1.0
sonora_256_50_1002,0.0,0.0,0.0,0.0,0.0,0.0,1.0
sonora_256_50_1003,0.0,0.0,0.0,0.0,0.0,0.0,1.0
sonora_256_50_1004,0.0,0.0,0.0,0.0,0.0,0.0,1.0
sonora_256_50_1005,0.0,0.007833678,0.0,0.0,0.0,0.0,0.99216634
sonora_256_50_1006,0.0,0.007833678,0.0,0.0,0.0,0.0,0.99216634
sonora_256_50_1007,0.0,0.0,0.0,0.0,0.0,0.0,1.0
sonora_256_50_1008,0.0,0.0,0.0,0.0,0.0,0.0,1.0
sonora_256_50_1009,0.0,0.0,0.0,0.0,0.0,0.0,1.0
sonora_256_50_1010,0.0,0.0,0.0,0.0,0.0,0.0,1.0
sonora_256_50_1011,0.0,0.0,0.0,0.0,0.0,0.0,1.0
sonora_256_50_1012,0.0,0.0,0.0,0.0,0.0,0.0,1.0
sonora_256_50_1013,0.0,0.0,0.0,0.0,0.0,0.0,1.0
sonora_256_50_1014,0.0,0.0,0.0,0.0,0.0,0.0,1.0
sonora_256_50_1015,0.0,0.0,0.0,0.0,0.0,0.0,1.0
sonora_256_50_1016,0.0,0.0,0.0,0.018835155,0.0,0.0,0.9811649
sonora_256_50_1017,0.0,0.0,0.0,0.07283669,0.0,0.0,0.9271633
sonora_256_50_1018,0.0,0.0,0.0,0.10017915,0.0,0.0,0.89982086
sonora_256_50_1019,0.0,0.16030107,0.0,0.33015123,0.0,0.0,0.5095477
sonora_256_50_1020,0.0,0.53780675,0.0,0.30875683,0.0,0.0,0.15343642
sonora_256_50_1021,0.03718376,0.4143439,0.0,0.024783198,0.0,0.0,0.52368915
sonora_256_50_1022,0.052790973,0.036838196,0.0,0.0,0.0,0.0,0.9103708
sonora_256_50_1023,0.01560721,0.0,0.0,0.0,0.0,0.0,0.98439276
sonora_256_50_1024,0.0,0.004327495,0.0,0.0,0.0,0.0,0.9956725
sonora_256_50_1025,0.0,0.048564628,0.0,0.0,0.0,0.0,0.9514354
sonora_256_50_1026,0.0,0.16544837,0.0,0.0,0.0,0.0,0.83455163
sonora_256_50_1027,0.0,0.12289316,0.0,0.0,0.0,0.0,0.87710685
sonora_256_50_1028,0.037515815,0.0016819286,0.0,0.0,0.0,0.0,0.96080226
sonora_256_50_1029,0.12693231,0.0,0.0,0.0,0.0,0.0,0.87306774
sonora_256_50_1030,0.10038149,0.0,0.0,0.0,0.0,0.0,0.8996185
sonora_256_50_1031,0.010964989,0.0,0.0,0.0,0.005119831,0.0,0.9839152
sonora_256_50_1032,0.0,0.0,0.0,0.0,0.08264481,0.0,0.9173552
sonora_256_50_1033,0.0,0.0,0.0,0.0,0.07752498,0.0,0.92247504
sonora_256_50_1034,0.0,0.0,0.0,0.0,0.0,0.0,1.0
sonora_256_50_1035,0.0,0.0,0.0,0.0,0.0,0.0,1.0
sonora_256_50_1036,0.024939654,0.06600143,0.0,0.0,0.0,0.0,0.9090589
sonora_256_50_1037,0.00261931,0.13641599,0.0,0.0,0.0,0.0,0.8609647
sonora_256_50_1038,0.0,0.15890321,0.0,0.0,0.0,0.0,0.84109676
sonora_256_50_1039,0.0045651635,0.1162067,0.0,0.0,0.0,0.0,0.8792281
sonora_256_50_1040,0.061835926,0.069334604,0.0,0.0,0.054360144,0.0,0.81446934
sonora_256_50_1041,0.057270765,0.012475282,0.0,0.0,0.29357642,0.0,0.63667756
sonora_256_50_1042,0.0,0.006494809,0.0,0.0,0.26917517,0.0,0.72433
sonora_256_50_1043,0.0,0.020840876,0.0,0.0,0.1369764,0.0,0.8421827
sonora_256_50_1044,0.0,0.014346068,0.0,0.0,0.4413587,0.0,0.54429525
sonora_256_50_1045,0.0,0.0,0.0,0.0,0.7024839,0.0,0.29751614
sonora_256_50_1046,0.0,0.01683807,0.0,0.0,0.61141884,0.0,0.37174308
sonora_256_50_1047,0.0,0.01683807,0.0,0.0,0.3921509,0.0,0.591011
sonora_256_50_1048,0.0,0.0,0.0,0.0,0.35733646,0.0,0.64266354
sonora_256_50_1049,0.0,0.0,0.0,0.0,0.20846169,0.0,0.7915383
sonora_256_50_1050,0.0,0.0,0.0,0.0,0.0,0.0,1.0
sonora_256_50_1051,0.0,0.0,0.0,0.0,0.0,0.0,1.0
sonora_256_50_1052,0.0,0.0,0.0,0.0,0.0,0.0,1.0
sonora_256_50_1053,0.0,0.0,0.0,0.0,0.014174572,0.0,0.9858254
sonora_256_50_1054,0.0,0.0,0.0,0.0,0.016093018,0.0,0.983907
sonora_256_50_1055,0.0,0.0,0.0,0.0,0.0019184445,0.0,0.99808156
sonora_256_50_1056,0.0,0.0,0.0,0.0,0.0,0.0,1.0
sonora_256_50_1057,0.0,0.0,0.0,0.0,0.0,0.0,1.0
sonora_256_50_1058,0.0,0.0,0.0,0.0,0.0,0.0,1.0
sonora_256_50_1059,0.0,0.0,0.0,0.0,0.0,0.0,1.0
sonora_256_50_1060,0.0,0.0,0.0,0.0,0.0,0.0,1.0
sonora_256_50_1061,0.021379044,0.0,0.0,0.0,0.0,0.0,0.97862095
sonora_256_50_1062,0.05707377,0.0,0.0,0.0,0.0,0.0,0.9429262
sonora_256_50_1063,0.035694722,0.0,0.0,0.0,0.0,0.0,0.9643053
sonora_256_50_1064,0.0,0.0,0.0,0.0,0.0,0.0,1.0
sonora_256_50_1065,0.0,0.0,0.0,0.0,0.0,0.0,1.0
sonora_256_50_1066,0.0,0.0,0.0,0.0,0.0,0.0,1.0
sonora_256_50_1067,0.0,0.0,0.0,0.0,0.0,0.0,1.0
sonora_256_50_1068,0.0,0.0,0.0,0.0,0.0,0.0,1.0
sonora_256_50_1069,0.0,0.0,0.0,0.0,0.0,0.0,1.0
sonora_256_50_1070,0.0,0.0,0.0,0.0,0.0,0.0,1.0
sonora_256_50_1071,0.0,0.0,0.0,0.0,0.0,0.0,1.0
sonora_256_50_1072,0.0,0.0,0.0,0.0,0.0,0.0,1.0
sonora_256_50_1073,0.0,0.0,0.0,0.0,0.0,0.0,1.0
sonora_256_50_1074,0.0,0.07314457,0.0,0.0,0.0,0.0,0.92685544
sonora_256_50_1075,0.0,0.08779996,0.0,0.0,0.0,0.0,0.91220003
sonora_256_50_1076,0.0,0.014655387,0.0,0.0,0.0,0.0,0.9853446
sonora_256_50_1077,0.0,0.0,0.0,0.0,0.0,0.0,1.0
sonora_256_50_1078,0.0,0.0,0.0,0.0,0.0,0.0,1.0
sonora_256_50_1079,0.0,0.0,0.0,0.0,0.0,0.0,1.0
sonora_256_50_1080,0.0,0.0,0.0,0.0,0.0,0.0,1.0
sonora_256_50_1081,0.0,0.0,0.0,0.0,0.0,0.0,1.0
sonora_256_50_1082,0.0,0.0,0.0,0.0,0.0,0.0,1.0
sonora_256_50_1083,0.0,0.0,0.0,0.0,0.0,0.0,1.0
sonora_256_50_1084,0.0,0.0,0.0,0.0,0.0,0.0,1.0
sonora_256_50_1085,0.0,0.0,0.0,0.0,0.0,0.0,1.0
sonora_256_50_1086,0.0,0.0,0.0,0.0,0.0,0.0,1.0
sonora_256_50_1087,0.0,0.0,0.0,0.04922709,0.0,0.0,0.9507729
sonora_256_50_1088,0.0,0.2912963,0.0,0.23364146,0.0,0.0,0.47506225
sonora_256_50_1089,0.0,0.6020742,0.0,0.2742029,0.0,0.0,0.123722866
sonora_256_50_1090,0.015392474,0.35846078,0.0,0.089788534,0.0,0.0,0.5363582
sonora_256_50_1091,0.055835508,0.047682848,0.0,0.0,0.0,0.0,0.89648163
sonora_256_50_1092,0.040443037,0.0,0.0,0.0,0.0,0.0,0.95955694
sonora_256_50_1093,0.0,0.0,0.0,0.0,0.0,0.0,1.0
sonora_256_50_1094,0.0,0.01512747,0.0,0.0,0.0,0.0,0.9848725
sonora_256_50_1095,0.0,0.14536017,0.0,0.0,0.0,0.0,0.8546398
sonora_256_50_1096,0.0,0.13191463,0.0,0.0,0.0,0.0,0.8680854
sonora_256_50_1097,0.0,0.0016819286,0.0,0.0,0.0,0.0,0.9983181
sonora_256_50_1098,0.058564868,0.0,0.0,0.0,0.0,0.0,0.9414351
sonora_256_50_1099,0.13992397,0.0,0.0,0.0,0.0,0.0,0.86007607
sonora_256_50_1100,0.08156508,0.0,0.0,0.0,0.002435036,0.0,0.9159999
sonora_256_50_1101,0.00020597107,0.0,0.0,0.0,0.041472726,0.0,0.95832133
sonora_256_50_1102,0.0,0.0,0.0,0.0,0.03903769,0.0,0.9609623
sonora_256_50_1103,0.0,0.0,0.0,0.0,0.0,0.0,1.0
sonora_256_50_1104,0.0,0.0,0.0,0.0,0.0,0.0,1.0
sonora_256_50_1105,0.02471019,0.055919386,0.0,0.0,0.0,0.0,0.9193704
sonora_256_50_1106,0.00261931,0.14823219,0.0,0.0,0.0,0.0,0.8491485
sonora_256_50_1107,0.0,0.23030257,0.0,0.0,0.0,0.0,0.7696974
sonora_256_50_1108,0.0,0.11967255,0.0,0.0,0.0,0.0,0.88032746
sonora_256_50_1109,0.0,0.014236179,0.0,0.0,0.046505623,0.0,0.9392582
sonora_256_50_1110,0.0,0.0,0.0,0.0,0.36109975,0.0,0.6389003
sonora_256_50_1111,0.0,0.0,0.0,0.0,0.4473275,0.0,0.5526725
sonora_256_50_1112,0.0,0.0,0.0,0.0,0.25339577,0.0,0.74660426
sonora_256_50_1113,0.0,0.0,0.0,0.0,0.29072967,0.0,0.7092703
sonora_256_50_1114,0.0,0.0,0.0,0.0,0.33569363,0.0,0.66430634
sonora_256_50_1115,0.0,0.01683807,0.0,0.0,0.22609833,0.0,0.75706357
sonora_256_50_1116,0.0,0.01683807,0.0,0.0,0.06431409,0.0,0.91884786
sonora_256_50_1117,0.0,0.0,0.0,0.0,0.03281129,0.0,0.9671887
sonora_256_50_1118,0.0,0.0,0.0,0.0,0.028969193,0.0,0.97103083
sonora_256_50_1119,0.0,0.0,0.0,0.0,0.0,0.0,1.0
sonora_256_50_1120,0.0,0.0,0.0,0.0,0.0,0.0,1.0
sonora_256_50_1121,0.0,0.0,0.0,0.0,0.0,0.0,1.0
sonora_256_50_1122,0.0,0.0,0.0,0.0,0.0,0.0,1.0
sonora_256_50_1123,0.0,0.0,0.0,0.0,0.0,0.0,1.0
sonora_256_50_1124,0.0,0.0,0.0,0.0,0.0,0.0,1.0
sonora_256_50_1125,0.0,0.0,0.0,0.0,0.0,0.0,1.0
sonora_256_50_1126,0.0,0.0,0.0,0.0,0.0,0.0,1.0
sonora_256_50_1127,0.0,0.0,0.0,0.0,0.0,0.0,1.0
sonora_256_50_1128,0.0,0.0,0.0,0.0,0.0,0.0,1.0
sonora_256_50_1129,0.0,0.0,0.0,0.0,0.0,0.0,1.0
sonora_256_50_1130,0.012015551,0.0,0.0,0.0,0.0,0.0,0.9879845
sonora_256_50_1131,0.012015551,0.0,0.0,0.0,0.0,0.0,0.9879845
sonora_256_50_1132,0.0,0.0,0.0,0.0,0.0,0.0,1.0
sonora_256_50_1133,0.0,0.0,0.0,0.0,0.0,0.0,1.0
sonora_256_50_1134,0.0,0.02856214,0.0,0.0,0.0,0.0,0.9714379
sonora_256_50_1135,0.0,0.0653043,0.0,0.0,0.0,0.0,0.9346957
sonora_256_50_1136,0.0,0.036742162,0.0,0.0,0.0,0.0,0.96325785
sonora_256_50_1137,0.0,0.0,0.0,0.0,0.0,0.0,1.0
sonora_256_50_1138,0.0,0.0,0.0,0.0,0.0,0.0,1.0
sonora_256_50_1139,0.0,0.0,0.0,0.0,0.0,0.0,1.0
sonora_256_50_1140,0.0,0.0,0.0,0.0,0.0,0.0,1.0
sonora_256_50_1141,0.0,0.0,0.0,0.0,0.0,0.0,1.0
sonora_256_50_1142,0.0,0.0,0.0,0.0,0.0,0.0,1.0
sonora_256_50_1143,0.0,0.07519753,0.0,0.0,0.0,0.0,0.9248025
sonora_256_50_1144,0.0,0.19550842,0.0,0.0,0.0,0.0,0.8044916
sonora_256_50_1145,0.0,0.12031088,0.0,0.0,0.0,0.0,0.8796891
sonora_256_50_1146,0.0,0.0,0.0,0.0,0.0,0.0,1.0
sonora_256_50_1147,0.0,0.0,0.0,0.0,0.0,0.0,1.0
sonora_256_50_1148,0.0,0.0,0.0,0.0,0.0,0.0,1.0
sonora_256_50_1149,0.0,0.0,0.0,0.0,0.0,0.0,1.0
sonora_256_50_1150,0.0,0.0,0.0,0.0,0.0,0.0,1.0
sonora_256_50_1151,0.0,0.0,0.0,0.0,0.0,0.0,1.0
sonora_256_50_1152,0.0,0.0,0.0,0.0,0.0,0.0,1.0
sonora_256_50_1153,0.0,0.0,0.0,0.0,0.0,0.0,1.0
sonora_256_50_1154,0.0,0.0,0.0,0.0,0.0,0.0,1.0
sonora_256_50_1155,0.0,0.0,0.0,0.0,0.0,0.0,1.0
sonora_256_50_1156,0.0,0.043711364,0.0,0.015595658,0.0,0.0,0.94069296
sonora_256_50_1157,0.0,0.35885608,0.0,0.17229341,0.0,0.0,0.46885052
sonora_256_50_1158,0.0,0.4160205,0.0,0.39158934,0.0,0.0,0.19239014
sonora_256_50_1159,0.001840154,0.11172045,0.0,0.23489161,0.0,0.0,0.6515478
sonora_256_50_1160,0.043603715,0.010844651,0.0,0.0,0.0,0.0,0.94555163
sonora_256_50_1161,0.041763563,0.0,0.0,0.0,0.0,0.0,0.95823646
sonora_256_50_1162,0.0,0.0,0.0,0.0,0.0,0.0,1.0
sonora_256_50_1163,0.0,0.0,0.0,0.0,0.0,0.0,1.0
sonora_256_50_1164,0.0,0.009021466,0.0,0.0,0.0,0.0,0.99097854
sonora_256_50_1165,0.0,0.009021466,0.0,0.0,0.0,0.0,0.99097854
sonora_256_50_1166,0.0,0.0,0.0,0.0,0.0,0.0,1.0
sonora_256_50_1167,6.0245642e-05,0.0,0.0,0.0,0.0,0.0,0.99993974
sonora_256_50_1168,0.080825195,0.0,0.0,0.0,0.0,0.0,0.9191748
sonora_256_50_1169,0.14400336,0.0,0.0,0.0,0.0,0.0,0.8559966
sonora_256_50_1170,0.06323841,0.0,0.0,0.0,0.0,0.0,0.93676156
sonora_256_50_1171,0.0,0.0,0.0,0.0,0.0,0.0,1.0
sonora_256_50_1172,0.0,0.0,0.0,0.0,0.0,0.0,1.0
sonora_256_50_1173,0.0,0.0,0.0,0.0,0.0,0.0,1.0
sonora_256_50_1174,0.010422102,0.078168966,0.0,0.0,0.0,0.0,0.9114089
sonora_256_50_1175,0.0,0.0498128,0.0,0.0,0.0,0.0,0.9501872
sonora_256_50_1176,0.0,0.1247554,0.0,0.0,0.0,0.0,0.8752446
sonora_256_50_1177,0.0,0.12301807,0.0,0.0,0.0,0.0,0.8769819
sonora_256_50_1178,0.0,0.027111106,0.0,0.0,0.037894055,0.0,0.9349948
sonora_256_50_1179,0.0,0.0,0.0,0.0,0.17460555,0.0,0.82539445
sonora_256_50_1180,0.0,0.0,0.0,0.0,0.2457695,0.0,0.7542305
sonora_256_50_1181,0.0,0.0,0.0,0.0,0.22291696,0.0,0.77708304
sonora_256_50_1182,0.0,0.0,0.0,0.0,0.124543786,0.0,0.8754562
sonora_256_50_1183,0.0,0.0,0.0,0.0,0.019186739,0.0,0.98081326
sonora_256_50_1184,0.0,0.0,0.0,0.0,0.008501913,0.0,0.9914981
sonora_256_50_1185,0.0,0.0,0.0,0.0,0.0,0.0,1.0
sonora_256_50_1186,0.0,0.0,0.0,0.0,0.0,0.0,1.0
sonora_256_50_1187,0.0,0.0,0.0,0.0,0.0,0.0,1.0
sonora_256_50_1188,0.0,0.0,0.0,0.0,0.0,0.0,1.0
sonora_256_50_1189,0.0,0.0,0.0,0.0,0.0,0.0,1.0
sonora_256_50_1190,0.0,0.0,0.0,0.0,0.0,0.0,1.0
sonora_256_50_1191,0.0,0.0,0.0,0.0,0.0,0.0,1.0
sonora_256_50_1192,0.0,0.0,0.0,0.0,0.0,0.0,1.0
sonora_256_50_1193,0.0,0.0,0.0,0.0,0.0,0.0,1.0
sonora_256_50_1194,0.0,0.0,0.0,0.0,0.0,0.0,1.0
sonora_256_50_1195,0.0,0.0,0.0,0.0,0.0,0.0,1.0
sonora_256_50_1196,0.0,0.0,0.0,0.0,0.0,0.0,1.0
sonora_256_50_1197,0.0,0.0,0.0,0.0,0.0,0.0,1.0
sonora_256_50_1198,0.0,0.0,0.0,0.0,0.0,0.0,1.0
sonora_256_50_1199,0.0,0.0,0.0,0.0,0.0,0.0,1.0
sonora_256_50_1200,0.0,0.0,0.0,0.0,0.0,0.0,1.0
sonora_256_50_1201,0.0,0.003622121,0.0,0.0,0.0,0.0,0.9963779
sonora_256_50_1202,0.0,0.003622121,0.0,0.0,0.0,0.0,0.9963779
sonora_256_50_1203,0.0,0.08945143,0.0,0.0,0.0,0.0,0.91054857
sonora_256_50_1204,0.0,0.17515163,0.0,0.0,0.0,0.0,0.82484835
sonora_256_50_1205,0.0,0.0857002,0.0,0.0,0.0,0.0,0.9142998
sonora_256_50_1206,0.0,0.0,0.0,0.0,0.0,0.0,1.0
sonora_256_50_1207,0.0,0.0,0.0,0.0,0.0,0.0,1.0
sonora_256_50_1208,0.0,0.0,0.0,0.0,0.0,0.0,1.0
sonora_256_50_1209,0.0,0.0,0.0,0.0,0.0,0.0,1.0
sonora_256_50_1210,0.0,0.0,0.0,0.0,0.0,0.0,1.0
sonora_256_50_1211,0.0,0.0,0.0,0.0,0.0,0.0,1.0
sonora_256_50_1212,0.0,0.017379573,0.0,0.0,0.0,0.0,0.9826204
sonora_256_50_1213,0.0,0.14146714,0.0,0.0,0.0,0.0,0.85853285
sonora_256_50_1214,0.0,0.124087565,0.0,0.0,0.0,0.0,0.8759124
sonora_256_50_1215,0.0,0.0,0.0,0.0,0.0,0.0,1.0
sonora_256_50_1216,0.0,0.0,0.0,0.0,0.0,0.0,1.0
sonora_256_50_1217,0.0,0.0,0.0,0.0,0.0,0.0,1.0
sonora_256_50_1218,0.0,0.0,0.0,0.0,0.0,0.0,1.0
sonora_256_50_1219,0.0,0.0,0.0,0.0,0.0,0.0,1.0
sonora_256_50_1220,0.0,0.0,0.0,0.0,0.0,0.0,1.0
sonora_256_50_1221,0.0,0.0,0.0,0.0,0.0,0.0,1.0
sonora_256_50_1222,0.0,0.0,0.0,0.0,0.0,0.0,1.0
sonora_256_50_1223,0.0,0.0,0.0,0.0,0.0,0.0,1.0
sonora_256_50_1224,0.0,0.0,0.0,0.037248194,0.0,0.0,0.9627518
sonora_256_50_1225,0.0,0.0935462,0.0,0.09937726,0.0,0.0,0.8070765
sonora_256_50_1226,0.0,0.4350625,0.0,0.21674456,0.0,0.0,0.34819293
sonora_256_50_1227,0.0,0.37299314,0.0,0.3751327,0.0,0.0,0.25187412
sonora_256_50_1228,0.0,0.031476833,0.0,0.22051723,0.0,0.0,0.7480059
sonora_256_50_1229,0.0144830905,0.0,0.0,0.0,0.0,0.0,0.9855169
sonora_256_50_1230,0.0144830905,0.0,0.0,0.0,0.0,0.0,0.9855169
sonora_256_50_1231,0.0,0.0,0.0,0.0,0.0,0.0,1.0
sonora_256_50_1232,0.0,0.0,0.0,0.0,0.0,0.0,1.0
sonora_256_50_1233,0.0,0.0,0.0,0.0,0.0,0.0,1.0
sonora_256_50_1234,0.0,0.0,0.0,0.0,0.0,0.0,1.0
sonora_256_50_1235,0.0,0.0,0.0,0.0,0.0,0.0,1.0
sonora_256_50_1236,0.0,0.0,0.0,0.0,0.0,0.0,1.0
sonora_256_50_1237,0.010370829,0.0,0.0,0.0,0.0,0.0,0.98962915
sonora_256_50_1238,0.10688875,0.0,0.0,0.0,0.0,0.0,0.8931113
sonora_256_50_1239,0.13964127,0.0,0.0,0.0,0.0,0.0,0.8603587
sonora_256_50_1240,0.05014707,0.0,0.0,0.0,0.0,0.0,0.94985294
sonora_256_50_1241,0.014714917,0.0,0.0,0.0,0.0,0.0,0.9852851
sonora_256_50_1242,0.0076912018,0.0,0.0,0.0,0.0,0.0,0.9923088
sonora_256_50_1243,0.0,0.14067018,0.0,0.0,0.0,0.0,0.8593298
sonora_256_50_1244,0.0,0.039263368,0.0,0.0,0.0634682,0.0,0.8972684
sonora_256_50_1245,0.0,0.08359637,0.0,0.0,0.1728492,0.0,0.7435544
sonora_256_50_1246,0.0,0.12819296,0.0,0.0,0.16158196,0.0,0.7102251
sonora_256_50_1247,0.0,0.05177299,0.0,0.0,0.05220096,0.0,0.8960261
sonora_256_50_1248,0.0,0.0,0.0,0.0,0.0,0.0,1.0
sonora_256_50_1249,0.0,0.0,0.0,0.0,0.0065588,0.0,0.9934412
sonora_256_50_1250,0.0,0.0,0.0,0.0,0.08055145,0.0,0.91944855
sonora_256_50_1251,0.0,0.0,0.0,0.0,0.073992655,0.0,0.92600733
sonora_256_50_1252,0.0,0.0,0.0,0.0,0.0,0.0,1.0
sonora_256_50_1253,0.0,0.0,0.0,0.0,0.0,0.0,1.0
sonora_256_50_1254,0.0,0.0,0.0,0.0,0.0,0.0,1.0
sonora_256_50_1255,0.0,0.0,0.0,0.0,0.0,0.0,1.0
sonora_256_50_1256,0.0,0.0,0.0,0.0,0.0,0.0,1.0
sonora_256_50_1257,0.0,0.0,0.0,0.0,0.0,0.0,1.0
sonora_256_50_1258,0.0,0.0,0.0,0.0,0.0,0.0,1.0
sonora_256_50_1259,0.0,0.0,0.0,0.0,0.0,0.0,1.0
sonora_256_50_1260,0.0,0.0,0.0,0.0,0.0,0.0,1.0
sonora_256_50_1261,0.0,0.0,0.0,0.0,0.0,0.0,1.0
sonora_256_50_1262,0.0,0.0,0.0,0.0,0.0,0.0,1.0
sonora_256_50_1263,0.0,0.0,0.0,0.0,0.0,0.0,1.0
sonora_256_50_1264,0.0,0.0,0.0,0.0,0.0,0.0,1.0
sonora_256_50_1265,0.0,0.0,0.0,0.0,0.0,0.0,1.0
sonora_256_50_1266,0.0,0.0,0.0,0.0,0.0,0.0,1.0
sonora_256_50_1267,0.0,0.0,0.0,0.0,0.0,0.0,1.0
sonora_256_50_1268,0.0,0.0,0.0,0.0,0.0,0.0,1.0
sonora_256_50_1269,0.0,0.0,0.0,0.0,0.0,0.0,1.0
sonora_256_50_1270,0.0,0.0382424,0.0,0.0,0.0,0.0,0.9617576
sonora_256_50_1271,0.0,0.07486515,0.0,0.0,0.0,0.0,0.92513484
sonora_256_50_1272,0.0,0.13416797,0.0,0.0,0.0,0.0,0.86583203
sonora_256_50_1273,0.0,0.14650325,0.0,0.0,0.0,0.0,0.85349673
sonora_256_50_1274,0.0,0.048958033,0.0,0.0,0.0,0.0,0.95104194
sonora_256_50_1275,0.0,0.0,0.0,0.0,0.0,0.0,1.0
sonora_256_50_1276,0.0,0.0,0.0,0.0,0.0,0.0,1.0
sonora_256_50_1277,0.0,0.0,0.0,0.0,0.0,0.0,1.0
sonora_256_50_1278,0.0,0.0,0.0,0.0,0.0,0.0,1.0
sonora_256_50_1279,0.0,0.0,0.0,0.0,0.0,0.0,1.0
sonora_256_50_1280,0.0,0.0,0.0,0.0,0.0,0.0,1.0
sonora_256_50_1281,0.0,0.0074929358,0.0,0.0,0.0,0.0,0.99250704
sonora_256_50_1282,0.0,0.025925007,0.0,0.0,0.0,0.0,0.974075
sonora_256_50_1283,0.0,0.018432071,0.0,0.0,0.0,0.0,0.9815679
sonora_256_50_1284,0.0,0.0,0.0,0.0,0.0,0.0,1.0
sonora_256_50_1285,0.0,0.0,0.0,0.0,0.0,0.0,1.0
sonora_256_50_1286,0.0,0.0,0.0,0.0,0.0,0.0,1.0
sonora_256_50_1287,0.0,0.0,0.0,0.0,0.0,0.0,1.0
sonora_256_50_1288,0.0,0.0,0.0,0.0,0.0,0.0,1.0
sonora_256_50_1289,0.0,0.0,0.0,0.0,0.0,0.0,1.0
sonora_256_50_1290,0.0,0.0,0.0,0.0,0.0,0.0,1.0
sonora_256_50_1291,0.0,0.0,0.0,0.0,0.0,0.0,1.0
sonora_256_50_1292,0.0,0.0,0.0,0.09491837,0.0,0.0,0.9050816
sonora_256_50_1293,0.0,0.022982853,0.0,0.35274175,0.0,0.0,0.6242754
sonora_256_50_1294,0.0,0.16088133,0.0,0.4818888,0.0,0.0,0.35722986
sonora_256_50_1295,0.0,0.59580153,0.0,0.26616234,0.0,0.0,0.1380361
sonora_256_50_1296,0.0,0.70393735,0.0,0.11751108,0.0,0.0,0.17855157
sonora_256_50_1297,0.01791362,0.2728253,0.0,0.13323969,0.0,0.0,0.57602143
sonora_256_50_1298,0.01791362,0.026791042,0.0,0.13334815,0.0,0.0,0.8219472
sonora_256_50_1299,0.0,0.0,0.0,0.07552265,0.0,0.0,0.92447734
sonora_256_50_1300,0.0,0.0,0.0,0.0,0.0,0.0,1.0
sonora_256_50_1301,0.0,0.0,0.0,0.0,0.0,0.0,1.0
sonora_256_50_1302,0.0,0.0,0.0,0.0,0.0,0.0,1.0
sonora_256_50_1303,0.0,0.0,0.0,0.0,0.0,0.0,1.0
sonora_256_50_1304,0.0,0.0,0.0,0.0,0.0,0.0,1.0
sonora_256_50_1305,0.0,0.0,0.0,0.0,0.0,0.0,1.0
sonora_256_50_1306,0.0,0.0,0.0,0.0,0.0,0.0,1.0
sonora_256_50_1307,0.03348548,0.0,0.0,0.0,0.0,0.0,0.9665145
sonora_256_50_1308,0.15024984,0.0,0.0,0.0,0.0,0.0,0.84975016
sonora_256_50_1309,0.19846374,0.0,0.0,0.0,0.0,0.0,0.8015362
sonora_256_50_1310,0.08939059,0.0,0.0,0.0,0.0,0.0,0.9106094
sonora_256_50_1311,0.0076912018,0.0,0.0,0.0,0.0,0.0,0.9923088
sonora_256_50_1312,0.0,0.09628939,0.0,0.0,0.0,0.0,0.9037106
sonora_256_50_1313,0.0,0.07058549,0.0,0.0,0.13595513,0.0,0.7934594
sonora_256_50_1314,0.0,0.093464725,0.0,0.0,0.42455015,0.0,0.48198512
sonora_256_50_1315,0.0,0.10086965,0.0,0.0,0.49163112,0.0,0.40749922
sonora_256_50_1316,0.0,0.038898062,0.0,0.0,0.2030361,0.0,0.7580658
sonora_256_50_1317,0.0,0.0,0.0,0.0,0.0,0.0,1.0
sonora_256_50_1318,0.0,0.0,0.0,0.0,0.01805012,0.0,0.98194987
sonora_256_50_1319,0.0,0.0,0.0,0.0,0.034731876,0.0,0.96526814
sonora_256_50_1320,0.0,0.0,0.0,0.0,0.016681757,0.0,0.98331827
sonora_256_50_1321,0.0,0.0,0.0,0.0,0.0,0.0,1.0
sonora_256_50_1322,0.0,0.0,0.0,0.0,0.0,0.0,1.0
sonora_256_50_1323,0.0,0.0,0.0,0.0,0.0,0.0,1.0
sonora_256_50_1324,0.0,0.0,0.0,0.0,0.0,0.0,1.0
sonora_256_50_1325,0.0,0.0,0.0,0.0,0.0,0.0,1.0
sonora_256_50_1326,0.0,0.0,0.0,0.0,0.0,0.0,1.0
sonora_256_50_1327,0.0,0.0,0.0,0.0,0.0,0.0,1.0
sonora_256_50_1328,0.0,0.0,0.0,0.0,0.0,0.0,1.0
sonora_256_50_1329,0.0,0.0,0.0,0.0,0.0,0.0,1.0
sonora_256_50_1330,0.0,0.0,0.0,0.0,0.0,0.0,1.0
sonora_256_50_1331,0.0,0.0,0.0,0.0,0.0,0.0,1.0
sonora_256_50_1332,0.0,0.0,0.0,0.0,0.0,0.0,1.0
sonora_256_50_1333,0.0,0.0,0.0,0.0,0.0,0.0,1.0
sonora_256_50_1334,0.0,0.0,0.0,0.0,0.0,0.0,1.0
sonora_256_50_1335,0.0,0.0,0.0,0.0,0.0,0.0,1.0
sonora_256_50_1336,0.0,0.0,0.0,0.0,0.0,0.0,1.0
sonora_256_50_1337,0.0,0.0,0.0,0.0,0.0,0.0,1.0
sonora_256_50_1338,0.0,0.0,0.0,0.0,0.0,0.0,1.0
sonora_256_50_1339,0.0,0.034620278,0.0,0.0,0.0,0.0,0.9653797
sonora_256_50_1340,0.0,0.071243025,0.0,0.0,0.0,0.0,0.92875695
sonora_256_50_1341,0.0,0.073278666,0.0,0.0,0.0,0.0,0.92672133
sonora_256_50_1342,0.0,0.036655925,0.0,0.0,0.0,0.0,0.9633441
sonora_256_50_1343,0.0,0.0,0.0,0.0,0.0,0.0,1.0
sonora_256_50_1344,0.0,0.0,0.0,0.0,0.0,0.0,1.0
sonora_256_50_1345,0.0,0.0,0.0,0.0,0.0,0.0,1.0
sonora_256_50_1346,0.0,0.0,0.0,0.0,0.0,0.0,1.0
sonora_256_50_1347,0.0,0.0,0.0,0.0,0.0,0.0,1.0
sonora_256_50_1348,0.0,0.0,0.0,0.0,0.0,0.0,1.0
sonora_256_50_1349,0.0,0.0,0.0,0.0,0.0,0.0,1.0
sonora_256_50_1350,0.0,0.0,0.0,0.0,0.0,0.0,1.0
sonora_256_50_1351,0.0,0.0,0.0,0.0,0.0,0.0,1.0
sonora_256_50_1352,0.0,0.0,0.0,0.0,0.0,0.0,1.0
sonora_256_50_1353,0.0,0.0,0.0,0.0,0.0,0.0,1.0
sonora_256_50_1354,0.0,0.0,0.0,0.0,0.0,0.0,1.0
sonora_256_50_1355,0.0,0.0,0.0,0.0,0.0,0.0,1.0
sonora_256_50_1356,0.0,0.0,0.0,0.0,0.0,0.0,1.0
sonora_256_50_1357,0.0,0.0,0.0,0.0,0.0,0.0,1.0
sonora_256_50_1358,0.0,0.0,0.0,0.0,0.0,0.0,1.0
sonora_256_50_1359,0.0,0.0,0.0,0.0,0.0,0.0,1.0
sonora_256_50_1360,0.0,0.0,0.0,0.0,0.0,0.0,1.0
sonora_256_50_1361,0.0,0.0,0.0,0.16079515,0.0,0.0,0.83920485
sonora_256_50_1362,0.0,0.20724356,0.0,0.44040304,0.0,0.0,0.3523534
sonora_256_50_1363,0.0,0.5453072,0.0,0.44154426,0.0,0.0,0.013148552
sonora_256_50_1364,0.0,0.7817828,0.0,0.16520968,0.0,0.0,0.053007506
sonora_256_50_1365,0.0,0.7737258,0.0,0.09027098,0.0,0.0,0.13600323
sonora_256_50_1366,0.041244227,0.4476398,0.0,0.167051,0.0,0.0,0.34406495
sonora_256_50_1367,0.060833912,0.11763319,0.0,0.26347533,0.0,0.0,0.55805755
sonora_256_50_1368,0.019589687,0.0,0.0,0.18342197,0.0,0.0,0.79698837
sonora_256_50_1369,0.0,0.0,0.0,0.0,0.0,0.0,1.0
sonora_256_50_1370,0.0,0.0,0.0,0.0,0.0,0.0,1.0
sonora_256_50_1371,0.0,0.0,0.0,0.0,0.0,0.0,1.0
sonora_256_50_1372,0.0,0.0,0.0,0.0,0.0,0.0,1.0
sonora_256_50_1373,0.0,0.0,0.0,0.0,0.0,0.0,1.0
sonora_256_50_1374,0.0,0.0,0.0,0.0,0.0,0.0,1.0
sonora_256_50_1375,0.0,0.0,0.0,0.0,0.0,0.0,1.0
sonora_256_50_1376,0.0,0.0,0.0,0.0,0.0,0.0,1.0
sonora_256_50_1377,0.10714425,0.0,0.0,0.0,0.0,0.0,0.8928557
sonora_256_50_1378,0.2510088,0.0,0.0,0.0,0.0,0.0,0.74899125
sonora_256_50_1379,0.14552331,0.0,0.0,0.0,0.0,0.0,0.8544767
sonora_256_50_1380,0.0016587557,0.0,0.0,0.0,0.0,0.0,0.99834126
sonora_256_50_1381,0.0,0.08485858,0.0,0.0,0.0,0.0,0.9151414
sonora_256_50_1382,0.0,0.08364572,0.0,0.0,0.083244875,0.0,0.83310944
sonora_256_50_1383,0.0,0.08843637,0.0,0.0,0.3753377,0.0,0.536226
sonora_256_50_1384,0.0,0.030334061,0.0,0.0,0.61810815,0.0,0.3515578
sonora_256_50_1385,0.0,0.0,0.0,0.0,0.357233,0.0,0.642767
sonora_256_50_1386,0.0,0.0,0.0,0.0,0.031217633,0.0,0.96878237
sonora_256_50_1387,0.0,0.0,0.0,0.0,0.012854851,0.0,0.9871451
sonora_256_50_1388,0.0,0.0,0.0,0.0,0.012854851,0.0,0.9871451
sonora_256_50_1389,0.0,0.0,0.0,0.0,0.0,0.0,1.0
sonora_256_50_1390,0.0,0.0,0.0,0.0,0.0,0.0,1.0
sonora_256_50_1391,0.0,0.0,0.0,0.0,0.0,0.0,1.0
sonora_256_50_1392,0.0,0.0,0.0,0.0,0.0,0.0,1.0
sonora_256_50_1393,0.0,0.0,0.0,0.0,0.015559397,0.0,0.9844406
sonora_256_50_1394,0.0,0.0,0.0,0.0,0.015559397,0.0,0.9844406
sonora_256_50_1395,0.0,0.0,0.0,0.0,0.0,0.0,1.0
sonora_256_50_1396,0.0,0.0,0.0,0.0,0.0,0.0,1.0
sonora_256_50_1397,0.0,0.0,0.0,0.0,0.0,0.0,1.0
sonora_256_50_1398,0.0,0.022547776,0.0,0.0,0.0,0.0,0.9774522
sonora_256_50_1399,0.0,0.10277885,0.0,0.0,0.0,0.0,0.89722115
sonora_256_50_1400,0.0,0.1107317,0.0,0.0,0.0,0.0,0.8892683
sonora_256_50_1401,0.0,0.030500622,0.0,0.0,0.0,0.0,0.96949935
sonora_256_50_1402,0.0,0.0,0.0,0.0,0.0,0.0,1.0
sonora_256_50_1403,0.0,0.0,0.0,0.0,0.0,0.0,1.0
sonora_256_50_1404,0.0,0.0,0.0,0.0,0.0,0.0,1.0
sonora_256_50_1405,0.0,0.0,0.0,0.0,0.0,0.0,1.0
sonora_256_50_1406,0.0,0.0,0.0,0.0,0.0,0.0,1.0
sonora_256_50_1407,0.0,0.0,0.0,0.0,0.0,0.0,1.0
sonora_256_50_1408,0.0,0.0,0.0,0.0,0.0,0.0,1.0
sonora_256_50_1409,0.0,0.0,0.0,0.0,0.0,0.0,1.0
sonora_256_50_1410,0.0,0.0,0.0,0.0,0.0,0.0,1.0
sonora_256_50_1411,0.0,0.0,0.0,0.0,0.0,0.0,1.0
sonora_256_50_1412,0.0,0.0,0.0,0.0,0.0,0.0,1.0
sonora_256_50_1413,0.0,0.0,0.0,0.0,0.0,0.0,1.0
sonora_256_50_1414,0.0,0.0,0.0,0.0,0.0,0.0,1.0
sonora_256_50_1415,0.0,0.0,0.0,0.0,0.0,0.0,1.0
sonora_256_50_1416,0.0,0.0,0.0,0.0,0.0,0.0,1.0
sonora_256_50_1417,0.0,0.0,0.0,0.0,0.0,0.0,1.0
sonora_256_50_1418,0.0,0.0,0.0,0.0,0.0,0.0,1.0
sonora_256_50_1419,0.0,0.0,0.0,0.0,0.0,0.0,1.0
sonora_256_50_1420,0.0,0.0,0.0,0.0,0.0,0.0,1.0
sonora_256_50_1421,0.0,0.0,0.0,0.0,0.0,0.0,1.0
sonora_256_50_1422,0.0,0.0,0.0,0.0,0.0,0.0,1.0
sonora_256_50_1423,0.0,0.0,0.0,0.0,0.0,0.0,1.0
sonora_256_50_1424,0.0,0.0,0.0,0.0,0.0,0.0,1.0
sonora_256_50_1425,0.0,0.0,0.0,0.0,0.0,0.0,1.0
sonora_256_50_1426,0.0,0.0,0.0,0.0,0.0,0.0,1.0
sonora_256_50_1427,0.0,0.0,0.0,0.0,0.0,0.0,1.0
sonora_256_50_1428,0.0,0.0,0.0,0.0,0.0,0.0,1.0
sonora_256_50_1429,0.0,0.0007354941,0.0,0.0,0.0,0.0,0.9992645
sonora_256_50_1430,0.0,0.13187248,0.0,0.06587678,0.0,0.0,0.80225074
sonora_256_50_1431,0.0,0.5449759,0.0,0.14081857,0.0,0.0,0.3142056
sonora_256_50_1432,0.0,0.83093214,0.0,0.1578485,0.0,0.0,0.011219362
sonora_256_50_1433,0.0,0.6506712,0.0,0.24783061,0.0,0.0,0.10149821
sonora_256_50_1434,0.0,0.34902707,0.0,0.4985123,0.0,0.0,0.15246062
sonora_256_50_1435,0.023330605,0.35110205,0.0,0.45240667,0.0,0.0,0.17316069
sonora_256_50_1436,0.048423912,0.26106,0.0,0.2674749,0.0,0.0,0.4230412
sonora_256_50_1437,0.055732634,0.025407152,0.0,0.14865664,0.0,0.0,0.7702036
sonora_256_50_1438,0.0575836,0.0,0.0,0.0,0.0,0.0,0.9424164
sonora_256_50_1439,0.026978273,0.0,0.0,0.0,0.0,0.0,0.97302175
sonora_256_50_1440,3.3998873e-05,0.0,0.0,0.0,0.0,0.0,0.999966
sonora_256_50_1441,0.0,0.0,0.0,0.0,0.0,0.0,1.0
sonora_256_50_1442,0.0,0.0,0.0,0.0,0.0,0.0,1.0
sonora_256_50_1443,0.0,0.0,0.0,0.0,0.0,0.0,1.0
sonora_256_50_1444,0.0,0.0,0.0,0.0,0.0,0.0,1.0
sonora_256_50_1445,0.0,0.0,0.0,0.0,0.0,0.0,1.0
sonora_256_50_1446,0.05965905,0.0,0.0,0.0,0.0,0.0,0.94034094
sonora_256_50_1447,0.1344055,0.0,0.0,0.0,0.0,0.0,0.8655945
sonora_256_50_1448,0.13953997,0.0,0.0,0.0,0.0,0.0,0.86046004
sonora_256_50_1449,0.06479353,0.0,0.0,0.0,0.0,0.0,0.9352065
sonora_256_50_1450,0.005199506,0.16602057,0.0,0.0,0.0,0.0,0.82877994
sonora_256_50_1451,0.009703282,0.042242624,0.0,0.0,0.01075796,0.0,0.93729615
sonora_256_50_1452,0.0045037763,0.041764826,0.0,0.0,0.13725662,0.0,0.8164748
sonora_256_50_1453,0.0,0.0,0.0,0.0,0.31008983,0.0,0.6899102
sonora_256_50_1454,0.0,0.0,0.0,0.0,0.2148088,0.0,0.7851912
sonora_256_50_1455,0.0,0.0,0.0,0.0,0.031217633,0.0,0.96878237
sonora_256_50_1456,0.0,0.0,0.0,0.0,0.0,0.0,1.0
sonora_256_50_1457,0.0,0.0,0.0,0.0,0.0,0.0,1.0
sonora_256_50_1458,0.0,0.0,0.0,0.0,0.0,0.0,1.0
sonora_256_50_1459,0.0,0.0,0.0,0.0,0.0,0.0,1.0
sonora_256_50_1460,0.0,0.0,0.0,0.0,0.0,0.0,1.0
sonora_256_50_1461,0.0,0.0,0.0,0.0,0.0,0.0,1.0
sonora_256_50_1462,0.0,0.0,0.0,0.0,0.03911777,0.0,0.96088225
sonora_256_50_1463,0.0,0.0,0.0,0.0,0.044132795,0.0,0.95586723
sonora_256_50_1464,0.0,0.0,0.0,0.0,0.005015029,0.0,0.994985
sonora_256_50_1465,0.0,0.0,0.0,0.0,0.0,0.0,1.0
sonora_256_50_1466,0.0,0.016861636,0.0,0.0,0.017573966,0.0,0.96556437
sonora_256_50_1467,0.0,0.14200185,0.0,0.0,0.017573966,0.0,0.8404242
sonora_256_50_1468,0.0,0.35031846,0.0,0.0,0.0,0.0,0.64968157
sonora_256_50_1469,0.0,0.34426245,0.0,0.0,0.0,0.0,0.6557376
sonora_256_50_1470,0.0,0.22971503,0.0,0.0,0.0,0.0,0.77028495
sonora_256_50_1471,0.0,0.1210609,0.0,0.0,0.0,0.0,0.8789391
sonora_256_50_1472,0.0,0.010430068,0.0,0.0,0.0,0.0,0.98956996
sonora_256_50_1473,0.0,0.0,0.0,0.0,0.0,0.0,1.0
sonora_256_50_1474,0.0,0.0,0.0,0.0,0.0,0.0,1.0
sonora_256_50_1475,0.0,0.0,0.0,0.0,0.0,0.0,1.0
sonora_256_50_1476,0.0,0.0,0.0,0.0,0.0,0.0,1.0
sonora_256_50_1477,0.0,0.0,0.0,0.0,0.0,0.0,1.0
sonora_256_50_1478,0.0,0.0,0.0,0.0,0.0,0.0,1.0
sonora_256_50_1479,0.0,0.0,0.0,0.0,0.0,0.0,1.0
sonora_256_50_1480,0.0,0.0,0.0,0.0,0.0,0.0,1.0
sonora_256_50_1481,0.0,0.0,0.0,0.0,0.0,0.0,1.0
sonora_256_50_1482,0.0,0.0,0.0,0.0,0.0,0.0,1.0
sonora_256_50_1483,0.0,0.0,0.0,0.0,0.0,0.0,1.0
sonora_256_50_1484,0.0,0.0,0.0,0.0,0.0,0.0,1.0
sonora_256_50_1485,0.0,0.0,0.0,0.0,0.0,0.0,1.0
sonora_256_50_1486,0.0,0.0,0.0,0.0,0.0,0.0,1.0
sonora_256_50_1487,0.0,0.0,0.0,0.0,0.0,0.0,1.0
sonora_256_50_1488,0.0,0.0,0.0,0.0,0.0,0.0,1.0
sonora_256_50_1489,0.0,0.0,0.0,0.0,0.0,0.0,1.0
sonora_256_50_1490,0.0,0.0,0.0,0.0,0.0,0.0,1.0
sonora_256_50_1491,0.0,0.0,0.0,0.0,0.0,0.0,1.0
sonora_256_50_1492,0.005177262,0.0,0.0,0.0,0.0,0.0,0.99482274
sonora_256_50_1493,0.0061620357,0.0,0.0,0.0,0.0,0.0,0.99383795
sonora_256_50_1494,0.000984774,0.0,0.0,0.0,0.0,0.0,0.9990152
sonora_256_50_1495,0.0,0.0,0.0,0.0,0.0,0.0,1.0
sonora_256_50_1496,0.0,0.0,0.0,0.0,0.0,0.0,1.0
sonora_256_50_1497,0.0,0.0,0.0,0.0,0.0,0.0,1.0
sonora_256_50_1498,0.0,0.0044220416,0.0,0.0,0.0,0.0,0.99557793
sonora_256_50_1499,0.0,0.35552463,0.0,0.0,0.0,0.0,0.6444754
sonora_256_50_1500,0.0,0.68418473,0.0,0.1624051,0.0,0.0,0.1534102
sonora_256_50_1501,0.0,0.526133,0.0,0.46413785,0.0,0.0,0.009729177
sonora_256_50_1502,0.0,0.23743331,0.0,0.62199163,0.0,0.0,0.14057508
sonora_256_50_1503,0.0,0.044382457,0.0,0.71750647,0.0,0.0,0.23811108
sonora_256_50_1504,0.0,0.22368464,0.0,0.60461813,0.0,0.0,0.17169726
sonora_256_50_1505,0.005503622,0.3598018,0.0,0.24812782,0.0,0.0,0.38656676
sonora_256_50_1506,0.03614295,0.13611715,0.0,0.040757313,0.0,0.0,0.7869826
sonora_256_50_1507,0.060339097,0.0,0.0,0.0,0.0,0.0,0.9396609
sonora_256_50_1508,0.060393643,0.0,0.0,0.0,0.0,0.0,0.93960637
sonora_256_50_1509,0.03590012,0.0,0.0,0.0,0.0,0.0,0.9640999
sonora_256_50_1510,0.0052062497,0.0,0.0,0.0,0.0,0.0,0.9947938
sonora_256_50_1511,0.0,0.0,0.0,0.0,0.0,0.0,1.0
sonora_256_50_1512,0.0,0.0,0.0,0.0,0.0,0.0,1.0
sonora_256_50_1513,0.0,0.0,0.0,0.0,0.0,0.0,1.0
sonora_256_50_1514,0.0,0.0,0.0,0.0,0.0,0.0,1.0
sonora_256_50_1515,0.026155798,0.0,0.0,0.0,0.0,0.0,0.97384423
sonora_256_50_1516,0.031713363,0.0,0.0,0.0,0.0,0.0,0.96828663
sonora_256_50_1517,0.089163095,0.0,0.0,0.0,0.0,0.0,0.9108369
sonora_256_50_1518,0.12876704,0.0,0.0,0.0,0.0,0.0,0.871233
sonora_256_50_1519,0.005199506,0.15688106,0.0,0.0,0.0,0.0,0.8379194
sonora_256_50_1520,0.027395245,0.03907188,0.0,0.0,0.0,0.0,0.9335329
sonora_256_50_1521,0.022195738,0.055576786,0.0,0.0,0.0136198895,0.0,0.9086076
sonora_256_50_1522,0.0,0.032907847,0.0,0.0,0.022030847,0.0,0.9450613
sonora_256_50_1523,0.0,0.01640294,0.0,0.0,0.008410958,0.0,0.9751861
sonora_256_50_1524,0.0,0.0,0.0,0.0,0.0,0.0,1.0
sonora_256_50_1525,0.0004600986,0.0,0.0,0.0,0.0,0.0,0.9995399
sonora_256_50_1526,0.06474701,0.0,0.0,0.0,0.0,0.0,0.93525296
sonora_256_50_1527,0.08955969,0.0,0.0,0.0,0.0,0.0,0.9104403
sonora_256_50_1528,0.025272775,0.0,0.0,0.0,0.0,0.0,0.9747272
sonora_256_50_1529,0.0,0.0,0.0,0.0,0.0,0.0,1.0
sonora_256_50_1530,0.0,0.0,0.0,0.0,0.0,0.0,1.0
sonora_256_50_1531,0.0,0.0,0.0,0.0,0.02355837,0.0,0.9764416
sonora_256_50_1532,0.0,0.0,0.0,0.0,0.0285734,0.0,0.9714266
sonora_256_50_1533,0.0,0.0,0.0,0.0,0.005015029,0.0,0.994985
sonora_256_50_1534,0.0,0.0,0.0,0.0,0.0,0.0,1.0
sonora_256_50_1535,0.0,0.016861636,0.0,0.0,0.034582168,0.0,0.9485562
sonora_256_50_1536,0.0,0.1886204,0.0,0.0,0.034582168,0.0,0.7767974
sonora_256_50_1537,0.0,0.31692618,0.0,0.0,0.0,0.0,0.6830738
sonora_256_50_1538,0.0,0.26308835,0.0,0.0,0.0,0.0,0.73691165
sonora_256_50_1539,0.0,0.33672574,0.0,0.0,0.0,0.0,0.6632743
sonora_256_50_1540,0.0,0.35862815,0.0,0.0,0.0,0.0,0.64137185
sonora_256_50_1541,0.0,0.25439185,0.0,0.0,0.0,0.0,0.74560815
sonora_256_50_1542,0.0,0.11456849,0.0,0.0,0.0,0.0,0.8854315
sonora_256_50_1543,0.0,0.0,0.0,0.0,0.0,0.0,1.0
sonora_256_50_1544,0.0,0.0,0.0,0.0,0.0,0.0,1.0
sonora_256_50_1545,0.0,0.0,0.0,0.0,0.0,0.0,1.0
sonora_256_50_1546,0.0,0.0,0.0,0.0,0.0,0.0,1.0
sonora_256_50_1547,0.0,0.0,0.0,0.0,0.0,0.0,1.0
sonora_256_50_1548,0.0,0.0,0.0,0.0,0.0,0.0,1.0
sonora_256_50_1549,0.0,0.0,0.0,0.0,0.0,0.0,1.0
sonora_256_50_1550,0.0,0.0,0.0,0.0,0.0,0.0,1.0
sonora_256_50_1551,0.0,0.0,0.0,0.0,0.0,0.0,1.0
sonora_256_50_1552,0.0,0.0,0.0,0.0,0.0,0.0,1.0
sonora_256_50_1553,0.0,0.0,0.0,0.0,0.0,0.0,1.0
sonora_256_50_1554,0.0,0.0,0.0,0.0,0.0,0.0,1.0
sonora_256_50_1555,0.0,0.0,0.0,0.0,0.0,0.0,1.0
sonora_256_50_1556,0.0,0.0,0.0,0.0,0.0,0.0,1.0
sonora_256_50_1557,0.0,0.0,0.0,0.0,0.0,0.0,1.0
sonora_256_50_1558,0.0,0.0,0.0,0.0,0.0,0.0,1.0
sonora_256_50_1559,0.0,0.0,0.0,0.0,0.0,0.0,1.0
sonora_256_50_1560,0.0,0.0,0.0,0.0,0.0,0.0,1.0
sonora_256_50_1561,0.036385015,0.0,0.0,0.0,0.0,0.0,0.963615
sonora_256_50_1562,0.04081912,0.0,0.0,0.0,0.0,0.0,0.9591809
sonora_256_50_1563,0.004434105,0.0,0.0,0.0,0.0,0.0,0.9955659
sonora_256_50_1564,0.0,0.0,0.0,0.0,0.0,0.0,1.0
sonora_256_50_1565,0.0,0.0,0.0,0.0,0.0,0.0,1.0
sonora_256_50_1566,0.0,0.0,0.0,0.0,0.0,0.0,1.0
sonora_256_50_1567,0.0,0.0036865477,0.0,0.0,0.0,0.0,0.99631345
sonora_256_50_1568,0.0,0.34436998,0.0,0.0,0.0,0.0,0.65563
sonora_256_50_1569,0.0,0.57522726,0.0,0.2654562,0.0,0.0,0.15931655
sonora_256_50_1570,0.0,0.2699205,0.0,0.66140777,0.0,0.0,0.0686717
sonora_256_50_1571,0.0,0.062075775,0.0,0.5512866,0.0,0.0,0.38663766
sonora_256_50_1572,0.0,0.026699083,0.0,0.30599183,0.0,0.0,0.6673091
sonora_256_50_1573,0.0,0.20082048,0.0,0.26143694,0.0,0.0,0.53774256
sonora_256_50_1574,0.0,0.3419494,0.0,0.110780075,0.0,0.0,0.54727054
sonora_256_50_1575,0.0,0.14112893,0.0,0.0,0.0,0.0,0.85887104
sonora_256_50_1576,0.0027554985,0.0,0.0,0.0,0.0,0.0,0.9972445
sonora_256_50_1577,0.03341537,0.0,0.0,0.0,0.0,0.0,0.9665846
sonora_256_50_1578,0.035876997,0.0,0.0,0.0,0.0,0.0,0.964123
sonora_256_50_1579,0.0052171247,0.0,0.0,0.0,0.0,0.0,0.99478287
sonora_256_50_1580,0.0,0.0,0.0,0.0,0.0,0.0,1.0
sonora_256_50_1581,0.0,0.0,0.0,0.0,0.0,0.0,1.0
sonora_256_50_1582,0.0,0.0,0.0,0.0,0.0,0.0,1.0
sonora_256_50_1583,0.0,0.0,0.0,0.0,0.0,0.0,1.0
sonora_256_50_1584,0.0,0.0,0.0,0.0,0.0,0.0,1.0
sonora_256_50_1585,0.0,0.0,0.0,0.0,0.0,0.0,1.0
sonora_256_50_1586,0.020470751,0.0,0.0,0.0,0.0,0.0,0.97952926
sonora_256_50_1587,0.09856587,0.0,0.0,0.0,0.0,0.0,0.9014342
sonora_256_50_1588,0.011476649,0.08779787,0.0,0.0,0.0,0.0,0.9007255
sonora_256_50_1589,0.09042545,0.07269517,0.0,0.0,0.0,0.0,0.8368794
sonora_256_50_1590,0.11182678,0.2285619,0.0,0.0,0.0,0.0,0.6596113
sonora_256_50_1591,0.066167414,0.27027497,0.0,0.0,0.0,0.0,0.66355765
sonora_256_50_1592,0.033289433,0.1155885,0.0,0.0,0.0,0.0,0.8511221
sonora_256_50_1593,0.010288511,0.0011802444,0.0,0.0,0.0,0.0,0.98853123
sonora_256_50_1594,0.0826207,0.0,0.0,0.0,0.0,0.0,0.9173793
sonora_256_50_1595,0.14119709,0.0,0.0,0.0,0.0,0.0,0.8588029
sonora_256_50_1596,0.094137676,0.0,0.0,0.0,0.0,0.0,0.90586233
sonora_256_50_1597,0.025272775,0.0,0.0,0.0,0.0,0.0,0.9747272
sonora_256_50_1598,0.0,0.0,0.0,0.0,0.0,0.0,1.0
sonora_256_50_1599,0.0,0.0,0.0,0.0,0.0,0.0,1.0
sonora_256_50_1600,0.0,0.0,0.0,0.0,0.0,0.0,1.0
sonora_256_50_1601,0.0,0.0,0.0,0.0,0.0,0.0,1.0
sonora_256_50_1602,0.0,0.0,0.0,0.0,0.0,0.0,1.0
sonora_256_50_1603,0.0,0.0,0.0,0.0,0.0,0.0,1.0
sonora_256_50_1604,0.0,0.0,0.0,0.0,0.017008202,0.0,0.9829918
sonora_256_50_1605,0.0,0.06916633,0.0,0.0,0.017008202,0.0,0.91382545
sonora_256_50_1606,0.0,0.069386594,0.0,0.0,0.0,0.0,0.9306134
sonora_256_50_1607,0.0,0.029557602,0.0,0.0,0.0,0.0,0.9704424
sonora_256_50_1608,0.0,0.15683222,0.0,0.0,0.0,0.0,0.8431678
sonora_256_50_1609,0.0,0.27552286,0.0,0.0,0.0,0.0,0.7244772
sonora_256_50_1610,0.0,0.26259646,0.0,0.0,0.0,0.0,0.7374035
sonora_256_50_1611,0.0,0.11456849,0.0,0.0,0.0,0.0,0.8854315
sonora_256_50_1612,0.0,0.0,0.0,0.0,0.0,0.0,1.0
sonora_256_50_1613,0.0,0.0,0.0,0.0,0.0,0.0,1.0
sonora_256_50_1614,0.0,0.0,0.0,0.0,0.0,0.0,1.0
sonora_256_50_1615,0.0,0.0,0.0,0.0,0.0,0.0,1.0
sonora_256_50_1616,0.0,0.0,0.0,0.0,0.0,0.0,1.0
sonora_256_50_1617,0.0,0.0,0.0,0.0,0.0,0.0,1.0
sonora_256_50_1618,0.0,0.0,0.0,0.0,0.0,0.0,1.0
sonora_256_50_1619,0.0,0.0,0.0,0.0,0.0,0.0,1.0
sonora_256_50_1620,0.0,0.0,0.0,0.0,0.0,0.0,1.0
sonora_256_50_1621,0.0,0.0,0.0,0.0,0.0,0.0,1.0
sonora_256_50_1622,0.0,0.0,0.0,0.0,0.0,0.0,1.0
sonora_256_50_1623,0.0,0.0,0.0,0.0,0.0,0.0,1.0
sonora_256_50_1624,0.0,0.0,0.0,0.0,0.0,0.0,1.0
sonora_256_50_1625,0.0,0.0,0.0,0.0,0.0,0.0,1.0
sonora_256_50_1626,0.0,0.0,0.0,0.0,0.0,0.0,1.0
sonora_256_50_1627,0.0,0.0,0.0,0.0,0.0,0.0,1.0
sonora_256_50_1628,0.0,0.0,0.0,0.0,0.0,0.0,1.0
sonora_256_50_1629,0.0,0.0,0.0,0.0,0.0,0.0,1.0
sonora_256_50_1630,0.031207755,0.0,0.0,0.0,0.0,0.0,0.96879226
sonora_256_50_1631,0.034657087,0.0,0.0,0.0,0.0,0.0,0.96534294
sonora_256_50_1632,0.0034493308,0.0,0.0,0.0,0.0,0.0,0.9965507
sonora_256_50_1633,0.0,0.0,0.0,0.0,0.0,0.0,1.0
sonora_256_50_1634,0.0,0.0,0.0,0.0,0.0,0.0,1.0
sonora_256_50_1635,0.0,0.0,0.0,0.0,0.0,0.0,1.0
sonora_256_50_1636,0.0,0.023377616,0.0,0.0,0.0,0.0,0.9766224
sonora_256_50_1637,0.0,0.25405043,0.0,0.0,0.0,0.0,0.74594957
sonora_256_50_1638,0.0,0.59689397,0.0,0.13111524,0.0,0.0,0.2719908
sonora_256_50_1639,0.0,0.39224413,0.0,0.31707263,0.0,0.0,0.29068324
sonora_256_50_1640,0.0,0.04492504,0.0,0.18595739,0.0,0.0,0.7691176
sonora_256_50_1641,0.0,0.021302348,0.0,0.0,0.0,0.0,0.97869766
sonora_256_50_1642,0.0,0.18434879,0.0,0.0,0.0,0.0,0.8156512
sonora_256_50_1643,0.0,0.28174967,0.0,0.0,0.0,0.0,0.71825033
sonora_256_50_1644,0.0,0.10708461,0.0,0.0,0.0,0.0,0.89291537
sonora_256_50_1645,0.0,0.0072834147,0.0,0.0,0.0,0.0,0.9927166
sonora_256_50_1646,0.0,0.0,0.0,0.0,0.0,0.0,1.0
sonora_256_50_1647,1.0875339e-05,0.0,0.0,0.0,0.0,0.0,0.99998915
sonora_256_50_1648,1.0875339e-05,0.0,0.0,0.0,0.0,0.0,0.99998915
sonora_256_50_1649,0.0,0.0,0.0,0.0,0.0,0.0,1.0
sonora_256_50_1650,0.0,0.0,0.0,0.0,0.0,0.0,1.0
sonora_256_50_1651,0.0,0.0,0.0,0.0,0.0,0.0,1.0
sonora_256_50_1652,0.0,0.0,0.0,0.0,0.0,0.0,1.0
sonora_256_50_1653,0.0,0.0,0.0,0.0,0.0,0.0,1.0
sonora_256_50_1654,0.0,0.0,0.0,0.0,0.0,0.0,1.0
sonora_256_50_1655,0.0,0.0,0.0,0.0,0.0,0.0,1.0
sonora_256_50_1656,0.032933593,0.0,0.0,0.0,0.0,0.0,0.9670664
sonora_256_50_1657,0.03625806,0.05622893,0.0,0.0,0.0,0.0,0.907513
sonora_256_50_1658,0.0975149,0.059875414,0.0,0.0,0.0,0.0,0.8426097
sonora_256_50_1659,0.094134815,0.19700973,0.0,0.0,0.0,0.0,0.7088555
sonora_256_50_1660,0.066167414,0.2386274,0.0,0.0,0.0,0.0,0.6952052
sonora_256_50_1661,0.033289433,0.09960687,0.0,0.0,0.0,0.0,0.8671037
sonora_256_50_1662,0.010288511,0.0011802444,0.0,0.0,0.0,0.0,0.98853123
sonora_256_50_1663,0.10745201,0.0,0.0,0.0,0.0,0.0,0.89254797
sonora_256_50_1664,0.10174149,0.0,0.0,0.0,0.0,0.0,0.8982585
sonora_256_50_1665,0.004577988,0.0,0.0,0.0,0.0,0.0,0.995422
sonora_256_50_1666,0.0,0.0,0.0,0.0,0.0,0.0,1.0
sonora_256_50_1667,0.0,0.0,0.0,0.0,0.0,0.0,1.0
sonora_256_50_1668,0.0,0.0,0.0,0.0,0.0,0.0,1.0
sonora_256_50_1669,0.0,0.0,0.0,0.0,0.0,0.0,1.0
sonora_256_50_1670,0.0,0.0,0.0,0.0,0.0,0.0,1.0
sonora_256_50_1671,0.0,0.0,0.0,0.0,0.0,0.0,1.0
sonora_256_50_1672,0.0,0.0,0.0,0.0,0.0,0.0,1.0
sonora_256_50_1673,0.0,0.0070300344,0.0,0.0,0.0,0.0,0.99297
sonora_256_50_1674,0.0,0.0070300344,0.0,0.0,0.0,0.0,0.99297
sonora_256_50_1675,0.0,0.0,0.0,0.0,0.0,0.0,1.0
sonora_256_50_1676,0.0,0.0,0.0,0.0,0.0,0.0,1.0
sonora_256_50_1677,0.0,0.019320894,0.0,0.0,0.0,0.0,0.9806791
sonora_256_50_1678,0.0,0.037955586,0.0,0.0,0.0,0.0,0.9620444
sonora_256_50_1679,0.0,0.018634692,0.0,0.0,0.0,0.0,0.9813653
sonora_256_50_1680,0.0,0.0,0.0,0.0,0.0,0.0,1.0
sonora_256_50_1681,0.0,0.0,0.0,0.0,0.0,0.0,1.0
sonora_256_50_1682,0.0,0.0,0.0,0.0,0.0,0.0,1.0
sonora_256_50_1683,0.0,0.0,0.0,0.0,0.0,0.0,1.0
sonora_256_50_1684,0.0,0.0,0.0,0.0,0.0,0.0,1.0
sonora_256_50_1685,0.0,0.0,0.0,0.0,0.0,0.0,1.0
sonora_256_50_1686,0.0,0.0,0.0,0.0,0.0,0.0,1.0
sonora_256_50_1687,0.0,0.0,0.0,0.0,0.0,0.0,1.0
sonora_256_50_1688,0.0,0.0,0.0,0.0,0.0,0.0,1.0
sonora_256_50_1689,0.0,0.0,0.0,0.0,0.0,0.0,1.0
sonora_256_50_1690,0.0,0.0,0.0,0.0,0.0,0.0,1.0
sonora_256_50_1691,0.0,0.0,0.0,0.0,0.0,0.0,1.0
sonora_256_50_1692,0.0,0.0,0.0,0.0,0.0,0.0,1.0
sonora_256_50_1693,0.0,0.0,0.0,0.0,0.0,0.0,1.0
sonora_256_50_1694,0.0,0.0,0.0,0.0,0.0,0.0,1.0
sonora_256_50_1695,0.0,0.0,0.0,0.0,0.0,0.0,1.0
sonora_256_50_1696,0.0,0.0,0.0,0.0,0.0,0.0,1.0
sonora_256_50_1697,0.0,0.0,0.0,0.0,0.0,0.0,1.0
sonora_256_50_1698,0.0,0.0,0.0,0.0,0.0,0.0,1.0
sonora_256_50_1699,0.0,0.0,0.0,0.0,0.0,0.0,1.0
sonora_256_50_1700,0.0,0.0,0.0,0.0,0.0,0.0,1.0
sonora_256_50_1701,0.0,0.0,0.0,0.0,0.0,0.0,1.0
sonora_256_50_1702,0.0,0.0,0.0,0.0,0.0,0.0,1.0
sonora_256_50_1703,0.0,0.0,0.0,0.0,0.0,0.0,1.0
sonora_256_50_1704,0.0,0.0,0.0,0.0,0.0,0.0,1.0
sonora_256_50_1705,0.0,0.023377616,0.0,0.0,0.0,0.0,0.9766224
sonora_256_50_1706,0.0,0.27879724,0.0,0.0,0.0,0.0,0.7212028
sonora_256_50_1707,0.0,0.7406009,0.0,0.012155078,0.0,0.0,0.247244
sonora_256_50_1708,0.0,0.71754825,0.0,0.020986877,0.0,0.0,0.26146486
sonora_256_50_1709,0.0,0.2496486,0.0,0.008831798,0.0,0.0,0.7415196
sonora_256_50_1710,0.0,0.080545746,0.0,0.0,0.0,0.0,0.9194543
sonora_256_50_1711,0.0,0.32247084,0.0,0.0,0.0,0.0,0.67752916
sonora_256_50_1712,0.0,0.57858896,0.0,0.0,0.0,0.0,0.42141104
sonora_256_50_1713,0.0,0.5406239,0.0,0.0,0.0,0.0,0.4593761
sonora_256_50_1714,0.0,0.30420238,0.0,0.0,0.0,0.0,0.6957976
sonora_256_50_1715,0.0,0.0829607,0.0,0.0,0.0,0.0,0.9170393
sonora_256_50_1716,0.0,0.0,0.0,0.0,0.0,0.0,1.0
sonora_256_50_1717,0.0,0.0,0.0,0.0,0.0,0.0,1.0
sonora_256_50_1718,0.0,0.0,0.0,0.0,0.0,0.0,1.0
sonora_256_50_1719,0.0,0.0,0.0,0.0,0.0,0.0,1.0
sonora_256_50_1720,0.0,0.0,0.0,0.0,0.0,0.0,1.0
sonora_256_50_1721,0.0,0.0,0.0,0.0,0.0,0.0,1.0
sonora_256_50_1722,0.0,0.0,0.0,0.0,0.0,0.0,1.0
sonora_256_50_1723,0.0,0.0,0.0,0.0,0.0,0.0,1.0
sonora_256_50_1724,0.0,0.0,0.0,0.0,0.0,0.0,1.0
sonora_256_50_1725,0.0,0.0,0.0,0.0,0.0,0.0,1.0
sonora_256_50_1726,0.049866915,0.094695665,0.0,0.0,0.0,0.0,0.8554374
sonora_256_50_1727,0.024781412,0.017762845,0.0,0.0,0.0,0.0,0.95745575
sonora_256_50_1728,0.0,0.015535335,0.0,0.0,0.0,0.0,0.9844647
sonora_256_50_1729,0.0,0.001260273,0.0,0.0,0.0,0.0,0.9987397
sonora_256_50_1730,0.0,0.0004213105,0.0,0.0,0.0,0.0,0.9995787
sonora_256_50_1731,0.0,0.0,0.0,0.0,0.0,0.0,1.0
sonora_256_50_1732,0.03191795,0.0,0.0,0.0,0.0,0.0,0.9680821
sonora_256_50_1733,0.03191795,0.0,0.0,0.0,0.0,0.0,0.9680821
sonora_256_50_1734,0.0,0.0,0.0,0.0,0.0,0.0,1.0
sonora_256_50_1735,0.0,0.0,0.0,0.0,0.0,0.0,1.0
sonora_256_50_1736,0.0,0.0,0.0,0.0,0.0,0.0,1.0
sonora_256_50_1737,0.0,0.0,0.0,0.0,0.0,0.0,1.0
sonora_256_50_1738,0.0,0.0,0.0,0.0,0.0,0.0,1.0
sonora_256_50_1739,0.0,0.0,0.0,0.0,0.0,0.0,1.0
sonora_256_50_1740,0.0,0.0,0.0,0.0,0.0,0.0,1.0
sonora_256_50_1741,0.0,0.0,0.0,0.0,0.0,0.0,1.0
sonora_256_50_1742,0.0,0.023910906,0.0,0.0,0.0,0.0,0.9760891
sonora_256_50_1743,0.0,0.023910906,0.0,0.0,0.0,0.0,0.9760891
sonora_256_50_1744,0.0,0.0,0.0,0.0,0.0,0.0,1.0
sonora_256_50_1745,0.0,0.0,0.0,0.0,0.0,0.0,1.0
sonora_256_50_1746,0.0,0.0,0.0,0.0,0.0,0.0,1.0
sonora_256_50_1747,0.0,0.0,0.0,0.0,0.0,0.0,1.0
sonora_256_50_1748,0.0,0.0,0.0,0.0,0.0,0.0,1.0
sonora_256_50_1749,0.0,0.0,0.0,0.0,0.0,0.0,1.0
sonora_256_50_1750,0.0,0.0,0.0,0.0,0.0,0.0,1.0
sonora_256_50_1751,0.0,0.0,0.0,0.0,0.0,0.0,1.0
sonora_256_50_1752,0.0,0.0,0.0,0.0,0.0,0.0,1.0
sonora_256_50_1753,0.0,0.0,0.0,0.0,0.0,0.0,1.0
sonora_256_50_1754,0.0,0.0,0.0,0.0,0.0,0.0,1.0
sonora_256_50_1755,0.0,0.0,0.0,0.0,0.0,0.0,1.0
sonora_256_50_1756,0.0,0.0,0.0,0.0,0.0,0.0,1.0
sonora_256_50_1757,0.0,0.0,0.0,0.0,0.0,0.0,1.0
sonora_256_50_1758,0.0,0.0,0.0,0.0,0.0,0.0,1.0
sonora_256_50_1759,0.0,0.0,0.0,0.0,0.0,0.0,1.0
sonora_256_50_1760,0.0,0.0,0.0,0.0,0.0,0.0,1.0
sonora_256_50_1761,0.0,0.0,0.0,0.0,0.0,0.0,1.0
sonora_256_50_1762,0.0,0.0,0.0,0.0,0.0,0.0,1.0
sonora_256_50_1763,0.0,0.0,0.0,0.0,0.0,0.0,1.0
sonora_256_50_1764,0.0,0.0,0.0,0.0,0.0,0.0,1.0
sonora_256_50_1765,0.0,0.0,0.0,0.0,0.0,0.0,1.0
sonora_256_50_1766,0.0,0.0,0.0,0.0,0.0,0.0,1.0
sonora_256_50_1767,0.0,0.0,0.0,0.0,0.0,0.0,1.0
sonora_256_50_1768,0.0,0.0,0.0,0.0,0.0,0.0,1.0
sonora_256_50_1769,0.0,0.0,0.0,0.0,0.0,0.0,1.0
sonora_256_50_1770,0.0,0.0,0.0,0.0,0.0,0.0,1.0
sonora_256_50_1771,0.0,0.0,0.0,0.0,0.0,0.0,1.0
sonora_256_50_1772,0.0,0.0,0.0,0.0,0.0,0.0,1.0
sonora_256_50_1773,0.0,0.0,0.00025700367,0.0,0.0,0.0,0.999743
sonora_256_50_1774,0.0,0.08901321,0.071367644,0.0,0.0,0.0,0.83961916
sonora_256_50_1775,0.0,0.48434353,0.071110636,0.0,0.0,0.0,0.44454584
sonora_256_50_1776,0.0,0.8953303,0.0,0.0,0.0,0.0,0.10466968
sonora_256_50_1777,0.0,0.9657631,0.0,0.0,0.0,0.0,0.034236908
sonora_256_50_1778,0.0,0.567825,0.0,0.0,0.0,0.0,0.43217498
sonora_256_50_1779,0.0,0.24300732,0.0,0.0,0.0,0.0,0.7569927
sonora_256_50_1780,0.0,0.5901502,0.0,0.0,0.0,0.0,0.40984985
sonora_256_50_1781,0.0,0.9492048,0.0,0.0,0.0,0.0,0.050795224
sonora_256_50_1782,0.0,0.96395826,0.0,0.0,0.0,0.0,0.03604175
sonora_256_50_1783,0.0,0.73177415,0.0,0.0,0.0,0.0,0.26822588
sonora_256_50_1784,0.0,0.2678159,0.0,0.0,0.0,0.0,0.7321841
sonora_256_50_1785,0.0,0.0,0.0,0.0,0.0,0.0,1.0
sonora_256_50_1786,0.0,0.0,0.0,0.0,0.0,0.0,1.0
sonora_256_50_1787,0.0,0.0,0.0,0.0,0.0,0.0,1.0
sonora_256_50_1788,0.0,0.0,0.0,0.0,0.0,0.0,1.0
sonora_256_50_1789,0.0,0.0,0.0,0.0,0.0,0.0,1.0
sonora_256_50_1790,0.0,0.0,0.0,0.0,0.0,0.0,1.0
sonora_256_50_1791,0.0,0.0,0.0,0.0,0.0,0.0,1.0
sonora_256_50_1792,0.0,0.0,0.0,0.0,0.0,0.0,1.0
sonora_256_50_1793,0.0,0.0,0.0,0.0,0.0,0.0,1.0
sonora_256_50_1794,0.0,0.0,0.0,0.0,0.0,0.0,1.0
sonora_256_50_1795,0.054911338,0.17630884,0.0,0.0,0.0,0.0,0.7687799
sonora_256_50_1796,0.0,0.0068622553,0.0,0.0,0.0,0.0,0.9931377
sonora_256_50_1797,0.0,0.0,0.0,0.0,0.0,0.0,1.0
sonora_256_50_1798,0.0,0.0,0.0,0.0,0.0,0.0,1.0
sonora_256_50_1799,0.0,0.0,0.0,0.0,0.0,0.0,1.0
sonora_256_50_1800,0.0,0.0,0.0,0.0,0.0,0.0,1.0
sonora_256_50_1801,0.006626537,0.0,0.0,0.0,0.0,0.0,0.99337345
sonora_256_50_1802,0.006626537,0.0,0.0,0.0,0.0,0.0,0.99337345
sonora_256_50_1803,0.0,0.0,0.0,0.0,0.0,0.0,1.0
sonora_256_50_1804,0.0,0.0,0.0,0.0,0.0,0.0,1.0
sonora_256_50_1805,0.0,0.0,0.0,0.0,0.0,0.0,1.0
sonora_256_50_1806,0.0,0.0,0.0,0.0,0.0,0.0,1.0
sonora_256_50_1807,0.0,0.0,0.0,0.0,0.0,0.0,1.0
sonora_256_50_1808,0.0,0.0,0.0,0.0,0.0,0.0,1.0
sonora_256_50_1809,0.0,0.0,0.0,0.0,0.0,0.0,1.0
sonora_256_50_1810,0.0,0.058038697,0.0,0.0,0.0,0.0,0.9419613
sonora_256_50_1811,0.0,0.15087159,0.0,0.0,0.0,0.0,0.8491284
sonora_256_50_1812,0.0,0.11277294,0.0,0.0,0.0,0.0,0.88722706
sonora_256_50_1813,0.0,0.019940048,0.0,0.0,0.0,0.0,0.9800599
sonora_256_50_1814,0.0,0.0,0.0,0.0,0.0,0.0,1.0
sonora_256_50_1815,0.0,0.0,0.0,0.0,0.0,0.0,1.0
sonora_256_50_1816,0.0,0.0,0.0,0.0,0.0,0.0,1.0
sonora_256_50_1817,0.0,0.0,0.0,0.0,0.0,0.0,1.0
sonora_256_50_1818,0.0,0.0,0.0,0.0,0.0,0.0,1.0
sonora_256_50_1819,0.0,0.0,0.0,0.0,0.0,0.0,1.0
sonora_256_50_1820,0.0,0.0,0.0,0.0,0.0,0.0,1.0
sonora_256_50_1821,0.0,0.0,0.0,0.0,0.0,0.0,1.0
sonora_256_50_1822,0.0,0.0,0.0,0.0,0.0,0.0,1.0
sonora_256_50_1823,0.0,0.0,0.0,0.0,0.0,0.0,1.0
sonora_256_50_1824,0.0,0.0,0.0,0.0,0.0,0.0,1.0
sonora_256_50_1825,0.0,0.0,0.0,0.0,0.0,0.0,1.0
sonora_256_50_1826,0.0,0.0,0.0,0.0,0.0,0.0,1.0
sonora_256_50_1827,0.0,0.0,0.0,0.0,0.0,0.0,1.0
sonora_256_50_1828,0.00453927,0.0,0.0,0.0,0.0,0.0,0.99546075
sonora_256_50_1829,0.0046122377,0.0,0.0,0.0,0.0,0.0,0.99538773
sonora_256_50_1830,7.296737e-05,0.0,0.0,0.0,0.0,0.0,0.99992704
sonora_256_50_1831,0.0,0.0,0.0,0.0,0.0,0.0,1.0
sonora_256_50_1832,0.0,0.0,0.0,0.0,0.0,0.0,1.0
sonora_256_50_1833,0.0,0.0,0.0,0.0,0.0,0.0,1.0
sonora_256_50_1834,0.0,0.0,0.0,0.0,0.0,0.0,1.0
sonora_256_50_1835,0.0,0.0,0.0,0.0,0.0,0.0,1.0
sonora_256_50_1836,0.0,0.0,0.0,0.0,0.0,0.0,1.0
sonora_256_50_1837,0.0,0.0,0.0,0.0,0.0,0.0,1.0
sonora_256_50_1838,0.0,0.0,0.0,0.0,0.0,0.0,1.0
sonora_256_50_1839,0.0,0.0,0.0,0.0,0.0,0.0,1.0
sonora_256_50_1840,0.0,0.0,0.0,0.0,0.0,0.0,1.0
sonora_256_50_1841,0.0,0.0,0.0,0.0,0.0,0.0,1.0
sonora_256_50_1842,0.0,0.0,0.0007114088,0.0,0.0,0.0,0.9992886
sonora_256_50_1843,0.0,0.250454,0.09587723,0.014689513,0.0,0.0,0.63897926
sonora_256_50_1844,0.0,0.75031966,0.09516582,0.014689513,0.0,0.0,0.13982499
sonora_256_50_1845,0.0,0.99986565,0.0,0.0,0.0,0.0,0.00013432442
sonora_256_50_1846,0.0,0.99998647,0.0,1.35493565e-05,0.0,0.0,0.0
sonora_256_50_1847,0.0,0.6108966,0.0,0.01625875,0.0,0.0,0.37284464
sonora_256_50_1848,0.0,0.19921514,0.0,0.016245201,0.0,0.0,0.78453964
sonora_256_50_1849,0.0,0.41416007,0.042720076,0.0,0.0,0.0,0.54311985
sonora_256_50_1850,0.0,0.73280674,0.042720076,0.0,0.0,0.0,0.2244732
sonora_256_50_1851,0.0,0.90695167,0.0,0.0,0.0,0.0,0.09304834
sonora_256_50_1852,0.0,0.8611336,0.0,0.06444132,0.0,0.0,0.074425116
sonora_256_50_1853,0.0,0.36113358,0.0,0.10081037,0.0,0.0,0.5380561
sonora_256_50_1854,0.0,0.0,0.0,0.037403677,0.0,0.0,0.9625963
sonora_256_50_1855,0.0,0.0,0.0,0.0010346319,0.0,0.0,0.9989654
sonora_256_50_1856,0.0,0.0,0.0,0.0,0.0,0.0,1.0
sonora_256_50_1857,0.0,0.0,0.0,0.0,0.0,0.0,1.0
sonora_256_50_1858,0.0,0.0,0.0,0.0,0.0,0.0,1.0
sonora_256_50_1859,0.0,0.0,0.0,0.0,0.0,0.0,1.0
sonora_256_50_1860,0.0,0.0,0.0,0.0,0.0,0.0,1.0
sonora_256_50_1861,0.0,0.0,0.0,0.0,0.0,0.0,1.0
sonora_256_50_1862,0.0,0.0,0.0,0.0,0.0,0.0,1.0
sonora_256_50_1863,0.0,0.0,0.0,0.0,0.0,0.0,1.0
sonora_256_50_1864,0.029825835,0.28023642,0.0,0.0,0.0,0.0,0.6899378
sonora_256_50_1865,0.0,0.013348002,0.0,0.0,0.0,0.0,0.986652
sonora_256_50_1866,0.0,0.0,0.0,0.0,0.0,0.0,1.0
sonora_256_50_1867,0.0,0.0,0.0,0.0,0.0,0.0,1.0
sonora_256_50_1868,0.0,0.0,0.0,0.0,0.0,0.0,1.0
sonora_256_50_1869,0.0,0.0,0.0,0.0,0.0,0.0,1.0
sonora_256_50_1870,0.0,0.0,0.0,0.0,0.0,0.0,1.0
sonora_256_50_1871,0.0,0.0,0.0,0.0,0.0,0.0,1.0
sonora_256_50_1872,0.0,0.0,0.0,0.0,0.0,0.0,1.0
sonora_256_50_1873,0.0,0.0,0.0,0.0,0.0,0.0,1.0
sonora_256_50_1874,0.0,0.0,0.0,0.0,0.0,0.0,1.0
sonora_256_50_1875,0.0,0.0,0.0,0.0,0.0,0.0,1.0
sonora_256_50_1876,0.0,0.0,0.0,0.0,0.0,0.0,1.0
sonora_256_50_1877,0.0,0.0,0.0,0.0,0.0,0.0,1.0
sonora_256_50_1878,0.0,0.0,0.0,0.0,0.0,0.0,1.0
sonora_256_50_1879,0.0,0.058038697,0.0,0.0,0.0,0.0,0.9419613
sonora_256_50_1880,0.0,0.16784662,0.0,0.0,0.0,0.0,0.8321534
sonora_256_50_1881,0.0,0.21995446,0.0,0.0,0.0,0.0,0.78004557
sonora_256_50_1882,0.0,0.11014653,0.0,0.0,0.0,0.0,0.8898535
sonora_256_50_1883,0.0,0.0,0.0,0.0,0.0,0.0,1.0
sonora_256_50_1884,0.0,0.0,0.0,0.0,0.0,0.0,1.0
sonora_256_50_1885,0.031544004,0.0,0.0,0.0,0.0,0.0,0.968456
sonora_256_50_1886,0.031544004,0.0,0.0,0.0,0.0,0.0,0.968456
sonora_256_50_1887,0.0,0.0,0.0,0.0,0.0,0.0,1.0
sonora_256_50_1888,0.0,0.0,0.0,0.0,0.0,0.0,1.0
sonora_256_50_1889,0.0,0.0,0.0,0.0,0.0,0.0,1.0
sonora_256_50_1890,0.0,0.0,0.0,0.0,0.0,0.0,1.0
sonora_256_50_1891,0.0,0.0,0.0,0.0,0.0,0.0,1.0
sonora_256_50_1892,0.0,0.0,0.0,0.0,0.0,0.0,1.0
sonora_256_50_1893,0.0,0.0,0.0,0.0,0.0,0.0,1.0
sonora_256_50_1894,0.0,0.0,0.0,0.0,0.0,0.0,1.0
sonora_256_50_1895,0.0,0.0,0.0,0.0,0.0,0.0,1.0
sonora_256_50_1896,0.0,0.0,0.0,0.0,0.0,0.0,1.0
sonora_256_50_1897,0.008928981,0.0,0.0,0.0,0.0,0.0,0.99107105
sonora_256_50_1898,0.04655445,0.0,0.0,0.0,0.0,0.0,0.95344555
sonora_256_50_1899,0.07204854,0.0,0.0,0.0,0.0,0.0,0.92795146
sonora_256_50_1900,0.034693927,0.0,0.0,0.0,0.0,0.0,0.96530604
sonora_256_50_1901,0.00027086143,0.0,0.0,0.0,0.0,0.0,0.99972916
sonora_256_50_1902,0.0,0.0,0.0,0.0,0.0,0.0,1.0
sonora_256_50_1903,0.0,0.0,0.0,0.0,0.0,0.0,1.0
sonora_256_50_1904,0.0,0.0,0.0,0.0,0.0,0.0,1.0
sonora_256_50_1905,0.0,0.0,0.0,0.0,0.0,0.0,1.0
sonora_256_50_1906,0.0,0.0,0.0,0.0,0.0,0.0,1.0
sonora_256_50_1907,0.0,0.0,0.0,0.0,0.0,0.0,1.0
sonora_256_50_1908,0.0,0.0,0.0,0.0,0.0,0.0,1.0
sonora_256_50_1909,0.0,0.0,0.0,0.0,0.0,0.0,1.0
sonora_256_50_1910,0.0,0.0,0.0,0.0,0.0,0.0,1.0
sonora_256_50_1911,0.0,0.002322595,0.00045440512,0.03625843,0.0,0.0,0.96096456
sonora_256_50_1912,0.0,0.28055996,0.024509588,0.17462483,0.0,0.0,0.52030563
sonora_256_50_1913,0.0,0.77823734,0.024055183,0.1383664,0.0,0.0,0.059341054
sonora_256_50_1914,0.0,0.9376717,0.0,0.06232825,0.0,0.0,0.0
sonora_256_50_1915,0.0,0.75370836,0.0,0.2445084,0.0,0.0,0.0017832135
sonora_256_50_1916,0.0,0.34216648,0.0,0.26032102,0.0,0.0,0.3975125
sonora_256_50_1917,0.0,0.03435326,0.0,0.07814088,0.0,0.0,0.8875059
sonora_256_50_1918,0.0,0.0840785,0.042720076,0.0,0.0,0.0,0.87320143
sonora_256_50_1919,0.0,0.39475864,0.042720076,0.0,0.0,0.0,0.5625213
sonora_256_50_1920,0.0,0.81890357,0.0,0.0,0.0,0.0,0.18109645
sonora_256_50_1921,0.0,0.88606226,0.0,0.10465743,0.0,0.0,0.009280286
sonora_256_50_1922,0.0,0.4385466,0.0,0.3281191,0.0,0.0,0.2333343
sonora_256_50_1923,0.0,0.055937987,0.0,0.22486539,0.0,0.0,0.7191966
sonora_256_50_1924,0.0,0.0034536852,0.0,0.011029409,0.0,0.0,0.9855169
sonora_256_50_1925,0.0,0.0,0.0,0.009625696,0.0,0.0,0.9903743
sonora_256_50_1926,0.0,0.0,0.0,0.0,0.0,0.0,1.0
sonora_256_50_1927,0.005456279,0.0,0.0,0.0,0.0,0.0,0.99454373
sonora_256_50_1928,0.023940042,0.0,0.0,0.0,0.0,0.0,0.97606
sonora_256_50_1929,0.018483764,0.0,0.0,0.0,0.0,0.0,0.98151624
sonora_256_50_1930,0.0,0.0,0.0,0.0,0.0,0.0,1.0
sonora_256_50_1931,0.0,0.0,0.0,0.0,0.0,0.0,1.0
sonora_256_50_1932,0.0,0.0,0.0,0.0,0.0,0.0,1.0
sonora_256_50_1933,0.0,0.20506983,0.0,0.0,0.0,0.0,0.79493016
sonora_256_50_1934,0.0,0.015159856,0.0,0.0,0.0,0.0,0.98484015
sonora_256_50_1935,0.0,0.017893527,0.0,0.0,0.0,0.0,0.98210645
sonora_256_50_1936,0.0,0.035709616,0.0,0.0,0.0,0.0,0.9642904
sonora_256_50_1937,0.0,0.017816091,0.0,0.0,0.0,0.0,0.98218393
sonora_256_50_1938,0.0,0.0,0.0,0.0,0.0,0.0,1.0
sonora_256_50_1939,0.0,0.0,0.0,0.0,0.0,0.0,1.0
sonora_256_50_1940,0.0,0.0,0.0,0.0,0.0,0.0,1.0
sonora_256_50_1941,0.0,0.0,0.0,0.0,0.0,0.0,1.0
sonora_256_50_1942,0.0,0.0,0.0,0.0,0.0,0.0,1.0
sonora_256_50_1943,0.0,0.0,0.0,0.0,0.0,0.0,1.0
sonora_256_50_1944,0.0,0.0,0.0,0.0,0.0,0.0,1.0
sonora_256_50_1945,0.0,0.0,0.0,0.0,0.0,0.0,1.0
sonora_256_50_1946,0.0,0.0,0.0,0.0,0.0,0.0,1.0
sonora_256_50_1947,0.0,0.0,0.0,0.0,0.0,0.0,1.0
sonora_256_50_1948,0.0,0.0,0.0,0.0,0.0,0.0,1.0
sonora_256_50_1949,0.0,0.040375743,0.0,0.0,0.0,0.0,0.95962423
sonora_256_50_1950,0.0,0.18274204,0.0,0.0,0.0,0.0,0.81725794
sonora_256_50_1951,0.0,0.14979419,0.0,0.0,0.0,0.0,0.85020584
sonora_256_50_1952,0.0,0.007427886,0.0,0.0,0.0,0.0,0.9925721
sonora_256_50_1953,0.0019226995,0.0,0.0,0.0,0.0,0.0,0.9980773
sonora_256_50_1954,0.047192298,0.0,0.0,0.0,0.0,0.0,0.9528077
sonora_256_50_1955,0.045269597,0.0,0.0,0.0,0.0,0.0,0.9547304
sonora_256_50_1956,0.0,0.0,0.0,0.0,0.0,0.0,1.0
sonora_256_50_1957,0.0,0.0,0.0,0.0,0.0,0.0,1.0
sonora_256_50_1958,0.0,0.0,0.0,0.0,0.0,0.0,1.0
sonora_256_50_1959,0.0,0.0,0.0,0.0,0.0,0.0,1.0
sonora_256_50_1960,0.0,0.0,0.0,0.0,0.0,0.0,1.0
sonora_256_50_1961,0.0,0.0,0.0,0.0,0.0,0.0,1.0
sonora_256_50_1962,0.0,0.0,0.0,0.0,0.0,0.0,1.0
sonora_256_50_1963,0.0,0.0,0.0,0.0,0.0,0.0,1.0
sonora_256_50_1964,0.0,0.0,0.0,0.0,0.0,0.0,1.0
sonora_256_50_1965,0.0,0.0,0.0,0.0,0.0,0.0,1.0
sonora_256_50_1966,0.0043897103,0.0,0.0,0.0,0.0,0.0,0.9956103
sonora_256_50_1967,0.041942213,0.0,0.0,0.0,0.0,0.0,0.95805776
sonora_256_50_1968,0.07562491,0.0,0.0,0.0,0.0,0.0,0.92437506
sonora_256_50_1969,0.07667977,0.0,0.0,0.0,0.0,0.0,0.92332023
sonora_256_50_1970,0.076162174,0.0,0.0,0.0,0.0,0.0,0.92383784
sonora_256_50_1971,0.038583867,0.0,0.0,0.0,0.0,0.0,0.9614161
sonora_256_50_1972,0.0010290585,0.0,0.0,0.0,0.0,0.0,0.9989709
sonora_256_50_1973,0.0,0.0,0.0,0.0,0.0,0.0,1.0
sonora_256_50_1974,0.0,0.0,0.0,0.0,0.0,0.0,1.0
sonora_256_50_1975,0.0,0.0,0.0,0.0,0.0,0.0,1.0
sonora_256_50_1976,0.0,0.0,0.0,0.0,0.0,0.0,1.0
sonora_256_50_1977,0.0,0.0,0.0,0.0,0.0,0.0,1.0
sonora_256_50_1978,0.0,0.0,0.0,0.0,0.0,0.0,1.0
sonora_256_50_1979,0.0,0.0,0.0,0.015242102,0.0,0.0,0.9847579
sonora_256_50_1980,0.0,0.08112669,0.0,0.1664734,0.0,0.0,0.7523999
sonora_256_50_1981,0.0,0.39943177,0.0,0.3233997,0.0,0.0,0.27716854
sonora_256_50_1982,0.0,0.7203141,0.0,0.27015936,0.0,0.0,0.009526546
sonora_256_50_1983,0.0,0.59404975,0.0,0.40595025,0.0,0.0,0.0
sonora_256_50_1984,0.0,0.2580909,0.0,0.6195422,0.0,0.0,0.12236689
sonora_256_50_1985,0.0,0.06605019,0.0,0.3734786,0.0,0.0,0.56047124
sonora_256_50_1986,0.0,0.0,0.0,0.061895676,0.0,0.0,0.93810433
sonora_256_50_1987,0.0,0.0,0.0,0.0,0.0,0.0,1.0
sonora_256_50_1988,0.0,0.33298627,0.0,0.0,0.0,0.0,0.6670137
sonora_256_50_1989,0.0,0.8329863,0.0,0.0,0.0,0.0,0.16701373
sonora_256_50_1990,0.0,0.959702,0.0,0.040297966,0.0,0.0,0.0
sonora_256_50_1991,0.0,0.7528291,0.0,0.23373242,0.0,0.0,0.013438534
sonora_256_50_1992,0.0,0.48943096,0.0,0.19384749,0.0,0.0,0.31672156
sonora_256_50_1993,0.0,0.32557714,0.0,0.09196657,0.0,0.0,0.5824563
sonora_256_50_1994,0.0040297303,0.14737262,0.0,0.23556162,0.0,0.0,0.61303604
sonora_256_50_1995,0.024556432,0.07049328,0.0,0.14983243,0.0,0.0,0.75511783
sonora_256_50_1996,0.02598298,0.059124064,0.0,0.14145383,0.0,0.0,0.7734391
sonora_256_50_1997,0.032628093,0.006730193,0.0,0.18528332,0.0,0.0,0.7753584
sonora_256_50_1998,0.059835695,0.0,0.0,0.049653836,0.0,0.0,0.8905105
sonora_256_50_1999,0.0427176,0.0,0.0,0.0,0.0,0.0,0.9572824
sonora_256_50_2000,0.010053718,0.0,0.0,0.0,0.0,0.0,0.9899463
sonora_256_50_2001,0.0,0.0,0.0,0.0,0.0,0.0,1.0
sonora_256_50_2002,0.0,0.025531089,0.0,0.0,0.0,0.0,0.9744689
sonora_256_50_2003,0.0,0.008674108,0.0,0.0,0.0,0.0,0.9913259
sonora_256_50_2004,0.0,0.02066203,0.0,0.0,0.0,0.0,0.979338
sonora_256_50_2005,0.0,0.105018385,0.0,0.0,0.0,0.0,0.8949816
sonora_256_50_2006,0.0,0.08435636,0.0,0.0,0.0,0.0,0.91564363
sonora_256_50_2007,0.0,0.0,0.0,0.0,0.0,0.0,1.0
sonora_256_50_2008,0.0,0.0,0.0,0.0,0.0,0.0,1.0
sonora_256_50_2009,0.0,0.0,0.0,0.0,0.0,0.0,1.0
sonora_256_50_2010,0.0,0.0,0.0,0.0,0.0,0.0,1.0
sonora_256_50_2011,0.0,0.0064534717,0.0,0.0,0.0,0.0,0.99354655
sonora_256_50_2012,0.0,0.07254275,0.0,0.0,0.0,0.0,0.9274573
sonora_256_50_2013,0.0,0.09042391,0.0,0.0,0.0,0.0,0.90957606
sonora_256_50_2014,0.0,0.024334636,0.0,0.0,0.0,0.0,0.9756654
sonora_256_50_2015,0.0,0.0,0.0,0.0,0.0,0.0,1.0
sonora_256_50_2016,0.0,0.0,0.0,0.0,0.0,0.0,1.0
sonora_256_50_2017,0.0,0.0,0.0,0.0,0.0,0.0,1.0
sonora_256_50_2018,0.0,0.0065198373,0.0,0.0,0.0,0.0,0.99348015
sonora_256_50_2019,0.0,0.10979365,0.0,0.0,0.0,0.0,0.89020634
sonora_256_50_2020,0.0,0.110701695,0.0,0.0,0.0,0.0,0.8892983
sonora_256_50_2021,0.0,0.007427886,0.0,0.0,0.0,0.0,0.9925721
sonora_256_50_2022,0.0019226995,0.0,0.0,0.0,0.0,0.0,0.9980773
sonora_256_50_2023,0.01564829,0.0,0.0,0.0,0.0,0.0,0.9843517
sonora_256_50_2024,0.013725592,0.0,0.0,0.0,0.0,0.0,0.9862744
sonora_256_50_2025,0.0,0.0,0.0,0.0,0.0,0.0,1.0
sonora_256_50_2026,0.0,0.0,0.0,0.0,0.0,0.0,1.0
sonora_256_50_2027,0.0,0.0,0.0,0.0,0.0,0.0,1.0
sonora_256_50_2028,0.0,0.0,0.0,0.0,0.0,0.0,1.0
sonora_256_50_2029,0.0,0.0,0.0,0.0,0.0,0.0,1.0
sonora_256_50_2030,0.0,0.0,0.0,0.0,0.0,0.0,1.0
sonora_256_50_2031,0.0,0.0,0.0,0.0,0.0,0.0,1.0
sonora_256_50_2032,0.0,0.0,0.0,0.0,0.0,0.0,1.0
sonora_256_50_2033,0.0,0.0,0.0,0.0,0.0,0.0,1.0
sonora_256_50_2034,0.0,0.0,0.0,0.0,0.0,0.0,1.0
sonora_256_50_2035,0.0,0.0,0.0,0.0,0.0,0.0,1.0
sonora_256_50_2036,0.0,0.0,0.0,0.0,0.0,0.0,1.0
sonora_256_50_2037,0.003649348,0.0,0.0,0.0,0.0,0.0,0.99635065
sonora_256_50_2038,0.04198585,0.0,0.0,0.0,0.0,0.0,0.95801413
sonora_256_50_2039,0.07844168,0.0,0.0,0.0,0.0,0.0,0.9215583
sonora_256_50_2040,0.08147565,0.0,0.0,0.0,0.0,0.0,0.9185243
sonora_256_50_2041,0.084244154,0.0,0.0,0.0,0.0,0.0,0.91575587
sonora_256_50_2042,0.046141554,0.0,0.0,0.0,0.0,0.0,0.95385844
sonora_256_50_2043,0.0032678775,0.0,0.0,0.0,0.0,0.0,0.9967321
sonora_256_50_2044,0.0,0.0,0.0,0.0,0.0,0.0,1.0
sonora_256_50_2045,0.0,0.0,0.0,0.0,0.0,0.0,1.0
sonora_256_50_2046,0.0,0.0,0.0,0.0,0.0,0.0,1.0
sonora_256_50_2047,0.0,0.0,0.0,0.02090313,0.0,0.0,0.9790969
sonora_256_50_2048,0.0,0.0,0.0,0.2397736,0.0,0.0,0.76022637
sonora_256_50_2049,0.0,0.23385873,0.0,0.42878872,0.0,0.0,0.33735254
sonora_256_50_2050,0.0,0.67679983,0.0,0.26697716,0.0,0.0,0.05622303
sonora_256_50_2051,0.0,0.609122,0.0,0.39087802,0.0,0.0,0.0
sonora_256_50_2052,0.0,0.17054988,0.0,0.81960773,0.0,0.0,0.009842378
sonora_256_50_2053,0.0,0.0043689753,0.0,0.65668,0.0,0.0,0.33895105
sonora_256_50_2054,0.0,0.0,0.0,0.17089131,0.0,0.0,0.82910866
sonora_256_50_2055,0.0,0.0,0.0,0.0,0.0,0.0,1.0
sonora_256_50_2056,0.0,0.0,0.0,0.0,0.0,0.0,1.0
sonora_256_50_2057,0.019116595,0.3003794,0.0,0.0,0.0,0.0,0.680504
sonora_256_50_2058,0.019116595,0.8003794,0.0,0.0,0.0,0.0,0.18050402
sonora_256_50_2059,0.0,0.99991816,0.0,8.186657e-05,0.0,0.0,0.0
sonora_256_50_2060,0.0,0.9905608,0.0,0.0064236745,0.0,0.0,0.003015475
sonora_256_50_2061,0.0,0.93349296,0.0,0.006385766,0.0,0.0,0.06012126
sonora_256_50_2062,9.559824e-05,0.82202786,0.0,0.081971794,0.0,0.0,0.09590475
sonora_256_50_2063,0.03854131,0.6117844,0.0,0.22701254,0.0,0.0,0.12266173
sonora_256_50_2064,0.058972415,0.5350007,0.0,0.15090905,0.0,0.0,0.25511786
sonora_256_50_2065,0.020526703,0.42980272,0.0,0.27077517,0.0,0.0,0.2788954
sonora_256_50_2066,0.008688049,0.12740885,0.0,0.5629584,0.0,0.0,0.3009447
sonora_256_50_2067,0.041351933,0.0,0.0,0.43167692,0.0,0.0,0.52697116
sonora_256_50_2068,0.05692585,0.0,0.0,0.16509886,0.0,0.0,0.77797526
sonora_256_50_2069,0.047315776,0.0,0.0,0.031429514,0.0,0.0,0.9212547
sonora_256_50_2070,0.037888773,0.0,0.0,0.0,0.0,0.0,0.96211123
sonora_256_50_2071,0.0,0.042556826,0.0,0.0,0.0,0.0,0.9574432
sonora_256_50_2072,0.0,0.116258316,0.0,0.0,0.0,0.0,0.8837417
sonora_256_50_2073,0.0,0.14058903,0.0,0.0,0.0,0.0,0.859411
sonora_256_50_2074,0.0,0.18721533,0.0,0.0,0.0,0.0,0.8127847
sonora_256_50_2075,0.0,0.12032779,0.0,0.0,0.0,0.0,0.8796722
sonora_256_50_2076,0.0,0.0,0.0,0.0,0.0,0.0,1.0
sonora_256_50_2077,0.0,0.0,0.0,0.0,0.0,0.0,1.0
sonora_256_50_2078,0.0,0.0,0.0,0.0,0.0,0.0,1.0
sonora_256_50_2079,0.0,0.0,0.0,0.0,0.0,0.0,1.0
sonora_256_50_2080,0.0,0.09475211,0.0,0.0,0.0,0.0,0.90524787
sonora_256_50_2081,0.0,0.22136992,0.0,0.0,0.0,0.0,0.7786301
sonora_256_50_2082,0.0,0.16663146,0.0,0.0,0.0,0.0,0.83336854
sonora_256_50_2083,0.0,0.040013652,0.0,0.0,0.0,0.0,0.9599863
sonora_256_50_2084,0.0,0.0,0.0,0.0,0.0,0.0,1.0
sonora_256_50_2085,0.0,0.020354271,0.0,0.0,0.0,0.0,0.9796457
sonora_256_50_2086,0.0,0.043219525,0.0,0.0,0.0,0.0,0.9567805
sonora_256_50_2087,0.0,0.07031071,0.0,0.0,0.0,0.0,0.9296893
sonora_256_50_2088,0.0,0.18200165,0.0,0.0,0.0,0.0,0.81799835
sonora_256_50_2089,0.0,0.13661996,0.0,0.0,0.0,0.0,0.86338
sonora_256_50_2090,0.0,0.0020637668,0.0,0.0,0.0,0.0,0.99793625
sonora_256_50_2091,0.0,0.0,0.0,0.0,0.0,0.0,1.0
sonora_256_50_2092,0.0,0.0,0.0,0.0,0.0,0.0,1.0
sonora_256_50_2093,0.0,0.0,0.0,0.0,0.0,0.0,1.0
sonora_256_50_2094,0.0,0.0,0.0,0.0,0.0,0.0,1.0
sonora_256_50_2095,0.0,0.0,0.0,0.0,0.0,0.0,1.0
sonora_256_50_2096,0.0,0.0,0.0,0.0,0.0,0.0,1.0
sonora_256_50_2097,0.0,0.0,0.0,0.0,0.0,0.0,1.0
sonora_256_50_2098,0.0,0.0,0.0,0.0,0.0,0.0,1.0
sonora_256_50_2099,0.0,0.0,0.0,0.0,0.0,0.0,1.0
sonora_256_50_2100,0.0,0.0,0.0,0.0,0.0,0.0,1.0
sonora_256_50_2101,0.0,0.0,0.0,0.0,0.0,0.0,1.0
sonora_256_50_2102,0.0,0.0,0.0,0.0,0.0,0.0,1.0
sonora_256_50_2103,0.0,0.0,0.0,0.0,0.0,0.0,1.0
sonora_256_50_2104,0.0,0.0,0.0,0.0,0.0,0.0,1.0
sonora_256_50_2105,0.0,0.0,0.0,0.0,0.0,0.0,1.0
sonora_256_50_2106,0.0,0.0,0.0,0.0,0.0,0.0,1.0
sonora_256_50_2107,0.0,0.0,0.0,0.0,0.0,0.0,1.0
sonora_256_50_2108,0.0025503694,0.0,0.0,0.0,0.0,0.0,0.99744964
sonora_256_50_2109,0.042891786,0.0,0.0,0.0,0.0,0.0,0.9571082
sonora_256_50_2110,0.084546864,0.0,0.0,0.0,0.0,0.0,0.91545314
sonora_256_50_2111,0.05506859,0.0,0.0,0.0,0.0,0.0,0.9449314
sonora_256_50_2112,0.010863141,0.0,0.0,0.0,0.0,0.0,0.9891369
sonora_256_50_2113,0.0,0.0,0.0,0.0,0.0,0.0,1.0
sonora_256_50_2114,0.0,0.0,0.0,0.022315832,0.0,0.0,0.97768414
sonora_256_50_2115,0.0,0.0,0.0,0.14643818,0.0,0.0,0.8535618
sonora_256_50_2116,0.0,0.009822658,0.0,0.35506976,0.0,0.0,0.6351076
sonora_256_50_2117,0.0,0.1648949,0.0,0.5295035,0.0,0.0,0.30560157
sonora_256_50_2118,0.0,0.55568933,0.0,0.39793903,0.0,0.0,0.046371628
sonora_256_50_2119,0.0,0.8657158,0.0,0.13428421,0.0,0.0,0.0
sonora_256_50_2120,0.0,0.48328194,0.0,0.44381416,0.0,0.0,0.072903894
sonora_256_50_2121,0.0,0.01818327,0.0,0.70233107,0.0,0.0,0.27948567
sonora_256_50_2122,0.0,0.0,0.0,0.33489323,0.0,0.0,0.6651068
sonora_256_50_2123,0.0,0.0,0.0,0.041474998,0.0,0.0,0.958525
sonora_256_50_2124,0.0,0.0,0.0,0.0,0.0,0.0,1.0
sonora_256_50_2125,0.0,0.0,0.0,0.0,0.0,0.0,1.0
sonora_256_50_2126,0.032943014,0.13174257,0.0,0.0,0.0,0.0,0.83531445
sonora_256_50_2127,0.058287743,0.5018149,0.0,0.0,0.0,0.0,0.43989736
sonora_256_50_2128,0.025344731,0.8498696,0.0,0.0,0.0,0.0,0.12478562
sonora_256_50_2129,0.0,0.9797973,0.0,0.0,0.0,0.0,0.0202027
sonora_256_50_2130,0.0,1.0,0.0,0.0,0.0,0.0,0.0
sonora_256_50_2131,0.036004774,0.9370251,0.0,0.0,0.0,0.0,0.026970113
sonora_256_50_2132,0.074078165,0.8546412,0.0,0.0010766193,0.0,0.0,0.07020404
sonora_256_50_2133,0.03807339,0.86727715,0.0,0.0010766193,0.0,0.0,0.09357287
sonora_256_50_2134,2.1486843e-09,0.7546075,0.0,0.1379009,0.0,0.0,0.10749158
sonora_256_50_2135,0.0,0.43605655,0.0,0.50514454,0.0,0.0,0.058798898
sonora_256_50_2136,0.0,0.26049817,0.0,0.62152493,0.0,0.0,0.117976904
sonora_256_50_2137,0.014208251,0.12938808,0.0,0.3577764,0.0,0.0,0.49862728
sonora_256_50_2138,0.037262056,0.0,0.0,0.10349512,0.0,0.0,0.8592428
sonora_256_50_2139,0.037888773,0.0,0.0,0.0,0.0,0.0,0.96211123
sonora_256_50_2140,0.00084749045,0.095182605,0.0,0.0,0.0,0.0,0.9039699
sonora_256_50_2141,0.0,0.16063848,0.0,0.0,0.0,0.0,0.8393615
sonora_256_50_2142,0.0,0.2431857,0.0,0.0,0.0,0.0,0.7568143
sonora_256_50_2143,0.0,0.2221944,0.0,0.0,0.0,0.0,0.7778056
sonora_256_50_2144,0.0,0.055818193,0.0,0.0,0.0,0.0,0.9441818
sonora_256_50_2145,0.0,0.0,0.0,0.0,0.0,0.0,1.0
sonora_256_50_2146,0.0,0.0,0.0,0.0,0.0,0.0,1.0
sonora_256_50_2147,0.0,0.0,0.0,0.0,0.0,0.0,1.0
sonora_256_50_2148,0.0,0.06161627,0.0,0.0,0.0,0.0,0.93838376
sonora_256_50_2149,0.0,0.15698443,0.0,0.0,0.0,0.0,0.84301555
sonora_256_50_2150,0.0,0.15787575,0.0,0.0,0.0,0.0,0.8421243
sonora_256_50_2151,0.0,0.078186594,0.0,0.0,0.0,0.0,0.9218134
sonora_256_50_2152,0.0,0.015679017,0.0,0.0,0.0,0.0,0.984321
sonora_256_50_2153,0.0,0.0,0.0,0.0,0.0,0.0,1.0
sonora_256_50_2154,0.0,0.11678206,0.0,0.0,0.0,0.0,0.88321793
sonora_256_50_2155,0.0,0.3076225,0.0,0.0,0.0,0.0,0.6923775
sonora_256_50_2156,0.0,0.4591667,0.0,0.0,0.0,0.0,0.5408333
sonora_256_50_2157,0.0,0.50609463,0.0,0.0,0.0,0.0,0.4939054
sonora_256_50_2158,0.0,0.36118543,0.0,0.0,0.0,0.0,0.63881457
sonora_256_50_2159,0.0,0.123828635,0.0,0.0,0.0,0.0,0.87617135
sonora_256_50_2160,0.017305715,0.00041154027,0.0,0.0,0.0,0.0,0.98228276
sonora_256_50_2161,0.017305715,0.0,0.0,0.0,0.0,0.0,0.98269427
sonora_256_50_2162,0.0,0.0,0.0,0.0,0.0,0.0,1.0
sonora_256_50_2163,0.0,0.0,0.0,0.0,0.0,0.0,1.0
sonora_256_50_2164,0.0,0.0,0.0,0.0,0.0,0.0,1.0
sonora_256_50_2165,0.0,0.0,0.0,0.0,0.0,0.0,1.0
sonora_256_50_2166,0.0,0.0,0.0,0.0,0.0,0.0,1.0
sonora_256_50_2167,0.0,0.0,0.0,0.0,0.0,0.0,1.0
sonora_256_50_2168,0.0,0.0,0.0,0.0,0.0,0.0,1.0
sonora_256_50_2169,0.0,0.0,0.0,0.0,0.0,0.0,1.0
sonora_256_50_2170,0.0,0.0,0.0,0.0,0.0,0.0,1.0
sonora_256_50_2171,0.0,0.0,0.0,0.0,0.0,0.0,1.0
sonora_256_50_2172,0.0,0.0,0.0,0.0,0.0,0.0,1.0
sonora_256_50_2173,0.0,0.0,0.0,0.0,0.0,0.0,1.0
sonora_256_50_2174,0.0,0.0,0.0,0.0,0.0,0.0,1.0
sonora_256_50_2175,0.0,0.0,0.0,0.0,0.0,0.0,1.0
sonora_256_50_2176,0.0,0.0,0.0,0.0,0.0,0.0,1.0
sonora_256_50_2177,0.0,0.0,0.0,0.0,0.0,0.0,1.0
sonora_256_50_2178,0.0,0.0,0.0,0.0,0.0,0.0,1.0
sonora_256_50_2179,0.0013317697,0.0,0.0,0.0,0.0,0.0,0.99866825
sonora_256_50_2180,0.008927033,0.0,0.0,0.0,0.0,0.0,0.99107295
sonora_256_50_2181,0.0075952634,0.0,0.0,0.0,0.0,0.0,0.99240476
sonora_256_50_2182,0.0,0.0,0.0,0.0,0.0,0.0,1.0
sonora_256_50_2183,0.0,0.0,0.0,0.14471765,0.0,0.0,0.85528237
sonora_256_50_2184,0.0,0.0,0.0,0.51884,0.0,0.0,0.48115999
sonora_256_50_2185,0.0,0.009822658,0.0,0.83416665,0.0,0.0,0.15601072
sonora_256_50_2186,0.0,0.2957935,0.0,0.6740734,0.0,0.0,0.030133078
sonora_256_50_2187,0.0,0.7815333,0.0,0.21846668,0.0,0.0,0.0
sonora_256_50_2188,0.0,0.88312894,0.0,0.0314632,0.0,0.0,0.085407846
sonora_256_50_2189,0.0,0.39205837,0.0,0.211091,0.0,0.0,0.39685062
sonora_256_50_2190,0.0,0.0044918773,0.0,0.23732595,0.0,0.0,0.75818217
sonora_256_50_2191,0.0,0.0,0.0,0.053260613,0.0,0.0,0.9467394
sonora_256_50_2192,0.0,0.0,0.0,0.0,0.0,0.0,1.0
sonora_256_50_2193,0.0,0.0,0.0,0.0,0.0,0.0,1.0
sonora_256_50_2194,0.0,0.0,0.0,0.0,0.0,0.0,1.0
sonora_256_50_2195,0.013826419,0.0023975477,0.0,0.0,0.0,0.0,0.98377603
sonora_256_50_2196,0.043790482,0.12607028,0.0,0.0,0.0,0.0,0.8301393
sonora_256_50_2197,0.05762542,0.43992978,0.0,0.0,0.0,0.0,0.5024448
sonora_256_50_2198,0.042984743,0.7529405,0.0,0.0,0.0,0.0,0.20407477
sonora_256_50_2199,0.021358406,0.9306484,0.0,0.0,0.0,0.0,0.047993183
sonora_256_50_2200,0.06918882,0.7664241,0.0,0.0,0.0,0.0,0.1643871
sonora_256_50_2201,0.0668112,0.5276518,0.0,0.0,0.0,0.0,0.405537
sonora_256_50_2202,0.0036574043,0.4548537,0.0,0.0,0.0,0.0,0.5414889
sonora_256_50_2203,0.0,0.38453308,0.0,0.008579566,0.0,0.0,0.6068874
sonora_256_50_2204,0.0,0.4484519,0.0,0.19867249,0.0,0.0,0.3528756
sonora_256_50_2205,0.0,0.58153206,0.0,0.3721408,0.0,0.0,0.046327163
sonora_256_50_2206,0.0,0.4018405,0.0,0.3910455,0.0,0.0,0.20711395
sonora_256_50_2207,0.0,0.083888374,0.0,0.23823203,0.0,0.0,0.6778796
sonora_256_50_2208,0.0,0.0,0.0,0.029234368,0.0,0.0,0.97076565
sonora_256_50_2209,0.032365743,0.11916265,0.0,0.0,0.0,0.0,0.8484716
sonora_256_50_2210,0.0,0.22993504,0.0,0.0,0.0,0.0,0.77006495
sonora_256_50_2211,0.0,0.30958703,0.0,0.0,0.0,0.0,0.690413
sonora_256_50_2212,0.0,0.16137762,0.0,0.0,0.0,0.0,0.8386224
sonora_256_50_2213,0.0,0.0020306678,0.0,0.0,0.0,0.0,0.9979693
sonora_256_50_2214,0.0,0.0,0.0,0.0,0.0,0.0,1.0
sonora_256_50_2215,0.0,0.0,0.0,0.0,0.0,0.0,1.0
sonora_256_50_2216,0.0,0.0,0.0,0.0,0.0,0.0,1.0
sonora_256_50_2217,0.0,0.078049086,0.0,0.0,0.0,0.0,0.92195094
sonora_256_50_2218,0.0,0.085128136,0.0,0.0,0.0,0.0,0.9148719
sonora_256_50_2219,0.0,0.009058086,0.0,0.0,0.0,0.0,0.99094194
sonora_256_50_2220,0.0,0.003280745,0.0,0.0,0.0,0.0,0.99671924
sonora_256_50_2221,0.0,0.001301705,0.0,0.0,0.0,0.0,0.9986983
sonora_256_50_2222,0.0,0.0,0.0,0.0,0.0,0.0,1.0
sonora_256_50_2223,0.0,0.11588687,0.0,0.0,0.0,0.0,0.88411313
sonora_256_50_2224,0.0,0.3565884,0.0,0.0,0.0,0.0,0.64341164
sonora_256_50_2225,0.0,0.6641766,0.0,0.0,0.0,0.0,0.33582342
sonora_256_50_2226,0.0,0.7120813,0.0,0.0,0.0,0.0,0.2879187
sonora_256_50_2227,0.0,0.5312309,0.0,0.0,0.0,0.0,0.4687691
sonora_256_50_2228,0.0,0.26345372,0.0,0.0,0.0,0.0,0.73654634
sonora_256_50_2229,0.0351658,0.020829055,0.0,0.0,0.0,0.0,0.94400513
sonora_256_50_2230,0.0351658,0.0,0.0,0.0,0.0,0.0,0.9648342
sonora_256_50_2231,0.0,0.0,0.0,0.0,0.0,0.0,1.0
sonora_256_50_2232,0.0,0.0,0.0,0.0,0.0,0.0,1.0
sonora_256_50_2233,0.0,0.0,0.0,0.0,0.0,0.0,1.0
sonora_256_50_2234,0.0,0.0,0.0,0.0,0.0,0.0,1.0
sonora_256_50_2235,0.0,0.0,0.0,0.0,0.0,0.0,1.0
sonora_256_50_2236,0.0,0.0,0.0,0.0,0.0,0.0,1.0
sonora_256_50_2237,0.0,0.0,0.0,0.0,0.0,0.0,1.0
sonora_256_50_2238,0.0,0.0,0.0,0.0,0.0,0.0,1.0
sonora_256_50_2239,0.0,0.0,0.0,0.0,0.0,0.0,1.0
sonora_256_50_2240,0.0,0.0,0.0,0.0,0.0,0.0,1.0
sonora_256_50_2241,0.0,0.0,0.0,0.0,0.0,0.0,1.0
sonora_256_50_2242,0.0,0.0,0.0,0.0,0.0,0.0,1.0
sonora_256_50_2243,0.0,0.0,0.0,0.0,0.0,0.0,1.0
sonora_256_50_2244,0.0,0.0,0.0,0.0,0.0,0.0,1.0
sonora_256_50_2245,0.0,0.0,0.0,0.0,0.0,0.0,1.0
sonora_256_50_2246,0.0,0.0,0.0,0.0,0.0,0.0,1.0
sonora_256_50_2247,0.0,0.0,0.0,0.0,0.0,0.0,1.0
sonora_256_50_2248,0.0,0.0,0.0,0.0,0.0,0.0,1.0
sonora_256_50_2249,0.0,0.0,0.0,0.0,0.0,0.0,1.0
sonora_256_50_2250,0.0,0.0,0.0,0.0,0.0,0.0,1.0
sonora_256_50_2251,0.011924337,0.0,0.0,0.0,0.0,0.0,0.9880757
sonora_256_50_2252,0.017457185,0.0,0.0,0.26701605,0.0,0.0,0.71552676
sonora_256_50_2253,0.0055328477,0.011135949,0.0,0.7558801,0.0,0.0,0.22745112
sonora_256_50_2254,0.0,0.14222968,0.0,0.8577703,0.0,0.0,0.0
sonora_256_50_2255,0.0,0.46147236,0.0,0.5385276,0.0,0.0,0.0
sonora_256_50_2256,0.0,0.83037865,0.0,0.16962136,0.0,0.0,0.0
sonora_256_50_2257,0.0,0.74366504,0.0,0.0006917791,0.0,0.0,0.25564316
sonora_256_50_2258,0.0,0.24414556,0.0,0.011672399,0.0,0.0,0.74418205
sonora_256_50_2259,0.0,0.0004804922,0.0,0.01098062,0.0,0.0,0.98853886
sonora_256_50_2260,0.0,0.0,0.0,0.0,0.0,0.0,1.0
sonora_256_50_2261,0.0,0.0,0.0,0.0,0.0,0.0,1.0
sonora_256_50_2262,0.0,0.0,0.0,0.0,0.0,0.0,1.0
sonora_256_50_2263,0.0,0.0,0.0,0.0,0.0,0.0,1.0
sonora_256_50_2264,0.0,0.0,0.0,0.0,0.0,0.0,1.0
sonora_256_50_2265,0.0046193316,0.0036003822,0.0,0.0,0.0,0.0,0.9917803
sonora_256_50_2266,0.03228069,0.09006014,0.0,0.0,0.0,0.0,0.87765914
sonora_256_50_2267,0.05276411,0.30192244,0.0,0.0,0.0,0.0,0.6453135
sonora_256_50_2268,0.07184817,0.6081967,0.0,0.0,0.0,0.0,0.31995517
sonora_256_50_2269,0.07399003,0.7227451,0.0,0.0,0.0,0.0,0.20326485
sonora_256_50_2270,0.027244616,0.55474627,0.0,0.0,0.0,0.0,0.4180091
sonora_256_50_2271,0.0,0.3429196,0.0,0.0,0.0,0.0,0.6570804
sonora_256_50_2272,0.0,0.11981654,0.0,0.0,0.0,0.0,0.88018346
sonora_256_50_2273,0.0,0.13410196,0.0,0.17691149,0.0,0.0,0.68898654
sonora_256_50_2274,0.0,0.3256126,0.0,0.4837687,0.0,0.0,0.1906187
sonora_256_50_2275,0.0,0.4430162,0.0,0.52780426,0.0,0.0,0.029179566
sonora_256_50_2276,0.0,0.42398518,0.0,0.31554914,0.0,0.0,0.26046568
sonora_256_50_2277,0.0,0.26687014,0.0,0.094602115,0.0,0.0,0.63852775
sonora_256_50_2278,0.08234768,0.22249955,0.0,0.0,0.0,0.0,0.69515276
sonora_256_50_2279,0.02608071,0.2695849,0.0,0.0,0.0,0.0,0.7043344
sonora_256_50_2280,0.0,0.20768769,0.0,0.0,0.0,0.0,0.7923123
sonora_256_50_2281,0.0,0.057089802,0.0,0.0,0.0,0.0,0.9429102
sonora_256_50_2282,0.0,0.0,0.0,0.0,0.0,0.0,1.0
sonora_256_50_2283,0.0,0.0,0.0,0.0,0.0,0.0,1.0
sonora_256_50_2284,0.0,0.0,0.0,0.0,0.0,0.0,1.0
sonora_256_50_2285,0.0,0.0,0.0,0.0,0.0,0.0,1.0
sonora_256_50_2286,0.0,0.016432816,0.0,0.0,0.0,0.0,0.9835672
sonora_256_50_2287,0.0,0.016442338,0.0,0.0,0.0,0.0,0.98355764
sonora_256_50_2288,0.0,9.522207e-06,0.0,0.0,0.0,0.0,0.99999046
sonora_256_50_2289,0.0,0.034539435,0.0,0.0,0.0,0.0,0.96546054
sonora_256_50_2290,0.0,0.034539435,0.0,0.0,0.0,0.0,0.96546054
sonora_256_50_2291,0.0,0.0033944782,0.0,0.0,0.0,0.0,0.9966055
sonora_256_50_2292,0.0,0.031018596,0.0,0.0,0.0,0.0,0.9689814
sonora_256_50_2293,0.0,0.1686007,0.0,0.0,0.0,0.0,0.8313993
sonora_256_50_2294,0.0,0.5065107,0.0,0.0,0.0,0.0,0.49348933
sonora_256_50_2295,0.0,0.51331735,0.0,0.0,0.0,0.0,0.4866826
sonora_256_50_2296,0.0,0.41541973,0.0,0.0,0.0,0.0,0.58458024
sonora_256_50_2297,0.0,0.38244852,0.0,0.0,0.0,0.0,0.61755145
sonora_256_50_2298,0.03663392,0.13835214,0.0,0.0,0.0,0.0,0.82501394
sonora_256_50_2299,0.03663392,0.023540093,0.0,0.0,0.0,0.0,0.93982595
sonora_256_50_2300,0.0,0.0,0.0,0.0,0.0,0.0,1.0
sonora_256_50_2301,0.0,0.0,0.0,0.0,0.0,0.0,1.0
sonora_256_50_2302,0.0,0.0,0.0,0.0,0.0,0.0,1.0
sonora_256_50_2303,0.0,0.0,0.0,0.0,0.0,0.0,1.0
sonora_256_50_2304,0.0,0.0,0.0,0.0,0.0,0.0,1.0
sonora_256_50_2305,0.0,0.0,0.0,0.0,0.0,0.0,1.0
sonora_256_50_2306,0.0,0.0,0.0,0.0,0.0,0.0,1.0
sonora_256_50_2307,0.0,0.0,0.0,0.0,0.0,0.0,1.0
sonora_256_50_2308,0.0,0.0,0.0,0.0,0.0,0.0,1.0
sonora_256_50_2309,0.0,0.0,0.0,0.0,0.0,0.0,1.0
sonora_256_50_2310,0.0,0.0,0.0,0.0,0.0,0.0,1.0
sonora_256_50_2311,0.0,0.0,0.0,0.0,0.0,0.0,1.0
sonora_256_50_2312,0.0,0.0,0.0,0.0,0.0,0.0,1.0
sonora_256_50_2313,0.0,0.0,0.0,0.0,0.0,0.0,1.0
sonora_256_50_2314,0.0,0.0,0.0,0.0,0.0,0.0,1.0
sonora_256_50_2315,0.0,0.0,0.0,0.0,0.0,0.0,1.0
sonora_256_50_2316,0.0,0.0,0.0,0.0,0.0,0.0,1.0
sonora_256_50_2317,0.0,0.0,0.0,0.0,0.0,0.0,1.0
sonora_256_50_2318,0.0,0.0,0.0,0.0,0.0,0.0,1.0
sonora_256_50_2319,0.0,0.0,0.0,0.0,0.0,0.0,1.0
sonora_256_50_2320,0.011924337,0.014439053,0.0,0.07700355,0.0,0.0,0.896633
sonora_256_50_2321,0.05490734,0.050731108,0.0,0.39776713,0.0,0.0,0.4965944
sonora_256_50_2322,0.099069186,0.18942352,0.0,0.611546,0.0,0.0,0.09996135
sonora_256_50_2323,0.056106016,0.5342053,0.0,0.40968865,0.0,0.0,0.0
sonora_256_50_2324,1.9837538e-05,0.8305539,0.0,0.16942626,0.0,0.0,0.0
sonora_256_50_2325,0.0,0.8785951,0.0,0.050519984,0.0,0.0,0.070884906
sonora_256_50_2326,0.0,0.5106464,0.0,0.0,0.0,0.0,0.4893536
sonora_256_50_2327,0.0,0.08153131,0.0,0.0,0.0,0.0,0.9184687
sonora_256_50_2328,0.0,0.0,0.0,0.0,0.0,0.0,1.0
sonora_256_50_2329,0.0,0.0,0.0,0.0,0.0,0.0,1.0
sonora_256_50_2330,0.0,0.0,0.0,0.0,0.0,0.0,1.0
sonora_256_50_2331,0.0,0.0,0.0,0.0,0.0,0.0,1.0
sonora_256_50_2332,0.0,0.0,0.0,0.0,0.0,0.0,1.0
sonora_256_50_2333,0.0,0.0,0.0,0.0,0.0,0.0,1.0
sonora_256_50_2334,0.0,0.0,0.0,0.0,0.0,0.0,1.0
sonora_256_50_2335,0.0,0.0,0.0,0.0,0.0,0.0,1.0
sonora_256_50_2336,0.012364706,0.028779225,0.0,0.0,0.0,0.0,0.9588561
sonora_256_50_2337,0.076537475,0.17864342,0.0,0.0,0.0,0.0,0.7448191
sonora_256_50_2338,0.06417277,0.515775,0.0,0.0,0.0,0.0,0.4200522
sonora_256_50_2339,0.0,0.66623557,0.0,0.0,0.0,0.0,0.33376446
sonora_256_50_2340,0.0,0.5558146,0.0,0.0,0.0,0.0,0.44418535
sonora_256_50_2341,0.0,0.26356092,0.0,0.0,0.0,0.0,0.73643905
sonora_256_50_2342,0.0,0.0080710035,0.0,0.20120925,0.0,0.0,0.79071975
sonora_256_50_2343,0.0,0.018323136,0.0,0.6828861,0.0,0.0,0.29879075
sonora_256_50_2344,0.0,0.40539867,0.0,0.59460133,0.0,0.0,0.0
sonora_256_50_2345,0.0,0.5742248,0.0,0.4152547,0.0,0.0,0.010520472
sonora_256_50_2346,0.0,0.4253719,0.0,0.406866,0.0,0.0,0.1677621
sonora_256_50_2347,0.06883294,0.2275064,0.0,0.0,0.0,0.0,0.70366067
sonora_256_50_2348,0.044084217,0.12047118,0.0,0.0,0.0,0.0,0.83544457
sonora_256_50_2349,0.0,0.0034658392,0.0,0.0,0.0,0.0,0.99653417
sonora_256_50_2350,0.0,0.0,0.0,0.0,0.0,0.0,1.0
sonora_256_50_2351,0.0,0.0,0.0,0.0,0.0,0.0,1.0
sonora_256_50_2352,0.0,0.0,0.0,0.0,0.0,0.0,1.0
sonora_256_50_2353,0.0,0.0,0.0,0.0,0.0,0.0,1.0
sonora_256_50_2354,0.0,0.0,0.0,0.0,0.0,0.0,1.0
sonora_256_50_2355,0.0,0.0,0.0,0.0,0.0,0.0,1.0
sonora_256_50_2356,0.0,0.0,0.0,0.0,0.0,0.0,1.0
sonora_256_50_2357,0.0,0.035815313,0.0,0.0,0.0,0.0,0.9641847
sonora_256_50_2358,0.0,0.09467276,0.0,0.0,0.0,0.0,0.90532726
sonora_256_50_2359,0.0,0.058857452,0.0,0.0,0.0,0.0,0.94114256
sonora_256_50_2360,0.0,0.069025956,0.0,0.0,0.0,0.0,0.93097407
sonora_256_50_2361,0.0,0.2821272,0.0,0.0,0.0,0.0,0.7178728
sonora_256_50_2362,0.0,0.4573919,0.0,0.0,0.0,0.0,0.54260814
sonora_256_50_2363,0.0,0.53563756,0.0,0.0,0.0,0.0,0.46436244
sonora_256_50_2364,0.0,0.3560249,0.0,0.0,0.0,0.0,0.6439751
sonora_256_50_2365,0.01508459,0.27000496,0.0,0.0,0.0,0.0,0.71491045
sonora_256_50_2366,0.03823937,0.33602554,0.0,0.0,0.0,0.0,0.62573504
sonora_256_50_2367,0.07564553,0.20603915,0.0,0.0,0.0,0.0,0.7183153
sonora_256_50_2368,0.052490745,0.07534064,0.0,0.0,0.0,0.0,0.8721686
sonora_256_50_2369,0.0,0.0,0.0,0.0,0.0,0.0,1.0
sonora_256_50_2370,0.0,0.0,0.0,0.0,0.0,0.0,1.0
sonora_256_50_2371,0.0,0.0,0.0,0.0,0.0,0.0,1.0
sonora_256_50_2372,0.0,0.0,0.0,0.0,0.0,0.0,1.0
sonora_256_50_2373,0.0,0.0,0.0,0.0,0.0,0.0,1.0
sonora_256_50_2374,0.0,0.0,0.0,0.0,0.0,0.0,1.0
sonora_256_50_2375,0.0,0.0,0.0,0.0,0.0,0.0,1.0
sonora_256_50_2376,0.0,0.0,0.0,0.0,0.0,0.0,1.0
sonora_256_50_2377,0.0,0.0,0.0,0.0,0.0,0.0,1.0
sonora_256_50_2378,0.0,0.0,0.0,0.0,0.0,0.0,1.0
sonora_256_50_2379,0.0,0.0,0.0,0.0,0.0,0.0,1.0
sonora_256_50_2380,0.020218257,0.0,0.0,0.0,0.0,0.0,0.97978175
sonora_256_50_2381,0.020218257,0.0,0.0,0.0,0.0,0.0,0.97978175
sonora_256_50_2382,0.0,0.0,0.0,0.0,0.0,0.0,1.0
sonora_256_50_2383,0.0,0.0,0.0,0.0,0.0,0.0,1.0
sonora_256_50_2384,0.0,0.0,0.0,0.0,0.0,0.0,1.0
sonora_256_50_2385,0.0,0.0,0.0,0.0,0.0,0.0,1.0
sonora_256_50_2386,0.0,0.0,0.0,0.0,0.0,0.0,1.0
sonora_256_50_2387,0.0,0.0,0.0,0.0,0.0,0.0,1.0
sonora_256_50_2388,0.0,0.0,0.0,0.07481923,0.0,0.0,0.9251808
sonora_256_50_2389,0.0,0.23139323,0.0,0.17789707,0.0,0.0,0.5907097
sonora_256_50_2390,0.037450157,0.5176853,0.0,0.27922723,0.0,0.0,0.16563733
sonora_256_50_2391,0.108771674,0.6630522,0.0,0.22806768,0.0,0.0,0.000108415574
sonora_256_50_2392,0.11000477,0.83807695,0.0,0.05191831,0.0,0.0,0.0
sonora_256_50_2393,0.053604707,0.9463953,0.0,0.0,0.0,0.0,0.0
sonora_256_50_2394,0.014921456,0.79123193,0.0,0.0,0.0,0.0,0.1938466
sonora_256_50_2395,0.0,0.30792004,0.0,0.0,0.0,0.0,0.69207996
sonora_256_50_2396,0.0,0.0017666265,0.0,0.0,0.0,0.0,0.9982334
sonora_256_50_2397,0.0,0.0,0.0,0.0,0.0,0.0,1.0
sonora_256_50_2398,0.0,0.0,0.0,0.0,0.0,0.0,1.0
sonora_256_50_2399,0.0,0.0,0.0,0.0,0.0,0.0,1.0
sonora_256_50_2400,0.0,0.0,0.0,0.0,0.0,0.0,1.0
sonora_256_50_2401,0.0,0.0,0.0,0.0,0.0,0.0,1.0
sonora_256_50_2402,0.0,0.0,0.0,0.0,0.0,0.0,1.0
sonora_256_50_2403,0.0,0.0,0.0,0.0,0.0,0.0,1.0
sonora_256_50_2404,0.0,0.0,0.0,0.0,0.0,0.0,1.0
sonora_256_50_2405,0.031330183,0.0,0.0,0.0,0.0,0.0,0.96866983
sonora_256_50_2406,0.054801267,0.0010951593,0.0,0.0,0.0,0.0,0.9441036
sonora_256_50_2407,0.023471083,0.12233329,0.0,0.0,0.0,0.0,0.85419565
sonora_256_50_2408,0.0,0.28638822,0.0,0.0,0.0,0.0,0.7136118
sonora_256_50_2409,0.0,0.30350596,0.0,0.0,0.0,0.0,0.69649404
sonora_256_50_2410,0.0,0.14539893,0.0,0.0,0.0,0.0,0.8546011
sonora_256_50_2411,0.0,0.007043076,0.0,0.11522615,0.0,0.0,0.8777308
sonora_256_50_2412,0.0,0.065818965,0.0,0.4934392,0.0,0.0,0.44074184
sonora_256_50_2413,0.0,0.5100025,0.0,0.43402952,0.0,0.0,0.055967994
sonora_256_50_2414,0.0,0.457221,0.0,0.542779,0.0,0.0,0.0
sonora_256_50_2415,0.0,0.15850174,0.0,0.84149826,0.0,0.0,0.0
sonora_256_50_2416,0.018003507,0.13144042,0.0,0.0,0.0,0.0,0.8505561
sonora_256_50_2417,0.018003507,0.06520935,0.0,0.0,0.0,0.0,0.91678715
sonora_256_50_2418,0.0,0.0006009265,0.0,0.0,0.0,0.0,0.99939907
sonora_256_50_2419,0.0,0.004318645,0.0,0.0,0.0,0.0,0.99568135
sonora_256_50_2420,0.0,0.06542089,0.0,0.0,0.0,0.0,0.93457913
sonora_256_50_2421,0.0,0.0742877,0.0,0.0,0.0,0.0,0.9257123
sonora_256_50_2422,0.0,0.013185451,0.0,0.0,0.0,0.0,0.98681456
sonora_256_50_2423,0.0,0.0,0.0,0.0,0.0,0.0,1.0
sonora_256_50_2424,0.0,0.0,0.0,0.0,0.0,0.0,1.0
sonora_256_50_2425,0.0,0.0,0.0,0.0,0.0,0.0,1.0
sonora_256_50_2426,0.0,0.04122332,0.0,0.0,0.0,0.0,0.95877665
sonora_256_50_2427,0.007027916,0.1456663,0.0,0.0,0.0,0.0,0.8473058
sonora_256_50_2428,0.007027916,0.21820644,0.0,0.0,0.0,0.0,0.7747657
sonora_256_50_2429,0.0,0.42312542,0.0,0.0,0.0,0.0,0.5768746
sonora_256_50_2430,0.0,0.7642982,0.0,0.0,0.0,0.0,0.23570181
sonora_256_50_2431,0.0,0.8442323,0.0,0.0,0.0,0.0,0.15576766
sonora_256_50_2432,0.0,0.5716864,0.0,0.0,0.0,0.0,0.42831358
sonora_256_50_2433,0.0,0.23384354,0.0,0.0,0.0,0.0,0.7661565
sonora_256_50_2434,0.03987445,0.110415116,0.0,0.0,0.0,0.0,0.84971046
sonora_256_50_2435,0.06302923,0.09526586,0.0,0.0,0.0,0.0,0.8417049
sonora_256_50_2436,0.056871697,0.08810452,0.0,0.0,0.0,0.0,0.85502374
sonora_256_50_2437,0.033716917,0.051800553,0.0,0.0,0.0,0.0,0.91448253
sonora_256_50_2438,0.0,0.0,0.0,0.0,0.0,0.0,1.0
sonora_256_50_2439,0.0,0.0,0.0,0.0,0.0,0.0,1.0
sonora_256_50_2440,0.0,0.0,0.0,0.0,0.0,0.0,1.0
sonora_256_50_2441,0.0,0.0,0.0,0.0,0.0,0.0,1.0
sonora_256_50_2442,0.0,0.0,0.0,0.0,0.0,0.0,1.0
sonora_256_50_2443,0.0,0.0,0.0,0.0,0.0,0.0,1.0
sonora_256_50_2444,0.0,0.0,0.0,0.0,0.0,0.0,1.0
sonora_256_50_2445,0.0,0.0,0.0,0.0,0.0,0.0,1.0
sonora_256_50_2446,0.0,0.0,0.0,0.0,0.0,0.0,1.0
sonora_256_50_2447,0.0,0.0,0.0,0.0,0.0,0.0,1.0
sonora_256_50_2448,0.010253623,0.0,0.0,0.0,0.0,0.0,0.9897464
sonora_256_50_2449,0.04840032,0.0,0.0,0.0,0.0,0.0,0.95159966
sonora_256_50_2450,0.038146697,0.0,0.0,0.0,0.0,0.0,0.9618533
sonora_256_50_2451,0.0,0.0,0.0,0.0,0.0,0.0,1.0
sonora_256_50_2452,0.0,0.0,0.0,0.0,0.0,0.0,1.0
sonora_256_50_2453,0.0,0.0,0.0,0.0,0.0,0.0,1.0
sonora_256_50_2454,0.0,0.0,0.0,0.0,0.0,0.0,1.0
sonora_256_50_2455,0.0,0.0,0.0,0.0,0.0,0.0,1.0
sonora_256_50_2456,0.0,0.002140719,0.0,0.0,0.0,0.0,0.9978593
sonora_256_50_2457,0.0,0.17043377,0.0,0.10035923,0.0,0.0,0.729207
sonora_256_50_2458,0.0,0.6352444,0.0,0.12643632,0.0,0.0,0.23831923
sonora_256_50_2459,0.0,0.9669514,0.0,0.026077084,0.0,0.0,0.0069715194
sonora_256_50_2460,0.015235336,0.98476464,0.0,0.0,0.0,0.0,0.0
sonora_256_50_2461,0.053898748,0.9350807,0.0,0.011020532,0.0,0.0,0.0
sonora_256_50_2462,0.08616675,0.7534336,0.0,0.059329152,0.0,0.0,0.10107053
sonora_256_50_2463,0.047503334,0.47196954,0.0,0.04830862,0.0,0.0,0.43221852
sonora_256_50_2464,0.025204888,0.16885202,0.0,0.0,0.0,0.0,0.8059431
sonora_256_50_2465,0.025204888,0.0028481162,0.0,0.0,0.0,0.0,0.971947
sonora_256_50_2466,0.0,0.0028481162,0.0,0.0,0.0,0.0,0.9971519
sonora_256_50_2467,0.0,0.0,0.0,0.0,0.0,0.0,1.0
sonora_256_50_2468,0.0,0.0,0.0,0.0,0.0,0.0,1.0
sonora_256_50_2469,0.0,0.0,0.0,0.0,0.0,0.0,1.0
sonora_256_50_2470,0.0,0.0,0.0,0.0,0.0,0.0,1.0
sonora_256_50_2471,0.0,0.0,0.0,0.0,0.0,0.0,1.0
sonora_256_50_2472,0.0,0.0,0.0,0.0,0.0,0.0,1.0
sonora_256_50_2473,0.008549989,0.0,0.0,0.0,0.0,0.0,0.99145
sonora_256_50_2474,0.05171516,0.0,0.0,0.0,0.0,0.0,0.94828486
sonora_256_50_2475,0.04317388,0.0,0.0,0.0,0.0,0.0,0.9568261
sonora_256_50_2476,8.7075605e-06,0.0,0.0,0.0,0.0,0.0,0.9999913
sonora_256_50_2477,0.0,0.037476555,0.0,0.0,0.0,0.0,0.96252346
sonora_256_50_2478,0.005551427,0.038526878,0.0,0.0,0.0,0.0,0.9559217
sonora_256_50_2479,0.029262662,0.004850065,0.0,0.0,0.0,0.0,0.96588725
sonora_256_50_2480,0.026628515,0.009811474,0.0,0.03043546,0.0,0.0,0.93312454
sonora_256_50_2481,0.0029172811,0.19084781,0.0,0.19481152,0.0,0.0,0.6114234
sonora_256_50_2482,0.0,0.4406971,0.0,0.28524014,0.0,0.0,0.27406272
sonora_256_50_2483,0.0,0.25586104,0.0,0.6208641,0.0,0.0,0.123274855
sonora_256_50_2484,0.0,0.04085076,0.0,0.95914924,0.0,0.0,0.0
sonora_256_50_2485,0.0,0.13734569,0.0,0.0,0.0,0.0,0.8626543
sonora_256_50_2486,0.0,0.056048058,0.0,0.0,0.0,0.0,0.94395196
sonora_256_50_2487,0.0,0.02148936,0.0,0.0,0.0,0.0,0.9785106
sonora_256_50_2488,0.006334038,0.049416386,0.0,0.0,0.0,0.0,0.9442496
sonora_256_50_2489,0.006334038,0.10615644,0.0,0.0,0.0,0.0,0.8875095
sonora_256_50_2490,0.0,0.08810585,0.0,0.0,0.0,0.0,0.91189414
sonora_256_50_2491,0.0,0.100480534,0.0,0.0,0.0,0.0,0.89951944
sonora_256_50_2492,0.0,0.18115859,0.0,0.0,0.0,0.0,0.8188414
sonora_256_50_2493,0.0,0.09670914,0.0,0.0,0.0,0.0,0.90329087
sonora_256_50_2494,0.0,0.0028456422,0.0,0.0,0.0,0.0,0.99715436
sonora_256_50_2495,0.0,0.047638215,0.0,0.0,0.0,0.0,0.95236176
sonora_256_50_2496,0.025009455,0.223925,0.0,0.0,0.0,0.0,0.75106555
sonora_256_50_2497,0.025009455,0.42826232,0.0,0.0,0.0,0.0,0.54672825
sonora_256_50_2498,0.0,0.6827805,0.0,0.0,0.0,0.0,0.3172195
sonora_256_50_2499,0.0,0.91987884,0.0,0.0,0.0,0.0,0.08012113
sonora_256_50_2500,0.0,0.9490914,0.0,0.0,0.0,0.0,0.050908606
sonora_256_50_2501,0.0,0.6756587,0.0,0.0,0.0,0.0,0.3243413
sonora_256_50_2502,0.0,0.3199487,0.0,0.0,0.0,0.0,0.68005127
sonora_256_50_2503,0.057347868,0.19464573,0.0,0.0,0.0,0.0,0.74800634
sonora_256_50_2504,0.057347868,0.16891582,0.0,0.0,0.0,0.0,0.7737363
sonora_256_50_2505,0.0,0.1545947,0.0,0.0,0.0,0.0,0.8454053
sonora_256_50_2506,0.0,0.08928396,0.0,0.0,0.0,0.0,0.91071606
sonora_256_50_2507,0.0,0.0132668,0.0,0.0,0.0,0.0,0.9867332
sonora_256_50_2508,0.0,0.0,0.0,0.0,0.0,0.0,1.0
sonora_256_50_2509,0.0,0.0,0.0,0.0,0.0,0.0,1.0
sonora_256_50_2510,0.0,0.0,0.0,0.0,0.0,0.0,1.0
sonora_256_50_2511,0.0,0.0,0.0,0.0,0.0,0.0,1.0
sonora_256_50_2512,0.0,0.0,0.0,0.0,0.0,0.0,1.0
sonora_256_50_2513,0.0,0.0,0.0,0.0,0.0,0.0,1.0
sonora_256_50_2514,0.0,0.0,0.0,0.0,0.0,0.0,1.0
sonora_256_50_2515,0.0,0.0,0.0,0.0,0.0,0.0,1.0
sonora_256_50_2516,0.0,0.0,0.0,0.0,0.0,0.0,1.0
sonora_256_50_2517,0.014818411,0.0,0.0,0.0,0.0,0.0,0.98518157
sonora_256_50_2518,0.03274685,0.0,0.0,0.0,0.0,0.0,0.96725315
sonora_256_50_2519,0.017928438,0.0,0.0,0.0,0.0,0.0,0.9820716
sonora_256_50_2520,0.0,0.0,0.0,0.0,0.0,0.0,1.0
sonora_256_50_2521,0.0,0.0,0.0,0.0,0.0,0.0,1.0
sonora_256_50_2522,0.0,0.080579415,0.0,0.0,0.0,0.0,0.9194206
sonora_256_50_2523,0.0,0.19659296,0.0,0.0,0.0,0.0,0.803407
sonora_256_50_2524,0.0,0.22599663,0.0,0.0,0.0,0.0,0.7740034
sonora_256_50_2525,0.0,0.29675138,0.0,0.0,0.0,0.0,0.7032486
sonora_256_50_2526,0.0,0.60506135,0.0,0.025540007,0.0,0.0,0.36939865
sonora_256_50_2527,0.0,0.91829026,0.0,0.0255428,0.0,0.0,0.056166936
sonora_256_50_2528,0.0,0.9999972,0.0,2.7918536e-06,0.0,0.0,0.0
sonora_256_50_2529,0.0,0.9865764,0.0,0.0,0.0,0.0,0.013423648
sonora_256_50_2530,0.0,0.9082629,0.0,0.011020532,0.0,0.0,0.08071655
sonora_256_50_2531,0.08020762,0.53868705,0.0,0.059352938,0.0,0.0,0.32175237
sonora_256_50_2532,0.08020762,0.23085354,0.0,0.048332404,0.0,0.0,0.6406064
sonora_256_50_2533,0.07958299,0.16928624,0.0,0.0,0.0,0.0,0.75113076
sonora_256_50_2534,0.07958299,0.10480754,0.0,0.0,0.0,0.0,0.81560946
sonora_256_50_2535,0.008216656,0.07778454,0.0,0.0,0.0,0.0,0.9139988
sonora_256_50_2536,0.008216656,0.03990682,0.0,0.0,0.0,0.0,0.9518765
sonora_256_50_2537,0.0,0.011496626,0.0,0.0,0.0,0.0,0.9885034
sonora_256_50_2538,0.0,0.0,0.0,0.0,0.0,0.0,1.0
sonora_256_50_2539,0.0,0.0,0.0,0.0,0.0,0.0,1.0
sonora_256_50_2540,0.0,0.0,0.0,0.0,0.0,0.0,1.0
sonora_256_50_2541,0.0,0.0,0.0,0.0,0.0,0.0,1.0
sonora_256_50_2542,0.03548991,0.0,0.0,0.0,0.0,0.0,0.9645101
sonora_256_50_2543,0.049910236,0.0,0.0,0.0,0.0,0.0,0.95008975
sonora_256_50_2544,0.014420327,0.0,0.0,0.0,0.0,0.0,0.98557967
sonora_256_50_2545,0.0,0.0,0.0,0.0,0.0,0.0,1.0
sonora_256_50_2546,0.0,0.0,0.0,0.0,0.0,0.0,1.0
sonora_256_50_2547,0.005551427,0.0,0.0,0.0,0.0,0.0,0.9944486
sonora_256_50_2548,0.029636897,0.1293705,0.0,0.0,0.0,0.0,0.8409926
sonora_256_50_2549,0.04533856,0.23817213,0.0,0.010710088,0.0,0.0,0.7057792
sonora_256_50_2550,0.043280486,0.4491161,0.0,0.033128712,0.0,0.0,0.47447473
sonora_256_50_2551,0.05777497,0.41460204,0.0,0.11673401,0.0,0.0,0.41088897
sonora_256_50_2552,0.03574757,0.07428759,0.0,0.40286484,0.0,0.0,0.4871
sonora_256_50_2553,0.0,0.22310331,0.0,0.5557018,0.0,0.0,0.22119492
sonora_256_50_2554,0.0,0.12862013,0.0,0.0,0.0,0.0,0.87137985
sonora_256_50_2555,0.0,0.104656495,0.0,0.0,0.0,0.0,0.8953435
sonora_256_50_2556,0.0,0.07035796,0.0,0.0,0.0,0.0,0.929642
sonora_256_50_2557,0.023482228,0.11874874,0.0,0.0,0.0,0.0,0.857769
sonora_256_50_2558,0.023482228,0.15646805,0.0,0.0,0.0,0.0,0.8200497
sonora_256_50_2559,0.0,0.078846544,0.0,0.0,0.0,0.0,0.9211535
sonora_256_50_2560,0.0,0.087295085,0.0,0.0,0.0,0.0,0.91270494
sonora_256_50_2561,0.0,0.19043864,0.0,0.0,0.0,0.0,0.8095614
sonora_256_50_2562,0.0,0.106060684,0.0,0.0,0.0,0.0,0.8939393
sonora_256_50_2563,0.0,0.002917127,0.0,0.0,0.0,0.0,0.9970829
sonora_256_50_2564,0.0,0.11061002,0.0,0.0,0.0,0.0,0.88939
sonora_256_50_2565,0.03710278,0.34746447,0.0,0.0,0.0,0.0,0.61543274
sonora_256_50_2566,0.03710278,0.50250274,0.0,0.0,0.0,0.0,0.4603945
sonora_256_50_2567,0.0,0.5852322,0.0,0.0,0.0,0.0,0.41476783
sonora_256_50_2568,0.0,0.7919418,0.0,0.0,0.0,0.0,0.20805818
sonora_256_50_2569,0.0,0.90596265,0.0,0.0,0.0,0.0,0.09403734
sonora_256_50_2570,0.0,0.59526277,0.0,0.0,0.0,0.0,0.40473723
sonora_256_50_2571,0.0,0.26568702,0.0,0.0,0.0,0.0,0.734313
sonora_256_50_2572,0.06048461,0.19436729,0.0,0.0,0.0,0.0,0.7451481
sonora_256_50_2573,0.06048461,0.18319772,0.0,0.0,0.0,0.0,0.7563176
sonora_256_50_2574,0.0,0.16934243,0.0,0.0,0.0,0.0,0.8306576
sonora_256_50_2575,0.0,0.16387288,0.0,0.0,0.0,0.0,0.8361271
sonora_256_50_2576,0.0,0.10446301,0.0,0.0,0.0,0.0,0.895537
sonora_256_50_2577,0.0,0.017073113,0.0,0.0,0.0,0.0,0.9829269
sonora_256_50_2578,0.0,0.0,0.0,0.0,0.0,0.0,1.0
sonora_256_50_2579,0.0,0.0,0.0,0.0,0.0,0.0,1.0
sonora_256_50_2580,0.0,0.0,0.0,0.0,0.0,0.0,1.0
sonora_256_50_2581,0.0,0.0,0.0,0.0,0.0,0.0,1.0
sonora_256_50_2582,0.0,0.0,0.0,0.0,0.0,0.0,1.0
sonora_256_50_2583,0.0,0.0,0.0,0.0,0.0,0.0,1.0
sonora_256_50_2584,0.0,0.0,0.0,0.0,0.0,0.0,1.0
sonora_256_50_2585,0.0,0.0,0.0,0.0,0.0,0.0,1.0
sonora_256_50_2586,0.0045647873,0.0,0.0,0.0,0.0,0.0,0.99543524
sonora_256_50_2587,0.0045647873,0.0,0.0,0.0,0.0,0.0,0.99543524
sonora_256_50_2588,0.0,0.0,0.0,0.0,0.0,0.0,1.0
sonora_256_50_2589,0.0,0.0,0.0,0.0,0.0,0.0,1.0
sonora_256_50_2590,0.0,0.09309474,0.0,0.0,0.0,0.0,0.9069053
sonora_256_50_2591,0.0,0.42148948,0.0,0.0,0.0,0.0,0.5785105
sonora_256_50_2592,0.0,0.6944083,0.0,0.0,0.0,0.0,0.30559173
sonora_256_50_2593,0.019900382,0.70609623,0.0,0.0,0.0,0.0,0.27400336
sonora_256_50_2594,0.07390715,0.7207035,0.0,0.0,0.0,0.0,0.20538934
sonora_256_50_2595,0.054006774,0.8805244,0.0,0.0,0.0,0.0,0.06546883
sonora_256_50_2596,0.0,0.97538936,0.0,0.0,0.0,0.0,0.024610626
sonora_256_50_2597,0.0,0.9040888,0.0,0.0,0.0,0.0,0.0959112
sonora_256_50_2598,0.0,0.7326745,0.0,0.0,0.0,0.0,0.26732555
sonora_256_50_2599,0.02112397,0.5321994,0.0,0.0,0.0,0.0,0.4466767
sonora_256_50_2600,0.07944349,0.30122423,0.0,2.3786426e-05,0.0,0.0,0.6193085
sonora_256_50_2601,0.089074954,0.17800331,0.0,2.3786426e-05,0.0,0.0,0.73289794
sonora_256_50_2602,0.10478481,0.17184779,0.0,0.0,0.0,0.0,0.7233674
sonora_256_50_2603,0.09014007,0.13678634,0.0,0.0,0.0,0.0,0.7730736
sonora_256_50_2604,0.032801334,0.12599193,0.0,0.0,0.0,0.0,0.8412067
sonora_256_50_2605,0.01669065,0.08264102,0.0,0.0,0.0,0.0,0.9006683
sonora_256_50_2606,0.0,0.026494635,0.0,0.0,0.0,0.0,0.9735054
sonora_256_50_2607,0.0,0.0,0.0,0.0,0.0,0.0,1.0
sonora_256_50_2608,0.0,0.0,0.0,0.0,0.0,0.0,1.0
sonora_256_50_2609,0.0,0.0,0.0,0.0,0.0,0.0,1.0
sonora_256_50_2610,0.0052585276,0.0,0.0,0.0,0.0,0.0,0.9947415
sonora_256_50_2611,0.04214204,0.0,0.0,0.0,0.0,0.0,0.95785797
sonora_256_50_2612,0.036883514,0.0,0.0,0.0,0.0,0.0,0.96311647
sonora_256_50_2613,0.0,0.0,0.0,0.0,0.0,0.0,1.0
sonora_256_50_2614,0.0,0.0,0.0,0.0,0.0,0.0,1.0
sonora_256_50_2615,0.0,0.0,0.0,0.0,0.0,0.0,1.0
sonora_256_50_2616,0.0,0.0,0.0,0.0,0.0,0.0,1.0
sonora_256_50_2617,0.0003742348,0.12974803,0.0,0.0,0.0,0.0,0.86987776
sonora_256_50_2618,0.018710043,0.31512985,0.0,0.0,0.0,0.0,0.66616005
sonora_256_50_2619,0.040363207,0.6072426,0.0,0.0,0.0,0.0,0.35239425
sonora_256_50_2620,0.059544843,0.47189885,0.0,0.00035826798,0.0,0.0,0.46819806
sonora_256_50_2621,0.037517447,0.056841448,0.0,0.058907725,0.0,0.0,0.8467334
sonora_256_50_2622,0.0,0.29472667,0.012518321,0.09655253,0.0,0.0,0.5962025
sonora_256_50_2623,0.0,0.12582448,0.0,0.0,0.0,0.0,0.8741755
sonora_256_50_2624,0.0,0.20450139,0.0,0.0,0.0,0.0,0.7954986
sonora_256_50_2625,0.0,0.2543694,0.0,0.0,0.0,0.0,0.74563056
sonora_256_50_2626,0.019782687,0.18765996,0.0,0.0,0.0,0.0,0.79255736
sonora_256_50_2627,0.021466488,0.1157325,0.0,0.0,0.0,0.0,0.862801
sonora_256_50_2628,0.0016838015,0.0650284,0.0,0.0,0.0,0.0,0.9332878
sonora_256_50_2629,0.0,0.0,0.0,0.0,0.0,0.0,1.0
sonora_256_50_2630,0.0,0.009280062,0.0,0.0,0.0,0.0,0.9907199
sonora_256_50_2631,0.0,0.009351547,0.0,0.0,0.0,0.0,0.99064845
sonora_256_50_2632,0.0,0.006743052,0.0,0.0,0.0,0.0,0.9932569
sonora_256_50_2633,0.0,0.1636726,0.0,0.0,0.0,0.0,0.83632743
sonora_256_50_2634,0.03929978,0.40614492,0.0,0.0,0.0,0.0,0.5545553
sonora_256_50_2635,0.03929978,0.4459169,0.0,0.0,0.0,0.0,0.5147833
sonora_256_50_2636,0.0,0.4047233,0.0,0.0,0.0,0.0,0.5952767
sonora_256_50_2637,0.0,0.50267816,0.0,0.0,0.0,0.0,0.4973218
sonora_256_50_2638,0.0,0.4859491,0.0,0.0,0.0,0.0,0.5140509
sonora_256_50_2639,0.0,0.19122122,0.0,0.0,0.0,0.0,0.80877876
sonora_256_50_2640,0.0,0.0,0.0,0.0,0.0,0.0,1.0
sonora_256_50_2641,0.054423727,0.0,0.0,0.0,0.0,0.0,0.94557625
sonora_256_50_2642,0.054423727,0.014281898,0.0,0.0,0.0,0.0,0.9312944
sonora_256_50_2643,0.0,0.0147477295,0.0,0.0,0.0,0.0,0.98525226
sonora_256_50_2644,0.0,0.07811555,0.0,0.0,0.0,0.0,0.9218845
sonora_256_50_2645,0.0,0.13140288,0.0,0.0,0.0,0.0,0.8685971
sonora_256_50_2646,0.0,0.09543571,0.0,0.0,0.0,0.0,0.90456426
sonora_256_50_2647,0.0,0.044952184,0.0,0.0,0.0,0.0,0.95504785
sonora_256_50_2648,0.0,0.0032696363,0.0,0.0,0.0,0.0,0.9967304
sonora_256_50_2649,0.0,0.0,0.0,0.0,0.0,0.0,1.0
sonora_256_50_2650,0.0,0.0,0.0,0.0,0.0,0.0,1.0
sonora_256_50_2651,0.0,0.0,0.0,0.0,0.0,0.0,1.0
sonora_256_50_2652,0.0,0.0,0.0,0.0,0.0,0.0,1.0
sonora_256_50_2653,0.0,0.0,0.0,0.0,0.0,0.0,1.0
sonora_256_50_2654,0.0,0.0,0.0,0.0,0.0,0.0,1.0
sonora_256_50_2655,0.0,0.0,0.0,0.0,0.0,0.0,1.0
sonora_256_50_2656,0.0,0.0,0.0,0.0,0.0,0.0,1.0
sonora_256_50_2657,0.0,0.0,0.0,0.0,0.0,0.0,1.0
sonora_256_50_2658,0.0,0.0,0.0,0.0,0.0,0.0,1.0
sonora_256_50_2659,0.0,0.16944663,0.0,0.0,0.0,0.0,0.83055335
sonora_256_50_2660,0.0,0.66726196,0.0,0.0,0.0,0.0,0.33273804
sonora_256_50_2661,0.0,0.9978153,0.0,0.0,0.0,0.0,0.0021846816
sonora_256_50_2662,0.02245861,0.9775414,0.0,0.0,0.0,0.0,0.0
sonora_256_50_2663,0.15670273,0.84329724,0.0,0.0,0.0,0.0,0.0
sonora_256_50_2664,0.16162537,0.7363658,0.0,0.0,0.0,0.0,0.102008864
sonora_256_50_2665,0.027381245,0.5962741,0.0,0.0,0.0,0.0,0.37634465
sonora_256_50_2666,0.0,0.40426722,0.0,0.0,0.0,0.0,0.59573275
sonora_256_50_2667,0.0,0.2460981,0.0,0.0,0.0,0.0,0.7539019
sonora_256_50_2668,0.02112397,0.14584379,0.0,0.0,0.0,0.0,0.83303225
sonora_256_50_2669,0.03181774,0.14060146,0.0,0.0,0.0,0.0,0.8275808
sonora_256_50_2670,0.041449204,0.1134752,0.0,0.0,0.0,0.0,0.8450756
sonora_256_50_2671,0.05040671,0.11336939,0.0,0.0,0.0,0.0,0.8362239
sonora_256_50_2672,0.038273823,0.120833986,0.0,0.0,0.0,0.0,0.8408922
sonora_256_50_2673,0.03766807,0.08880556,0.0,0.0,0.0,0.0,0.8735264
sonora_256_50_2674,0.019045524,0.051161967,0.0,0.0,0.0,0.0,0.9297925
sonora_256_50_2675,0.0192147,0.021043465,0.0,0.0,0.0,0.0,0.95974183
sonora_256_50_2676,0.067417085,0.0,0.0,0.0,0.0,0.0,0.9325829
sonora_256_50_2677,0.05238949,0.0,0.0,0.0,0.0,0.0,0.9476105
sonora_256_50_2678,0.0041871057,0.0,0.0,0.0,0.0,0.0,0.9958129
sonora_256_50_2679,0.0052585276,0.0,0.0,0.0,0.0,0.0,0.9947415
sonora_256_50_2680,0.015202122,0.0,0.0,0.0,0.0,0.0,0.9847979
sonora_256_50_2681,0.009943594,0.0,0.0,0.0,0.0,0.0,0.9900564
sonora_256_50_2682,0.0,0.0,0.0,0.0,0.0,0.0,1.0
sonora_256_50_2683,0.0,0.0,0.0,0.0,0.0,0.0,1.0
sonora_256_50_2684,0.0,0.0,0.0,0.0,0.0,0.0,1.0
sonora_256_50_2685,0.0,0.0,0.0,0.0,0.0,0.0,1.0
sonora_256_50_2686,0.0,0.004177278,0.0,0.0,0.0,0.0,0.9958227
sonora_256_50_2687,0.0,0.090404116,0.0,0.0,0.0,0.0,0.9095959
sonora_256_50_2688,0.0,0.47779283,0.0,0.0,0.0,0.0,0.5222072
sonora_256_50_2689,0.0017698774,0.40472618,0.0,0.0,0.0,0.0,0.5935039
sonora_256_50_2690,0.0017698774,0.01996355,0.0,0.0,0.0,0.0,0.9782666
sonora_256_50_2691,0.0,0.24007449,0.012518321,0.0,0.0,0.0,0.7474072
sonora_256_50_2692,0.0,0.15562612,0.0,0.0,0.0,0.0,0.8443739
sonora_256_50_2693,0.0,0.25916767,0.0,0.0,0.0,0.0,0.7408323
sonora_256_50_2694,0.0,0.297541,0.0,0.0,0.0,0.0,0.702459
sonora_256_50_2695,0.0026344978,0.19713186,0.0,0.0,0.0,0.0,0.80023366
sonora_256_50_2696,0.013573622,0.126572,0.0,0.0,0.0,0.0,0.8598544
sonora_256_50_2697,0.03147511,0.08605972,0.0,0.0,0.0,0.0,0.8824652
sonora_256_50_2698,0.034604687,0.0027558391,0.0,0.0,0.0,0.0,0.96263945
sonora_256_50_2699,0.014068699,0.0,0.0,0.0,0.0,0.0,0.9859313
sonora_256_50_2700,0.0,0.0,0.0,0.0,0.01838967,0.0,0.98161036
sonora_256_50_2701,0.0,0.0066715674,0.0,0.0,0.028681027,0.0,0.9646474
sonora_256_50_2702,0.0,0.14443448,0.0,0.0,0.0102913575,0.0,0.84527415
sonora_256_50_2703,0.039582897,0.3972038,0.0,0.0,0.0,0.0,0.5632133
sonora_256_50_2704,0.039582897,0.42324626,0.0,0.0,0.0,0.0,0.5371708
sonora_256_50_2705,0.0,0.327539,0.0,0.0,0.0,0.0,0.67246103
sonora_256_50_2706,0.0,0.2251775,0.0,0.0,0.0,0.0,0.7748225
sonora_256_50_2707,0.0,0.06582212,0.0,0.0,0.0,0.0,0.9341779
sonora_256_50_2708,0.0,0.0043782415,0.0,0.0,0.0,0.0,0.99562174
sonora_256_50_2709,0.0,0.0,0.0,0.0,0.0,0.0,1.0
sonora_256_50_2710,0.05286114,0.0,0.0,0.0,0.0,0.0,0.94713885
sonora_256_50_2711,0.05286114,0.0,0.0,0.0,0.0,0.0,0.94713885
sonora_256_50_2712,0.0,0.0,0.0,0.0,0.0,0.0,1.0
sonora_256_50_2713,0.0,0.00352662,0.0,0.0,0.0,0.0,0.9964734
sonora_256_50_2714,0.0,0.04020667,0.0,0.0,0.0,0.0,0.9597933
sonora_256_50_2715,0.0,0.0783626,0.0,0.0,0.0,0.0,0.9216374
sonora_256_50_2716,0.0,0.044952184,0.0,0.0,0.0,0.0,0.95504785
sonora_256_50_2717,0.0,0.0032696363,0.0,0.0,0.0,0.0,0.9967304
sonora_256_50_2718,0.0,0.0,0.0,0.0,0.0,0.0,1.0
sonora_256_50_2719,0.0,0.0,0.0,0.0,0.0,0.0,1.0
sonora_256_50_2720,0.0,0.0,0.0,0.0,0.0,0.0,1.0
sonora_256_50_2721,0.0,0.0,0.0,0.0,0.0,0.0,1.0
sonora_256_50_2722,0.0,0.0,0.0,0.0,0.0,0.0,1.0
sonora_256_50_2723,0.0,0.0,0.0,0.0,0.0,0.0,1.0
sonora_256_50_2724,0.0,0.0,0.0,0.0,0.0,0.0,1.0
sonora_256_50_2725,0.0,0.0,0.0,0.0,0.0,0.0,1.0
sonora_256_50_2726,0.0,0.0,0.0,0.0,0.0,0.0,1.0
sonora_256_50_2727,0.0,0.0,0.0,0.0,0.0,0.0,1.0
sonora_256_50_2728,0.0,0.11075298,0.029166253,0.0,0.0,0.0,0.8600808
sonora_256_50_2729,0.0,0.610753,0.029166253,0.0,0.0,0.0,0.36008078
sonora_256_50_2730,0.0,1.0,0.0,0.0,0.0,0.0,0.0
sonora_256_50_2731,0.0025582276,0.99744177,0.0,0.0,0.0,0.0,0.0
sonora_256_50_2732,0.082795575,0.8101448,0.0,0.0,0.0,0.0,0.107059635
sonora_256_50_2733,0.10761859,0.5133961,0.0,0.0,0.0,0.0,0.37898535
sonora_256_50_2734,0.027381245,0.20087148,0.0,0.0,0.0,0.0,0.7717473
sonora_256_50_2735,0.0,0.00017842662,0.0,0.0,0.0,0.0,0.99982154
sonora_256_50_2736,0.0,0.0,0.0,0.0,0.0,0.0,1.0
sonora_256_50_2737,0.0,0.09178113,0.0,0.0,0.0,0.0,0.90821886
sonora_256_50_2738,0.0,0.2114406,0.0,0.0,0.0,0.0,0.7885594
sonora_256_50_2739,0.0,0.1411471,0.0,0.0,0.0,0.0,0.8588529
sonora_256_50_2740,0.0,0.07212697,0.0,0.0,0.0,0.0,0.927873
sonora_256_50_2741,0.0025118594,0.08600707,0.0,0.0,0.0,0.0,0.9114811
sonora_256_50_2742,0.013083392,0.037750058,0.0,0.0,0.0,0.0,0.94916654
sonora_256_50_2743,0.010571533,0.029580716,0.0,0.0,0.0,0.0,0.95984775
sonora_256_50_2744,0.0192147,0.030969806,0.0,0.0,0.0,0.0,0.9498155
sonora_256_50_2745,0.25504604,0.0037713966,0.0,0.0,0.0,0.0,0.74118257
sonora_256_50_2746,0.45977992,0.0,0.0,0.0,0.0,0.0,0.5402201
sonora_256_50_2747,0.22394855,0.0,0.0,0.0,0.0,0.0,0.77605146
sonora_256_50_2748,0.0,0.0,0.0,0.0,0.0,0.0,1.0
sonora_256_50_2749,0.0,0.0,0.0,0.0,0.0,0.0,1.0
sonora_256_50_2750,0.0,0.0,0.0,0.0,0.0,0.0,1.0
sonora_256_50_2751,0.0,0.0,0.0,0.0,0.0,0.0,1.0
sonora_256_50_2752,0.0,0.0,0.0,0.0,0.0,0.0,1.0
sonora_256_50_2753,0.0,0.0,0.0,0.0,0.0,0.0,1.0
sonora_256_50_2754,0.0,0.0,0.0,0.0,0.0,0.0,1.0
sonora_256_50_2755,0.0,0.022383707,0.0,0.0,0.0,0.0,0.9776163
sonora_256_50_2756,0.0,0.1788673,0.0,0.0,0.0,0.0,0.8211327
sonora_256_50_2757,0.0,0.43619564,0.0,0.0,0.0,0.0,0.5638044
sonora_256_50_2758,0.0,0.28435373,0.0,0.0,0.0,0.0,0.71564627
sonora_256_50_2759,0.0,0.0058846828,0.0,0.0,0.0,0.0,0.9941153
sonora_256_50_2760,0.0,0.3307282,0.0,0.0,0.0,0.0,0.66927177
sonora_256_50_2761,0.0,0.26605305,0.0,0.0,0.0,0.0,0.733947
sonora_256_50_2762,0.0,0.3033744,0.0037312,0.0,0.0,0.0,0.6928944
sonora_256_50_2763,0.0,0.2618229,0.0037312,0.0,0.0,0.0,0.73444587
sonora_256_50_2764,0.0,0.24851009,0.0,0.0,0.0,0.0,0.75148994
sonora_256_50_2765,0.009255322,0.3148053,0.0,0.0,0.0,0.0,0.6759394
sonora_256_50_2766,0.02979131,0.17571384,0.0,0.0,0.0,0.0,0.79449487
sonora_256_50_2767,0.054444358,0.006069533,0.0,0.0,0.0,0.0,0.9394861
sonora_256_50_2768,0.03390837,0.0,0.0,0.0,0.0,0.0,0.96609163
sonora_256_50_2769,0.0,0.0,0.0,0.0,0.01838967,0.0,0.98161036
sonora_256_50_2770,0.0,0.039297752,0.0,0.0,0.028681027,0.0,0.9320212
sonora_256_50_2771,0.0,0.13058737,0.0,0.0,0.0102913575,0.0,0.8591213
sonora_256_50_2772,0.038259506,0.2460627,0.0,0.0,0.0,0.0,0.7156778
sonora_256_50_2773,0.038259506,0.2674206,0.0,0.0,0.0,0.0,0.6943199
sonora_256_50_2774,0.0,0.20094027,0.0,0.0,0.0,0.0,0.79905975
sonora_256_50_2775,0.0,0.08829275,0.0,0.0,0.0,0.0,0.9117073
sonora_256_50_2776,0.0,0.0,0.0,0.0,0.0,0.0,1.0
sonora_256_50_2777,0.0,0.0,0.0,0.0,0.0,0.0,1.0
sonora_256_50_2778,0.0,0.0,0.0,0.0,0.0,0.0,1.0
sonora_256_50_2779,0.030728033,0.0,0.0,0.0,0.0,0.0,0.96927196
sonora_256_50_2780,0.030728033,0.0,0.0,0.0,0.0,0.0,0.96927196
sonora_256_50_2781,0.0,0.0,0.0,0.0,0.0,0.0,1.0
sonora_256_50_2782,0.0,0.0,0.0,0.0,0.0,0.0,1.0
sonora_256_50_2783,0.0,0.0,0.0,0.0,0.0,0.0,1.0
sonora_256_50_2784,0.0,0.0,0.0,0.0,0.0,0.0,1.0
sonora_256_50_2785,0.0,0.0,0.0,0.0,0.0,0.0,1.0
sonora_256_50_2786,0.0,0.0,0.0,0.0,0.0,0.0,1.0
sonora_256_50_2787,0.0,0.0,0.0,0.0,0.0,0.0,1.0
sonora_256_50_2788,0.0,0.0,0.0,0.0,0.0,0.0,1.0
sonora_256_50_2789,0.0,0.0,0.0,0.0,0.0,0.0,1.0
sonora_256_50_2790,0.0,0.0,0.0,0.0,0.0,0.0,1.0
sonora_256_50_2791,0.0,0.0,0.0,0.0,0.0,0.0,1.0
sonora_256_50_2792,0.0,0.0,0.0,0.0,0.0,0.0,1.0
sonora_256_50_2793,0.0,0.0,0.0,0.0,0.0,0.0,1.0
sonora_256_50_2794,0.0,0.0,0.0,0.0,0.0,0.0,1.0
sonora_256_50_2795,0.0,0.0,0.0,0.0,0.0,0.0,1.0
sonora_256_50_2796,0.0,0.0,0.0,0.0,0.0,0.0,1.0
sonora_256_50_2797,0.0,0.07363277,0.030428093,0.0,0.0,0.0,0.8959391
sonora_256_50_2798,0.0,0.57231647,0.030428093,0.0,0.0,0.0,0.39725542
sonora_256_50_2799,0.0,0.9986837,0.0,0.0,0.0,0.0,0.0013162994
sonora_256_50_2800,0.0,0.9137461,0.0,0.0,0.0,0.0,0.0862539
sonora_256_50_2801,0.0,0.5761405,0.0,0.0,0.0,0.0,0.42385945
sonora_256_50_2802,0.0,0.30249536,0.0,0.0,0.0,0.0,0.69750464
sonora_256_50_2803,0.0,0.14010093,0.0,0.0,0.0,0.0,0.8598991
sonora_256_50_2804,0.0,0.0,0.0,0.0,0.0,0.0,1.0
sonora_256_50_2805,0.0,0.0,0.0,0.0,0.0,0.0,1.0
sonora_256_50_2806,0.0,0.058853228,0.0,0.0,0.0,0.0,0.9411468
sonora_256_50_2807,0.0,0.15530108,0.0,0.0,0.0,0.0,0.8446989
sonora_256_50_2808,0.0,0.16129483,0.0,0.0,0.0,0.0,0.8387052
sonora_256_50_2809,0.0,0.06484699,0.0,0.0,0.0,0.0,0.935153
sonora_256_50_2810,0.0,0.0,0.0,0.0,0.0,0.0,1.0
sonora_256_50_2811,0.0,0.0,0.0,0.0,0.0,0.0,1.0
sonora_256_50_2812,0.0,0.021152955,0.0,0.0,0.0,0.0,0.978847
sonora_256_50_2813,0.0,0.02492435,0.0,0.0,0.0,0.0,0.97507566
sonora_256_50_2814,0.3047922,0.0037713966,0.0,0.0,0.0,0.0,0.6914364
sonora_256_50_2815,0.6045594,0.0,0.0,0.0,0.0,0.0,0.39544055
sonora_256_50_2816,0.29976723,0.0,0.0,0.0,0.0,0.0,0.70023274
sonora_256_50_2817,0.0,0.0,0.0,0.0,0.0,0.0,1.0
sonora_256_50_2818,0.0,0.0,0.0,0.0,0.0,0.0,1.0
sonora_256_50_2819,0.001759704,0.0,0.0,0.0,0.0,0.0,0.9982403
sonora_256_50_2820,0.008165145,0.036554918,0.0,0.0,0.0,0.0,0.95527995
sonora_256_50_2821,0.01908154,0.10902661,0.0,0.0,0.0,0.0,0.87189186
sonora_256_50_2822,0.036705844,0.23778424,0.0,0.0,0.0,0.0,0.72550994
sonora_256_50_2823,0.05979657,0.32640192,0.0,0.0,0.0,0.0,0.61380154
sonora_256_50_2824,0.08353834,0.3459553,0.0,0.0,0.0,0.0,0.5705064
sonora_256_50_2825,0.087493815,0.38033408,0.0,0.0,0.0,0.0,0.5321721
sonora_256_50_2826,0.04163849,0.30399364,0.0,0.0,0.0,0.0,0.65436786
sonora_256_50_2827,0.0019161893,0.1197972,0.0,0.0,0.0,0.0,0.8782866
sonora_256_50_2828,0.012526,0.03057872,0.0,0.0,0.0,0.0,0.9568953
sonora_256_50_2829,0.04881153,0.370404,0.0,0.0,0.0,0.0,0.58078444
sonora_256_50_2830,0.0,0.46756762,0.0,0.0,0.0,0.0,0.5324324
sonora_256_50_2831,0.0,0.3435587,0.0037312,0.0,0.0,0.0,0.6527101
sonora_256_50_2832,0.0,0.18783057,0.0037312,0.0,0.0,0.0,0.80843824
sonora_256_50_2833,0.0,0.28318435,0.0,0.0,0.0,0.0,0.71681565
sonora_256_50_2834,0.0,0.38825935,0.0,0.0,0.0,0.0,0.61174065
sonora_256_50_2835,0.0,0.19634195,0.0,0.0,0.0,0.0,0.80365807
sonora_256_50_2836,0.040021237,0.022942541,0.0,0.0,0.0,0.0,0.9370362
sonora_256_50_2837,0.040021237,0.009341099,0.0,0.0,0.0,0.0,0.95063764
sonora_256_50_2838,0.0,0.124292076,0.0,0.0,0.0,0.0,0.8757079
sonora_256_50_2839,0.0,0.21317875,0.0,0.0,0.0,0.0,0.78682125
sonora_256_50_2840,0.085797235,0.14037567,0.0,0.0,0.0,0.0,0.7738271
sonora_256_50_2841,0.14290923,0.048484363,0.0,0.0,0.0,0.0,0.8086064
sonora_256_50_2842,0.057111997,0.024515403,0.0,0.0,0.0,0.0,0.91837263
sonora_256_50_2843,0.0,0.01817893,0.0,0.0,0.0,0.0,0.98182106
sonora_256_50_2844,0.0,0.0,0.0,0.0,0.0,0.0,1.0
sonora_256_50_2845,0.0,0.0,0.0,0.0,0.0,0.0,1.0
sonora_256_50_2846,0.0,0.0,0.0,0.0,0.0,0.0,1.0
sonora_256_50_2847,0.0,0.0,0.0,0.0,0.0,0.0,1.0
sonora_256_50_2848,0.004364016,0.0,0.0,0.0,0.0,0.0,0.995636
sonora_256_50_2849,0.004364016,0.0,0.0,0.0,0.0,0.0,0.995636
sonora_256_50_2850,0.0,0.0,0.0,0.0,0.0,0.0,1.0
sonora_256_50_2851,0.0,0.0,0.0,0.0,0.0,0.0,1.0
sonora_256_50_2852,0.0,0.0,0.0,0.0,0.0,0.0,1.0
sonora_256_50_2853,0.0,0.0,0.0,0.0,0.0,0.0,1.0
sonora_256_50_2854,0.0,0.0,0.0,0.0,0.0,0.0,1.0
sonora_256_50_2855,0.0,0.0,0.0,0.0,0.0,0.0,1.0
sonora_256_50_2856,0.0,0.0,0.0,0.0,0.0,0.0,1.0
sonora_256_50_2857,0.0,0.0,0.0,0.0,0.0,0.0,1.0
sonora_256_50_2858,0.0,0.0,0.0,0.0,0.0,0.0,1.0
sonora_256_50_2859,0.0,0.0,0.0,0.0,0.0,0.0,1.0
sonora_256_50_2860,0.0,0.0,0.0,0.0,0.0,0.0,1.0
sonora_256_50_2861,0.0,0.0,0.0,0.0,0.0,0.0,1.0
sonora_256_50_2862,0.0,0.0,0.0,0.0,0.0,0.0,1.0
sonora_256_50_2863,0.0,0.0,0.0,0.0,0.0,0.0,1.0
sonora_256_50_2864,0.0,0.0,0.0,0.0,0.0,0.0,1.0
sonora_256_50_2865,0.022463938,0.0,0.0,0.0,0.0,0.0,0.9775361
sonora_256_50_2866,0.06923421,0.17173134,0.0012618401,0.0,0.0,0.0,0.7577726
sonora_256_50_2867,0.09572259,0.6214627,0.0012618401,0.0,0.0,0.0,0.28155285
sonora_256_50_2868,0.08121141,0.8973134,0.0,0.020158898,0.0,0.0,0.0013162994
sonora_256_50_2869,0.07779325,0.7275371,0.0,0.0918249,0.0,0.0,0.102844745
sonora_256_50_2870,0.07847519,0.37193534,0.0,0.07650995,0.0,0.0,0.47307953
sonora_256_50_2871,0.06316065,0.21206853,0.0,0.00484395,0.0,0.0,0.71992683
sonora_256_50_2872,0.06211714,0.13163003,0.0,0.0,0.0,0.0,0.80625284
sonora_256_50_2873,0.06548423,0.011541755,0.0,0.0,0.0,0.0,0.922974
sonora_256_50_2874,0.039905284,0.0,0.0,0.0,0.0,0.0,0.9600947
sonora_256_50_2875,0.006318569,0.0,0.0,0.0,0.0,0.0,0.99368143
sonora_256_50_2876,0.0,0.014906324,0.0,0.0,0.0,0.0,0.98509365
sonora_256_50_2877,0.022633051,0.15137012,0.0,0.0,0.0,0.0,0.8259968
sonora_256_50_2878,0.06017894,0.24672922,0.0,0.0,0.0,0.0,0.69309187
sonora_256_50_2879,0.07664492,0.18367779,0.0,0.0,0.0,0.0,0.7396773
sonora_256_50_2880,0.078859136,0.09134069,0.0,0.0,0.0,0.0,0.8298002
sonora_256_50_2881,0.07928941,0.017928295,0.0,0.0,0.0,0.0,0.9027823
sonora_256_50_2882,0.05917438,0.0,0.0,0.0,0.0,0.0,0.94082564
sonora_256_50_2883,0.13680834,0.0,0.0,0.0,0.0,0.0,0.86319166
sonora_256_50_2884,0.21127895,0.0,0.0,0.0,0.0,0.0,0.788721
sonora_256_50_2885,0.14830372,0.0,0.0,0.0,0.0,0.0,0.85169625
sonora_256_50_2886,0.08975549,0.0,0.0,0.0,0.0,0.0,0.9102445
sonora_256_50_2887,0.072808795,0.0,0.0,0.0,0.0,0.0,0.92719114
sonora_256_50_2888,0.11075746,0.047179468,0.0,0.0,0.0,0.0,0.84206307
sonora_256_50_2889,0.14614356,0.14652812,0.0,0.0,0.0,0.0,0.7073283
sonora_256_50_2890,0.12717807,0.27101192,0.0,0.0,0.0,0.0,0.60181
sonora_256_50_2891,0.09867774,0.3833589,0.0,0.0,0.0,0.0,0.5179634
sonora_256_50_2892,0.08855331,0.3919689,0.0,0.0,0.0,0.0,0.5194778
sonora_256_50_2893,0.09257573,0.36111352,0.0,0.0,0.0,0.0,0.5463108
sonora_256_50_2894,0.08787179,0.27657163,0.0,0.0,0.0,0.0,0.6355566
sonora_256_50_2895,0.04163849,0.11023066,0.0,0.0,0.0,0.0,0.8481308
sonora_256_50_2896,0.0019161893,0.025770951,0.0,0.0,0.0,0.0,0.97231287
sonora_256_50_2897,0.012526,0.06985998,0.0,0.0,0.0,0.0,0.91761404
sonora_256_50_2898,0.04881153,0.28792357,0.0,0.0,0.0,0.0,0.66326493
sonora_256_50_2899,0.066759884,0.408673,0.0,0.0,0.0,0.0,0.5245671
sonora_256_50_2900,0.04965774,0.26514608,0.0,0.0,0.0,0.0,0.68519616
sonora_256_50_2901,0.02442581,0.047984675,0.0,0.0,0.0,0.0,0.92758954
sonora_256_50_2902,0.030603612,0.24593282,0.0,0.0,0.0,0.0,0.7234636
sonora_256_50_2903,0.03685561,0.35823905,0.0,0.0,0.0,0.0,0.6049053
sonora_256_50_2904,0.015373132,0.24985223,0.0,0.0,0.0,0.0,0.73477465
sonora_256_50_2905,0.06988792,0.10345392,0.0,0.0,0.0,0.0,0.8266582
sonora_256_50_2906,0.07323177,0.019342106,0.0,0.0,0.0,0.0,0.9074261
sonora_256_50_2907,0.0052611157,0.25542808,0.0,0.0,0.0,0.0,0.7393108
sonora_256_50_2908,0.0,0.4038568,0.0,0.0,0.0,0.0,0.5961432
sonora_256_50_2909,0.26303557,0.1676969,0.0,0.0,0.0,0.0,0.5692675
sonora_256_50_2910,0.35008213,0.07280926,0.0,0.0,0.0,0.0,0.5771086
sonora_256_50_2911,0.087046556,0.07280926,0.0,0.0,0.0,0.0,0.8401442
sonora_256_50_2912,0.0,0.0,0.0,0.0,0.0,0.0,1.0
sonora_256_50_2913,0.0,0.0,0.0,0.0,0.0,0.0,1.0
sonora_256_50_2914,0.0,0.0,0.0,0.0,0.0,0.0,1.0
sonora_256_50_2915,0.0,0.0,0.0,0.0,0.0,0.0,1.0
sonora_256_50_2916,0.0,0.0,0.0,0.0,0.0,0.0,1.0
sonora_256_50_2917,0.0,0.0,0.0,0.0,0.0,0.0,1.0
sonora_256_50_2918,0.0,0.0,0.0,0.0,0.0,0.0,1.0
sonora_256_50_2919,0.0,0.0,0.0,0.0,0.0,0.0,1.0
sonora_256_50_2920,0.0,0.0,0.0,0.0,0.0,0.0,1.0
sonora_256_50_2921,0.0,0.0,0.0,0.0,0.0,0.0,1.0
sonora_256_50_2922,0.0,0.0,0.0,0.0,0.0,0.0,1.0
sonora_256_50_2923,0.0,0.0,0.0,0.0,0.0,0.0,1.0
sonora_256_50_2924,0.0,0.0,0.0,0.0,0.0,0.0,1.0
sonora_256_50_2925,0.0,0.0,0.0,0.0,0.0,0.0,1.0
sonora_256_50_2926,0.0,0.0,0.0,0.0,0.0,0.0,1.0
sonora_256_50_2927,0.0,0.0,0.0,0.0,0.0,0.0,1.0
sonora_256_50_2928,0.0060430276,0.0,0.0,0.0,0.0,0.0,0.993957
sonora_256_50_2929,0.040708408,0.0,0.0,0.0,0.0,0.0,0.9592916
sonora_256_50_2930,0.04513177,0.0,0.0,0.0,0.0,0.0,0.95486826
sonora_256_50_2931,0.010466389,0.012989966,0.0,0.0,0.0,0.0,0.97654366
sonora_256_50_2932,0.0,0.15246695,0.0,0.0,0.0,0.0,0.84753305
sonora_256_50_2933,0.0,0.32247338,0.0,0.0,0.0,0.0,0.6775266
sonora_256_50_2934,0.030605322,0.35185882,0.0,0.0,0.0,0.0,0.6175358
sonora_256_50_2935,0.077746406,0.54851216,0.0,0.0,0.0,0.0,0.37374145
sonora_256_50_2936,0.09609341,0.83069736,0.0,0.0,0.0,0.0,0.073209204
sonora_256_50_2937,0.08121141,0.89862967,0.0,0.020158898,0.0,0.0,0.0
sonora_256_50_2938,0.07779325,0.66389465,0.0,0.24172124,0.0,0.0,0.016590845
sonora_256_50_2939,0.07847519,0.45106244,0.0,0.25255275,0.0,0.0,0.21790963
sonora_256_50_2940,0.06316065,0.39047202,0.0,0.030990396,0.0,0.0,0.5153769
sonora_256_50_2941,0.06211714,0.17475629,0.0,0.0,0.0,0.0,0.7631266
sonora_256_50_2942,0.06548423,0.019034052,0.0,0.0,0.0,0.0,0.9154817
sonora_256_50_2943,0.039905284,0.0,0.0,0.0,0.0,0.0,0.9600947
sonora_256_50_2944,0.006318569,0.0,0.0,0.0,0.0,0.0,0.99368143
sonora_256_50_2945,0.0,0.0,0.0,0.0,0.0,0.0,1.0
sonora_256_50_2946,0.022633051,0.089617945,0.0,0.0,0.0,0.0,0.887749
sonora_256_50_2947,0.06017894,0.22781998,0.0,0.0,0.0,0.0,0.7120011
sonora_256_50_2948,0.07664492,0.23338987,0.0,0.0,0.0,0.0,0.6899652
sonora_256_50_2949,0.078859136,0.13389671,0.0,0.0,0.0,0.0,0.78724414
sonora_256_50_2950,0.07928941,0.038708873,0.0,0.0,0.0,0.0,0.8820017
sonora_256_50_2951,0.05917438,0.0,0.0,0.0,0.0,0.0,0.94082564
sonora_256_50_2952,0.019645082,0.0,0.0,0.0,0.0,0.0,0.9803549
sonora_256_50_2953,0.014109925,0.0,0.0,0.0,0.0,0.0,0.9858901
sonora_256_50_2954,0.09526542,0.0,0.0,0.0,0.0,0.0,0.90473455
sonora_256_50_2955,0.11672297,0.004327904,0.0,0.0,0.0,0.0,0.87894917
sonora_256_50_2956,0.072808795,0.076565616,0.0,0.0,0.0,0.0,0.8506256
sonora_256_50_2957,0.10899776,0.19030738,0.0,0.0,0.0,0.0,0.70069486
sonora_256_50_2958,0.1379784,0.18193655,0.0,0.0,0.0,0.0,0.68008506
sonora_256_50_2959,0.12936862,0.1979675,0.0,0.0,0.0,0.0,0.67266387
sonora_256_50_2960,0.118573904,0.24830183,0.0,0.0,0.0,0.0,0.63312423
sonora_256_50_2961,0.09431773,0.13338512,0.0,0.0,0.0,0.0,0.77229714
sonora_256_50_2962,0.056377586,0.08081212,0.0,0.0,0.0,0.0,0.8628103
sonora_256_50_2963,0.027361603,0.11474017,0.0,0.0,0.0,0.0,0.85789824
sonora_256_50_2964,0.00987449,0.06337909,0.0,0.0,0.0,0.0,0.9267464
sonora_256_50_2965,0.0,0.057882283,0.0,0.0,0.0,0.0,0.9421177
sonora_256_50_2966,0.0,0.11488788,0.0,0.0,0.0,0.0,0.8851121
sonora_256_50_2967,0.0,0.20075116,0.0,0.0,0.0,0.0,0.7992489
sonora_256_50_2968,0.066759884,0.13658431,0.0,0.0,0.0,0.0,0.7966558
sonora_256_50_2969,0.04965774,0.11958404,0.0,0.0,0.0,0.0,0.8307582
sonora_256_50_2970,0.02442581,0.064707935,0.0,0.0,0.0,0.0,0.91086626
sonora_256_50_2971,0.030603612,0.2748992,0.0,0.0,0.0,0.0,0.6944971
sonora_256_50_2972,0.047572743,0.3974519,0.0,0.0,0.0,0.0,0.55497533
sonora_256_50_2973,0.06550838,0.41598916,0.0,0.0,0.0,0.0,0.5185025
sonora_256_50_2974,0.13598469,0.3306552,0.0,0.0,0.0,0.0,0.5333601
sonora_256_50_2975,0.13925679,0.114101015,0.0,0.0,0.0,0.0,0.7466422
sonora_256_50_2976,0.07420351,0.2879388,0.0,0.0,0.0,0.0,0.6378577
sonora_256_50_2977,0.057453454,0.48738465,0.0,0.0,0.0,0.0,0.45516187
sonora_256_50_2978,0.23686655,0.28636,0.0,0.0,0.0,0.0,0.4767735
sonora_256_50_2979,0.2975377,0.1736415,0.0,0.0,0.0,0.0,0.5288208
sonora_256_50_2980,0.088528596,0.115168214,0.0,0.0,0.0,0.0,0.79630315
sonora_256_50_2981,0.0,0.0,0.0,0.0,0.0,0.0,1.0
sonora_256_50_2982,0.0,0.0,0.0,0.0,0.0,0.0,1.0
sonora_256_50_2983,0.0,0.0,0.0,0.0,0.0,0.0,1.0
sonora_256_50_2984,0.0,0.0,0.0,0.0,0.0,0.0,1.0
sonora_256_50_2985,0.0,0.0,0.0,0.0,0.0,0.0,1.0
sonora_256_50_2986,0.0,0.0,0.0,0.0,0.0,0.0,1.0
sonora_256_50_2987,0.0,0.0,0.0,0.0,0.0,0.0,1.0
sonora_256_50_2988,0.0,0.0,0.0,0.0,0.0,0.0,1.0
sonora_256_50_2989,0.0,0.0,0.0,0.0,0.0,0.0,1.0
sonora_256_50_2990,0.0,0.0,0.0,0.0,0.0,0.0,1.0
sonora_256_50_2991,0.0,0.0,0.0,0.0,0.0,0.0,1.0
sonora_256_50_2992,0.010745437,0.0,0.0,0.0,0.0,0.0,0.98925453
sonora_256_50_2993,0.047522478,0.0,0.0,0.0,0.0,0.0,0.9524775
sonora_256_50_2994,0.0751806,0.0,0.0,0.0,0.0,0.0,0.9248194
sonora_256_50_2995,0.077759124,0.0,0.0,0.0,0.0,0.0,0.92224085
sonora_256_50_2996,0.077801,0.0,0.0,0.0,0.0,0.0,0.922199
sonora_256_50_2997,0.0758081,0.0,0.0,0.0,0.0,0.0,0.9241919
sonora_256_50_2998,0.07364246,0.0,0.0,0.0,0.0,0.0,0.9263575
sonora_256_50_2999,0.046746176,0.0,0.0,0.0,0.0,0.0,0.9532538
sonora_256_50_3000,0.010466389,0.14565362,0.0,0.0,0.0,0.0,0.84388
sonora_256_50_3001,0.0,0.5351306,0.0,0.0,0.0,0.0,0.46486938
sonora_256_50_3002,0.0,0.7301284,0.0,0.09234496,0.0,0.0,0.17752662
sonora_256_50_3003,0.008141384,0.5513869,0.0,0.30047196,0.0,0.0,0.13999979
sonora_256_50_3004,0.008512197,0.5563951,0.0,0.35961738,0.0,0.0,0.07547528
sonora_256_50_3005,0.00037081246,0.71798575,0.0,0.27916434,0.0,0.0,0.002479115
sonora_256_50_3006,0.0,0.82794166,0.0,0.17205836,0.0,0.0,0.0
sonora_256_50_3007,0.0,0.7079971,0.0,0.19428077,0.0,0.0,0.097722135
sonora_256_50_3008,0.0,0.42545757,0.0,0.1760428,0.0,0.0,0.39849967
sonora_256_50_3009,0.0,0.31249198,0.0,0.026146447,0.0,0.0,0.6613616
sonora_256_50_3010,0.0,0.27855876,0.0,0.0,0.0,0.0,0.72144127
sonora_256_50_3011,0.02679261,0.24681532,0.0,0.0,0.0,0.0,0.7263921
sonora_256_50_3012,0.02679261,0.119726576,0.0,0.0021725548,0.0,0.0,0.8513082
sonora_256_50_3013,0.0,0.012054081,0.0,0.0021725548,0.0,0.0,0.9857734
sonora_256_50_3014,0.0,0.0,0.0,0.0,0.0,0.0,1.0
sonora_256_50_3015,0.0,0.014868295,0.0,0.0,0.0,0.0,0.9851317
sonora_256_50_3016,0.0,0.04280493,0.0,0.0,0.0,0.0,0.95719504
sonora_256_50_3017,0.0,0.04971208,0.0,0.0,0.0,0.0,0.95028794
sonora_256_50_3018,0.0,0.042557046,0.0,0.0,0.0,0.0,0.95744294
sonora_256_50_3019,0.0,0.020781606,0.0,0.0,0.0,0.0,0.9792184
sonora_256_50_3020,0.0,0.0,0.0,0.0,0.0,0.0,1.0
sonora_256_50_3021,0.0,0.0,0.0,0.0,0.0,0.0,1.0
sonora_256_50_3022,0.0,0.0,0.0,0.0,0.0,0.0,1.0
sonora_256_50_3023,0.053402703,0.0,0.0,0.0,0.0,0.0,0.9465973
sonora_256_50_3024,0.053402703,0.028478403,0.0,0.0,0.0,0.0,0.91811895
sonora_256_50_3025,0.0,0.20491587,0.0,0.0,0.0,0.0,0.7950841
sonora_256_50_3026,0.0,0.28165603,0.0,0.0,0.0,0.0,0.718344
sonora_256_50_3027,0.0,0.114893295,0.0,0.0,0.0,0.0,0.88510674
sonora_256_50_3028,0.021272086,0.097137846,0.0,0.0,0.0,0.0,0.88159007
sonora_256_50_3029,0.056602012,0.20790422,0.0,0.0,0.0,0.0,0.7354938
sonora_256_50_3030,0.06556098,0.120441094,0.0,0.0,0.0,0.0,0.8139979
sonora_256_50_3031,0.059131324,0.043270223,0.0,0.0,0.0,0.0,0.8975984
sonora_256_50_3032,0.114031464,0.043270223,0.0,0.0,0.0,0.0,0.84269834
sonora_256_50_3033,0.08513119,0.0018395397,0.0,0.0,0.0,0.0,0.91302925
sonora_256_50_3034,0.0,0.089125544,0.0,0.0,0.0,0.0,0.9108745
sonora_256_50_3035,0.0,0.11403445,0.0,0.0,0.0,0.0,0.8859655
sonora_256_50_3036,0.0,0.08010377,0.0,0.0,0.0,0.0,0.91989625
sonora_256_50_3037,0.0,0.21240754,0.0,0.0,0.0,0.0,0.7875925
sonora_256_50_3038,0.0,0.23899007,0.0,0.0,0.0,0.0,0.76100993
sonora_256_50_3039,0.0,0.29508856,0.0,0.0,0.0,0.0,0.7049115
sonora_256_50_3040,0.0,0.47565234,0.0,0.0,0.0,0.0,0.52434766
sonora_256_50_3041,0.010717134,0.5393456,0.0,0.0,0.0,0.0,0.44993725
sonora_256_50_3042,0.050135244,0.6575051,0.0,0.0,0.0,0.0,0.29235965
sonora_256_50_3043,0.08627833,0.68151504,0.0,0.0,0.0,0.0,0.23220666
sonora_256_50_3044,0.086206585,0.44956,0.0,0.0,0.0,0.0,0.46423346
sonora_256_50_3045,0.0689424,0.5178959,0.0,0.0,0.0,0.0,0.41316175
sonora_256_50_3046,0.057453454,0.5370448,0.0,0.0,0.0,0.0,0.40550175
sonora_256_50_3047,0.059628196,0.30759048,0.0,0.0,0.0,0.0,0.6327813
sonora_256_50_3048,0.07583466,0.28646225,0.0,0.0,0.0,0.0,0.6377031
sonora_256_50_3049,0.044063892,0.21480805,0.0,0.0,0.0,0.0,0.741128
sonora_256_50_3050,0.0,0.050197497,0.0,0.0,0.0,0.0,0.9498025
sonora_256_50_3051,0.0,0.0,0.0,0.0,0.0,0.0,1.0
sonora_256_50_3052,0.0,0.0,0.0,0.0,0.0,0.0,1.0
sonora_256_50_3053,0.0,0.0,0.0,0.0,0.0,0.0,1.0
sonora_256_50_3054,0.0,0.0,0.0,0.0,0.0,0.0,1.0
sonora_256_50_3055,1.2293481e-05,0.0,0.0,0.0,0.0,0.0,0.9999877
sonora_256_50_3056,0.023989417,0.0,0.0,0.0,0.0,0.0,0.97601056
sonora_256_50_3057,0.060727578,0.0,0.0,0.0,0.0,0.0,0.9392724
sonora_256_50_3058,0.07077635,0.0,0.0,0.0,0.0,0.0,0.92922366
sonora_256_50_3059,0.06715602,0.0,0.0,0.0,0.0,0.0,0.932844
sonora_256_50_3060,0.067157514,0.0,0.0,0.0,0.0,0.0,0.9328425
sonora_256_50_3061,0.06951349,0.0,0.0,0.0,0.0,0.0,0.9304865
sonora_256_50_3062,0.072430916,0.0,0.0,0.0,0.0,0.0,0.9275691
sonora_256_50_3063,0.07534838,0.0,0.0,0.0,0.0,0.0,0.9246516
sonora_256_50_3064,0.077759124,0.0,0.0,0.0,0.0,0.0,0.92224085
sonora_256_50_3065,0.077801,0.0,0.0,0.0,0.0,0.0,0.922199
sonora_256_50_3066,0.069765076,0.0,0.0,0.0,0.0,0.0,0.9302349
sonora_256_50_3067,0.03293406,0.0,0.0,0.0,0.0,0.0,0.96706593
sonora_256_50_3068,0.0016144096,0.001418668,0.0,0.0,0.0,0.0,0.9969669
sonora_256_50_3069,0.0,0.35915998,0.0,0.0,0.0,0.0,0.64084005
sonora_256_50_3070,0.0,0.75130975,0.0,0.10643153,0.0,0.0,0.1422587
sonora_256_50_3071,0.0,0.5522554,0.0,0.4477446,0.0,0.0,0.0
sonora_256_50_3072,0.0,0.20055993,0.0,0.7994401,0.0,0.0,0.0
sonora_256_50_3073,0.0,0.14038262,0.0,0.7523998,0.0,0.0,0.10721757
sonora_256_50_3074,0.0,0.22083567,0.0,0.5849541,0.0,0.0,0.19421028
sonora_256_50_3075,0.0,0.3895514,0.0,0.52345586,0.0,0.0,0.0869927
sonora_256_50_3076,0.0,0.5777213,0.0,0.2375731,0.0,0.0,0.1847056
sonora_256_50_3077,0.0,0.4007951,0.0,0.004798472,0.0,0.0,0.5944064
sonora_256_50_3078,0.0,0.14985658,0.0,0.0,0.0,0.0,0.85014343
sonora_256_50_3079,0.015798973,0.1996678,0.0,0.0,0.0,0.0,0.7845332
sonora_256_50_3080,0.05949701,0.40820834,0.0,0.06593016,0.0,0.0,0.4663645
sonora_256_50_3081,0.08095062,0.28590924,0.0,0.18377967,0.0,0.0,0.4493605
sonora_256_50_3082,0.03725258,0.017811278,0.0,0.11784952,0.0,0.0,0.8270866
sonora_256_50_3083,0.0,0.0,0.0,0.0,0.0,0.0,1.0
sonora_256_50_3084,0.0,0.0,0.0,0.0,0.0,0.0,1.0
sonora_256_50_3085,0.0,0.0,0.0,0.0,0.0,0.0,1.0
sonora_256_50_3086,0.0,0.0,0.0,0.0,0.0,0.0,1.0
sonora_256_50_3087,0.0,1.0257969e-06,0.0,0.0,0.0,0.0,0.999999
sonora_256_50_3088,0.0,1.0257969e-06,0.0,0.0,0.0,0.0,0.999999
sonora_256_50_3089,0.0,0.0,0.0,0.0,0.0,0.0,1.0
sonora_256_50_3090,0.0,0.0,0.0,0.0,0.0,0.0,1.0
sonora_256_50_3091,0.0,0.0,0.0,0.0,0.0,0.0,1.0
sonora_256_50_3092,0.052338198,0.013365228,0.0,0.0,0.0,0.0,0.9342966
sonora_256_50_3093,0.052338198,0.08690631,0.0,0.0,0.0,0.0,0.86075544
sonora_256_50_3094,0.0,0.20101404,0.0,0.0,0.0,0.0,0.79898596
sonora_256_50_3095,0.0,0.16239849,0.0,0.0,0.0,0.0,0.83760154
sonora_256_50_3096,0.0,0.04352712,0.0,0.0,0.0,0.0,0.9564729
sonora_256_50_3097,0.0,0.068262205,0.0,0.0,0.0,0.0,0.9317378
sonora_256_50_3098,0.0,0.29588908,0.0,0.0,0.0,0.0,0.70411086
sonora_256_50_3099,0.0,0.24283406,0.0,0.0,0.0,0.0,0.7571659
sonora_256_50_3100,0.011791132,0.006605571,0.0,0.0,0.0,0.0,0.9816033
sonora_256_50_3101,0.116280004,0.0,0.0,0.0,0.0,0.0,0.88372004
sonora_256_50_3102,0.105555005,0.0,0.0,0.0,0.0,0.0,0.894445
sonora_256_50_3103,0.0010661357,0.04363193,0.0,0.0,0.0,0.0,0.95530194
sonora_256_50_3104,0.0043061725,0.04363193,0.0,0.0,0.0,0.0,0.9520619
sonora_256_50_3105,0.03592556,0.0,0.0,0.0,0.0,0.0,0.96407443
sonora_256_50_3106,0.0,0.49064285,0.0,0.0,0.0,0.0,0.5093572
sonora_256_50_3107,0.0,0.61034936,0.0,0.0,0.0,0.0,0.3896506
sonora_256_50_3108,0.0,0.6279026,0.0,0.0,0.0,0.0,0.37209737
sonora_256_50_3109,0.0,0.58451366,0.0,0.0,0.0,0.0,0.41548637
sonora_256_50_3110,0.0,0.48610395,0.0,0.0,0.0,0.0,0.51389605
sonora_256_50_3111,0.0,0.7259324,0.0,0.0,0.0,0.0,0.27406758
sonora_256_50_3112,0.0,0.89026284,0.0,0.0,0.0,0.0,0.10973713
sonora_256_50_3113,0.0,0.6421396,0.0,0.0,0.0,0.0,0.35786036
sonora_256_50_3114,0.0,0.49444053,0.0,0.0,0.0,0.0,0.50555944
sonora_256_50_3115,0.0026753515,0.39332232,0.0,0.0,0.0,0.0,0.6040023
sonora_256_50_3116,0.025613505,0.3235597,0.0,0.0,0.0,0.0,0.6508268
sonora_256_50_3117,0.06284392,0.3441011,0.0,0.0,0.0,0.0,0.593055
sonora_256_50_3118,0.03990576,0.25741443,0.0,0.0,0.0,0.0,0.7026798
sonora_256_50_3119,0.005068516,0.17921805,0.0,0.0,0.0,0.0,0.8157134
sonora_256_50_3120,0.043210212,0.084586605,0.0,0.0,0.0,0.0,0.8722032
sonora_256_50_3121,0.11496618,0.0041821045,0.0,0.0,0.0,0.0,0.8808517
sonora_256_50_3122,0.12821227,0.0,0.0,0.0,0.0,0.0,0.8717877
sonora_256_50_3123,0.09539313,0.011201158,0.0,0.0,0.0,0.0,0.89340574
sonora_256_50_3124,0.083856724,0.04229556,0.0,0.0,0.0,0.0,0.8738477
sonora_256_50_3125,0.10306302,0.031094404,0.0,0.0,0.0,0.0,0.8658426
sonora_256_50_3126,0.11977631,0.0,0.0,0.0,0.0,0.0,0.8802237
sonora_256_50_3127,0.112357154,0.0,0.0,0.0,0.0,0.0,0.88764286
sonora_256_50_3128,0.113944635,0.0,0.0,0.0,0.0,0.0,0.88605535
sonora_256_50_3129,0.12455947,0.0,0.0,0.0,0.0,0.0,0.87544054
sonora_256_50_3130,0.10948075,0.0,0.0,0.0,0.0,0.0,0.89051926
sonora_256_50_3131,0.06839152,0.0,0.0,0.0,0.0,0.0,0.9316085
sonora_256_50_3132,0.049902115,0.0,0.0,0.0,0.0,0.0,0.95009786
sonora_256_50_3133,0.043080885,0.0,0.0,0.0,0.0,0.0,0.95691913
sonora_256_50_3134,0.018496832,0.0,0.0,0.0,0.0,0.0,0.9815032
sonora_256_50_3135,0.0,0.0,0.0,0.0,0.0,0.0,1.0
sonora_256_50_3136,0.0,0.0,0.0,0.0,0.0,0.0,1.0
sonora_256_50_3137,0.0,0.05661917,0.0,0.0,0.0,0.0,0.94338083
sonora_256_50_3138,0.0,0.5316968,0.0,0.0,0.0,0.0,0.46830317
sonora_256_50_3139,0.0,0.72204566,0.0,0.253032,0.0,0.0,0.024922358
sonora_256_50_3140,0.0,0.2479999,0.0,0.7520001,0.0,0.0,0.0
sonora_256_50_3141,0.0,0.0010318874,0.0,0.8848269,0.0,0.0,0.11414122
sonora_256_50_3142,0.0,0.0,0.0,0.5294305,0.0,0.0,0.4705695
sonora_256_50_3143,0.0,0.0,0.0,0.31570032,0.0,0.0,0.6842997
sonora_256_50_3144,0.0,0.13936763,0.0,0.38360408,0.0,0.0,0.4770283
sonora_256_50_3145,0.0,0.31662992,0.0,0.21627395,0.0,0.0,0.46709612
sonora_256_50_3146,0.0,0.33810425,0.0,0.004798472,0.0,0.0,0.6570973
sonora_256_50_3147,0.0,0.20645879,0.0,0.0,0.0,0.0,0.7935412
sonora_256_50_3148,0.018998025,0.061908673,0.0,0.0,0.0,0.0,0.9190933
sonora_256_50_3149,0.035903454,0.35821515,0.0,0.06593016,0.0,0.0,0.5399512
sonora_256_50_3150,0.05415801,0.49223056,0.0,0.19112398,0.0,0.0,0.26248744
sonora_256_50_3151,0.03725258,0.28273028,0.0,0.12526512,0.0,0.0,0.554752
sonora_256_50_3152,0.0,0.23111393,0.0,7.1313516e-05,0.0,0.0,0.76881474
sonora_256_50_3153,0.0,0.14883526,0.0,0.0,0.0,0.0,0.85116476
sonora_256_50_3154,0.0,0.15426017,0.0,0.0,0.0,0.0,0.8457398
sonora_256_50_3155,0.0,0.111299805,0.0,0.0,0.0,0.0,0.8887002
sonora_256_50_3156,0.0,0.0071839825,0.0,0.0,0.0,0.0,0.99281603
sonora_256_50_3157,0.0,0.0,0.0,0.0,0.0,0.0,1.0
sonora_256_50_3158,0.0,0.0,0.0,0.0,0.0,0.0,1.0
sonora_256_50_3159,0.0,0.0,0.0,0.0,0.0,0.0,1.0
sonora_256_50_3160,0.0,0.0,0.0,0.0,0.0,0.0,1.0
sonora_256_50_3161,0.052223448,0.077920936,0.0,0.0,0.0,0.0,0.8698556
sonora_256_50_3162,0.052223448,0.12731151,0.0,0.0,0.0,0.0,0.820465
sonora_256_50_3163,0.0,0.091250375,0.0,0.0,0.0,0.0,0.90874964
sonora_256_50_3164,0.0,0.042456955,0.0,0.0,0.0,0.0,0.957543
sonora_256_50_3165,0.0,0.0005971621,0.0,0.0,0.0,0.0,0.9994028
sonora_256_50_3166,0.0,0.10195329,0.0,0.0,0.0,0.0,0.89804673
sonora_256_50_3167,0.0,0.34757254,0.0,0.0,0.0,0.0,0.65242743
sonora_256_50_3168,0.0,0.33097532,0.0,0.0,0.0,0.0,0.66902465
sonora_256_50_3169,0.0,0.13728324,0.0,0.0,0.0,0.0,0.8627168
sonora_256_50_3170,0.030045105,0.056462944,0.0,0.0,0.0,0.0,0.91349196
sonora_256_50_3171,0.069722034,0.0045357826,0.0,0.0,0.0,0.0,0.92574215
sonora_256_50_3172,0.03967693,0.0039610784,0.0,0.0,0.0,0.0,0.95636195
sonora_256_50_3173,0.0043061725,0.0039610784,0.0,0.0,0.0,0.0,0.9917328
sonora_256_50_3174,0.03592556,0.0,0.0,0.0,0.0,0.0,0.96407443
sonora_256_50_3175,0.0,0.6580888,0.0,0.0,0.0,0.0,0.34191117
sonora_256_50_3176,0.0,0.83230275,0.0,0.0,0.0,0.0,0.16769728
sonora_256_50_3177,0.0,0.76713955,0.0,0.0,0.0,0.0,0.23286042
sonora_256_50_3178,0.0,0.6073748,0.0,0.0,0.0,0.0,0.3926252
sonora_256_50_3179,0.0,0.5517483,0.0,0.0,0.0,0.0,0.44825172
sonora_256_50_3180,0.0,0.7833822,0.0,0.0,0.0,0.0,0.21661781
sonora_256_50_3181,0.0,0.8224556,0.0,0.0,0.0,0.0,0.1775444
sonora_256_50_3182,0.0,0.6061485,0.0,0.0,0.0,0.0,0.39385155
sonora_256_50_3183,0.013589483,0.34633836,0.0,0.0,0.0,0.0,0.64007217
sonora_256_50_3184,0.12050387,0.21158044,0.0,0.0,0.0,0.0,0.6679157
sonora_256_50_3185,0.2707055,0.34019995,0.0,0.0,0.0,0.0,0.38909456
sonora_256_50_3186,0.29918334,0.31545267,0.0,0.0,0.0,0.0,0.38536403
sonora_256_50_3187,0.18151176,0.1370586,0.0,0.0,0.0,0.0,0.6814296
sonora_256_50_3188,0.10183268,0.157523,0.0,0.0,0.0,0.0,0.74064434
sonora_256_50_3189,0.13599853,0.14896388,0.0,0.0,0.0,0.0,0.7150376
sonora_256_50_3190,0.16822271,0.040056944,0.0,0.0,0.0,0.0,0.79172033
sonora_256_50_3191,0.14676237,0.0,0.0,0.0,0.0,0.0,0.8532376
sonora_256_50_3192,0.1207955,0.034944758,0.0,0.0,0.0,0.0,0.84425974
sonora_256_50_3193,0.12217301,0.08904381,0.0,0.0,0.0,0.0,0.7887832
sonora_256_50_3194,0.12387825,0.05409906,0.0,0.0,0.0,0.0,0.8220227
sonora_256_50_3195,0.0912083,0.0,0.0,0.0,0.0,0.0,0.90879166
sonora_256_50_3196,0.049299173,0.0,0.0,0.0,0.0,0.0,0.9507008
sonora_256_50_3197,0.046788618,0.0,0.0,0.0,0.0,0.0,0.95321137
sonora_256_50_3198,0.05740195,0.00012785301,0.0,0.0,0.0,0.0,0.9424702
sonora_256_50_3199,0.0507127,0.019267565,0.0,0.0,0.0,0.0,0.93001974
sonora_256_50_3200,0.04348308,0.019139713,0.0,0.0,0.0,0.0,0.9373772
sonora_256_50_3201,0.049734335,0.0,0.0,0.0,0.0,0.0,0.95026565
sonora_256_50_3202,0.043080885,0.025134081,0.0,0.0,0.0,0.0,0.93178505
sonora_256_50_3203,0.04401408,0.08554147,0.0,0.0,0.0,0.0,0.8704444
sonora_256_50_3204,0.02551725,0.22051857,0.0,0.0,0.0,0.0,0.7539642
sonora_256_50_3205,0.0,0.33412242,0.0,0.0,0.0,0.0,0.6658776
sonora_256_50_3206,0.0,0.42050746,0.0,0.0,0.0,0.0,0.57949257
sonora_256_50_3207,0.0,0.7464962,0.0,0.0,0.0,0.0,0.25350377
sonora_256_50_3208,0.0,0.75900465,0.0,0.24099533,0.0,0.0,0.0
sonora_256_50_3209,0.0,0.25900468,0.0,0.72683465,0.0,0.0,0.014160654
sonora_256_50_3210,0.0,0.0,0.0,0.62205476,0.0,0.0,0.37794524
sonora_256_50_3211,0.0,0.0,0.0,0.1370047,0.0,0.0,0.86299527
sonora_256_50_3212,0.0,0.0,0.0,0.009910587,0.0,0.0,0.9900894
sonora_256_50_3213,0.0,0.07775786,0.0,0.032206543,0.0,0.0,0.8900356
sonora_256_50_3214,0.0,0.096802086,0.0,0.023085253,0.0,0.0,0.88011265
sonora_256_50_3215,0.0,0.10043942,0.0,0.0,0.0,0.0,0.8995606
sonora_256_50_3216,0.0,0.16963038,0.0,0.0,0.0,0.0,0.8303696
sonora_256_50_3217,0.003199052,0.11415161,0.0,0.0,0.0,0.0,0.88264936
sonora_256_50_3218,0.003199052,0.21748254,0.0,0.0,0.0,0.0,0.7793184
sonora_256_50_3219,0.0,0.3361162,0.0,0.009516852,0.0,0.0,0.65436697
sonora_256_50_3220,0.0,0.28125912,0.0,0.009588165,0.0,0.0,0.7091527
sonora_256_50_3221,0.0,0.34850383,0.0,7.1313516e-05,0.0,0.0,0.6514249
sonora_256_50_3222,0.0,0.34133548,0.0,0.0,0.0,0.0,0.6586646
sonora_256_50_3223,0.0,0.26356256,0.0,0.0,0.0,0.0,0.73643744
sonora_256_50_3224,0.0,0.26228362,0.0,0.0,0.0,0.0,0.7377164
sonora_256_50_3225,0.0,0.13064374,0.0,0.0,0.0,0.0,0.8693562
sonora_256_50_3226,0.0,0.0023819923,0.0,0.0,0.0,0.0,0.997618
sonora_256_50_3227,0.0,0.0,0.0,0.0,0.0,0.0,1.0
sonora_256_50_3228,0.0,0.0,0.0,0.0,0.0,0.0,1.0
sonora_256_50_3229,0.0,0.019490277,0.0,0.0,0.0,0.0,0.9805097
sonora_256_50_3230,0.04205903,0.121972114,0.0,0.0,0.0,0.0,0.83596885
sonora_256_50_3231,0.042260434,0.102481835,0.0,0.0,0.0,0.0,0.85525775
sonora_256_50_3232,0.0002014017,0.018586576,0.0,0.0,0.0,0.0,0.981212
sonora_256_50_3233,0.0,0.018586576,0.0,0.0,0.0,0.0,0.9814134
sonora_256_50_3234,0.0,0.0,0.0,0.0,0.0,0.0,1.0
sonora_256_50_3235,0.0,0.20066267,0.0,0.0,0.0,0.0,0.7993374
sonora_256_50_3236,0.0,0.26319513,0.0,0.0,0.0,0.0,0.73680484
sonora_256_50_3237,0.0,0.16098389,0.0,0.0,0.0,0.0,0.8390161
sonora_256_50_3238,0.0,0.38319966,0.0,0.0,0.0,0.0,0.6168003
sonora_256_50_3239,0.00081293454,0.36845636,0.0,0.0,0.0,0.0,0.6307307
sonora_256_50_3240,0.05252379,0.08370811,0.0,0.0,0.0,0.0,0.8637681
sonora_256_50_3241,0.08387243,0.008406592,0.0,0.0,0.0,0.0,0.907721
sonora_256_50_3242,0.032161575,0.01825023,0.0,0.0,0.0,0.0,0.9495882
sonora_256_50_3243,0.006701826,0.018470073,0.0,0.0,0.0,0.0,0.9748281
sonora_256_50_3244,0.0,0.530542,0.0,0.0,0.0,0.0,0.46945795
sonora_256_50_3245,0.0,0.51755947,0.0,0.0,0.0,0.0,0.48244053
sonora_256_50_3246,0.0010608806,0.4600232,0.0,0.0,0.0,0.0,0.53891593
sonora_256_50_3247,0.030785687,0.47803283,0.0,0.0,0.0,0.0,0.4911815
sonora_256_50_3248,0.06918138,0.6626155,0.0,0.009816416,0.0,0.0,0.2583867
sonora_256_50_3249,0.0788852,0.8165626,0.0,0.011007394,0.0,0.0,0.09354485
sonora_256_50_3250,0.07873196,0.64295346,0.0,0.0011909783,0.0,0.0,0.27712366
sonora_256_50_3251,0.07658198,0.54882425,0.0,0.0,0.0,0.0,0.3745938
sonora_256_50_3252,0.07219296,0.5450475,0.0,0.0,0.0,0.0,0.38275957
sonora_256_50_3253,0.13915336,0.3961416,0.0,0.0,0.0,0.0,0.46470505
sonora_256_50_3254,0.24509197,0.4792151,0.0,0.0,0.0,0.0,0.27569294
sonora_256_50_3255,0.27243304,0.47116864,0.0,0.0,0.0,0.0,0.25639835
sonora_256_50_3256,0.19572654,0.15823975,0.0,0.0,0.0,0.0,0.64603364
sonora_256_50_3257,0.11647113,0.15482557,0.0,0.0,0.0,0.0,0.7287033
sonora_256_50_3258,0.094468355,0.25181636,0.0,0.0,0.0,0.0,0.6537153
sonora_256_50_3259,0.05325654,0.19059554,0.0,0.0,0.0,0.0,0.7561479
sonora_256_50_3260,0.0185501,0.07401963,0.0,0.0,0.0,0.0,0.9074303
sonora_256_50_3261,0.025402375,0.033501647,0.0,0.0,0.0,0.0,0.941096
sonora_256_50_3262,0.03832858,0.07150836,0.0,0.0,0.0,0.0,0.89016306
sonora_256_50_3263,0.04480465,0.03978257,0.0,0.0,0.0,0.0,0.9154128
sonora_256_50_3264,0.03215957,0.0,0.0,0.0,0.0,0.0,0.96784043
sonora_256_50_3265,0.0077183684,0.0,0.0,0.0,0.0,0.0,0.9922816
sonora_256_50_3266,0.0,0.0,0.0,0.0,0.0,0.0,1.0
sonora_256_50_3267,0.0,0.00012785301,0.0,0.0,0.0,0.0,0.99987215
sonora_256_50_3268,0.0,0.053447336,0.0,0.0,0.0,0.0,0.9465527
sonora_256_50_3269,0.0,0.26544648,0.0,0.0,0.0,0.0,0.7345535
sonora_256_50_3270,0.0,0.39626706,0.0,0.0,0.0,0.0,0.60373294
sonora_256_50_3271,0.0,0.40161976,0.0,0.0,0.0,0.0,0.5983802
sonora_256_50_3272,0.05983735,0.36644414,0.0,0.0,0.0,0.0,0.57371855
sonora_256_50_3273,0.05983735,0.34051043,0.0,0.0,0.0,0.0,0.5996522
sonora_256_50_3274,0.0,0.36555722,0.0,0.0,0.0,0.0,0.63444275
sonora_256_50_3275,0.0,0.36889958,0.008198078,0.0,0.0,0.0,0.62290233
sonora_256_50_3276,0.0,0.6411904,0.055767424,0.0,0.0,0.0,0.30304214
sonora_256_50_3277,0.0,0.8491234,0.04756935,0.09717866,0.0,0.0,0.0061285994
sonora_256_50_3278,0.09544719,0.43671867,0.0,0.41771734,0.0,0.0,0.050116785
sonora_256_50_3279,0.09544719,0.03389734,0.0,0.32935223,0.0,0.0,0.5413032
sonora_256_50_3280,0.0,0.0,0.0,0.00881355,0.0,0.0,0.99118644
sonora_256_50_3281,0.0,0.0,0.0,0.0,0.0,0.0,1.0
sonora_256_50_3282,0.0,0.0,0.0,0.0,0.0,0.0,1.0
sonora_256_50_3283,0.0,0.0,0.0,0.0,0.0,0.0,1.0
sonora_256_50_3284,0.0,0.0,0.0,0.0,0.0,0.0,1.0
sonora_256_50_3285,0.0,0.058507938,0.0,0.0,0.0,0.0,0.9414921
sonora_256_50_3286,0.0,0.07659239,0.0,0.0,0.0,0.0,0.9234076
sonora_256_50_3287,0.0,0.028152712,0.0,0.0,0.0,0.0,0.9718473
sonora_256_50_3288,0.0,0.010068256,0.0,0.0,0.0,0.0,0.98993176
sonora_256_50_3289,0.0,0.04950513,0.0,0.0,0.0,0.0,0.9504949
sonora_256_50_3290,0.0,0.2194593,0.0,0.0,0.0,0.0,0.7805407
sonora_256_50_3291,0.0,0.24935049,0.0,0.0,0.0,0.0,0.7506495
sonora_256_50_3292,0.0,0.10930237,0.0,0.0,0.0,0.0,0.8906976
sonora_256_50_3293,0.0,0.21419528,0.0,0.0,0.0,0.0,0.78580475
sonora_256_50_3294,0.0,0.26116654,0.0,0.0,0.0,0.0,0.7388334
sonora_256_50_3295,0.0,0.11679185,0.0,0.0,0.0,0.0,0.88320816
sonora_256_50_3296,0.0,0.04998633,0.0,0.0,0.0,0.0,0.9500137
sonora_256_50_3297,0.0,0.010071766,0.0,0.0,0.0,0.0,0.98992825
sonora_256_50_3298,0.0,0.020604655,0.0,0.0,0.0,0.0,0.97939533
sonora_256_50_3299,0.01713381,0.09877377,0.0,0.0,0.0,0.0,0.8840924
sonora_256_50_3300,0.019779181,0.078169115,0.0,0.0,0.0,0.0,0.9020517
sonora_256_50_3301,0.017840892,0.0,0.0,0.0,0.0,0.0,0.98215914
sonora_256_50_3302,0.0151955215,0.0,0.0,0.0,0.0,0.0,0.98480445
sonora_256_50_3303,0.0,0.016840031,0.0,0.0,0.0,0.0,0.98315996
sonora_256_50_3304,0.0,0.22760849,0.0,0.0,0.0,0.0,0.77239156
sonora_256_50_3305,0.0,0.278331,0.0,0.0,0.0,0.0,0.72166896
sonora_256_50_3306,0.0,0.09242587,0.0,0.0,0.0,0.0,0.9075741
sonora_256_50_3307,0.0,0.39226934,0.0,0.0,0.0,0.0,0.6077307
sonora_256_50_3308,0.0,0.46776435,0.0,0.0,0.0,0.0,0.5322356
sonora_256_50_3309,0.013100061,0.10035833,0.0,0.0,0.0,0.0,0.8865416
sonora_256_50_3310,0.054896515,0.00889187,0.0,0.0,0.0,0.0,0.93621165
sonora_256_50_3311,0.08559621,0.05656538,0.0,0.0,0.0,0.0,0.8578384
sonora_256_50_3312,0.07113772,0.07442705,0.0,0.0,0.0,0.0,0.8544352
sonora_256_50_3313,0.24709526,0.17257684,0.0,0.0,0.0,0.0,0.58032787
sonora_256_50_3314,0.28222016,0.09400459,0.0,0.0,0.0,0.0,0.62377524
sonora_256_50_3315,0.25910535,0.123240024,0.0,0.0,0.0,0.0,0.6176546
sonora_256_50_3316,0.19858158,0.33526608,0.0,0.0,0.0,0.0,0.4661523
sonora_256_50_3317,0.11862932,0.5976683,0.0,0.04209811,0.0,0.0,0.2416043
sonora_256_50_3318,0.08113511,0.55244803,0.0,0.07825003,0.0,0.0,0.28816682
sonora_256_50_3319,0.07873196,0.3281179,0.0,0.036151923,0.0,0.0,0.5569982
sonora_256_50_3320,0.07658198,0.4415772,0.0,0.0,0.0,0.0,0.48184082
sonora_256_50_3321,0.058603477,0.713959,0.0,0.0,0.0,0.0,0.22743754
sonora_256_50_3322,0.021324834,0.6616311,0.0,0.0,0.0,0.0,0.31704408
sonora_256_50_3323,0.02625591,0.5912937,0.0,0.0,0.0,0.0,0.3824504
sonora_256_50_3324,0.08942029,0.40774578,0.0,0.0,0.0,0.0,0.5028339
sonora_256_50_3325,0.081191316,0.10739777,0.0,0.0,0.0,0.0,0.8114109
sonora_256_50_3326,0.019706964,0.12632312,0.0,0.0,0.0,0.0,0.85396993
sonora_256_50_3327,0.0016800287,0.20516388,0.0,0.0,0.0,0.0,0.7931561
sonora_256_50_3328,0.0,0.3135431,0.0,0.0,0.0,0.0,0.6864569
sonora_256_50_3329,0.0,0.39230087,0.0,0.0,0.0,0.0,0.6076991
sonora_256_50_3330,0.0,0.21230786,0.0,0.0,0.0,0.0,0.7876921
sonora_256_50_3331,0.0,0.05012626,0.0,0.0,0.0,0.0,0.94987375
sonora_256_50_3332,0.0,0.016777914,0.0,0.0,0.0,0.0,0.98322207
sonora_256_50_3333,0.0,0.0,0.0,0.0,0.0,0.0,1.0
sonora_256_50_3334,0.0,0.0,0.0,0.0,0.0,0.0,1.0
sonora_256_50_3335,0.0,0.010848489,0.0,0.0,0.0,0.0,0.98915154
sonora_256_50_3336,0.0,0.049739126,0.0,0.0,0.0,0.0,0.9502609
sonora_256_50_3337,0.0,0.20931815,0.0,0.0,0.0,0.0,0.79068184
sonora_256_50_3338,0.0,0.4668237,0.0,0.0,0.0,0.0,0.5331763
sonora_256_50_3339,0.0,0.48053625,0.0,0.0,0.0,0.0,0.5194637
sonora_256_50_3340,0.0,0.38267165,0.0,0.0,0.0,0.0,0.61732835
sonora_256_50_3341,0.03432955,0.28708863,0.0,0.0,0.0,0.0,0.67858183
sonora_256_50_3342,0.03432955,0.11999187,0.0,0.0,0.0,0.0,0.84567857
sonora_256_50_3343,0.0,0.031434808,0.0,0.0,0.0,0.0,0.96856517
sonora_256_50_3344,0.0,0.0035926485,0.008198078,0.0,0.0,0.0,0.98820925
sonora_256_50_3345,0.0,0.33114237,0.055788144,0.0,0.0,0.0,0.6130695
sonora_256_50_3346,0.0,0.8247659,0.04759007,0.0027837928,0.0,0.0,0.12486022
sonora_256_50_3347,0.100300804,0.65980166,0.0,0.08748313,0.0,0.0,0.15241441
sonora_256_50_3348,0.100300804,0.16258545,0.0,0.09315626,0.0,0.0,0.6439575
sonora_256_50_3349,0.0,0.0,0.0,0.008456921,0.0,0.0,0.99154305
sonora_256_50_3350,0.0,0.0,0.0,0.0,0.0,0.0,1.0
sonora_256_50_3351,0.0,0.0,0.0,0.0,0.0,0.0,1.0
sonora_256_50_3352,0.0,0.0,0.0,0.0,0.0,0.0,1.0
sonora_256_50_3353,0.0,0.0,0.0,0.0,0.0,0.0,1.0
sonora_256_50_3354,0.0,0.0,0.0,0.0,0.0,0.0,1.0
sonora_256_50_3355,0.0,0.0,0.0,0.0,0.0,0.0,1.0
sonora_256_50_3356,0.0,0.0,0.0,0.0,0.0,0.0,1.0
sonora_256_50_3357,0.0,0.0,0.0,0.0,0.0,0.0,1.0
sonora_256_50_3358,0.0,0.045219116,0.0,0.0,0.0,0.0,0.9547809
sonora_256_50_3359,0.0,0.10962426,0.0,0.0,0.0,0.0,0.89037573
sonora_256_50_3360,0.0,0.06440514,0.0,0.0,0.0,0.0,0.93559486
sonora_256_50_3361,0.0,0.0,0.0,0.0,0.0,0.0,1.0
sonora_256_50_3362,0.0,0.06321146,0.0,0.0,0.0,0.0,0.93678856
sonora_256_50_3363,0.0,0.15566596,0.0,0.0,0.0,0.0,0.84433407
sonora_256_50_3364,0.0,0.17494053,0.0,0.0,0.0,0.0,0.8250595
sonora_256_50_3365,0.0,0.2156858,0.0,0.0,0.0,0.0,0.7843142
sonora_256_50_3366,0.0,0.22065482,0.0,0.0,0.0,0.0,0.7793453
sonora_256_50_3367,0.0,0.14320044,0.0,0.0,0.0,0.0,0.85679954
sonora_256_50_3368,0.0052023116,0.1216359,0.0,0.0,0.0,0.0,0.8731618
sonora_256_50_3369,0.030666612,0.0658905,0.0,0.0,0.0,0.0,0.90344286
sonora_256_50_3370,0.07207523,0.0,0.0,0.0,0.0,0.0,0.92792475
sonora_256_50_3371,0.046610933,0.0,0.0,0.0,0.0,0.0,0.95338905
sonora_256_50_3372,0.01921105,0.038475286,0.0,0.0,0.0,0.0,0.9423137
sonora_256_50_3373,0.01921105,0.22765136,0.0,0.0,0.0,0.0,0.7531376
sonora_256_50_3374,0.0,0.3066797,0.0,0.0,0.0,0.0,0.69332033
sonora_256_50_3375,0.0,0.122666,0.0,0.0,0.0,0.0,0.877334
sonora_256_50_3376,0.0,0.15500201,0.0,0.0,0.0,0.0,0.844998
sonora_256_50_3377,0.0,0.19717513,0.0,0.0,0.0,0.0,0.80282485
sonora_256_50_3378,0.0,0.0473355,0.0,0.0,0.0,0.0,0.9526645
sonora_256_50_3379,0.0096348785,0.0004852783,0.0,0.0,0.0,0.0,0.98987985
sonora_256_50_3380,0.053434633,0.038315147,0.0,0.0,0.0,0.0,0.9082502
sonora_256_50_3381,0.1075436,0.055956982,0.0,0.0,0.0,0.0,0.8364994
sonora_256_50_3382,0.308909,0.12741214,0.0,0.0,0.0,0.0,0.56367886
sonora_256_50_3383,0.45175898,0.0963669,0.0,0.0,0.0,0.0,0.45187414
sonora_256_50_3384,0.42922145,0.11725997,0.0,0.0,0.0,0.0,0.45351857
sonora_256_50_3385,0.23593171,0.39622337,0.0,0.0,0.0,0.0,0.3678449
sonora_256_50_3386,0.19337422,0.54589695,0.0,0.032281693,0.0,0.0,0.22844718
sonora_256_50_3387,0.17962103,0.2663757,0.0,0.06724264,0.0,0.0,0.48676065
sonora_256_50_3388,0.17640959,0.058334805,0.0,0.034960944,0.0,0.0,0.73029464
sonora_256_50_3389,0.17312913,0.25647953,0.0,0.0,0.0,0.0,0.57039136
sonora_256_50_3390,0.15835987,0.4731937,0.0,0.0,0.0,0.0,0.36844644
sonora_256_50_3391,0.14940538,0.46845296,0.0,0.0,0.0,0.0,0.38214168
sonora_256_50_3392,0.28621536,0.35335505,0.0,0.0,0.0,0.0,0.36042956
sonora_256_50_3393,0.28631788,0.118910514,0.0,0.0,0.0,0.0,0.5947716
sonora_256_50_3394,0.07663756,0.0003851098,0.0,0.0,0.0,0.0,0.9229773
sonora_256_50_3395,0.0,0.008038916,0.0,0.0,0.0,0.0,0.99196106
sonora_256_50_3396,0.0,0.23082253,0.0,0.0,0.0,0.0,0.7691775
sonora_256_50_3397,0.0,0.5387884,0.0,0.0,0.0,0.0,0.46121165
sonora_256_50_3398,0.0,0.7428033,0.0,0.0,0.0,0.0,0.25719672
sonora_256_50_3399,0.0,0.69838125,0.0,0.0,0.0,0.0,0.30161875
sonora_256_50_3400,0.0,0.42938095,0.0,0.0,0.0,0.0,0.57061905
sonora_256_50_3401,0.0,0.23442598,0.0,0.0,0.0,0.0,0.76557404
sonora_256_50_3402,0.0,0.076242626,0.0,0.0,0.0,0.0,0.9237574
sonora_256_50_3403,0.0,0.0,0.0,0.0,0.0,0.0,1.0
sonora_256_50_3404,0.0,0.010848489,0.0,0.0,0.0,0.0,0.98915154
sonora_256_50_3405,0.0,0.07542668,0.0,0.0,0.0,0.0,0.9245733
sonora_256_50_3406,0.0,0.3742548,0.0,0.0,0.0,0.0,0.6257452
sonora_256_50_3407,0.0,0.47149035,0.0,0.0,0.0,0.0,0.5285096
sonora_256_50_3408,0.0,0.18539906,0.0,0.0,0.0,0.0,0.81460094
sonora_256_50_3409,0.0,0.029771285,0.0,0.0,0.0,0.0,0.97022873
sonora_256_50_3410,9.451419e-06,0.0061859787,0.0,0.0,0.0,0.0,0.9938046
sonora_256_50_3411,9.451419e-06,0.00042020174,0.0,0.0,0.0,0.0,0.99957037
sonora_256_50_3412,0.0,0.00042020174,0.0,0.0,0.0,0.0,0.9995798
sonora_256_50_3413,0.0,0.015059464,0.0,0.0,0.0,0.0,0.9849405
sonora_256_50_3414,0.0,0.217205,0.032272756,0.0,0.0,0.0,0.75052226
sonora_256_50_3415,0.0,0.7021455,0.032272756,0.0,0.0,0.0,0.2655817
sonora_256_50_3416,0.004853613,0.809073,0.0,0.0,0.0,0.0,0.18607342
sonora_256_50_3417,0.004853613,0.32253116,0.0,0.0,0.0,0.0,0.67261523
sonora_256_50_3418,0.0,0.013458204,0.0,0.0,0.0,0.0,0.9865418
sonora_256_50_3419,0.0,0.0,0.0,0.0,0.0,0.0,1.0
sonora_256_50_3420,0.0,0.0,0.0,0.0,0.0,0.0,1.0
sonora_256_50_3421,0.0,0.0,0.0,0.0,0.0,0.0,1.0
sonora_256_50_3422,0.0,0.0,0.0,0.0,0.0,0.0,1.0
sonora_256_50_3423,0.0,0.0,0.0,0.0,0.0,0.0,1.0
sonora_256_50_3424,0.0,0.0,0.0,0.0,0.0,0.0,1.0
sonora_256_50_3425,0.0,0.0,0.0,0.0,0.0,0.0,1.0
sonora_256_50_3426,0.0,0.0,0.0,0.0,0.0,0.0,1.0
sonora_256_50_3427,0.0,0.0,0.0,0.0,0.0,0.0,1.0
sonora_256_50_3428,0.0,0.0075548706,0.0,0.0,0.0,0.0,0.9924451
sonora_256_50_3429,0.0,0.0075548706,0.0,0.0,0.0,0.0,0.9924451
sonora_256_50_3430,0.0,0.0032402044,0.0,0.0,0.0,0.0,0.9967598
sonora_256_50_3431,0.0,0.10341513,0.0,0.0,0.0,0.0,0.89658487
sonora_256_50_3432,0.0,0.16718358,0.0,0.0,0.0,0.0,0.8328164
sonora_256_50_3433,0.0,0.10958012,0.0,0.0,0.0,0.0,0.8904199
sonora_256_50_3434,0.0,0.22914398,0.0,0.0,0.0,0.0,0.770856
sonora_256_50_3435,0.0,0.3575632,0.0,0.0,0.0,0.0,0.6424368
sonora_256_50_3436,0.0,0.27914008,0.0,0.0,0.0,0.0,0.72085994
sonora_256_50_3437,0.019200485,0.16536455,0.0,0.0,0.0,0.0,0.815435
sonora_256_50_3438,0.078386754,0.08678064,0.0,0.0,0.0,0.0,0.83483255
sonora_256_50_3439,0.13933353,0.029565495,0.0,0.0,0.0,0.0,0.831101
sonora_256_50_3440,0.08049858,0.0,0.0,0.0,0.0,0.0,0.9195014
sonora_256_50_3441,0.01957878,0.0238939,0.0,0.0,0.0,0.0,0.9565273
sonora_256_50_3442,0.03664998,0.1951773,0.0,0.0,0.0,0.0,0.76817274
sonora_256_50_3443,0.019011462,0.24806848,0.0,0.0,0.0,0.0,0.73292005
sonora_256_50_3444,0.0015889406,0.107043624,0.0,0.0,0.0,0.0,0.89136744
sonora_256_50_3445,0.0,0.045513246,0.0,0.0,0.0,0.0,0.9544867
sonora_256_50_3446,0.0,0.041404184,0.0,0.0,0.0,0.0,0.9585958
sonora_256_50_3447,0.0,0.026149493,0.0,0.0,0.0,0.0,0.9738505
sonora_256_50_3448,0.0,0.0,0.0,0.0,0.0,0.0,1.0
sonora_256_50_3449,0.0,0.0,0.0,0.0,0.0,0.0,1.0
sonora_256_50_3450,0.0986802,0.0,0.0,0.0,0.0,0.0,0.90131986
sonora_256_50_3451,0.12434371,0.115922466,0.0,0.0,0.0,0.0,0.7597338
sonora_256_50_3452,0.37087193,0.12027168,0.0,0.0,0.0,0.0,0.5088564
sonora_256_50_3453,0.3565742,0.3090339,0.0,0.0,0.0,0.0,0.33439186
sonora_256_50_3454,0.06813581,0.5693221,0.0,0.0,0.0,0.0,0.36254203
sonora_256_50_3455,0.14392628,0.45341018,0.0,0.0,0.0,0.0,0.40266353
sonora_256_50_3456,0.17737111,0.19815494,0.0,0.0,0.0,0.0,0.6244739
sonora_256_50_3457,0.17640959,0.070536144,0.0,0.0,0.0,0.0,0.75305426
sonora_256_50_3458,0.17312913,0.10300571,0.0,0.0,0.0,0.0,0.72386515
sonora_256_50_3459,0.17580935,0.14003932,0.0,0.0,0.0,0.0,0.6841513
sonora_256_50_3460,0.37688217,0.105069354,0.0,0.0,0.0,0.0,0.51804847
sonora_256_50_3461,0.7199868,0.09463883,0.0,0.0,0.0,0.0,0.18537441
sonora_256_50_3462,0.70734966,0.026603093,0.0,0.0,0.0,0.0,0.26604727
sonora_256_50_3463,0.35938385,0.03183976,0.0,0.0,0.0,0.0,0.6087764
sonora_256_50_3464,0.16955021,0.07239005,0.0,0.0,0.0,0.0,0.75805974
sonora_256_50_3465,0.1425174,0.37228552,0.0,0.0,0.0,0.0,0.48519707
sonora_256_50_3466,0.07273752,0.7085852,0.0,0.0,0.0,0.0,0.21867728
sonora_256_50_3467,0.014311693,0.8354052,0.0,0.0,0.0,0.0,0.15028316
sonora_256_50_3468,0.0,0.95333254,0.0,0.0,0.0,0.0,0.046667468
sonora_256_50_3469,0.0,0.7358293,0.0,0.0,0.0,0.0,0.2641707
sonora_256_50_3470,0.0,0.33235982,0.0,0.0,0.0,0.0,0.66764015
sonora_256_50_3471,0.0,0.091307856,0.0,0.0,0.0,0.0,0.9086921
sonora_256_50_3472,0.0,0.0,0.0,0.0,0.0,0.0,1.0
sonora_256_50_3473,0.0,0.023752617,0.0,0.0,0.0,0.0,0.9762474
sonora_256_50_3474,0.0,0.2420642,0.0,0.0,0.0,0.0,0.7579358
sonora_256_50_3475,0.0,0.48108473,0.0,0.0,0.0,0.0,0.51891524
sonora_256_50_3476,0.0,0.36301574,0.0,0.0,0.0,0.0,0.6369842
sonora_256_50_3477,0.0,0.13215268,0.0,0.0,0.0,0.0,0.8678473
sonora_256_50_3478,0.0,0.0319101,0.0,0.0,0.0,0.0,0.9680899
sonora_256_50_3479,0.0,0.0011119359,0.0,0.0,0.0,0.0,0.9988881
sonora_256_50_3480,0.0,0.054991167,0.0,0.0,0.0,0.0,0.9450088
sonora_256_50_3481,0.0,0.05422835,0.0,0.0,0.0,0.0,0.94577163
sonora_256_50_3482,0.0,0.023168027,0.0,0.0,0.0,0.0,0.976832
sonora_256_50_3483,0.0,0.1829989,0.05562704,0.0,0.0,0.0,0.76137406
sonora_256_50_3484,0.0,0.66017634,0.05562704,3.6225767e-06,0.0,0.0,0.28419298
sonora_256_50_3485,0.0,0.77958727,0.0,0.15079758,0.0,0.0,0.06961515
sonora_256_50_3486,0.0,0.4493902,0.0,0.19024107,0.0,0.0,0.3603687
sonora_256_50_3487,0.0,0.29070547,0.0,0.03944712,0.0,0.0,0.6698474
sonora_256_50_3488,0.0,0.2195377,0.0,0.0,0.0,0.0,0.78046227
sonora_256_50_3489,0.0,0.09863154,0.0,0.0,0.0,0.0,0.90136844
sonora_256_50_3490,0.0,0.0,0.0,0.0,0.0,0.0,1.0
sonora_256_50_3491,0.0,0.0,0.0,0.0,0.0,0.0,1.0
sonora_256_50_3492,0.0,0.0,0.0,0.0,0.0,0.0,1.0
sonora_256_50_3493,0.0,0.0,0.0,0.0,0.0,0.0,1.0
sonora_256_50_3494,0.0,0.0,0.0,0.0,0.0,0.0,1.0
sonora_256_50_3495,0.0,0.0,0.0,0.0,0.0,0.0,1.0
sonora_256_50_3496,0.0,0.0,0.0,0.0,0.0,0.0,1.0
sonora_256_50_3497,0.0,0.00095990906,0.0,0.0,0.0,0.0,0.99904007
sonora_256_50_3498,0.0,0.07029067,0.0,0.0,0.0,0.0,0.9297093
sonora_256_50_3499,0.0,0.13564251,0.0,0.0,0.0,0.0,0.8643575
sonora_256_50_3500,0.0,0.2285387,0.0,0.0,0.0,0.0,0.7714613
sonora_256_50_3501,0.0,0.23453106,0.0,0.0,0.0,0.0,0.76546896
sonora_256_50_3502,0.0,0.0723041,0.0,0.0,0.0,0.0,0.92769593
sonora_256_50_3503,0.0,0.11357207,0.0,0.0,0.0,0.0,0.88642794
sonora_256_50_3504,0.0,0.197562,0.0,0.0,0.0,0.0,0.802438
sonora_256_50_3505,0.0,0.23887569,0.0,0.0,0.0,0.0,0.7611243
sonora_256_50_3506,0.029400796,0.1902796,0.0,0.0,0.0,0.0,0.7803196
sonora_256_50_3507,0.06556673,0.06495935,0.0,0.0,0.0,0.0,0.86947393
sonora_256_50_3508,0.086286545,0.029565495,0.0,0.0,0.0,0.0,0.88414794
sonora_256_50_3509,0.08053162,0.0,0.0,0.0,0.0,0.0,0.9194684
sonora_256_50_3510,0.06275888,0.038371023,0.0,0.0,0.0,0.0,0.8988701
sonora_256_50_3511,0.072827056,0.15663967,0.0,0.0,0.0,0.0,0.7705333
sonora_256_50_3512,0.04206813,0.14459391,0.0,0.0,0.0,0.0,0.813338
sonora_256_50_3513,0.0015889406,0.12878108,0.0,0.0,0.0,0.0,0.86963
sonora_256_50_3514,0.0,0.10261773,0.0,0.0,0.0,0.0,0.89738226
sonora_256_50_3515,0.0,0.00016192794,0.0,0.0,0.0,0.0,0.99983805
sonora_256_50_3516,0.0,0.0,0.0,0.0,0.0,0.0,1.0
sonora_256_50_3517,0.0,0.0,0.0,0.0,0.0,0.0,1.0
sonora_256_50_3518,0.0,0.0,0.0,0.0,0.0,0.0,1.0
sonora_256_50_3519,0.09799911,0.016676256,0.0,0.0,0.0,0.0,0.8853246
sonora_256_50_3520,0.109681934,0.20818833,0.0,0.0,0.0,0.0,0.68212974
sonora_256_50_3521,0.31561968,0.15912314,0.0,0.0,0.0,0.0,0.5252572
sonora_256_50_3522,0.29628655,0.34259933,0.0,0.0,0.0,0.0,0.36111414
sonora_256_50_3523,0.0659003,0.58247495,0.0,0.0,0.0,0.0,0.35162476
sonora_256_50_3524,0.067130126,0.36068302,0.0,0.0,0.0,0.0,0.5721869
sonora_256_50_3525,0.071900554,0.15088816,0.0,0.0,0.0,0.0,0.7772113
sonora_256_50_3526,0.0664388,0.08971535,0.0,0.0,0.0,0.0,0.84384584
sonora_256_50_3527,0.03063417,0.048747957,0.0,0.0,0.0,0.0,0.9206179
sonora_256_50_3528,0.019364053,0.048747957,0.0,0.0,0.0,0.0,0.931888
sonora_256_50_3529,0.3137806,0.0,0.0,0.0,0.0,0.0,0.6862194
sonora_256_50_3530,0.75808245,0.0,0.0,0.0,0.0,0.0,0.24191758
sonora_256_50_3531,0.9057711,0.0,0.0,0.0,0.0,0.0,0.09422891
sonora_256_50_3532,0.52947843,0.03145465,0.0,0.0,0.0,0.0,0.43906692
sonora_256_50_3533,0.1696988,0.06435114,0.0,0.0,0.0,0.0,0.76595
sonora_256_50_3534,0.16984229,0.17186514,0.0,0.0,0.0,0.0,0.6582926
sonora_256_50_3535,0.2384651,0.4243285,0.0,0.0,0.0,0.0,0.33720642
sonora_256_50_3536,0.30871576,0.55896676,0.0,0.0,0.0,0.0,0.13231748
sonora_256_50_3537,0.24004486,0.5915584,0.0,0.0,0.0,0.0,0.16839676
sonora_256_50_3538,0.15874924,0.40082008,0.0,0.0,0.0,0.0,0.4404307
sonora_256_50_3539,0.15111066,0.09793386,0.0,0.0,0.0,0.0,0.75095546
sonora_256_50_3540,0.12606865,0.015152217,0.0,0.0,0.0,0.0,0.85877913
sonora_256_50_3541,0.06492384,0.025648542,0.0,0.0,0.0,0.0,0.90942764
sonora_256_50_3542,0.020940538,0.21956986,0.0,0.0,0.0,0.0,0.7594896
sonora_256_50_3543,0.14121656,0.4913086,0.0,0.0,0.0,0.0,0.36747482
sonora_256_50_3544,0.16957065,0.41531408,0.0,0.0,0.0,0.0,0.41511527
sonora_256_50_3545,0.03388594,0.1447556,0.0,0.0,0.0,0.0,0.82135844
sonora_256_50_3546,0.0,0.0350666,0.0,0.0,0.0,0.0,0.9649334
sonora_256_50_3547,0.0,0.0083247945,0.0,0.0,0.0,0.0,0.9916752
sonora_256_50_3548,0.0,0.0011119359,0.0,0.0,0.0,0.0,0.9988881
sonora_256_50_3549,0.0,0.063438706,0.0,0.0,0.0,0.0,0.9365613
sonora_256_50_3550,0.0,0.098015055,0.0,0.0,0.0,0.0,0.90198493
sonora_256_50_3551,0.0,0.09317422,0.0,0.0,0.0,0.0,0.9068258
sonora_256_50_3552,0.0,0.24999651,0.023375,0.0,0.0,0.0,0.7266285
sonora_256_50_3553,0.0,0.69219106,0.023375,0.00031953581,0.0,0.0,0.28411442
sonora_256_50_3554,0.0,0.63475317,0.0,0.36524686,0.0,0.0,0.0
sonora_256_50_3555,0.0,0.29141378,0.0,0.51968104,0.0,0.0,0.18890518
sonora_256_50_3556,0.0,0.27724728,0.0,0.15475371,0.0,0.0,0.567999
sonora_256_50_3557,0.0,0.30793595,0.0,0.0,0.0,0.0,0.69206405
sonora_256_50_3558,0.0,0.23147263,0.0,0.0,0.0,0.0,0.7685274
sonora_256_50_3559,0.0,0.04444285,0.0,0.0,0.0,0.0,0.95555717
sonora_256_50_3560,0.0,0.0,0.0,0.0,0.0,0.0,1.0
sonora_256_50_3561,0.0,0.0,0.0,0.0,0.0,0.0,1.0
sonora_256_50_3562,0.0,0.0,0.0,0.0,0.0,0.0,1.0
sonora_256_50_3563,0.0,2.5245903e-05,0.0,0.0,0.0,0.0,0.9999747
sonora_256_50_3564,0.0,0.003823701,0.0,0.0,0.0,0.0,0.9961763
sonora_256_50_3565,0.0,0.019491687,0.0,0.0,0.0,0.0,0.9805083
sonora_256_50_3566,0.0,0.09737265,0.0,0.0,0.0,0.0,0.90262735
sonora_256_50_3567,0.0,0.32441637,0.0,0.0,0.0,0.0,0.6755836
sonora_256_50_3568,0.0,0.36374035,0.0,0.0,0.0,0.0,0.6362596
sonora_256_50_3569,0.0,0.35161203,0.0,0.0,0.0,0.0,0.64838797
sonora_256_50_3570,0.0,0.2623456,0.0,0.0,0.0,0.0,0.7376544
sonora_256_50_3571,0.0,0.031737003,0.0,0.0,0.0,0.0,0.968263
sonora_256_50_3572,0.0,0.10770584,0.0,0.0,0.0,0.0,0.89229417
sonora_256_50_3573,0.0,0.115632966,0.0,0.0,0.0,0.0,0.88436705
sonora_256_50_3574,0.0,0.11422653,0.0,0.0,0.0,0.0,0.8857735
sonora_256_50_3575,0.043336034,0.1642394,0.0,0.0,0.0,0.0,0.79242456
sonora_256_50_3576,0.043336034,0.11117473,0.0,0.0,0.0,0.0,0.84548926
sonora_256_50_3577,0.0013887567,0.1043699,0.0,0.0,0.0,0.0,0.89424133
sonora_256_50_3578,0.03144845,0.06053066,0.0,0.0,0.0,0.0,0.90802085
sonora_256_50_3579,0.06418458,0.0730001,0.0,0.0,0.0,0.0,0.8628153
sonora_256_50_3580,0.10033893,0.11511278,0.0,0.0,0.0,0.0,0.7845483
sonora_256_50_3581,0.113114454,0.05349937,0.0,0.0,0.0,0.0,0.83338624
sonora_256_50_3582,0.054164324,0.080837265,0.0,0.0,0.0,0.0,0.86499846
sonora_256_50_3583,0.029248916,0.11344483,0.0,0.0,0.0,0.0,0.85730624
sonora_256_50_3584,0.021985007,0.034598783,0.0,0.0,0.0,0.0,0.94341624
sonora_256_50_3585,0.0,0.0073565342,0.0,0.0,0.0,0.0,0.9926435
sonora_256_50_3586,0.0137262065,0.0073565342,0.0,0.0,0.0,0.0,0.97891724
sonora_256_50_3587,0.01500859,0.016367467,0.0,0.0,0.0,0.0,0.96862394
sonora_256_50_3588,0.086052455,0.08018596,0.0,0.0,0.0,0.0,0.83376163
sonora_256_50_3589,0.047151968,0.3334499,0.0,0.0,0.0,0.0,0.6193981
sonora_256_50_3590,0.13171902,0.20047256,0.0,0.0,0.0,0.0,0.6678084
sonora_256_50_3591,0.12832172,0.21077338,0.0,0.0,0.0,0.0,0.66090494
sonora_256_50_3592,0.0659003,0.4310506,0.0,0.0,0.0,0.0,0.5030491
sonora_256_50_3593,0.07470442,0.33794552,0.0,0.0,0.0,0.0,0.5873501
sonora_256_50_3594,0.07947485,0.077876225,0.0,0.0,0.0,0.0,0.8426489
sonora_256_50_3595,0.076809816,0.029801857,0.0,0.0,0.0,0.0,0.89338833
sonora_256_50_3596,0.07357156,0.0,0.0,0.0,0.0,0.0,0.92642844
sonora_256_50_3597,0.10260902,0.0,0.0,0.0,0.0,0.0,0.89739096
sonora_256_50_3598,0.26570466,0.0,0.0,0.0,0.0,0.0,0.73429537
sonora_256_50_3599,0.43896094,0.0,0.0,0.0,0.0,0.0,0.5610391
sonora_256_50_3600,0.45969227,0.0,0.0,0.0,0.0,0.0,0.5403077
sonora_256_50_3601,0.21830794,0.0,0.0,0.0,0.0,0.0,0.7816921
sonora_256_50_3602,0.00014858504,0.0,0.0,0.0,0.0,0.0,0.9998514
sonora_256_50_3603,0.02732488,0.033795778,0.0,0.0,0.0,0.0,0.9388794
sonora_256_50_3604,0.16572757,0.23577869,0.0,0.0,0.0,0.0,0.59849375
sonora_256_50_3605,0.29440406,0.5063154,0.0,0.0,0.0,0.0,0.19928053
sonora_256_50_3606,0.24004486,0.5156698,0.0,0.0,0.0,0.0,0.24428533
sonora_256_50_3607,0.15874924,0.2982098,0.0,0.0,0.0,0.0,0.543041
sonora_256_50_3608,0.15493949,0.108562395,0.0,0.0,0.0,0.0,0.7364981
sonora_256_50_3609,0.17285968,0.021776916,0.0,0.0,0.0,0.0,0.8053634
sonora_256_50_3610,0.19484529,0.11980215,0.0,0.0,0.0,0.0,0.68535256
sonora_256_50_3611,0.22835974,0.3503104,0.0,0.0,0.0,0.0,0.4213299
sonora_256_50_3612,0.43991813,0.33527148,0.0,0.0,0.0,0.0,0.22481039
sonora_256_50_3613,0.49547216,0.13334575,0.0,0.0,0.0,0.0,0.37118205
sonora_256_50_3614,0.26057833,0.032713268,0.0,0.0,0.0,0.0,0.70670843
sonora_256_50_3615,0.11535592,0.00404378,0.0,0.0,0.0,0.0,0.8806003
sonora_256_50_3616,0.03768985,0.0,0.0,0.0,0.0,0.0,0.96231014
sonora_256_50_3617,0.0132772,0.0,0.0,0.0,0.0,0.0,0.9867228
sonora_256_50_3618,0.011910833,0.02015176,0.0,0.0,0.0,0.0,0.9679374
sonora_256_50_3619,0.0,0.09264709,0.0,0.0,0.0,0.0,0.9073529
sonora_256_50_3620,0.0,0.12319804,0.0,0.0,0.0,0.0,0.87680197
sonora_256_50_3621,0.0,0.2476593,0.0,0.0,0.0,0.0,0.75234073
sonora_256_50_3622,0.0,0.6966407,0.0,0.00031591323,0.0,0.0,0.30304343
sonora_256_50_3623,0.0,0.61150396,0.0,0.38849607,0.0,0.0,0.0
sonora_256_50_3624,0.0,0.11181985,0.0,0.54818296,0.0,0.0,0.3399972
sonora_256_50_3625,0.0,0.0,0.0,0.1600028,0.0,0.0,0.8399972
sonora_256_50_3626,0.0,0.13583788,0.0,0.0,0.0,0.0,0.86416215
sonora_256_50_3627,0.0,0.3858305,0.0,0.0,0.0,0.0,0.6141695
sonora_256_50_3628,0.0,0.28263038,0.0,0.0,0.0,0.0,0.7173696
sonora_256_50_3629,0.0074834386,0.032637775,0.0,0.0,0.0,0.0,0.9598788
sonora_256_50_3630,0.0074834386,0.0,0.0,0.0,0.0,0.0,0.9925166
sonora_256_50_3631,0.0,0.054770734,0.0,0.0,0.0,0.0,0.9452293
sonora_256_50_3632,0.0,0.114652604,0.0,0.0,0.0,0.0,0.8853474
sonora_256_50_3633,0.0,0.13534926,0.0,0.0,0.0,0.0,0.8646507
sonora_256_50_3634,0.0,0.15052344,0.0,0.0,0.0,0.0,0.8494766
sonora_256_50_3635,0.0,0.17601751,0.0,0.0,0.0,0.0,0.8239825
sonora_256_50_3636,0.0,0.30152404,0.0,0.0,0.0,0.0,0.69847596
sonora_256_50_3637,0.0,0.26005286,0.0,0.0,0.0,0.0,0.73994714
sonora_256_50_3638,0.0,0.25471094,0.0,0.0,0.0,0.0,0.745289
sonora_256_50_3639,0.0,0.20896815,0.0,0.0,0.0,0.0,0.79103184
sonora_256_50_3640,0.0,0.013747476,0.0,0.0,0.0,0.0,0.98625255
sonora_256_50_3641,0.0,0.076742336,0.0,0.0,0.0,0.0,0.9232577
sonora_256_50_3642,0.0,0.19597213,0.0,0.0,0.0,0.0,0.80402786
sonora_256_50_3643,0.019512374,0.17533804,0.0,0.0,0.0,0.0,0.80514956
sonora_256_50_3644,0.04884104,0.110222034,0.0,0.0,0.0,0.0,0.84093696
sonora_256_50_3645,0.029328667,0.10734851,0.0,0.0,0.0,0.0,0.86332285
sonora_256_50_3646,0.0,0.10679337,0.0,0.0,0.0,0.0,0.8932066
sonora_256_50_3647,0.0,0.14909816,0.0,0.0,0.0,0.0,0.85090184
sonora_256_50_3648,0.0017934359,0.1358099,0.0,0.0,0.0,0.0,0.86239666
sonora_256_50_3649,0.044950802,0.09167458,0.0,0.0,0.0,0.0,0.8633746
sonora_256_50_3650,0.09026527,0.087404005,0.0,0.0,0.0,0.0,0.8223307
sonora_256_50_3651,0.117687315,0.05934538,0.0,0.0,0.0,0.0,0.8229673
sonora_256_50_3652,0.12512529,0.082817,0.0,0.0,0.0,0.0,0.79205775
sonora_256_50_3653,0.060337484,0.062204797,0.0,0.0,0.0,0.0,0.87745774
sonora_256_50_3654,0.0057916166,0.03956785,0.0,0.0,0.0,0.0,0.9546405
sonora_256_50_3655,0.014689791,0.07844287,0.0,0.0,0.0,0.0,0.9068673
sonora_256_50_3656,0.017509554,0.090159796,0.0,0.0,0.0,0.0,0.89233065
sonora_256_50_3657,0.09176722,0.095693626,0.0,0.0,0.0,0.0,0.8125391
sonora_256_50_3658,0.0,0.21437383,0.0,0.0,0.0,0.0,0.7856262
sonora_256_50_3659,0.03377041,0.15541117,0.0,0.0,0.0,0.0,0.81081843
sonora_256_50_3660,0.03377041,0.2524277,0.0,0.0,0.0,0.0,0.71380186
sonora_256_50_3661,0.0,0.447257,0.0,0.0,0.0,0.0,0.552743
sonora_256_50_3662,0.008114474,0.33430132,0.0,0.0,0.0,0.0,0.6575842
sonora_256_50_3663,0.008114474,0.099497,0.0,0.0,0.0,0.0,0.8923885
sonora_256_50_3664,0.0103710145,0.059800807,0.0,0.0,0.0,0.0,0.92982817
sonora_256_50_3665,0.04293739,0.013549564,0.0,0.0,0.0,0.0,0.94351304
sonora_256_50_3666,0.22092849,0.0,0.0,0.0,0.0,0.0,0.7790715
sonora_256_50_3667,0.36908698,0.0,0.0,0.0,0.0,0.0,0.630913
sonora_256_50_3668,0.2103579,0.013320674,0.0,0.0,0.0,0.0,0.7763214
sonora_256_50_3669,0.044200465,0.07421378,0.0,0.0,0.0,0.0,0.8815858
sonora_256_50_3670,0.014567423,0.061704498,0.0,0.0,0.0,0.0,0.9237281
sonora_256_50_3671,0.0,0.00081138563,0.0,0.0,0.0,0.0,0.9991886
sonora_256_50_3672,0.0021244523,0.037020214,0.0,0.0,0.0,0.0,0.9608553
sonora_256_50_3673,0.030305736,0.19257413,0.0,0.0,0.0,0.0,0.7771201
sonora_256_50_3674,0.054553196,0.41629475,0.0,0.0,0.0,0.0,0.52915204
sonora_256_50_3675,0.05478411,0.57279134,0.0,0.0,0.0,0.0,0.3724245
sonora_256_50_3676,0.0575398,0.61708844,0.0,0.0,0.0,0.0,0.32537174
sonora_256_50_3677,0.06269018,0.43353835,0.0,0.0,0.0,0.0,0.5037714
sonora_256_50_3678,0.09946104,0.14272645,0.0,0.0,0.0,0.0,0.7578125
sonora_256_50_3679,0.15568113,0.29016867,0.0,0.0,0.0,0.0,0.5541502
sonora_256_50_3680,0.22349603,0.3916404,0.0,0.0,0.0,0.0,0.38486356
sonora_256_50_3681,0.31195495,0.11569774,0.0,0.0,0.0,0.0,0.5723473
sonora_256_50_3682,0.3259015,0.0,0.0,0.0,0.0,0.0,0.6740985
sonora_256_50_3683,0.23536685,0.0,0.0,0.0,0.0,0.0,0.7646332
sonora_256_50_3684,0.16964597,0.0,0.0,0.0,0.0,0.0,0.83035403
sonora_256_50_3685,0.16452818,0.017264185,0.0,0.0,0.0,0.0,0.8182076
sonora_256_50_3686,0.21473505,0.02521649,0.0,0.0,0.0,0.0,0.7600485
sonora_256_50_3687,0.2296306,0.019236322,0.0,0.0,0.0,0.0,0.7511331
sonora_256_50_3688,0.18142407,0.052776076,0.0,0.0,0.0,0.0,0.7657999
sonora_256_50_3689,0.13661253,0.06329643,0.0,0.0,0.0,0.0,0.800091
sonora_256_50_3690,0.067166746,0.30932137,0.0,0.0,0.0,0.0,0.6235119
sonora_256_50_3691,0.016270263,0.7857403,0.0,0.0,0.0,0.0,0.1979894
sonora_256_50_3692,0.0017766638,0.6574949,0.0,0.34072846,0.0,0.0,0.0
sonora_256_50_3693,0.0,0.16069742,0.0,0.44885987,0.0,0.0,0.3904427
sonora_256_50_3694,0.0,0.0014258646,0.0,0.10813143,0.0,0.0,0.8904427
sonora_256_50_3695,0.0,0.047439653,0.0,0.0,0.0,0.0,0.95256037
sonora_256_50_3696,0.0,0.3132257,0.0,0.0,0.0,0.0,0.6867743
sonora_256_50_3697,0.0,0.4380986,0.0,0.0,0.0,0.0,0.5619014
sonora_256_50_3698,0.04386137,0.24440475,0.0,0.0,0.0,0.0,0.71173394
sonora_256_50_3699,0.04386137,0.18045446,0.0,0.0,0.0,0.0,0.7756841
sonora_256_50_3700,0.0,0.23204947,0.0,0.0,0.0,0.0,0.76795053
sonora_256_50_3701,0.0,0.1835438,0.0,0.0,0.0,0.0,0.8164562
sonora_256_50_3702,0.0,0.13152556,0.0,0.0,0.0,0.0,0.8684744
sonora_256_50_3703,0.0,0.14518152,0.0,0.0,0.0,0.0,0.85481846
sonora_256_50_3704,0.0,0.17604083,0.0,0.0,0.0,0.0,0.8239592
sonora_256_50_3705,0.0,0.14351591,0.0,0.0,0.0,0.0,0.8564841
sonora_256_50_3706,0.0,0.05680155,0.0,0.0,0.0,0.0,0.94319844
sonora_256_50_3707,0.0,0.04247798,0.0,0.0,0.0,0.0,0.95752203
sonora_256_50_3708,0.0,0.031929187,0.0,0.0,0.0,0.0,0.9680708
sonora_256_50_3709,0.0,0.005265111,0.0,0.0,0.0,0.0,0.9947349
sonora_256_50_3710,0.0,0.01916406,0.0,0.0,0.0,0.0,0.9808359
sonora_256_50_3711,0.0,0.15917811,0.0,0.0,0.0,0.0,0.84082186
sonora_256_50_3712,0.05792701,0.2447167,0.0,0.0,0.0,0.0,0.6973563
sonora_256_50_3713,0.05792701,0.15892985,0.0,0.0,0.0,0.0,0.78314316
sonora_256_50_3714,0.0,0.11061555,0.0,0.0,0.0,0.0,0.88938445
sonora_256_50_3715,0.0,0.058811795,0.0,0.0,0.0,0.0,0.9411882
sonora_256_50_3716,0.0,0.099177055,0.0,0.0,0.0,0.0,0.90082294
sonora_256_50_3717,0.0,0.17879412,0.0,0.0,0.0,0.0,0.82120585
sonora_256_50_3718,0.0,0.11314535,0.0,0.0,0.0,0.0,0.88685465
sonora_256_50_3719,0.00020748816,0.106768325,0.0,0.0,0.0,0.0,0.89302415
sonora_256_50_3720,0.0695508,0.11748724,0.0,0.0,0.0,0.0,0.81296194
sonora_256_50_3721,0.10190417,0.0808725,0.0,0.0,0.0,0.0,0.8172233
sonora_256_50_3722,0.08076353,0.045715928,0.0,0.0,0.0,0.0,0.87352055
sonora_256_50_3723,0.077760756,0.043380428,0.0,0.0,0.0,0.0,0.87885886
sonora_256_50_3724,0.051374253,0.078321666,0.0,0.0,0.0,0.0,0.87030405
sonora_256_50_3725,0.023353554,0.07379233,0.0,0.0,0.0,0.0,0.90285414
sonora_256_50_3726,0.07100091,0.04223206,0.0,0.0,0.0,0.0,0.886767
