{
"type": "FeatureCollection",
"name": "dem_index",
"crs": { "type": "name", "properties": { "name": "urn:ogc:def:crs:EPSG::3089" } },
"features": [
{ "type": "Feature", "properties": { "tile": "N158E178", "url": "https://kyfromabove.s3.us-west-2.amazonaws.com/elevation/DEM/Phase1/N158E178_2014_DEM_Phase1_cog.tif" }, "geometry": { "type": "Polygon", "coordinates": [ [ [ 4664998.07020150963217, 3570003.539193646982312, 0.0 ], [ 4669998.071103824302554, 3570003.532813100609928, 0.0 ], [ 4669998.066035691648722, 3575003.534565818030387, 0.0 ], [ 4664998.065564207732677, 3575003.540880969259888, 0.0 ], [ 4664998.07020150963217, 3570003.539193646982312, 0.0 ] ] ] } },
{ "type": "Feature", "properties": { "tile": "N158E179", "url": "https://kyfromabove.s3.us-west-2.amazonaws.com/elevation/DEM/Phase1/N158E179_2014_DEM_Phase1_cog.tif" }, "geometry": { "type": "Polygon", "coordinates": [ [ [ 4674998.071673545986414, 3570003.526433790568262, 0.0 ], [ 4674998.066174574196339, 3575003.528251734096557, 0.0 ], [ 4669998.066035691648722, 3575003.534565818030387, 0.0 ], [ 4669998.071103824302554, 3570003.532813100609928, 0.0 ], [ 4674998.071673545986414, 3570003.526433790568262, 0.0 ] ] ] } },
{ "type": "Feature", "properties": { "tile": "N158E180", "url": "https://kyfromabove.s3.us-west-2.amazonaws.com/elevation/DEM/Phase1/N158E180_2014_DEM_Phase1_cog.tif" }, "geometry": { "type": "Polygon", "coordinates": [ [ [ 4679998.072238973341882, 3570003.520055638626218, 0.0 ], [ 4679998.066309131681919, 3575003.521938672289252, 0.0 ], [ 4674998.066174574196339, 3575003.528251734096557, 0.0 ], [ 4674998.071673545986414, 3570003.526433790568262, 0.0 ], [ 4679998.072238973341882, 3570003.520055638626218, 0.0 ] ] ] } },
{ "type": "Feature", "properties": { "tile": "N158E181", "url": "https://kyfromabove.s3.us-west-2.amazonaws.com/elevation/DEM/Phase1/N158E181_2014_DEM_Phase1_cog.tif" }, "geometry": { "type": "Polygon", "coordinates": [ [ [ 4679998.066309131681919, 3575003.521938672289252, 0.0 ], [ 4679998.072238973341882, 3570003.520055638626218, 0.0 ], [ 4684998.073128433898091, 3570003.513678652234375, 0.0 ], [ 4684998.066767679527402, 3575003.51562658790499, 0.0 ], [ 4679998.066309131681919, 3575003.521938672289252, 0.0 ] ] ] } },
{ "type": "Feature", "properties": { "tile": "N158E182", "url": "https://kyfromabove.s3.us-west-2.amazonaws.com/elevation/DEM/Phase1/N158E182_2014_DEM_Phase1_cog.tif" }, "geometry": { "type": "Polygon", "coordinates": [ [ [ 4689998.073685990646482, 3570003.50730276061222, 0.0 ], [ 4689998.066894308663905, 3575003.509315447416157, 0.0 ], [ 4684998.066767679527402, 3575003.51562658790499, 0.0 ], [ 4684998.073128433898091, 3570003.513678652234375, 0.0 ], [ 4689998.073685990646482, 3570003.50730276061222, 0.0 ] ] ] } },
{ "type": "Feature", "properties": { "tile": "N158E183", "url": "https://kyfromabove.s3.us-west-2.amazonaws.com/elevation/DEM/Phase1/N158E183_2014_DEM_Phase1_cog.tif" }, "geometry": { "type": "Polygon", "coordinates": [ [ [ 4694998.074568061158061, 3570003.500927935354412, 0.0 ], [ 4694998.067345421761274, 3575003.503005223814398, 0.0 ], [ 4689998.066894308663905, 3575003.509315447416157, 0.0 ], [ 4689998.073685990646482, 3570003.50730276061222, 0.0 ], [ 4694998.074568061158061, 3570003.500927935354412, 0.0 ] ] ] } },
{ "type": "Feature", "properties": { "tile": "N158E184", "url": "https://kyfromabove.s3.us-west-2.amazonaws.com/elevation/DEM/Phase1/N158E184_2014_DEM_Phase1_cog.tif" }, "geometry": { "type": "Polygon", "coordinates": [ [ [ 4699998.075118685141206, 3570003.494554134551436, 0.0 ], [ 4699998.067465078085661, 3575003.496695866808295, 0.0 ], [ 4694998.067345421761274, 3575003.503005223814398, 0.0 ], [ 4694998.074568061158061, 3570003.500927935354412, 0.0 ], [ 4699998.075118685141206, 3570003.494554134551436, 0.0 ] ] ] } },
{ "type": "Feature", "properties": { "tile": "N158E185", "url": "https://kyfromabove.s3.us-west-2.amazonaws.com/elevation/DEM/Phase1/N158E185_2014_DEM_Phase1_cog.tif" }, "geometry": { "type": "Polygon", "coordinates": [ [ [ 4704998.074548319913447, 3570003.489260697271675, 0.0 ], [ 4704998.066790451295674, 3575003.49154755519703, 0.0 ], [ 4699998.067465078085661, 3575003.496695866808295, 0.0 ], [ 4699998.075118685141206, 3570003.494554134551436, 0.0 ], [ 4704998.074548319913447, 3570003.489260697271675, 0.0 ] ] ] } },
{ "type": "Feature", "properties": { "tile": "N158E186", "url": "https://kyfromabove.s3.us-west-2.amazonaws.com/elevation/DEM/Phase1/N158E186_2014_DEM_Phase1_cog.tif" }, "geometry": { "type": "Polygon", "coordinates": [ [ [ 4709998.073107452131808, 3570003.485131258144975, 0.0 ], [ 4709998.065568882040679, 3575003.487691083457321, 0.0 ], [ 4704998.066790451295674, 3575003.49154755519703, 0.0 ], [ 4704998.074548319913447, 3570003.489260697271675, 0.0 ], [ 4709998.073107452131808, 3570003.485131258144975, 0.0 ] ] ] } },
{ "type": "Feature", "properties": { "tile": "N158E187", "url": "https://kyfromabove.s3.us-west-2.amazonaws.com/elevation/DEM/Phase1/N158E187_2014_DEM_Phase1_cog.tif" }, "geometry": { "type": "Polygon", "coordinates": [ [ [ 4714998.071673047728837, 3570003.481005041394383, 0.0 ], [ 4714998.064353676512837, 3575003.483837943058461, 0.0 ], [ 4709998.065568882040679, 3575003.487691083457321, 0.0 ], [ 4709998.073107452131808, 3570003.485131258144975, 0.0 ], [ 4714998.071673047728837, 3570003.481005041394383, 0.0 ] ] ] } },
{ "type": "Feature", "properties": { "tile": "N158E188", "url": "https://kyfromabove.s3.us-west-2.amazonaws.com/elevation/DEM/Phase1/N158E188_2014_DEM_Phase1_cog.tif" }, "geometry": { "type": "Polygon", "coordinates": [ [ [ 4719998.069916887208819, 3570003.476881934795529, 0.0 ], [ 4719998.062816613353789, 3575003.479987986385822, 0.0 ], [ 4714998.064353676512837, 3575003.483837943058461, 0.0 ], [ 4714998.071673047728837, 3570003.481005041394383, 0.0 ], [ 4719998.069916887208819, 3570003.476881934795529, 0.0 ] ] ] } },
{ "type": "Feature", "properties": { "tile": "N158E189", "url": "https://kyfromabove.s3.us-west-2.amazonaws.com/elevation/DEM/Phase1/N158E189_2014_DEM_Phase1_cog.tif" }, "geometry": { "type": "Polygon", "coordinates": [ [ [ 4724998.068495044484735, 3570003.472761774901301, 0.0 ], [ 4724998.061613766476512, 3575003.476141049526632, 0.0 ], [ 4719998.062816613353789, 3575003.479987986385822, 0.0 ], [ 4719998.069916887208819, 3570003.476881934795529, 0.0 ], [ 4724998.068495044484735, 3570003.472761774901301, 0.0 ] ] ] } },
{ "type": "Feature", "properties": { "tile": "N158E190", "url": "https://kyfromabove.s3.us-west-2.amazonaws.com/elevation/DEM/Phase1/N158E190_2014_DEM_Phase1_cog.tif" }, "geometry": { "type": "Polygon", "coordinates": [ [ [ 4729998.066751202568412, 3570003.468644408043474, 0.0 ], [ 4729998.060088825412095, 3575003.472297003492713, 0.0 ], [ 4724998.061613766476512, 3575003.476141049526632, 0.0 ], [ 4724998.068495044484735, 3570003.472761774901301, 0.0 ], [ 4729998.066751202568412, 3570003.468644408043474, 0.0 ] ] ] } },
{ "type": "Feature", "properties": { "tile": "N158E191", "url": "https://kyfromabove.s3.us-west-2.amazonaws.com/elevation/DEM/Phase1/N158E191_2014_DEM_Phase1_cog.tif" }, "geometry": { "type": "Polygon", "coordinates": [ [ [ 4734998.065341429784894, 3570003.464529701974243, 0.0 ], [ 4734998.058897851966321, 3575003.468455685302615, 0.0 ], [ 4729998.060088825412095, 3575003.472297003492713, 0.0 ], [ 4729998.066751202568412, 3570003.468644408043474, 0.0 ], [ 4734998.065341429784894, 3570003.464529701974243, 0.0 ] ] ] } },
{ "type": "Feature", "properties": { "tile": "N158E192", "url": "https://kyfromabove.s3.us-west-2.amazonaws.com/elevation/DEM/Phase1/N158E192_2014_DEM_Phase1_cog.tif" }, "geometry": { "type": "Polygon", "coordinates": [ [ [ 4739998.063609421253204, 3570003.460417485795915, 0.0 ], [ 4739998.05738453567028, 3575003.464616955723614, 0.0 ], [ 4734998.058897851966321, 3575003.468455685302615, 0.0 ], [ 4734998.065341429784894, 3570003.464529701974243, 0.0 ], [ 4739998.063609421253204, 3570003.460417485795915, 0.0 ] ] ] } },
{ "type": "Feature", "properties": { "tile": "N158E193", "url": "https://kyfromabove.s3.us-west-2.amazonaws.com/elevation/DEM/Phase1/N158E193_2014_DEM_Phase1_cog.tif" }, "geometry": { "type": "Polygon", "coordinates": [ [ [ 4744998.061883134767413, 3570003.456307644955814, 0.0 ], [ 4744998.055876845493913, 3575003.460780673660338, 0.0 ], [ 4739998.05738453567028, 3575003.464616955723614, 0.0 ], [ 4739998.063609421253204, 3570003.460417485795915, 0.0 ], [ 4744998.061883134767413, 3570003.456307644955814, 0.0 ] ] ] } },
{ "type": "Feature", "properties": { "tile": "N158E194", "url": "https://kyfromabove.s3.us-west-2.amazonaws.com/elevation/DEM/Phase1/N158E194_2014_DEM_Phase1_cog.tif" }, "geometry": { "type": "Polygon", "coordinates": [ [ [ 4749998.060490534640849, 3570003.452199972234666, 0.0 ], [ 4749998.054702751338482, 3575003.456946657970548, 0.0 ], [ 4744998.055876845493913, 3575003.460780673660338, 0.0 ], [ 4744998.061883134767413, 3570003.456307644955814, 0.0 ], [ 4749998.060490534640849, 3570003.452199972234666, 0.0 ] ] ] } },
{ "type": "Feature", "properties": { "tile": "N158E195", "url": "https://kyfromabove.s3.us-west-2.amazonaws.com/elevation/DEM/Phase1/N158E195_2014_DEM_Phase1_cog.tif" }, "geometry": { "type": "Polygon", "coordinates": [ [ [ 4754998.058775335550308, 3570003.448094377294183, 0.0 ], [ 4754998.053205949254334, 3575003.453114788979292, 0.0 ], [ 4749998.054702751338482, 3575003.456946657970548, 0.0 ], [ 4749998.060490534640849, 3570003.452199972234666, 0.0 ], [ 4754998.058775335550308, 3570003.448094377294183, 0.0 ] ] ] } },
{ "type": "Feature", "properties": { "tile": "N158E196", "url": "https://kyfromabove.s3.us-west-2.amazonaws.com/elevation/DEM/Phase1/N158E196_2014_DEM_Phase1_cog.tif" }, "geometry": { "type": "Polygon", "coordinates": [ [ [ 4759998.057393597438931, 3570003.443990693893284, 0.0 ], [ 4759998.052042499184608, 3575003.449284901376814, 0.0 ], [ 4754998.053205949254334, 3575003.453114788979292, 0.0 ], [ 4754998.058775335550308, 3570003.448094377294183, 0.0 ], [ 4759998.057393597438931, 3570003.443990693893284, 0.0 ] ] ] } },
{ "type": "Feature", "properties": { "tile": "N158E197", "url": "https://kyfromabove.s3.us-west-2.amazonaws.com/elevation/DEM/Phase1/N158E197_2014_DEM_Phase1_cog.tif" }, "geometry": { "type": "Polygon", "coordinates": [ [ [ 4764998.056017081253231, 3570003.439888755790889, 0.0 ], [ 4764998.050884189084172, 3575003.445456860587001, 0.0 ], [ 4759998.052042499184608, 3575003.449284901376814, 0.0 ], [ 4759998.057393597438931, 3570003.443990693893284, 0.0 ], [ 4764998.056017081253231, 3570003.439888755790889, 0.0 ] ] ] } },
{ "type": "Feature", "properties": { "tile": "N158E198", "url": "https://kyfromabove.s3.us-west-2.amazonaws.com/elevation/DEM/Phase1/N158E198_2014_DEM_Phase1_cog.tif" }, "geometry": { "type": "Polygon", "coordinates": [ [ [ 4769998.054317592643201, 3570003.435788436792791, 0.0 ], [ 4769998.049402805045247, 3575003.441630504559726, 0.0 ], [ 4764998.050884189084172, 3575003.445456860587001, 0.0 ], [ 4764998.056017081253231, 3570003.439888755790889, 0.0 ], [ 4769998.054317592643201, 3570003.435788436792791, 0.0 ] ] ] } },
{ "type": "Feature", "properties": { "tile": "N158E199", "url": "https://kyfromabove.s3.us-west-2.amazonaws.com/elevation/DEM/Phase1/N158E199_2014_DEM_Phase1_cog.tif" }, "geometry": { "type": "Polygon", "coordinates": [ [ [ 4774998.052951196208596, 3570003.431689557153732, 0.0 ], [ 4774998.048254403285682, 3575003.437805689871311, 0.0 ], [ 4769998.049402805045247, 3575003.441630504559726, 0.0 ], [ 4769998.054317592643201, 3570003.435788436792791, 0.0 ], [ 4774998.052951196208596, 3570003.431689557153732, 0.0 ] ] ] } },
{ "type": "Feature", "properties": { "tile": "N158E200", "url": "https://kyfromabove.s3.us-west-2.amazonaws.com/elevation/DEM/Phase1/N158E200_2014_DEM_Phase1_cog.tif" }, "geometry": { "type": "Polygon", "coordinates": [ [ [ 4779998.052702588029206, 3570003.430147846695036, 0.0 ], [ 4779998.048065259121358, 3575003.436332386452705, 0.0 ], [ 4774998.048254403285682, 3575003.437805689871311, 0.0 ], [ 4774998.052951196208596, 3570003.431689557153732, 0.0 ], [ 4779998.052702588029206, 3570003.430147846695036, 0.0 ] ] ] } },
{ "type": "Feature", "properties": { "tile": "N158E201", "url": "https://kyfromabove.s3.us-west-2.amazonaws.com/elevation/DEM/Phase1/N158E201_2014_DEM_Phase1_cog.tif" }, "geometry": { "type": "Polygon", "coordinates": [ [ [ 4784998.052609132602811, 3570003.428877180907875, 0.0 ], [ 4784998.048022884875536, 3575003.435123803094029, 0.0 ], [ 4779998.048065259121358, 3575003.436332386452705, 0.0 ], [ 4779998.052702588029206, 3570003.430147846695036, 0.0 ], [ 4784998.052609132602811, 3570003.428877180907875, 0.0 ] ] ] } },
{ "type": "Feature", "properties": { "tile": "N158E202", "url": "https://kyfromabove.s3.us-west-2.amazonaws.com/elevation/DEM/Phase1/N158E202_2014_DEM_Phase1_cog.tif" }, "geometry": { "type": "Polygon", "coordinates": [ [ [ 4789998.052845743484795, 3570003.427606060169637, 0.0 ], [ 4789998.048310565762222, 3575003.433914786670357, 0.0 ], [ 4784998.048022884875536, 3575003.435123803094029, 0.0 ], [ 4784998.052609132602811, 3570003.428877180907875, 0.0 ], [ 4789998.052845743484795, 3570003.427606060169637, 0.0 ] ] ] } },
{ "type": "Feature", "properties": { "tile": "N158E203", "url": "https://kyfromabove.s3.us-west-2.amazonaws.com/elevation/DEM/Phase1/N158E203_2014_DEM_Phase1_cog.tif" }, "geometry": { "type": "Polygon", "coordinates": [ [ [ 4794998.052756224758923, 3570003.426334445364773, 0.0 ], [ 4794998.048272063955665, 3575003.432705315761268, 0.0 ], [ 4789998.048310565762222, 3575003.433914786670357, 0.0 ], [ 4789998.052845743484795, 3570003.427606060169637, 0.0 ], [ 4794998.052756224758923, 3570003.426334445364773, 0.0 ] ] ] } },
{ "type": "Feature", "properties": { "tile": "N158E204", "url": "https://kyfromabove.s3.us-west-2.amazonaws.com/elevation/DEM/Phase1/N158E204_2014_DEM_Phase1_cog.tif" }, "geometry": { "type": "Polygon", "coordinates": [ [ [ 4799998.052996717393398, 3570003.425062329508364, 0.0 ], [ 4799998.04856357164681, 3575003.431495326105505, 0.0 ], [ 4794998.048272063955665, 3575003.432705315761268, 0.0 ], [ 4794998.052756224758923, 3570003.426334445364773, 0.0 ], [ 4799998.052996717393398, 3570003.425062329508364, 0.0 ] ] ] } },
{ "type": "Feature", "properties": { "tile": "N158E205", "url": "https://kyfromabove.s3.us-west-2.amazonaws.com/elevation/DEM/Phase1/N158E205_2014_DEM_Phase1_cog.tif" }, "geometry": { "type": "Polygon", "coordinates": [ [ [ 4804998.052911005914211, 3570003.423789641819894, 0.0 ], [ 4804998.048528850078583, 3575003.430284816771746, 0.0 ], [ 4799998.04856357164681, 3575003.431495326105505, 0.0 ], [ 4799998.052996717393398, 3570003.425062329508364, 0.0 ], [ 4804998.052911005914211, 3570003.423789641819894, 0.0 ] ] ] } },
{ "type": "Feature", "properties": { "tile": "N158E206", "url": "https://kyfromabove.s3.us-west-2.amazonaws.com/elevation/DEM/Phase1/N158E206_2014_DEM_Phase1_cog.tif" }, "geometry": { "type": "Polygon", "coordinates": [ [ [ 4809998.052827176637948, 3570003.422516356687993, 0.0 ], [ 4809998.048495986498892, 3575003.429073708131909, 0.0 ], [ 4804998.048528850078583, 3575003.430284816771746, 0.0 ], [ 4804998.052911005914211, 3570003.423789641819894, 0.0 ], [ 4809998.052827176637948, 3570003.422516356687993, 0.0 ] ] ] } },
{ "type": "Feature", "properties": { "tile": "N158E207", "url": "https://kyfromabove.s3.us-west-2.amazonaws.com/elevation/DEM/Phase1/N158E207_2014_DEM_Phase1_cog.tif" }, "geometry": { "type": "Polygon", "coordinates": [ [ [ 4814998.053401344455779, 3570003.421242457814515, 0.0 ], [ 4814998.049121092073619, 3575003.427862029988319, 0.0 ], [ 4809998.048495986498892, 3575003.429073708131909, 0.0 ], [ 4809998.052827176637948, 3570003.422516356687993, 0.0 ], [ 4814998.053401344455779, 3570003.421242457814515, 0.0 ] ] ] } },
{ "type": "Feature", "properties": { "tile": "N159E178", "url": "https://kyfromabove.s3.us-west-2.amazonaws.com/elevation/DEM/Phase1/N159E178_2014_DEM_Phase1_cog.tif" }, "geometry": { "type": "Polygon", "coordinates": [ [ [ 4669998.076181634329259, 3565003.531387147959322, 0.0 ], [ 4669998.071103824302554, 3570003.532813100609928, 0.0 ], [ 4664998.07020150963217, 3570003.539193646982312, 0.0 ], [ 4664998.074848491698503, 3565003.537833038251847, 0.0 ], [ 4669998.076181634329259, 3565003.531387147959322, 0.0 ] ] ] } },
{ "type": "Feature", "properties": { "tile": "N159E179", "url": "https://kyfromabove.s3.us-west-2.amazonaws.com/elevation/DEM/Phase1/N159E179_2014_DEM_Phase1_cog.tif" }, "geometry": { "type": "Polygon", "coordinates": [ [ [ 4674998.077182214707136, 3565003.52494262624532, 0.0 ], [ 4674998.071673545986414, 3570003.526433790568262, 0.0 ], [ 4669998.071103824302554, 3570003.532813100609928, 0.0 ], [ 4669998.076181634329259, 3565003.531387147959322, 0.0 ], [ 4674998.077182214707136, 3565003.52494262624532, 0.0 ] ] ] } },
{ "type": "Feature", "properties": { "tile": "N159E180", "url": "https://kyfromabove.s3.us-west-2.amazonaws.com/elevation/DEM/Phase1/N159E180_2014_DEM_Phase1_cog.tif" }, "geometry": { "type": "Polygon", "coordinates": [ [ [ 4679998.07817851100117, 3565003.518499440513551, 0.0 ], [ 4679998.072238973341882, 3570003.520055638626218, 0.0 ], [ 4674998.071673545986414, 3570003.526433790568262, 0.0 ], [ 4674998.077182214707136, 3565003.52494262624532, 0.0 ], [ 4679998.07817851100117, 3565003.518499440513551, 0.0 ] ] ] } },
{ "type": "Feature", "properties": { "tile": "N159E181", "url": "https://kyfromabove.s3.us-west-2.amazonaws.com/elevation/DEM/Phase1/N159E181_2014_DEM_Phase1_cog.tif" }, "geometry": { "type": "Polygon", "coordinates": [ [ [ 4684998.079498872160912, 3565003.512057561893016, 0.0 ], [ 4684998.073128433898091, 3570003.513678652234375, 0.0 ], [ 4679998.072238973341882, 3570003.520055638626218, 0.0 ], [ 4679998.07817851100117, 3565003.518499440513551, 0.0 ], [ 4684998.079498872160912, 3565003.512057561893016, 0.0 ] ] ] } },
{ "type": "Feature", "properties": { "tile": "N159E182", "url": "https://kyfromabove.s3.us-west-2.amazonaws.com/elevation/DEM/Phase1/N159E182_2014_DEM_Phase1_cog.tif" }, "geometry": { "type": "Polygon", "coordinates": [ [ [ 4689998.080487359315157, 3565003.50561693822965, 0.0 ], [ 4689998.073685990646482, 3570003.50730276061222, 0.0 ], [ 4684998.073128433898091, 3570003.513678652234375, 0.0 ], [ 4684998.079498872160912, 3565003.512057561893016, 0.0 ], [ 4689998.080487359315157, 3565003.50561693822965, 0.0 ] ] ] } },
{ "type": "Feature", "properties": { "tile": "N159E183", "url": "https://kyfromabove.s3.us-west-2.amazonaws.com/elevation/DEM/Phase1/N159E183_2014_DEM_Phase1_cog.tif" }, "geometry": { "type": "Polygon", "coordinates": [ [ [ 4694998.081800380721688, 3565003.499177541583776, 0.0 ], [ 4694998.074568061158061, 3570003.500927935354412, 0.0 ], [ 4689998.073685990646482, 3570003.50730276061222, 0.0 ], [ 4689998.080487359315157, 3565003.50561693822965, 0.0 ], [ 4694998.081800380721688, 3565003.499177541583776, 0.0 ] ] ] } },
{ "type": "Feature", "properties": { "tile": "N159E184", "url": "https://kyfromabove.s3.us-west-2.amazonaws.com/elevation/DEM/Phase1/N159E184_2014_DEM_Phase1_cog.tif" }, "geometry": { "type": "Polygon", "coordinates": [ [ [ 4699998.082781995646656, 3565003.49273932678625, 0.0 ], [ 4699998.075118685141206, 3570003.494554134551436, 0.0 ], [ 4694998.074568061158061, 3570003.500927935354412, 0.0 ], [ 4694998.081800380721688, 3565003.499177541583776, 0.0 ], [ 4699998.082781995646656, 3565003.49273932678625, 0.0 ] ] ] } },
{ "type": "Feature", "properties": { "tile": "N159E185", "url": "https://kyfromabove.s3.us-west-2.amazonaws.com/elevation/DEM/Phase1/N159E185_2014_DEM_Phase1_cog.tif" }, "geometry": { "type": "Polygon", "coordinates": [ [ [ 4704998.082305420190096, 3565003.487297470215708, 0.0 ], [ 4704998.074548319913447, 3570003.489260697271675, 0.0 ], [ 4699998.075118685141206, 3570003.494554134551436, 0.0 ], [ 4699998.082781995646656, 3565003.49273932678625, 0.0 ], [ 4704998.082305420190096, 3565003.487297470215708, 0.0 ] ] ] } },
{ "type": "Feature", "properties": { "tile": "N159E186", "url": "https://kyfromabove.s3.us-west-2.amazonaws.com/elevation/DEM/Phase1/N159E186_2014_DEM_Phase1_cog.tif" }, "geometry": { "type": "Polygon", "coordinates": [ [ [ 4709998.080645252019167, 3565003.482895138207823, 0.0 ], [ 4709998.073107452131808, 3570003.485131258144975, 0.0 ], [ 4704998.074548319913447, 3570003.489260697271675, 0.0 ], [ 4704998.082305420190096, 3565003.487297470215708, 0.0 ], [ 4709998.080645252019167, 3565003.482895138207823, 0.0 ] ] ] } },
{ "type": "Feature", "properties": { "tile": "N159E187", "url": "https://kyfromabove.s3.us-west-2.amazonaws.com/elevation/DEM/Phase1/N159E187_2014_DEM_Phase1_cog.tif" }, "geometry": { "type": "Polygon", "coordinates": [ [ [ 4714998.07899165712297, 3565003.478495975024998, 0.0 ], [ 4714998.071673047728837, 3570003.481005041394383, 0.0 ], [ 4709998.073107452131808, 3570003.485131258144975, 0.0 ], [ 4709998.080645252019167, 3565003.482895138207823, 0.0 ], [ 4714998.07899165712297, 3565003.478495975024998, 0.0 ] ] ] } },
{ "type": "Feature", "properties": { "tile": "N159E188", "url": "https://kyfromabove.s3.us-west-2.amazonaws.com/elevation/DEM/Phase1/N159E188_2014_DEM_Phase1_cog.tif" }, "geometry": { "type": "Polygon", "coordinates": [ [ [ 4719998.077016402035952, 3565003.474099803250283, 0.0 ], [ 4719998.069916887208819, 3570003.476881934795529, 0.0 ], [ 4714998.071673047728837, 3570003.481005041394383, 0.0 ], [ 4714998.07899165712297, 3565003.478495975024998, 0.0 ], [ 4719998.077016402035952, 3565003.474099803250283, 0.0 ] ] ] } },
{ "type": "Feature", "properties": { "tile": "N159E189", "url": "https://kyfromabove.s3.us-west-2.amazonaws.com/elevation/DEM/Phase1/N159E189_2014_DEM_Phase1_cog.tif" }, "geometry": { "type": "Polygon", "coordinates": [ [ [ 4724998.075375564396381, 3565003.469706524163485, 0.0 ], [ 4724998.068495044484735, 3570003.472761774901301, 0.0 ], [ 4719998.069916887208819, 3570003.476881934795529, 0.0 ], [ 4719998.077016402035952, 3565003.474099803250283, 0.0 ], [ 4724998.075375564396381, 3565003.469706524163485, 0.0 ] ] ] } },
{ "type": "Feature", "properties": { "tile": "N159E190", "url": "https://kyfromabove.s3.us-west-2.amazonaws.com/elevation/DEM/Phase1/N159E190_2014_DEM_Phase1_cog.tif" }, "geometry": { "type": "Polygon", "coordinates": [ [ [ 4729998.073412824422121, 3565003.465315947309136, 0.0 ], [ 4729998.066751202568412, 3570003.468644408043474, 0.0 ], [ 4724998.068495044484735, 3570003.472761774901301, 0.0 ], [ 4724998.075375564396381, 3565003.469706524163485, 0.0 ], [ 4729998.073412824422121, 3565003.465315947309136, 0.0 ] ] ] } },
{ "type": "Feature", "properties": { "tile": "N159E191", "url": "https://kyfromabove.s3.us-west-2.amazonaws.com/elevation/DEM/Phase1/N159E191_2014_DEM_Phase1_cog.tif" }, "geometry": { "type": "Polygon", "coordinates": [ [ [ 4734998.071784259751439, 3565003.460927936248481, 0.0 ], [ 4734998.065341429784894, 3570003.464529701974243, 0.0 ], [ 4729998.066751202568412, 3570003.468644408043474, 0.0 ], [ 4729998.073412824422121, 3565003.465315947309136, 0.0 ], [ 4734998.071784259751439, 3565003.460927936248481, 0.0 ] ] ] } },
{ "type": "Feature", "properties": { "tile": "N159E192", "url": "https://kyfromabove.s3.us-west-2.amazonaws.com/elevation/DEM/Phase1/N159E192_2014_DEM_Phase1_cog.tif" }, "geometry": { "type": "Polygon", "coordinates": [ [ [ 4739998.069833546876907, 3565003.456542341038585, 0.0 ], [ 4739998.063609421253204, 3570003.460417485795915, 0.0 ], [ 4734998.065341429784894, 3570003.464529701974243, 0.0 ], [ 4734998.071784259751439, 3565003.460927936248481, 0.0 ], [ 4739998.069833546876907, 3565003.456542341038585, 0.0 ] ] ] } },
{ "type": "Feature", "properties": { "tile": "N159E193", "url": "https://kyfromabove.s3.us-west-2.amazonaws.com/elevation/DEM/Phase1/N159E193_2014_DEM_Phase1_cog.tif" }, "geometry": { "type": "Polygon", "coordinates": [ [ [ 4744998.067888660356402, 3565003.452159030828625, 0.0 ], [ 4744998.061883134767413, 3570003.456307644955814, 0.0 ], [ 4739998.063609421253204, 3570003.460417485795915, 0.0 ], [ 4739998.069833546876907, 3565003.456542341038585, 0.0 ], [ 4744998.067888660356402, 3565003.452159030828625, 0.0 ] ] ] } },
{ "type": "Feature", "properties": { "tile": "N159E194", "url": "https://kyfromabove.s3.us-west-2.amazonaws.com/elevation/DEM/Phase1/N159E194_2014_DEM_Phase1_cog.tif" }, "geometry": { "type": "Polygon", "coordinates": [ [ [ 4749998.066277571022511, 3565003.447777822613716, 0.0 ], [ 4749998.060490534640849, 3570003.452199972234666, 0.0 ], [ 4744998.061883134767413, 3570003.456307644955814, 0.0 ], [ 4744998.067888660356402, 3565003.452159030828625, 0.0 ], [ 4749998.066277571022511, 3565003.447777822613716, 0.0 ] ] ] } },
{ "type": "Feature", "properties": { "tile": "N159E195", "url": "https://kyfromabove.s3.us-west-2.amazonaws.com/elevation/DEM/Phase1/N159E195_2014_DEM_Phase1_cog.tif" }, "geometry": { "type": "Polygon", "coordinates": [ [ [ 4754998.064343980513513, 3565003.443398595321923, 0.0 ], [ 4754998.058775335550308, 3570003.448094377294183, 0.0 ], [ 4749998.060490534640849, 3570003.452199972234666, 0.0 ], [ 4749998.066277571022511, 3565003.447777822613716, 0.0 ], [ 4754998.064343980513513, 3565003.443398595321923, 0.0 ] ] ] } },
{ "type": "Feature", "properties": { "tile": "N159E196", "url": "https://kyfromabove.s3.us-west-2.amazonaws.com/elevation/DEM/Phase1/N159E196_2014_DEM_Phase1_cog.tif" }, "geometry": { "type": "Polygon", "coordinates": [ [ [ 4759998.062743934802711, 3565003.439021204132587, 0.0 ], [ 4759998.057393597438931, 3570003.443990693893284, 0.0 ], [ 4754998.058775335550308, 3570003.448094377294183, 0.0 ], [ 4754998.064343980513513, 3565003.443398595321923, 0.0 ], [ 4759998.062743934802711, 3565003.439021204132587, 0.0 ] ] ] } },
{ "type": "Feature", "properties": { "tile": "N159E197", "url": "https://kyfromabove.s3.us-west-2.amazonaws.com/elevation/DEM/Phase1/N159E197_2014_DEM_Phase1_cog.tif" }, "geometry": { "type": "Polygon", "coordinates": [ [ [ 4764998.061149226501584, 3565003.434645483735949, 0.0 ], [ 4764998.056017081253231, 3570003.439888755790889, 0.0 ], [ 4759998.057393597438931, 3570003.443990693893284, 0.0 ], [ 4759998.062743934802711, 3565003.439021204132587, 0.0 ], [ 4764998.061149226501584, 3565003.434645483735949, 0.0 ] ] ] } },
{ "type": "Feature", "properties": { "tile": "N159E198", "url": "https://kyfromabove.s3.us-west-2.amazonaws.com/elevation/DEM/Phase1/N159E198_2014_DEM_Phase1_cog.tif" }, "geometry": { "type": "Polygon", "coordinates": [ [ [ 4769998.059231643564999, 3565003.430271279998124, 0.0 ], [ 4769998.054317592643201, 3570003.435788436792791, 0.0 ], [ 4764998.056017081253231, 3570003.439888755790889, 0.0 ], [ 4764998.061149226501584, 3565003.434645483735949, 0.0 ], [ 4769998.059231643564999, 3565003.430271279998124, 0.0 ] ] ] } },
{ "type": "Feature", "properties": { "tile": "N159E199", "url": "https://kyfromabove.s3.us-west-2.amazonaws.com/elevation/DEM/Phase1/N159E199_2014_DEM_Phase1_cog.tif" }, "geometry": { "type": "Polygon", "coordinates": [ [ [ 4774998.057647253386676, 3565003.425898450426757, 0.0 ], [ 4774998.052951196208596, 3570003.431689557153732, 0.0 ], [ 4769998.054317592643201, 3570003.435788436792791, 0.0 ], [ 4769998.059231643564999, 3565003.430271279998124, 0.0 ], [ 4774998.057647253386676, 3565003.425898450426757, 0.0 ] ] ] } },
{ "type": "Feature", "properties": { "tile": "N159E200", "url": "https://kyfromabove.s3.us-west-2.amazonaws.com/elevation/DEM/Phase1/N159E200_2014_DEM_Phase1_cog.tif" }, "geometry": { "type": "Polygon", "coordinates": [ [ [ 4779998.057340965606272, 3565003.424290623515844, 0.0 ], [ 4779998.052702588029206, 3570003.430147846695036, 0.0 ], [ 4774998.052951196208596, 3570003.431689557153732, 0.0 ], [ 4774998.057647253386676, 3565003.425898450426757, 0.0 ], [ 4779998.057340965606272, 3565003.424290623515844, 0.0 ] ] ] } },
{ "type": "Feature", "properties": { "tile": "N159E201", "url": "https://kyfromabove.s3.us-west-2.amazonaws.com/elevation/DEM/Phase1/N159E201_2014_DEM_Phase1_cog.tif" }, "geometry": { "type": "Polygon", "coordinates": [ [ [ 4784998.057196421548724, 3565003.422957898583263, 0.0 ], [ 4784998.052609132602811, 3570003.428877180907875, 0.0 ], [ 4779998.052702588029206, 3570003.430147846695036, 0.0 ], [ 4779998.057340965606272, 3565003.424290623515844, 0.0 ], [ 4784998.057196421548724, 3565003.422957898583263, 0.0 ] ] ] } },
{ "type": "Feature", "properties": { "tile": "N159E202", "url": "https://kyfromabove.s3.us-west-2.amazonaws.com/elevation/DEM/Phase1/N159E202_2014_DEM_Phase1_cog.tif" }, "geometry": { "type": "Polygon", "coordinates": [ [ [ 4789998.057381984777749, 3565003.421624696813524, 0.0 ], [ 4789998.052845743484795, 3570003.427606060169637, 0.0 ], [ 4784998.052609132602811, 3570003.428877180907875, 0.0 ], [ 4784998.057196421548724, 3565003.422957898583263, 0.0 ], [ 4789998.057381984777749, 3565003.421624696813524, 0.0 ] ] ] } },
{ "type": "Feature", "properties": { "tile": "N159E203", "url": "https://kyfromabove.s3.us-west-2.amazonaws.com/elevation/DEM/Phase1/N159E203_2014_DEM_Phase1_cog.tif" }, "geometry": { "type": "Polygon", "coordinates": [ [ [ 4794998.057241425849497, 3565003.420290990266949, 0.0 ], [ 4794998.052756224758923, 3570003.426334445364773, 0.0 ], [ 4789998.052845743484795, 3570003.427606060169637, 0.0 ], [ 4789998.057381984777749, 3565003.421624696813524, 0.0 ], [ 4794998.057241425849497, 3565003.420290990266949, 0.0 ] ] ] } },
{ "type": "Feature", "properties": { "tile": "N159E204", "url": "https://kyfromabove.s3.us-west-2.amazonaws.com/elevation/DEM/Phase1/N159E204_2014_DEM_Phase1_cog.tif" }, "geometry": { "type": "Polygon", "coordinates": [ [ [ 4799998.057430907152593, 3565003.418956732843071, 0.0 ], [ 4799998.052996717393398, 3570003.425062329508364, 0.0 ], [ 4794998.052756224758923, 3570003.426334445364773, 0.0 ], [ 4794998.057241425849497, 3565003.420290990266949, 0.0 ], [ 4799998.057430907152593, 3565003.418956732843071, 0.0 ] ] ] } },
{ "type": "Feature", "properties": { "tile": "N159E205", "url": "https://kyfromabove.s3.us-west-2.amazonaws.com/elevation/DEM/Phase1/N159E205_2014_DEM_Phase1_cog.tif" }, "geometry": { "type": "Polygon", "coordinates": [ [ [ 4804998.057294210419059, 3565003.417621913831681, 0.0 ], [ 4804998.052911005914211, 3570003.423789641819894, 0.0 ], [ 4799998.052996717393398, 3570003.425062329508364, 0.0 ], [ 4799998.057430907152593, 3565003.418956732843071, 0.0 ], [ 4804998.057294210419059, 3565003.417621913831681, 0.0 ] ] ] } },
{ "type": "Feature", "properties": { "tile": "N159E206", "url": "https://kyfromabove.s3.us-west-2.amazonaws.com/elevation/DEM/Phase1/N159E206_2014_DEM_Phase1_cog.tif" }, "geometry": { "type": "Polygon", "coordinates": [ [ [ 4809998.057159416377544, 3565003.416286463849247, 0.0 ], [ 4809998.052827176637948, 3570003.422516356687993, 0.0 ], [ 4804998.052911005914211, 3570003.423789641819894, 0.0 ], [ 4804998.057294210419059, 3565003.417621913831681, 0.0 ], [ 4809998.057159416377544, 3565003.416286463849247, 0.0 ] ] ] } },
{ "type": "Feature", "properties": { "tile": "N159E207", "url": "https://kyfromabove.s3.us-west-2.amazonaws.com/elevation/DEM/Phase1/N159E207_2014_DEM_Phase1_cog.tif" }, "geometry": { "type": "Polygon", "coordinates": [ [ [ 4814998.057682640850544, 3565003.414950388949364, 0.0 ], [ 4814998.053401344455779, 3570003.421242457814515, 0.0 ], [ 4809998.052827176637948, 3570003.422516356687993, 0.0 ], [ 4809998.057159416377544, 3565003.416286463849247, 0.0 ], [ 4814998.057682640850544, 3565003.414950388949364, 0.0 ] ] ] } },
{ "type": "Feature", "properties": { "tile": "N160E178", "url": "https://kyfromabove.s3.us-west-2.amazonaws.com/elevation/DEM/Phase1/N160E178_2014_DEM_Phase1_cog.tif" }, "geometry": { "type": "Polygon", "coordinates": [ [ [ 4669998.081269137561321, 3560003.529959839768708, 0.0 ], [ 4669998.076181634329259, 3565003.531387147959322, 0.0 ], [ 4664998.074848491698503, 3565003.537833038251847, 0.0 ], [ 4664998.079505169764161, 3560003.536471080034971, 0.0 ], [ 4669998.081269137561321, 3560003.529959839768708, 0.0 ] ] ] } },
{ "type": "Feature", "properties": { "tile": "N160E179", "url": "https://kyfromabove.s3.us-west-2.amazonaws.com/elevation/DEM/Phase1/N160E179_2014_DEM_Phase1_cog.tif" }, "geometry": { "type": "Polygon", "coordinates": [ [ [ 4674998.082700560800731, 3560003.523450154345483, 0.0 ], [ 4674998.077182214707136, 3565003.52494262624532, 0.0 ], [ 4669998.076181634329259, 3565003.531387147959322, 0.0 ], [ 4669998.081269137561321, 3560003.529959839768708, 0.0 ], [ 4674998.082700560800731, 3560003.523450154345483, 0.0 ] ] ] } },
{ "type": "Feature", "properties": { "tile": "N160E180", "url": "https://kyfromabove.s3.us-west-2.amazonaws.com/elevation/DEM/Phase1/N160E180_2014_DEM_Phase1_cog.tif" }, "geometry": { "type": "Polygon", "coordinates": [ [ [ 4674998.082700560800731, 3560003.523450154345483, 0.0 ], [ 4679998.084127726964653, 3560003.516941945999861, 0.0 ], [ 4679998.07817851100117, 3565003.518499440513551, 0.0 ], [ 4674998.077182214707136, 3565003.52494262624532, 0.0 ], [ 4674998.082700560800731, 3560003.523450154345483, 0.0 ] ] ] } },
{ "type": "Feature", "properties": { "tile": "N160E181", "url": "https://kyfromabove.s3.us-west-2.amazonaws.com/elevation/DEM/Phase1/N160E181_2014_DEM_Phase1_cog.tif" }, "geometry": { "type": "Polygon", "coordinates": [ [ [ 4684998.08587899710983, 3560003.510435195639729, 0.0 ], [ 4684998.079498872160912, 3565003.512057561893016, 0.0 ], [ 4679998.07817851100117, 3565003.518499440513551, 0.0 ], [ 4679998.084127726964653, 3560003.516941945999861, 0.0 ], [ 4684998.08587899710983, 3560003.510435195639729, 0.0 ] ] ] } },
{ "type": "Feature", "properties": { "tile": "N160E182", "url": "https://kyfromabove.s3.us-west-2.amazonaws.com/elevation/DEM/Phase1/N160E182_2014_DEM_Phase1_cog.tif" }, "geometry": { "type": "Polygon", "coordinates": [ [ [ 4689998.087298411875963, 3560003.503929872531444, 0.0 ], [ 4689998.080487359315157, 3565003.50561693822965, 0.0 ], [ 4684998.079498872160912, 3565003.512057561893016, 0.0 ], [ 4684998.08587899710983, 3560003.510435195639729, 0.0 ], [ 4689998.087298411875963, 3560003.503929872531444, 0.0 ] ] ] } },
{ "type": "Feature", "properties": { "tile": "N160E183", "url": "https://kyfromabove.s3.us-west-2.amazonaws.com/elevation/DEM/Phase1/N160E183_2014_DEM_Phase1_cog.tif" }, "geometry": { "type": "Polygon", "coordinates": [ [ [ 4694998.089042380452156, 3560003.497425919864327, 0.0 ], [ 4694998.081800380721688, 3565003.499177541583776, 0.0 ], [ 4689998.080487359315157, 3565003.50561693822965, 0.0 ], [ 4689998.087298411875963, 3560003.503929872531444, 0.0 ], [ 4694998.089042380452156, 3560003.497425919864327, 0.0 ] ] ] } },
{ "type": "Feature", "properties": { "tile": "N160E184", "url": "https://kyfromabove.s3.us-west-2.amazonaws.com/elevation/DEM/Phase1/N160E184_2014_DEM_Phase1_cog.tif" }, "geometry": { "type": "Polygon", "coordinates": [ [ [ 4699998.09045497700572, 3560003.490923322737217, 0.0 ], [ 4699998.082781995646656, 3565003.49273932678625, 0.0 ], [ 4694998.081800380721688, 3565003.499177541583776, 0.0 ], [ 4694998.089042380452156, 3560003.497425919864327, 0.0 ], [ 4699998.09045497700572, 3560003.490923322737217, 0.0 ] ] ] } },
{ "type": "Feature", "properties": { "tile": "N160E185", "url": "https://kyfromabove.s3.us-west-2.amazonaws.com/elevation/DEM/Phase1/N160E185_2014_DEM_Phase1_cog.tif" }, "geometry": { "type": "Polygon", "coordinates": [ [ [ 4704998.090061739087105, 3560003.485329756513238, 0.0 ], [ 4704998.082305420190096, 3565003.487297470215708, 0.0 ], [ 4699998.082781995646656, 3565003.49273932678625, 0.0 ], [ 4699998.09045497700572, 3560003.490923322737217, 0.0 ], [ 4704998.090061739087105, 3560003.485329756513238, 0.0 ] ] ] } },
{ "type": "Feature", "properties": { "tile": "N160E186", "url": "https://kyfromabove.s3.us-west-2.amazonaws.com/elevation/DEM/Phase1/N160E186_2014_DEM_Phase1_cog.tif" }, "geometry": { "type": "Polygon", "coordinates": [ [ [ 4709998.088182282634079, 3560003.48065463732928, 0.0 ], [ 4709998.080645252019167, 3565003.482895138207823, 0.0 ], [ 4704998.082305420190096, 3565003.487297470215708, 0.0 ], [ 4704998.090061739087105, 3560003.485329756513238, 0.0 ], [ 4709998.088182282634079, 3560003.48065463732928, 0.0 ] ] ] } },
{ "type": "Feature", "properties": { "tile": "N160E187", "url": "https://kyfromabove.s3.us-west-2.amazonaws.com/elevation/DEM/Phase1/N160E187_2014_DEM_Phase1_cog.tif" }, "geometry": { "type": "Polygon", "coordinates": [ [ [ 4714998.086309501901269, 3560003.475982607807964, 0.0 ], [ 4714998.07899165712297, 3565003.478495975024998, 0.0 ], [ 4709998.080645252019167, 3565003.482895138207823, 0.0 ], [ 4709998.088182282634079, 3560003.48065463732928, 0.0 ], [ 4714998.086309501901269, 3560003.475982607807964, 0.0 ] ] ] } },
{ "type": "Feature", "properties": { "tile": "N160E188", "url": "https://kyfromabove.s3.us-west-2.amazonaws.com/elevation/DEM/Phase1/N160E188_2014_DEM_Phase1_cog.tif" }, "geometry": { "type": "Polygon", "coordinates": [ [ [ 4719998.084115154109895, 3560003.471313498914242, 0.0 ], [ 4719998.077016402035952, 3565003.474099803250283, 0.0 ], [ 4714998.07899165712297, 3565003.478495975024998, 0.0 ], [ 4714998.086309501901269, 3560003.475982607807964, 0.0 ], [ 4719998.084115154109895, 3560003.471313498914242, 0.0 ] ] ] } },
{ "type": "Feature", "properties": { "tile": "N160E189", "url": "https://kyfromabove.s3.us-west-2.amazonaws.com/elevation/DEM/Phase1/N160E189_2014_DEM_Phase1_cog.tif" }, "geometry": { "type": "Polygon", "coordinates": [ [ [ 4724998.082255320623517, 3560003.466647162102163, 0.0 ], [ 4724998.075375564396381, 3565003.469706524163485, 0.0 ], [ 4719998.077016402035952, 3565003.474099803250283, 0.0 ], [ 4719998.084115154109895, 3560003.471313498914242, 0.0 ], [ 4724998.082255320623517, 3560003.466647162102163, 0.0 ] ] ] } },
{ "type": "Feature", "properties": { "tile": "N160E190", "url": "https://kyfromabove.s3.us-west-2.amazonaws.com/elevation/DEM/Phase1/N160E190_2014_DEM_Phase1_cog.tif" }, "geometry": { "type": "Polygon", "coordinates": [ [ [ 4729998.080073692835867, 3560003.461983475834131, 0.0 ], [ 4729998.073412824422121, 3565003.465315947309136, 0.0 ], [ 4724998.075375564396381, 3565003.469706524163485, 0.0 ], [ 4724998.082255320623517, 3560003.466647162102163, 0.0 ], [ 4729998.080073692835867, 3560003.461983475834131, 0.0 ] ] ] } },
{ "type": "Feature", "properties": { "tile": "N160E191", "url": "https://kyfromabove.s3.us-west-2.amazonaws.com/elevation/DEM/Phase1/N160E191_2014_DEM_Phase1_cog.tif" }, "geometry": { "type": "Polygon", "coordinates": [ [ [ 4734998.078226327896118, 3560003.457322278060019, 0.0 ], [ 4734998.071784259751439, 3565003.460927936248481, 0.0 ], [ 4729998.073412824422121, 3565003.465315947309136, 0.0 ], [ 4729998.080073692835867, 3560003.461983475834131, 0.0 ], [ 4734998.078226327896118, 3560003.457322278060019, 0.0 ] ] ] } },
{ "type": "Feature", "properties": { "tile": "N160E192", "url": "https://kyfromabove.s3.us-west-2.amazonaws.com/elevation/DEM/Phase1/N160E192_2014_DEM_Phase1_cog.tif" }, "geometry": { "type": "Polygon", "coordinates": [ [ [ 4739998.076056920923293, 3560003.452663415111601, 0.0 ], [ 4739998.069833546876907, 3565003.456542341038585, 0.0 ], [ 4734998.071784259751439, 3565003.460927936248481, 0.0 ], [ 4734998.078226327896118, 3560003.457322278060019, 0.0 ], [ 4739998.076056920923293, 3560003.452663415111601, 0.0 ] ] ] } },
{ "type": "Feature", "properties": { "tile": "N160E193", "url": "https://kyfromabove.s3.us-west-2.amazonaws.com/elevation/DEM/Phase1/N160E193_2014_DEM_Phase1_cog.tif" }, "geometry": { "type": "Polygon", "coordinates": [ [ [ 4744998.073893441818655, 3560003.448006733320653, 0.0 ], [ 4744998.067888660356402, 3565003.452159030828625, 0.0 ], [ 4739998.069833546876907, 3565003.456542341038585, 0.0 ], [ 4739998.076056920923293, 3560003.452663415111601, 0.0 ], [ 4744998.073893441818655, 3560003.448006733320653, 0.0 ] ] ] } },
{ "type": "Feature", "properties": { "tile": "N160E194", "url": "https://kyfromabove.s3.us-west-2.amazonaws.com/elevation/DEM/Phase1/N160E194_2014_DEM_Phase1_cog.tif" }, "geometry": { "type": "Polygon", "coordinates": [ [ [ 4749998.072063859552145, 3560003.443352090194821, 0.0 ], [ 4749998.066277571022511, 3565003.447777822613716, 0.0 ], [ 4744998.067888660356402, 3565003.452159030828625, 0.0 ], [ 4744998.073893441818655, 3560003.448006733320653, 0.0 ], [ 4749998.072063859552145, 3560003.443352090194821, 0.0 ] ] ] } },
{ "type": "Feature", "properties": { "tile": "N160E195", "url": "https://kyfromabove.s3.us-west-2.amazonaws.com/elevation/DEM/Phase1/N160E195_2014_DEM_Phase1_cog.tif" }, "geometry": { "type": "Polygon", "coordinates": [ [ [ 4754998.069911871105433, 3560003.438699338585138, 0.0 ], [ 4754998.064343980513513, 3565003.443398595321923, 0.0 ], [ 4749998.066277571022511, 3565003.447777822613716, 0.0 ], [ 4749998.072063859552145, 3560003.443352090194821, 0.0 ], [ 4754998.069911871105433, 3560003.438699338585138, 0.0 ] ] ] } },
{ "type": "Feature", "properties": { "tile": "N160E196", "url": "https://kyfromabove.s3.us-west-2.amazonaws.com/elevation/DEM/Phase1/N160E196_2014_DEM_Phase1_cog.tif" }, "geometry": { "type": "Polygon", "coordinates": [ [ [ 4759998.068093526177108, 3560003.43404833227396, 0.0 ], [ 4759998.062743934802711, 3565003.439021204132587, 0.0 ], [ 4754998.064343980513513, 3565003.443398595321923, 0.0 ], [ 4754998.069911871105433, 3560003.438699338585138, 0.0 ], [ 4759998.068093526177108, 3560003.43404833227396, 0.0 ] ] ] } },
{ "type": "Feature", "properties": { "tile": "N160E197", "url": "https://kyfromabove.s3.us-west-2.amazonaws.com/elevation/DEM/Phase1/N160E197_2014_DEM_Phase1_cog.tif" }, "geometry": { "type": "Polygon", "coordinates": [ [ [ 4764998.066280629485846, 3560003.429398906882852, 0.0 ], [ 4764998.061149226501584, 3565003.434645483735949, 0.0 ], [ 4759998.062743934802711, 3565003.439021204132587, 0.0 ], [ 4759998.068093526177108, 3560003.43404833227396, 0.0 ], [ 4764998.066280629485846, 3560003.429398906882852, 0.0 ] ] ] } },
{ "type": "Feature", "properties": { "tile": "N160E198", "url": "https://kyfromabove.s3.us-west-2.amazonaws.com/elevation/DEM/Phase1/N160E198_2014_DEM_Phase1_cog.tif" }, "geometry": { "type": "Polygon", "coordinates": [ [ [ 4769998.064144952222705, 3560003.424750941805542, 0.0 ], [ 4769998.059231643564999, 3565003.430271279998124, 0.0 ], [ 4764998.061149226501584, 3565003.434645483735949, 0.0 ], [ 4764998.066280629485846, 3560003.429398906882852, 0.0 ], [ 4769998.064144952222705, 3560003.424750941805542, 0.0 ] ] ] } },
{ "type": "Feature", "properties": { "tile": "N160E199", "url": "https://kyfromabove.s3.us-west-2.amazonaws.com/elevation/DEM/Phase1/N160E199_2014_DEM_Phase1_cog.tif" }, "geometry": { "type": "Polygon", "coordinates": [ [ [ 4774998.062342559918761, 3560003.420104267075658, 0.0 ], [ 4774998.057647253386676, 3565003.425898450426757, 0.0 ], [ 4769998.059231643564999, 3565003.430271279998124, 0.0 ], [ 4769998.064144952222705, 3560003.424750941805542, 0.0 ], [ 4774998.062342559918761, 3560003.420104267075658, 0.0 ] ] ] } },
{ "type": "Feature", "properties": { "tile": "N160E200", "url": "https://kyfromabove.s3.us-west-2.amazonaws.com/elevation/DEM/Phase1/N160E200_2014_DEM_Phase1_cog.tif" }, "geometry": { "type": "Polygon", "coordinates": [ [ [ 4779998.06198038905859, 3560003.418432641308755, 0.0 ], [ 4779998.057340965606272, 3565003.424290623515844, 0.0 ], [ 4774998.057647253386676, 3565003.425898450426757, 0.0 ], [ 4774998.062342559918761, 3560003.420104267075658, 0.0 ], [ 4779998.06198038905859, 3560003.418432641308755, 0.0 ] ] ] } },
{ "type": "Feature", "properties": { "tile": "N160E201", "url": "https://kyfromabove.s3.us-west-2.amazonaws.com/elevation/DEM/Phase1/N160E201_2014_DEM_Phase1_cog.tif" }, "geometry": { "type": "Polygon", "coordinates": [ [ [ 4784998.06178477127105, 3560003.417037857696414, 0.0 ], [ 4784998.057196421548724, 3565003.422957898583263, 0.0 ], [ 4779998.057340965606272, 3565003.424290623515844, 0.0 ], [ 4779998.06198038905859, 3560003.418432641308755, 0.0 ], [ 4784998.06178477127105, 3560003.417037857696414, 0.0 ] ] ] } },
{ "type": "Feature", "properties": { "tile": "N160E202", "url": "https://kyfromabove.s3.us-west-2.amazonaws.com/elevation/DEM/Phase1/N160E202_2014_DEM_Phase1_cog.tif" }, "geometry": { "type": "Polygon", "coordinates": [ [ [ 4789998.061919272877276, 3560003.415642597712576, 0.0 ], [ 4789998.057381984777749, 3565003.421624696813524, 0.0 ], [ 4784998.057196421548724, 3565003.422957898583263, 0.0 ], [ 4784998.06178477127105, 3560003.417037857696414, 0.0 ], [ 4789998.061919272877276, 3560003.415642597712576, 0.0 ] ] ] } },
{ "type": "Feature", "properties": { "tile": "N160E203", "url": "https://kyfromabove.s3.us-west-2.amazonaws.com/elevation/DEM/Phase1/N160E203_2014_DEM_Phase1_cog.tif" }, "geometry": { "type": "Polygon", "coordinates": [ [ [ 4794998.061727682128549, 3560003.414246803615242, 0.0 ], [ 4794998.057241425849497, 3565003.420290990266949, 0.0 ], [ 4789998.057381984777749, 3565003.421624696813524, 0.0 ], [ 4789998.061919272877276, 3560003.415642597712576, 0.0 ], [ 4794998.061727682128549, 3560003.414246803615242, 0.0 ] ] ] } },
{ "type": "Feature", "properties": { "tile": "N160E204", "url": "https://kyfromabove.s3.us-west-2.amazonaws.com/elevation/DEM/Phase1/N160E204_2014_DEM_Phase1_cog.tif" }, "geometry": { "type": "Polygon", "coordinates": [ [ [ 4799998.061866149306297, 3560003.412850448396057, 0.0 ], [ 4799998.057430907152593, 3565003.418956732843071, 0.0 ], [ 4794998.057241425849497, 3565003.420290990266949, 0.0 ], [ 4794998.061727682128549, 3560003.414246803615242, 0.0 ], [ 4799998.061866149306297, 3560003.412850448396057, 0.0 ] ] ] } },
{ "type": "Feature", "properties": { "tile": "N160E205", "url": "https://kyfromabove.s3.us-west-2.amazonaws.com/elevation/DEM/Phase1/N160E205_2014_DEM_Phase1_cog.tif" }, "geometry": { "type": "Polygon", "coordinates": [ [ [ 4804998.061678464524448, 3560003.41145349945873, 0.0 ], [ 4804998.057294210419059, 3565003.417621913831681, 0.0 ], [ 4799998.057430907152593, 3565003.418956732843071, 0.0 ], [ 4799998.061866149306297, 3560003.412850448396057, 0.0 ], [ 4804998.061678464524448, 3560003.41145349945873, 0.0 ] ] ] } },
{ "type": "Feature", "properties": { "tile": "N160E206", "url": "https://kyfromabove.s3.us-west-2.amazonaws.com/elevation/DEM/Phase1/N160E206_2014_DEM_Phase1_cog.tif" }, "geometry": { "type": "Polygon", "coordinates": [ [ [ 4809998.061492705717683, 3560003.41005593072623, 0.0 ], [ 4809998.057159416377544, 3565003.416286463849247, 0.0 ], [ 4804998.057294210419059, 3565003.417621913831681, 0.0 ], [ 4804998.061678464524448, 3560003.41145349945873, 0.0 ], [ 4809998.061492705717683, 3560003.41005593072623, 0.0 ] ] ] } },
{ "type": "Feature", "properties": { "tile": "N160E207", "url": "https://kyfromabove.s3.us-west-2.amazonaws.com/elevation/DEM/Phase1/N160E207_2014_DEM_Phase1_cog.tif" }, "geometry": { "type": "Polygon", "coordinates": [ [ [ 4814998.061964985914528, 3560003.408657690975815, 0.0 ], [ 4814998.057682640850544, 3565003.414950388949364, 0.0 ], [ 4809998.057159416377544, 3565003.416286463849247, 0.0 ], [ 4809998.061492705717683, 3560003.41005593072623, 0.0 ], [ 4814998.061964985914528, 3560003.408657690975815, 0.0 ] ] ] } },
{ "type": "Feature", "properties": { "tile": "N161E178", "url": "https://kyfromabove.s3.us-west-2.amazonaws.com/elevation/DEM/Phase1/N161E178_2014_DEM_Phase1_cog.tif" }, "geometry": { "type": "Polygon", "coordinates": [ [ [ 4669998.086366307921708, 3555003.528203165158629, 0.0 ], [ 4669998.081269137561321, 3560003.529959839768708, 0.0 ], [ 4664998.079505169764161, 3560003.536471080034971, 0.0 ], [ 4664998.084171523340046, 3555003.534779706504196, 0.0 ], [ 4669998.086366307921708, 3555003.528203165158629, 0.0 ] ] ] } },
{ "type": "Feature", "properties": { "tile": "N161E179", "url": "https://kyfromabove.s3.us-west-2.amazonaws.com/elevation/DEM/Phase1/N161E179_2014_DEM_Phase1_cog.tif" }, "geometry": { "type": "Polygon", "coordinates": [ [ [ 4674998.082700560800731, 3560003.523450154345483, 0.0 ], [ 4669998.081269137561321, 3560003.529959839768708, 0.0 ], [ 4669998.086366307921708, 3555003.528203165158629, 0.0 ], [ 4674998.088228584267199, 3555003.521628314629197, 0.0 ], [ 4674998.082700560800731, 3560003.523450154345483, 0.0 ] ] ] } },
{ "type": "Feature", "properties": { "tile": "N161E180", "url": "https://kyfromabove.s3.us-west-2.amazonaws.com/elevation/DEM/Phase1/N161E180_2014_DEM_Phase1_cog.tif" }, "geometry": { "type": "Polygon", "coordinates": [ [ [ 4674998.088228584267199, 3555003.521628314629197, 0.0 ], [ 4679998.090086637996137, 3555003.515055113937706, 0.0 ], [ 4679998.084127726964653, 3560003.516941945999861, 0.0 ], [ 4674998.082700560800731, 3560003.523450154345483, 0.0 ], [ 4674998.088228584267199, 3555003.521628314629197, 0.0 ] ] ] } },
{ "type": "Feature", "properties": { "tile": "N161E181", "url": "https://kyfromabove.s3.us-west-2.amazonaws.com/elevation/DEM/Phase1/N161E181_2014_DEM_Phase1_cog.tif" }, "geometry": { "type": "Polygon", "coordinates": [ [ [ 4684998.092268813401461, 3555003.508483520243317, 0.0 ], [ 4684998.08587899710983, 3560003.510435195639729, 0.0 ], [ 4679998.084127726964653, 3560003.516941945999861, 0.0 ], [ 4679998.090086637996137, 3555003.515055113937706, 0.0 ], [ 4684998.092268813401461, 3555003.508483520243317, 0.0 ] ] ] } },
{ "type": "Feature", "properties": { "tile": "N161E182", "url": "https://kyfromabove.s3.us-west-2.amazonaws.com/elevation/DEM/Phase1/N161E182_2014_DEM_Phase1_cog.tif" }, "geometry": { "type": "Polygon", "coordinates": [ [ [ 4689998.094119152054191, 3555003.501913518644869, 0.0 ], [ 4689998.087298411875963, 3560003.503929872531444, 0.0 ], [ 4684998.08587899710983, 3560003.510435195639729, 0.0 ], [ 4684998.092268813401461, 3555003.508483520243317, 0.0 ], [ 4689998.094119152054191, 3555003.501913518644869, 0.0 ] ] ] } },
{ "type": "Feature", "properties": { "tile": "N161E183", "url": "https://kyfromabove.s3.us-west-2.amazonaws.com/elevation/DEM/Phase1/N161E183_2014_DEM_Phase1_cog.tif" }, "geometry": { "type": "Polygon", "coordinates": [ [ [ 4694998.096294082701206, 3555003.495345043949783, 0.0 ], [ 4694998.089042380452156, 3560003.497425919864327, 0.0 ], [ 4689998.087298411875963, 3560003.503929872531444, 0.0 ], [ 4689998.094119152054191, 3555003.501913518644869, 0.0 ], [ 4694998.096294082701206, 3555003.495345043949783, 0.0 ] ] ] } },
{ "type": "Feature", "properties": { "tile": "N161E184", "url": "https://kyfromabove.s3.us-west-2.amazonaws.com/elevation/DEM/Phase1/N161E184_2014_DEM_Phase1_cog.tif" }, "geometry": { "type": "Polygon", "coordinates": [ [ [ 4699998.098137646913528, 3555003.488778069615364, 0.0 ], [ 4699998.09045497700572, 3560003.490923322737217, 0.0 ], [ 4694998.089042380452156, 3560003.497425919864327, 0.0 ], [ 4694998.096294082701206, 3555003.495345043949783, 0.0 ], [ 4699998.098137646913528, 3555003.488778069615364, 0.0 ] ] ] } },
{ "type": "Feature", "properties": { "tile": "N161E185", "url": "https://kyfromabove.s3.us-west-2.amazonaws.com/elevation/DEM/Phase1/N161E185_2014_DEM_Phase1_cog.tif" }, "geometry": { "type": "Polygon", "coordinates": [ [ [ 4704998.097817296162248, 3555003.48302950616926, 0.0 ], [ 4704998.090061739087105, 3560003.485329756513238, 0.0 ], [ 4699998.09045497700572, 3560003.490923322737217, 0.0 ], [ 4699998.098137646913528, 3555003.488778069615364, 0.0 ], [ 4704998.097817296162248, 3555003.48302950616926, 0.0 ] ] ] } },
{ "type": "Feature", "properties": { "tile": "N161E186", "url": "https://kyfromabove.s3.us-west-2.amazonaws.com/elevation/DEM/Phase1/N161E186_2014_DEM_Phase1_cog.tif" }, "geometry": { "type": "Polygon", "coordinates": [ [ [ 4709998.095718561671674, 3555003.478081714361906, 0.0 ], [ 4709998.088182282634079, 3560003.48065463732928, 0.0 ], [ 4704998.090061739087105, 3560003.485329756513238, 0.0 ], [ 4704998.097817296162248, 3555003.48302950616926, 0.0 ], [ 4709998.095718561671674, 3555003.478081714361906, 0.0 ] ] ] } },
{ "type": "Feature", "properties": { "tile": "N161E187", "url": "https://kyfromabove.s3.us-west-2.amazonaws.com/elevation/DEM/Phase1/N161E187_2014_DEM_Phase1_cog.tif" }, "geometry": { "type": "Polygon", "coordinates": [ [ [ 4714998.093626575544477, 3555003.473136910237372, 0.0 ], [ 4714998.086309501901269, 3560003.475982607807964, 0.0 ], [ 4709998.088182282634079, 3560003.48065463732928, 0.0 ], [ 4709998.095718561671674, 3555003.478081714361906, 0.0 ], [ 4714998.093626575544477, 3555003.473136910237372, 0.0 ] ] ] } },
{ "type": "Feature", "properties": { "tile": "N161E188", "url": "https://kyfromabove.s3.us-west-2.amazonaws.com/elevation/DEM/Phase1/N161E188_2014_DEM_Phase1_cog.tif" }, "geometry": { "type": "Polygon", "coordinates": [ [ [ 4719998.091213141568005, 3555003.4681949573569, 0.0 ], [ 4719998.084115154109895, 3560003.471313498914242, 0.0 ], [ 4714998.086309501901269, 3560003.475982607807964, 0.0 ], [ 4714998.093626575544477, 3555003.473136910237372, 0.0 ], [ 4719998.091213141568005, 3555003.4681949573569, 0.0 ] ] ] } },
{ "type": "Feature", "properties": { "tile": "N161E189", "url": "https://kyfromabove.s3.us-west-2.amazonaws.com/elevation/DEM/Phase1/N161E189_2014_DEM_Phase1_cog.tif" }, "geometry": { "type": "Polygon", "coordinates": [ [ [ 4724998.089134325273335, 3555003.463255700655282, 0.0 ], [ 4724998.082255320623517, 3560003.466647162102163, 0.0 ], [ 4719998.084115154109895, 3560003.471313498914242, 0.0 ], [ 4719998.091213141568005, 3555003.4681949573569, 0.0 ], [ 4724998.089134325273335, 3555003.463255700655282, 0.0 ] ] ] } },
{ "type": "Feature", "properties": { "tile": "N161E190", "url": "https://kyfromabove.s3.us-west-2.amazonaws.com/elevation/DEM/Phase1/N161E190_2014_DEM_Phase1_cog.tif" }, "geometry": { "type": "Polygon", "coordinates": [ [ [ 4729998.086733803153038, 3555003.458318995777518, 0.0 ], [ 4729998.080073692835867, 3560003.461983475834131, 0.0 ], [ 4724998.082255320623517, 3560003.466647162102163, 0.0 ], [ 4724998.089134325273335, 3555003.463255700655282, 0.0 ], [ 4729998.086733803153038, 3555003.458318995777518, 0.0 ] ] ] } },
{ "type": "Feature", "properties": { "tile": "N161E191", "url": "https://kyfromabove.s3.us-west-2.amazonaws.com/elevation/DEM/Phase1/N161E191_2014_DEM_Phase1_cog.tif" }, "geometry": { "type": "Polygon", "coordinates": [ [ [ 4734998.084667647257447, 3555003.453384688589722, 0.0 ], [ 4734998.078226327896118, 3560003.457322278060019, 0.0 ], [ 4729998.080073692835867, 3560003.461983475834131, 0.0 ], [ 4729998.086733803153038, 3555003.458318995777518, 0.0 ], [ 4734998.084667647257447, 3555003.453384688589722, 0.0 ] ] ] } },
{ "type": "Feature", "properties": { "tile": "N161E192", "url": "https://kyfromabove.s3.us-west-2.amazonaws.com/elevation/DEM/Phase1/N161E192_2014_DEM_Phase1_cog.tif" }, "geometry": { "type": "Polygon", "coordinates": [ [ [ 4739998.082279548048973, 3555003.44845264358446, 0.0 ], [ 4739998.076056920923293, 3560003.452663415111601, 0.0 ], [ 4734998.078226327896118, 3560003.457322278060019, 0.0 ], [ 4734998.084667647257447, 3555003.453384688589722, 0.0 ], [ 4739998.082279548048973, 3555003.44845264358446, 0.0 ] ] ] } },
{ "type": "Feature", "properties": { "tile": "N161E193", "url": "https://kyfromabove.s3.us-west-2.amazonaws.com/elevation/DEM/Phase1/N161E193_2014_DEM_Phase1_cog.tif" }, "geometry": { "type": "Polygon", "coordinates": [ [ [ 4744998.079897476360202, 3555003.443522704299539, 0.0 ], [ 4744998.073893441818655, 3560003.448006733320653, 0.0 ], [ 4739998.076056920923293, 3560003.452663415111601, 0.0 ], [ 4739998.082279548048973, 3555003.44845264358446, 0.0 ], [ 4744998.079897476360202, 3555003.443522704299539, 0.0 ] ] ] } },
{ "type": "Feature", "properties": { "tile": "N161E194", "url": "https://kyfromabove.s3.us-west-2.amazonaws.com/elevation/DEM/Phase1/N161E194_2014_DEM_Phase1_cog.tif" }, "geometry": { "type": "Polygon", "coordinates": [ [ [ 4749998.077849400229752, 3555003.438594716135412, 0.0 ], [ 4749998.072063859552145, 3560003.443352090194821, 0.0 ], [ 4744998.073893441818655, 3560003.448006733320653, 0.0 ], [ 4744998.079897476360202, 3555003.443522704299539, 0.0 ], [ 4749998.077849400229752, 3555003.438594716135412, 0.0 ] ] ] } },
{ "type": "Feature", "properties": { "tile": "N161E195", "url": "https://kyfromabove.s3.us-west-2.amazonaws.com/elevation/DEM/Phase1/N161E195_2014_DEM_Phase1_cog.tif" }, "geometry": { "type": "Polygon", "coordinates": [ [ [ 4754998.075479011982679, 3555003.433668538928032, 0.0 ], [ 4754998.069911871105433, 3560003.438699338585138, 0.0 ], [ 4749998.072063859552145, 3560003.443352090194821, 0.0 ], [ 4749998.077849400229752, 3555003.438594716135412, 0.0 ], [ 4754998.075479011982679, 3555003.433668538928032, 0.0 ] ] ] } },
{ "type": "Feature", "properties": { "tile": "N161E196", "url": "https://kyfromabove.s3.us-west-2.amazonaws.com/elevation/DEM/Phase1/N161E196_2014_DEM_Phase1_cog.tif" }, "geometry": { "type": "Polygon", "coordinates": [ [ [ 4759998.073442377150059, 3555003.428744021803141, 0.0 ], [ 4759998.068093526177108, 3560003.43404833227396, 0.0 ], [ 4754998.069911871105433, 3560003.438699338585138, 0.0 ], [ 4754998.075479011982679, 3555003.433668538928032, 0.0 ], [ 4759998.073442377150059, 3555003.428744021803141, 0.0 ] ] ] } },
{ "type": "Feature", "properties": { "tile": "N161E197", "url": "https://kyfromabove.s3.us-west-2.amazonaws.com/elevation/DEM/Phase1/N161E197_2014_DEM_Phase1_cog.tif" }, "geometry": { "type": "Polygon", "coordinates": [ [ [ 4764998.071411289274693, 3555003.423821003641933, 0.0 ], [ 4764998.066280629485846, 3560003.429398906882852, 0.0 ], [ 4759998.068093526177108, 3560003.43404833227396, 0.0 ], [ 4759998.073442377150059, 3555003.428744021803141, 0.0 ], [ 4764998.071411289274693, 3555003.423821003641933, 0.0 ] ] ] } },
{ "type": "Feature", "properties": { "tile": "N161E198", "url": "https://kyfromabove.s3.us-west-2.amazonaws.com/elevation/DEM/Phase1/N161E198_2014_DEM_Phase1_cog.tif" }, "geometry": { "type": "Polygon", "coordinates": [ [ [ 4764998.071411289274693, 3555003.423821003641933, 0.0 ], [ 4769998.069057513959706, 3555003.418899378273636, 0.0 ], [ 4769998.064144952222705, 3560003.424750941805542, 0.0 ], [ 4764998.066280629485846, 3560003.429398906882852, 0.0 ], [ 4764998.071411289274693, 3555003.423821003641933, 0.0 ] ] ] } },
{ "type": "Feature", "properties": { "tile": "N161E199", "url": "https://kyfromabove.s3.us-west-2.amazonaws.com/elevation/DEM/Phase1/N161E199_2014_DEM_Phase1_cog.tif" }, "geometry": { "type": "Polygon", "coordinates": [ [ [ 4774998.067037126980722, 3555003.413978930562735, 0.0 ], [ 4774998.062342559918761, 3560003.420104267075658, 0.0 ], [ 4769998.064144952222705, 3560003.424750941805542, 0.0 ], [ 4769998.069057513959706, 3555003.418899378273636, 0.0 ], [ 4774998.067037126980722, 3555003.413978930562735, 0.0 ] ] ] } },
{ "type": "Feature", "properties": { "tile": "N161E200", "url": "https://kyfromabove.s3.us-west-2.amazonaws.com/elevation/DEM/Phase1/N161E200_2014_DEM_Phase1_cog.tif" }, "geometry": { "type": "Polygon", "coordinates": [ [ [ 4774998.062342559918761, 3560003.420104267075658, 0.0 ], [ 4774998.067037126980722, 3555003.413978930562735, 0.0 ], [ 4779998.066620857454836, 3555003.412245810497552, 0.0 ], [ 4779998.06198038905859, 3560003.418432641308755, 0.0 ], [ 4774998.062342559918761, 3560003.420104267075658, 0.0 ] ] ] } },
{ "type": "Feature", "properties": { "tile": "N161E201", "url": "https://kyfromabove.s3.us-west-2.amazonaws.com/elevation/DEM/Phase1/N161E201_2014_DEM_Phase1_cog.tif" }, "geometry": { "type": "Polygon", "coordinates": [ [ [ 4784998.066374165005982, 3555003.410789017099887, 0.0 ], [ 4784998.06178477127105, 3560003.417037857696414, 0.0 ], [ 4779998.06198038905859, 3560003.418432641308755, 0.0 ], [ 4779998.066620857454836, 3555003.412245810497552, 0.0 ], [ 4784998.066374165005982, 3555003.410789017099887, 0.0 ] ] ] } },
{ "type": "Feature", "properties": { "tile": "N161E202", "url": "https://kyfromabove.s3.us-west-2.amazonaws.com/elevation/DEM/Phase1/N161E202_2014_DEM_Phase1_cog.tif" }, "geometry": { "type": "Polygon", "coordinates": [ [ [ 4789998.06645761243999, 3555003.409331713337451, 0.0 ], [ 4789998.061919272877276, 3560003.415642597712576, 0.0 ], [ 4784998.06178477127105, 3560003.417037857696414, 0.0 ], [ 4784998.066374165005982, 3555003.410789017099887, 0.0 ], [ 4789998.06645761243999, 3555003.409331713337451, 0.0 ] ] ] } },
{ "type": "Feature", "properties": { "tile": "N161E203", "url": "https://kyfromabove.s3.us-west-2.amazonaws.com/elevation/DEM/Phase1/N161E203_2014_DEM_Phase1_cog.tif" }, "geometry": { "type": "Polygon", "coordinates": [ [ [ 4794998.066214978694916, 3555003.407873855903745, 0.0 ], [ 4794998.061727682128549, 3560003.414246803615242, 0.0 ], [ 4789998.061919272877276, 3560003.415642597712576, 0.0 ], [ 4789998.06645761243999, 3555003.409331713337451, 0.0 ], [ 4794998.066214978694916, 3555003.407873855903745, 0.0 ] ] ] } },
{ "type": "Feature", "properties": { "tile": "N161E204", "url": "https://kyfromabove.s3.us-west-2.amazonaws.com/elevation/DEM/Phase1/N161E204_2014_DEM_Phase1_cog.tif" }, "geometry": { "type": "Polygon", "coordinates": [ [ [ 4799998.066302438266575, 3555003.406415432225913, 0.0 ], [ 4799998.061866149306297, 3560003.412850448396057, 0.0 ], [ 4794998.061727682128549, 3560003.414246803615242, 0.0 ], [ 4794998.066214978694916, 3555003.407873855903745, 0.0 ], [ 4799998.066302438266575, 3555003.406415432225913, 0.0 ] ] ] } },
{ "type": "Feature", "properties": { "tile": "N161E205", "url": "https://kyfromabove.s3.us-west-2.amazonaws.com/elevation/DEM/Phase1/N161E205_2014_DEM_Phase1_cog.tif" }, "geometry": { "type": "Polygon", "coordinates": [ [ [ 4804998.066063768230379, 3555003.404956382233649, 0.0 ], [ 4804998.061678464524448, 3560003.41145349945873, 0.0 ], [ 4799998.061866149306297, 3560003.412850448396057, 0.0 ], [ 4799998.066302438266575, 3555003.406415432225913, 0.0 ], [ 4804998.066063768230379, 3555003.404956382233649, 0.0 ] ] ] } },
{ "type": "Feature", "properties": { "tile": "N161E206", "url": "https://kyfromabove.s3.us-west-2.amazonaws.com/elevation/DEM/Phase1/N161E206_2014_DEM_Phase1_cog.tif" }, "geometry": { "type": "Polygon", "coordinates": [ [ [ 4809998.065827040933073, 3555003.40349668962881, 0.0 ], [ 4809998.061492705717683, 3560003.41005593072623, 0.0 ], [ 4804998.061678464524448, 3560003.41145349945873, 0.0 ], [ 4804998.066063768230379, 3555003.404956382233649, 0.0 ], [ 4809998.065827040933073, 3555003.40349668962881, 0.0 ] ] ] } },
{ "type": "Feature", "properties": { "tile": "N161E207", "url": "https://kyfromabove.s3.us-west-2.amazonaws.com/elevation/DEM/Phase1/N161E207_2014_DEM_Phase1_cog.tif" }, "geometry": { "type": "Polygon", "coordinates": [ [ [ 4814998.066248380579054, 3555003.402036320418119, 0.0 ], [ 4814998.061964985914528, 3560003.408657690975815, 0.0 ], [ 4809998.061492705717683, 3560003.41005593072623, 0.0 ], [ 4809998.065827040933073, 3555003.40349668962881, 0.0 ], [ 4814998.066248380579054, 3555003.402036320418119, 0.0 ] ] ] } },
{ "type": "Feature", "properties": { "tile": "N162E177", "url": "https://kyfromabove.s3.us-west-2.amazonaws.com/elevation/DEM/Phase1/N162E177_2014_DEM_Phase1_cog.tif" }, "geometry": { "type": "Polygon", "coordinates": [ [ [ 4664998.088847557082772, 3550003.533415040001273, 0.0 ], [ 4664998.084171523340046, 3555003.534779706504196, 0.0 ], [ 4659998.081972029060125, 3555003.541357988025993, 0.0 ], [ 4659998.086217264644802, 3550003.540058764629066, 0.0 ], [ 4664998.088847557082772, 3550003.533415040001273, 0.0 ] ] ] } },
{ "type": "Feature", "properties": { "tile": "N162E178", "url": "https://kyfromabove.s3.us-west-2.amazonaws.com/elevation/DEM/Phase1/N162E178_2014_DEM_Phase1_cog.tif" }, "geometry": { "type": "Polygon", "coordinates": [ [ [ 4669998.091473170556128, 3550003.526773194316775, 0.0 ], [ 4669998.086366307921708, 3555003.528203165158629, 0.0 ], [ 4664998.084171523340046, 3555003.534779706504196, 0.0 ], [ 4664998.088847557082772, 3550003.533415040001273, 0.0 ], [ 4669998.091473170556128, 3550003.526773194316775, 0.0 ] ] ] } },
{ "type": "Feature", "properties": { "tile": "N162E179", "url": "https://kyfromabove.s3.us-west-2.amazonaws.com/elevation/DEM/Phase1/N162E179_2014_DEM_Phase1_cog.tif" }, "geometry": { "type": "Polygon", "coordinates": [ [ [ 4674998.088228584267199, 3555003.521628314629197, 0.0 ], [ 4669998.086366307921708, 3555003.528203165158629, 0.0 ], [ 4669998.091473170556128, 3550003.526773194316775, 0.0 ], [ 4674998.093766302801669, 3550003.520133225712925, 0.0 ], [ 4674998.088228584267199, 3555003.521628314629197, 0.0 ] ] ] } },
{ "type": "Feature", "properties": { "tile": "N162E180", "url": "https://kyfromabove.s3.us-west-2.amazonaws.com/elevation/DEM/Phase1/N162E180_2014_DEM_Phase1_cog.tif" }, "geometry": { "type": "Polygon", "coordinates": [ [ [ 4679998.096055223606527, 3550003.513495066203177, 0.0 ], [ 4679998.090086637996137, 3555003.515055113937706, 0.0 ], [ 4674998.088228584267199, 3555003.521628314629197, 0.0 ], [ 4674998.093766302801669, 3550003.520133225712925, 0.0 ], [ 4679998.096055223606527, 3550003.513495066203177, 0.0 ] ] ] } },
{ "type": "Feature", "properties": { "tile": "N162E181", "url": "https://kyfromabove.s3.us-west-2.amazonaws.com/elevation/DEM/Phase1/N162E181_2014_DEM_Phase1_cog.tif" }, "geometry": { "type": "Polygon", "coordinates": [ [ [ 4684998.098668305203319, 3550003.506858657114208, 0.0 ], [ 4684998.092268813401461, 3555003.508483520243317, 0.0 ], [ 4679998.090086637996137, 3555003.515055113937706, 0.0 ], [ 4679998.096055223606527, 3550003.513495066203177, 0.0 ], [ 4684998.098668305203319, 3550003.506858657114208, 0.0 ] ] ] } },
{ "type": "Feature", "properties": { "tile": "N162E182", "url": "https://kyfromabove.s3.us-west-2.amazonaws.com/elevation/DEM/Phase1/N162E182_2014_DEM_Phase1_cog.tif" }, "geometry": { "type": "Polygon", "coordinates": [ [ [ 4684998.098668305203319, 3550003.506858657114208, 0.0 ], [ 4689998.100949566811323, 3550003.500224002171308, 0.0 ], [ 4689998.094119152054191, 3555003.501913518644869, 0.0 ], [ 4684998.092268813401461, 3555003.508483520243317, 0.0 ], [ 4684998.098668305203319, 3550003.506858657114208, 0.0 ] ] ] } },
{ "type": "Feature", "properties": { "tile": "N162E183", "url": "https://kyfromabove.s3.us-west-2.amazonaws.com/elevation/DEM/Phase1/N162E183_2014_DEM_Phase1_cog.tif" }, "geometry": { "type": "Polygon", "coordinates": [ [ [ 4694998.103555460460484, 3550003.493591035716236, 0.0 ], [ 4694998.096294082701206, 3555003.495345043949783, 0.0 ], [ 4689998.094119152054191, 3555003.501913518644869, 0.0 ], [ 4689998.100949566811323, 3550003.500224002171308, 0.0 ], [ 4694998.103555460460484, 3550003.493591035716236, 0.0 ] ] ] } },
{ "type": "Feature", "properties": { "tile": "N162E184", "url": "https://kyfromabove.s3.us-west-2.amazonaws.com/elevation/DEM/Phase1/N162E184_2014_DEM_Phase1_cog.tif" }, "geometry": { "type": "Polygon", "coordinates": [ [ [ 4699998.105830011889338, 3550003.486959712114185, 0.0 ], [ 4699998.098137646913528, 3555003.488778069615364, 0.0 ], [ 4694998.096294082701206, 3555003.495345043949783, 0.0 ], [ 4694998.103555460460484, 3550003.493591035716236, 0.0 ], [ 4699998.105830011889338, 3550003.486959712114185, 0.0 ] ] ] } },
{ "type": "Feature", "properties": { "tile": "N162E185", "url": "https://kyfromabove.s3.us-west-2.amazonaws.com/elevation/DEM/Phase1/N162E185_2014_DEM_Phase1_cog.tif" }, "geometry": { "type": "Polygon", "coordinates": [ [ [ 4704998.105572089552879, 3550003.48105286853388, 0.0 ], [ 4704998.097817296162248, 3555003.48302950616926, 0.0 ], [ 4699998.098137646913528, 3555003.488778069615364, 0.0 ], [ 4699998.105830011889338, 3550003.486959712114185, 0.0 ], [ 4704998.105572089552879, 3550003.48105286853388, 0.0 ] ] ] } },
{ "type": "Feature", "properties": { "tile": "N162E186", "url": "https://kyfromabove.s3.us-west-2.amazonaws.com/elevation/DEM/Phase1/N162E186_2014_DEM_Phase1_cog.tif" }, "geometry": { "type": "Polygon", "coordinates": [ [ [ 4709998.103254052810371, 3550003.475832479540259, 0.0 ], [ 4709998.095718561671674, 3555003.478081714361906, 0.0 ], [ 4704998.097817296162248, 3555003.48302950616926, 0.0 ], [ 4704998.105572089552879, 3550003.48105286853388, 0.0 ], [ 4709998.103254052810371, 3550003.475832479540259, 0.0 ] ] ] } },
{ "type": "Feature", "properties": { "tile": "N162E187", "url": "https://kyfromabove.s3.us-west-2.amazonaws.com/elevation/DEM/Phase1/N162E187_2014_DEM_Phase1_cog.tif" }, "geometry": { "type": "Polygon", "coordinates": [ [ [ 4714998.100942892022431, 3550003.470615008380264, 0.0 ], [ 4714998.093626575544477, 3555003.473136910237372, 0.0 ], [ 4709998.095718561671674, 3555003.478081714361906, 0.0 ], [ 4709998.103254052810371, 3550003.475832479540259, 0.0 ], [ 4714998.100942892022431, 3550003.470615008380264, 0.0 ] ] ] } },
{ "type": "Feature", "properties": { "tile": "N162E188", "url": "https://kyfromabove.s3.us-west-2.amazonaws.com/elevation/DEM/Phase1/N162E188_2014_DEM_Phase1_cog.tif" }, "geometry": { "type": "Polygon", "coordinates": [ [ [ 4719998.098310373723507, 3550003.465400317218155, 0.0 ], [ 4719998.091213141568005, 3555003.4681949573569, 0.0 ], [ 4714998.093626575544477, 3555003.473136910237372, 0.0 ], [ 4714998.100942892022431, 3550003.470615008380264, 0.0 ], [ 4719998.098310373723507, 3550003.465400317218155, 0.0 ] ] ] } },
{ "type": "Feature", "properties": { "tile": "N162E189", "url": "https://kyfromabove.s3.us-west-2.amazonaws.com/elevation/DEM/Phase1/N162E189_2014_DEM_Phase1_cog.tif" }, "geometry": { "type": "Polygon", "coordinates": [ [ [ 4724998.096012561582029, 3550003.46018822491169, 0.0 ], [ 4724998.089134325273335, 3555003.463255700655282, 0.0 ], [ 4719998.091213141568005, 3555003.4681949573569, 0.0 ], [ 4719998.098310373723507, 3550003.465400317218155, 0.0 ], [ 4724998.096012561582029, 3550003.46018822491169, 0.0 ] ] ] } },
{ "type": "Feature", "properties": { "tile": "N162E190", "url": "https://kyfromabove.s3.us-west-2.amazonaws.com/elevation/DEM/Phase1/N162E190_2014_DEM_Phase1_cog.tif" }, "geometry": { "type": "Polygon", "coordinates": [ [ [ 4729998.093393155373633, 3550003.454978613182902, 0.0 ], [ 4729998.086733803153038, 3555003.458318995777518, 0.0 ], [ 4724998.089134325273335, 3555003.463255700655282, 0.0 ], [ 4724998.096012561582029, 3550003.46018822491169, 0.0 ], [ 4729998.093393155373633, 3550003.454978613182902, 0.0 ] ] ] } },
{ "type": "Feature", "properties": { "tile": "N162E191", "url": "https://kyfromabove.s3.us-west-2.amazonaws.com/elevation/DEM/Phase1/N162E191_2014_DEM_Phase1_cog.tif" }, "geometry": { "type": "Polygon", "coordinates": [ [ [ 4734998.091108206659555, 3550003.449771308340132, 0.0 ], [ 4734998.084667647257447, 3555003.453384688589722, 0.0 ], [ 4729998.086733803153038, 3555003.458318995777518, 0.0 ], [ 4729998.093393155373633, 3550003.454978613182902, 0.0 ], [ 4734998.091108206659555, 3550003.449771308340132, 0.0 ] ] ] } },
{ "type": "Feature", "properties": { "tile": "N162E192", "url": "https://kyfromabove.s3.us-west-2.amazonaws.com/elevation/DEM/Phase1/N162E192_2014_DEM_Phase1_cog.tif" }, "geometry": { "type": "Polygon", "coordinates": [ [ [ 4739998.088501417078078, 3550003.444566176272929, 0.0 ], [ 4739998.082279548048973, 3555003.44845264358446, 0.0 ], [ 4734998.084667647257447, 3555003.453384688589722, 0.0 ], [ 4734998.091108206659555, 3550003.449771308340132, 0.0 ], [ 4739998.088501417078078, 3550003.444566176272929, 0.0 ] ] ] } },
{ "type": "Feature", "properties": { "tile": "N162E193", "url": "https://kyfromabove.s3.us-west-2.amazonaws.com/elevation/DEM/Phase1/N162E193_2014_DEM_Phase1_cog.tif" }, "geometry": { "type": "Polygon", "coordinates": [ [ [ 4744998.085900746285915, 3550003.439363069832325, 0.0 ], [ 4744998.079897476360202, 3555003.443522704299539, 0.0 ], [ 4739998.082279548048973, 3555003.44845264358446, 0.0 ], [ 4739998.088501417078078, 3550003.444566176272929, 0.0 ], [ 4744998.085900746285915, 3550003.439363069832325, 0.0 ] ] ] } },
{ "type": "Feature", "properties": { "tile": "N162E194", "url": "https://kyfromabove.s3.us-west-2.amazonaws.com/elevation/DEM/Phase1/N162E194_2014_DEM_Phase1_cog.tif" }, "geometry": { "type": "Polygon", "coordinates": [ [ [ 4749998.083634186536074, 3550003.434161840006709, 0.0 ], [ 4749998.077849400229752, 3555003.438594716135412, 0.0 ], [ 4744998.079897476360202, 3555003.443522704299539, 0.0 ], [ 4744998.085900746285915, 3550003.439363069832325, 0.0 ], [ 4749998.083634186536074, 3550003.434161840006709, 0.0 ] ] ] } },
{ "type": "Feature", "properties": { "tile": "N162E195", "url": "https://kyfromabove.s3.us-west-2.amazonaws.com/elevation/DEM/Phase1/N162E195_2014_DEM_Phase1_cog.tif" }, "geometry": { "type": "Polygon", "coordinates": [ [ [ 4754998.081045409664512, 3550003.428962328936905, 0.0 ], [ 4754998.075479011982679, 3555003.433668538928032, 0.0 ], [ 4749998.077849400229752, 3555003.438594716135412, 0.0 ], [ 4749998.083634186536074, 3550003.434161840006709, 0.0 ], [ 4754998.081045409664512, 3550003.428962328936905, 0.0 ] ] ] } },
{ "type": "Feature", "properties": { "tile": "N162E196", "url": "https://kyfromabove.s3.us-west-2.amazonaws.com/elevation/DEM/Phase1/N162E196_2014_DEM_Phase1_cog.tif" }, "geometry": { "type": "Polygon", "coordinates": [ [ [ 4759998.078790491446853, 3550003.423764428123832, 0.0 ], [ 4759998.073442377150059, 3555003.428744021803141, 0.0 ], [ 4754998.075479011982679, 3555003.433668538928032, 0.0 ], [ 4754998.081045409664512, 3550003.428962328936905, 0.0 ], [ 4759998.078790491446853, 3550003.423764428123832, 0.0 ] ] ] } },
{ "type": "Feature", "properties": { "tile": "N162E197", "url": "https://kyfromabove.s3.us-west-2.amazonaws.com/elevation/DEM/Phase1/N162E197_2014_DEM_Phase1_cog.tif" }, "geometry": { "type": "Polygon", "coordinates": [ [ [ 4764998.071411289274693, 3555003.423821003641933, 0.0 ], [ 4759998.073442377150059, 3555003.428744021803141, 0.0 ], [ 4759998.078790491446853, 3550003.423764428123832, 0.0 ], [ 4764998.076541198417544, 3550003.418567905202508, 0.0 ], [ 4764998.071411289274693, 3555003.423821003641933, 0.0 ] ] ] } },
{ "type": "Feature", "properties": { "tile": "N162E198", "url": "https://kyfromabove.s3.us-west-2.amazonaws.com/elevation/DEM/Phase1/N162E198_2014_DEM_Phase1_cog.tif" }, "geometry": { "type": "Polygon", "coordinates": [ [ [ 4769998.073969328776002, 3550003.413372690789402, 0.0 ], [ 4769998.069057513959706, 3555003.418899378273636, 0.0 ], [ 4764998.071411289274693, 3555003.423821003641933, 0.0 ], [ 4764998.076541198417544, 3550003.418567905202508, 0.0 ], [ 4769998.073969328776002, 3550003.413372690789402, 0.0 ] ] ] } },
{ "type": "Feature", "properties": { "tile": "N162E199", "url": "https://kyfromabove.s3.us-west-2.amazonaws.com/elevation/DEM/Phase1/N162E199_2014_DEM_Phase1_cog.tif" }, "geometry": { "type": "Polygon", "coordinates": [ [ [ 4774998.071730960160494, 3550003.408178606070578, 0.0 ], [ 4774998.067037126980722, 3555003.413978930562735, 0.0 ], [ 4769998.069057513959706, 3555003.418899378273636, 0.0 ], [ 4769998.073969328776002, 3550003.413372690789402, 0.0 ], [ 4774998.071730960160494, 3550003.408178606070578, 0.0 ] ] ] } },
{ "type": "Feature", "properties": { "tile": "N162E200", "url": "https://kyfromabove.s3.us-west-2.amazonaws.com/elevation/DEM/Phase1/N162E200_2014_DEM_Phase1_cog.tif" }, "geometry": { "type": "Polygon", "coordinates": [ [ [ 4779998.071262376382947, 3550003.406386283691972, 0.0 ], [ 4779998.066620857454836, 3555003.412245810497552, 0.0 ], [ 4774998.067037126980722, 3555003.413978930562735, 0.0 ], [ 4774998.071730960160494, 3550003.408178606070578, 0.0 ], [ 4779998.071262376382947, 3550003.406386283691972, 0.0 ] ] ] } },
{ "type": "Feature", "properties": { "tile": "N162E201", "url": "https://kyfromabove.s3.us-west-2.amazonaws.com/elevation/DEM/Phase1/N162E201_2014_DEM_Phase1_cog.tif" }, "geometry": { "type": "Polygon", "coordinates": [ [ [ 4784998.07096459902823, 3550003.404867486096919, 0.0 ], [ 4784998.066374165005982, 3555003.410789017099887, 0.0 ], [ 4779998.066620857454836, 3555003.412245810497552, 0.0 ], [ 4779998.071262376382947, 3550003.406386283691972, 0.0 ], [ 4784998.07096459902823, 3550003.404867486096919, 0.0 ] ] ] } },
{ "type": "Feature", "properties": { "tile": "N162E202", "url": "https://kyfromabove.s3.us-west-2.amazonaws.com/elevation/DEM/Phase1/N162E202_2014_DEM_Phase1_cog.tif" }, "geometry": { "type": "Polygon", "coordinates": [ [ [ 4789998.070996991358697, 3550003.403348163701594, 0.0 ], [ 4789998.06645761243999, 3555003.409331713337451, 0.0 ], [ 4784998.066374165005982, 3555003.410789017099887, 0.0 ], [ 4784998.07096459902823, 3550003.404867486096919, 0.0 ], [ 4789998.070996991358697, 3550003.403348163701594, 0.0 ] ] ] } },
{ "type": "Feature", "properties": { "tile": "N162E203", "url": "https://kyfromabove.s3.us-west-2.amazonaws.com/elevation/DEM/Phase1/N162E203_2014_DEM_Phase1_cog.tif" }, "geometry": { "type": "Polygon", "coordinates": [ [ [ 4794998.070703333243728, 3550003.401828271802515, 0.0 ], [ 4794998.066214978694916, 3555003.407873855903745, 0.0 ], [ 4789998.06645761243999, 3555003.409331713337451, 0.0 ], [ 4789998.070996991358697, 3550003.403348163701594, 0.0 ], [ 4794998.070703333243728, 3550003.401828271802515, 0.0 ] ] ] } },
{ "type": "Feature", "properties": { "tile": "N162E204", "url": "https://kyfromabove.s3.us-west-2.amazonaws.com/elevation/DEM/Phase1/N162E204_2014_DEM_Phase1_cog.tif" }, "geometry": { "type": "Polygon", "coordinates": [ [ [ 4799998.07073977496475, 3550003.400307780597359, 0.0 ], [ 4799998.066302438266575, 3555003.406415432225913, 0.0 ], [ 4794998.066214978694916, 3555003.407873855903745, 0.0 ], [ 4794998.070703333243728, 3550003.401828271802515, 0.0 ], [ 4799998.07073977496475, 3550003.400307780597359, 0.0 ] ] ] } },
{ "type": "Feature", "properties": { "tile": "N162E205", "url": "https://kyfromabove.s3.us-west-2.amazonaws.com/elevation/DEM/Phase1/N162E205_2014_DEM_Phase1_cog.tif" }, "geometry": { "type": "Polygon", "coordinates": [ [ [ 4804998.07045011408627, 3550003.398786664474756, 0.0 ], [ 4804998.066063768230379, 3555003.404956382233649, 0.0 ], [ 4799998.066302438266575, 3555003.406415432225913, 0.0 ], [ 4799998.07073977496475, 3550003.400307780597359, 0.0 ], [ 4804998.07045011408627, 3550003.398786664474756, 0.0 ] ] ] } },
{ "type": "Feature", "properties": { "tile": "N162E206", "url": "https://kyfromabove.s3.us-west-2.amazonaws.com/elevation/DEM/Phase1/N162E206_2014_DEM_Phase1_cog.tif" }, "geometry": { "type": "Polygon", "coordinates": [ [ [ 4809998.070162431336939, 3550003.39726489270106, 0.0 ], [ 4809998.065827040933073, 3555003.40349668962881, 0.0 ], [ 4804998.066063768230379, 3555003.404956382233649, 0.0 ], [ 4804998.07045011408627, 3550003.398786664474756, 0.0 ], [ 4809998.070162431336939, 3550003.39726489270106, 0.0 ] ] ] } },
{ "type": "Feature", "properties": { "tile": "N162E207", "url": "https://kyfromabove.s3.us-west-2.amazonaws.com/elevation/DEM/Phase1/N162E207_2014_DEM_Phase1_cog.tif" }, "geometry": { "type": "Polygon", "coordinates": [ [ [ 4814998.070532822050154, 3550003.395742402411997, 0.0 ], [ 4814998.066248380579054, 3555003.402036320418119, 0.0 ], [ 4809998.065827040933073, 3555003.40349668962881, 0.0 ], [ 4809998.070162431336939, 3550003.39726489270106, 0.0 ], [ 4814998.070532822050154, 3550003.395742402411997, 0.0 ] ] ] } },
{ "type": "Feature", "properties": { "tile": "N163E177", "url": "https://kyfromabove.s3.us-west-2.amazonaws.com/elevation/DEM/Phase1/N163E177_2014_DEM_Phase1_cog.tif" }, "geometry": { "type": "Polygon", "coordinates": [ [ [ 4664998.093533274717629, 3545003.531720960512757, 0.0 ], [ 4664998.088847557082772, 3550003.533415040001273, 0.0 ], [ 4659998.086217264644802, 3550003.540058764629066, 0.0 ], [ 4659998.090472190640867, 3545003.538430101703852, 0.0 ], [ 4664998.093533274717629, 3545003.531720960512757, 0.0 ] ] ] } },
{ "type": "Feature", "properties": { "tile": "N163E178", "url": "https://kyfromabove.s3.us-west-2.amazonaws.com/elevation/DEM/Phase1/N163E178_2014_DEM_Phase1_cog.tif" }, "geometry": { "type": "Polygon", "coordinates": [ [ [ 4669998.096589717082679, 3545003.525013864040375, 0.0 ], [ 4669998.091473170556128, 3550003.526773194316775, 0.0 ], [ 4664998.088847557082772, 3550003.533415040001273, 0.0 ], [ 4664998.093533274717629, 3545003.531720960512757, 0.0 ], [ 4669998.096589717082679, 3545003.525013864040375, 0.0 ] ] ] } },
{ "type": "Feature", "properties": { "tile": "N163E179", "url": "https://kyfromabove.s3.us-west-2.amazonaws.com/elevation/DEM/Phase1/N163E179_2014_DEM_Phase1_cog.tif" }, "geometry": { "type": "Polygon", "coordinates": [ [ [ 4674998.099313700571656, 3545003.518308779690415, 0.0 ], [ 4674998.093766302801669, 3550003.520133225712925, 0.0 ], [ 4669998.091473170556128, 3550003.526773194316775, 0.0 ], [ 4669998.096589717082679, 3545003.525013864040375, 0.0 ], [ 4674998.099313700571656, 3545003.518308779690415, 0.0 ] ] ] } },
{ "type": "Feature", "properties": { "tile": "N163E180", "url": "https://kyfromabove.s3.us-west-2.amazonaws.com/elevation/DEM/Phase1/N163E180_2014_DEM_Phase1_cog.tif" }, "geometry": { "type": "Polygon", "coordinates": [ [ [ 4679998.102033508010209, 3545003.511605673003942, 0.0 ], [ 4679998.096055223606527, 3550003.513495066203177, 0.0 ], [ 4674998.093766302801669, 3550003.520133225712925, 0.0 ], [ 4674998.099313700571656, 3545003.518308779690415, 0.0 ], [ 4679998.102033508010209, 3545003.511605673003942, 0.0 ] ] ] } },
{ "type": "Feature", "properties": { "tile": "N163E181", "url": "https://kyfromabove.s3.us-west-2.amazonaws.com/elevation/DEM/Phase1/N163E181_2014_DEM_Phase1_cog.tif" }, "geometry": { "type": "Polygon", "coordinates": [ [ [ 4684998.10507748182863, 3545003.504904482048005, 0.0 ], [ 4684998.098668305203319, 3550003.506858657114208, 0.0 ], [ 4679998.096055223606527, 3550003.513495066203177, 0.0 ], [ 4679998.102033508010209, 3545003.511605673003942, 0.0 ], [ 4684998.10507748182863, 3545003.504904482048005, 0.0 ] ] ] } },
{ "type": "Feature", "properties": { "tile": "N163E182", "url": "https://kyfromabove.s3.us-west-2.amazonaws.com/elevation/DEM/Phase1/N163E182_2014_DEM_Phase1_cog.tif" }, "geometry": { "type": "Polygon", "coordinates": [ [ [ 4689998.107789676636457, 3545003.498205184470862, 0.0 ], [ 4689998.100949566811323, 3550003.500224002171308, 0.0 ], [ 4684998.098668305203319, 3550003.506858657114208, 0.0 ], [ 4684998.10507748182863, 3545003.504904482048005, 0.0 ], [ 4689998.107789676636457, 3545003.498205184470862, 0.0 ] ] ] } },
{ "type": "Feature", "properties": { "tile": "N163E183", "url": "https://kyfromabove.s3.us-west-2.amazonaws.com/elevation/DEM/Phase1/N163E183_2014_DEM_Phase1_cog.tif" }, "geometry": { "type": "Polygon", "coordinates": [ [ [ 4694998.11082651745528, 3545003.491507755126804, 0.0 ], [ 4694998.103555460460484, 3550003.493591035716236, 0.0 ], [ 4689998.100949566811323, 3550003.500224002171308, 0.0 ], [ 4689998.107789676636457, 3545003.498205184470862, 0.0 ], [ 4694998.11082651745528, 3545003.491507755126804, 0.0 ] ] ] } },
{ "type": "Feature", "properties": { "tile": "N163E184", "url": "https://kyfromabove.s3.us-west-2.amazonaws.com/elevation/DEM/Phase1/N163E184_2014_DEM_Phase1_cog.tif" }, "geometry": { "type": "Polygon", "coordinates": [ [ [ 4699998.113532060757279, 3545003.484812115319073, 0.0 ], [ 4699998.105830011889338, 3550003.486959712114185, 0.0 ], [ 4694998.103555460460484, 3550003.493591035716236, 0.0 ], [ 4694998.11082651745528, 3545003.491507755126804, 0.0 ], [ 4699998.113532060757279, 3545003.484812115319073, 0.0 ] ] ] } },
{ "type": "Feature", "properties": { "tile": "N163E185", "url": "https://kyfromabove.s3.us-west-2.amazonaws.com/elevation/DEM/Phase1/N163E185_2014_DEM_Phase1_cog.tif" }, "geometry": { "type": "Polygon", "coordinates": [ [ [ 4699998.113532060757279, 3545003.484812115319073, 0.0 ], [ 4704998.113326107151806, 3545003.478743698913604, 0.0 ], [ 4704998.105572089552879, 3550003.48105286853388, 0.0 ], [ 4699998.105830011889338, 3550003.486959712114185, 0.0 ], [ 4699998.113532060757279, 3545003.484812115319073, 0.0 ] ] ] } },
{ "type": "Feature", "properties": { "tile": "N163E186", "url": "https://kyfromabove.s3.us-west-2.amazonaws.com/elevation/DEM/Phase1/N163E186_2014_DEM_Phase1_cog.tif" }, "geometry": { "type": "Polygon", "coordinates": [ [ [ 4709998.110788787715137, 3545003.47325082635507, 0.0 ], [ 4709998.103254052810371, 3550003.475832479540259, 0.0 ], [ 4704998.105572089552879, 3550003.48105286853388, 0.0 ], [ 4704998.113326107151806, 3545003.478743698913604, 0.0 ], [ 4709998.110788787715137, 3545003.47325082635507, 0.0 ] ] ] } },
{ "type": "Feature", "properties": { "tile": "N163E187", "url": "https://kyfromabove.s3.us-west-2.amazonaws.com/elevation/DEM/Phase1/N163E187_2014_DEM_Phase1_cog.tif" }, "geometry": { "type": "Polygon", "coordinates": [ [ [ 4714998.108258436433971, 3545003.467760791536421, 0.0 ], [ 4714998.100942892022431, 3550003.470615008380264, 0.0 ], [ 4709998.103254052810371, 3550003.475832479540259, 0.0 ], [ 4709998.110788787715137, 3545003.47325082635507, 0.0 ], [ 4714998.108258436433971, 3545003.467760791536421, 0.0 ] ] ] } },
{ "type": "Feature", "properties": { "tile": "N163E188", "url": "https://kyfromabove.s3.us-west-2.amazonaws.com/elevation/DEM/Phase1/N163E188_2014_DEM_Phase1_cog.tif" }, "geometry": { "type": "Polygon", "coordinates": [ [ [ 4719998.10540683567524, 3545003.462273450568318, 0.0 ], [ 4719998.098310373723507, 3550003.465400317218155, 0.0 ], [ 4714998.100942892022431, 3550003.470615008380264, 0.0 ], [ 4714998.108258436433971, 3545003.467760791536421, 0.0 ], [ 4719998.10540683567524, 3545003.462273450568318, 0.0 ] ] ] } },
{ "type": "Feature", "properties": { "tile": "N163E189", "url": "https://kyfromabove.s3.us-west-2.amazonaws.com/elevation/DEM/Phase1/N163E189_2014_DEM_Phase1_cog.tif" }, "geometry": { "type": "Polygon", "coordinates": [ [ [ 4724998.102890037931502, 3545003.456788619048893, 0.0 ], [ 4724998.096012561582029, 3550003.46018822491169, 0.0 ], [ 4719998.098310373723507, 3550003.465400317218155, 0.0 ], [ 4719998.10540683567524, 3545003.462273450568318, 0.0 ], [ 4724998.102890037931502, 3545003.456788619048893, 0.0 ] ] ] } },
{ "type": "Feature", "properties": { "tile": "N163E190", "url": "https://kyfromabove.s3.us-west-2.amazonaws.com/elevation/DEM/Phase1/N163E190_2014_DEM_Phase1_cog.tif" }, "geometry": { "type": "Polygon", "coordinates": [ [ [ 4729998.100051745772362, 3545003.451306191738695, 0.0 ], [ 4729998.093393155373633, 3550003.454978613182902, 0.0 ], [ 4724998.096012561582029, 3550003.46018822491169, 0.0 ], [ 4724998.102890037931502, 3545003.456788619048893, 0.0 ], [ 4729998.100051745772362, 3545003.451306191738695, 0.0 ] ] ] } },
{ "type": "Feature", "properties": { "tile": "N163E191", "url": "https://kyfromabove.s3.us-west-2.amazonaws.com/elevation/DEM/Phase1/N163E191_2014_DEM_Phase1_cog.tif" }, "geometry": { "type": "Polygon", "coordinates": [ [ [ 4729998.100051745772362, 3545003.451306191738695, 0.0 ], [ 4734998.09754800889641, 3545003.445826002862304, 0.0 ], [ 4734998.091108206659555, 3550003.449771308340132, 0.0 ], [ 4729998.093393155373633, 3550003.454978613182902, 0.0 ], [ 4729998.100051745772362, 3545003.451306191738695, 0.0 ] ] ] } },
{ "type": "Feature", "properties": { "tile": "N163E192", "url": "https://kyfromabove.s3.us-west-2.amazonaws.com/elevation/DEM/Phase1/N163E192_2014_DEM_Phase1_cog.tif" }, "geometry": { "type": "Polygon", "coordinates": [ [ [ 4739998.09472253639251, 3545003.440347882453352, 0.0 ], [ 4739998.088501417078078, 3550003.444566176272929, 0.0 ], [ 4734998.091108206659555, 3550003.449771308340132, 0.0 ], [ 4734998.09754800889641, 3545003.445826002862304, 0.0 ], [ 4739998.09472253639251, 3545003.440347882453352, 0.0 ] ] ] } },
{ "type": "Feature", "properties": { "tile": "N163E193", "url": "https://kyfromabove.s3.us-west-2.amazonaws.com/elevation/DEM/Phase1/N163E193_2014_DEM_Phase1_cog.tif" }, "geometry": { "type": "Polygon", "coordinates": [ [ [ 4744998.091903280466795, 3545003.43487171176821, 0.0 ], [ 4744998.085900746285915, 3550003.439363069832325, 0.0 ], [ 4739998.088501417078078, 3550003.444566176272929, 0.0 ], [ 4739998.09472253639251, 3545003.440347882453352, 0.0 ], [ 4744998.091903280466795, 3545003.43487171176821, 0.0 ] ] ] } },
{ "type": "Feature", "properties": { "tile": "N163E194", "url": "https://kyfromabove.s3.us-west-2.amazonaws.com/elevation/DEM/Phase1/N163E194_2014_DEM_Phase1_cog.tif" }, "geometry": { "type": "Polygon", "coordinates": [ [ [ 4749998.089418230578303, 3545003.429397335276008, 0.0 ], [ 4749998.083634186536074, 3550003.434161840006709, 0.0 ], [ 4744998.085900746285915, 3550003.439363069832325, 0.0 ], [ 4744998.091903280466795, 3545003.43487171176821, 0.0 ], [ 4749998.089418230578303, 3545003.429397335276008, 0.0 ] ] ] } },
{ "type": "Feature", "properties": { "tile": "N163E195", "url": "https://kyfromabove.s3.us-west-2.amazonaws.com/elevation/DEM/Phase1/N163E195_2014_DEM_Phase1_cog.tif" }, "geometry": { "type": "Polygon", "coordinates": [ [ [ 4754998.086611053906381, 3545003.423924608156085, 0.0 ], [ 4754998.081045409664512, 3550003.428962328936905, 0.0 ], [ 4749998.083634186536074, 3550003.434161840006709, 0.0 ], [ 4749998.089418230578303, 3545003.429397335276008, 0.0 ], [ 4754998.086611053906381, 3545003.423924608156085, 0.0 ] ] ] } },
{ "type": "Feature", "properties": { "tile": "N163E196", "url": "https://kyfromabove.s3.us-west-2.amazonaws.com/elevation/DEM/Phase1/N163E196_2014_DEM_Phase1_cog.tif" }, "geometry": { "type": "Polygon", "coordinates": [ [ [ 4759998.084137842059135, 3545003.41845336323604, 0.0 ], [ 4759998.078790491446853, 3550003.423764428123832, 0.0 ], [ 4754998.081045409664512, 3550003.428962328936905, 0.0 ], [ 4754998.086611053906381, 3545003.423924608156085, 0.0 ], [ 4759998.084137842059135, 3545003.41845336323604, 0.0 ] ] ] } },
{ "type": "Feature", "properties": { "tile": "N163E197", "url": "https://kyfromabove.s3.us-west-2.amazonaws.com/elevation/DEM/Phase1/N163E197_2014_DEM_Phase1_cog.tif" }, "geometry": { "type": "Polygon", "coordinates": [ [ [ 4764998.08167037088424, 3545003.412983471993357, 0.0 ], [ 4764998.076541198417544, 3550003.418567905202508, 0.0 ], [ 4759998.078790491446853, 3550003.423764428123832, 0.0 ], [ 4759998.084137842059135, 3545003.41845336323604, 0.0 ], [ 4764998.08167037088424, 3545003.412983471993357, 0.0 ] ] ] } },
{ "type": "Feature", "properties": { "tile": "N163E198", "url": "https://kyfromabove.s3.us-west-2.amazonaws.com/elevation/DEM/Phase1/N163E198_2014_DEM_Phase1_cog.tif" }, "geometry": { "type": "Polygon", "coordinates": [ [ [ 4769998.078880406916142, 3545003.407514786813408, 0.0 ], [ 4769998.073969328776002, 3550003.413372690789402, 0.0 ], [ 4764998.076541198417544, 3550003.418567905202508, 0.0 ], [ 4764998.08167037088424, 3545003.412983471993357, 0.0 ], [ 4769998.078880406916142, 3545003.407514786813408, 0.0 ] ] ] } },
{ "type": "Feature", "properties": { "tile": "N163E199", "url": "https://kyfromabove.s3.us-west-2.amazonaws.com/elevation/DEM/Phase1/N163E199_2014_DEM_Phase1_cog.tif" }, "geometry": { "type": "Polygon", "coordinates": [ [ [ 4774998.076424040831625, 3545003.402047134004533, 0.0 ], [ 4774998.071730960160494, 3550003.408178606070578, 0.0 ], [ 4769998.073969328776002, 3550003.413372690789402, 0.0 ], [ 4769998.078880406916142, 3545003.407514786813408, 0.0 ], [ 4774998.076424040831625, 3545003.402047134004533, 0.0 ] ] ] } },
{ "type": "Feature", "properties": { "tile": "N163E200", "url": "https://kyfromabove.s3.us-west-2.amazonaws.com/elevation/DEM/Phase1/N163E200_2014_DEM_Phase1_cog.tif" }, "geometry": { "type": "Polygon", "coordinates": [ [ [ 4779998.075904944911599, 3545003.400197912938893, 0.0 ], [ 4779998.071262376382947, 3550003.406386283691972, 0.0 ], [ 4774998.071730960160494, 3550003.408178606070578, 0.0 ], [ 4774998.076424040831625, 3545003.402047134004533, 0.0 ], [ 4779998.075904944911599, 3545003.400197912938893, 0.0 ] ] ] } },
{ "type": "Feature", "properties": { "tile": "N163E201", "url": "https://kyfromabove.s3.us-west-2.amazonaws.com/elevation/DEM/Phase1/N163E201_2014_DEM_Phase1_cog.tif" }, "geometry": { "type": "Polygon", "coordinates": [ [ [ 4784998.075556089170277, 3545003.398617136757821, 0.0 ], [ 4784998.07096459902823, 3550003.404867486096919, 0.0 ], [ 4779998.071262376382947, 3550003.406386283691972, 0.0 ], [ 4779998.075904944911599, 3545003.400197912938893, 0.0 ], [ 4784998.075556089170277, 3545003.398617136757821, 0.0 ] ] ] } },
{ "type": "Feature", "properties": { "tile": "N163E202", "url": "https://kyfromabove.s3.us-west-2.amazonaws.com/elevation/DEM/Phase1/N163E202_2014_DEM_Phase1_cog.tif" }, "geometry": { "type": "Polygon", "coordinates": [ [ [ 4789998.075537420809269, 3545003.397035818081349, 0.0 ], [ 4789998.070996991358697, 3550003.403348163701594, 0.0 ], [ 4784998.07096459902823, 3550003.404867486096919, 0.0 ], [ 4784998.075556089170277, 3545003.398617136757821, 0.0 ], [ 4789998.075537420809269, 3545003.397035818081349, 0.0 ] ] ] } },
{ "type": "Feature", "properties": { "tile": "N163E203", "url": "https://kyfromabove.s3.us-west-2.amazonaws.com/elevation/DEM/Phase1/N163E203_2014_DEM_Phase1_cog.tif" }, "geometry": { "type": "Polygon", "coordinates": [ [ [ 4794998.075192727148533, 3545003.395453921053559, 0.0 ], [ 4794998.070703333243728, 3550003.401828271802515, 0.0 ], [ 4789998.070996991358697, 3550003.403348163701594, 0.0 ], [ 4789998.075537420809269, 3545003.397035818081349, 0.0 ], [ 4794998.075192727148533, 3545003.395453921053559, 0.0 ] ] ] } },
{ "type": "Feature", "properties": { "tile": "N163E204", "url": "https://kyfromabove.s3.us-west-2.amazonaws.com/elevation/DEM/Phase1/N163E204_2014_DEM_Phase1_cog.tif" }, "geometry": { "type": "Polygon", "coordinates": [ [ [ 4799998.075178164988756, 3545003.393871401436627, 0.0 ], [ 4799998.07073977496475, 3550003.400307780597359, 0.0 ], [ 4794998.070703333243728, 3550003.401828271802515, 0.0 ], [ 4794998.075192727148533, 3545003.395453921053559, 0.0 ], [ 4799998.075178164988756, 3545003.393871401436627, 0.0 ] ] ] } },
{ "type": "Feature", "properties": { "tile": "N163E205", "url": "https://kyfromabove.s3.us-west-2.amazonaws.com/elevation/DEM/Phase1/N163E205_2014_DEM_Phase1_cog.tif" }, "geometry": { "type": "Polygon", "coordinates": [ [ [ 4804998.074837513267994, 3545003.392288238741457, 0.0 ], [ 4804998.07045011408627, 3550003.398786664474756, 0.0 ], [ 4799998.07073977496475, 3550003.400307780597359, 0.0 ], [ 4799998.075178164988756, 3545003.393871401436627, 0.0 ], [ 4804998.074837513267994, 3545003.392288238741457, 0.0 ] ] ] } },
{ "type": "Feature", "properties": { "tile": "N163E206", "url": "https://kyfromabove.s3.us-west-2.amazonaws.com/elevation/DEM/Phase1/N163E206_2014_DEM_Phase1_cog.tif" }, "geometry": { "type": "Polygon", "coordinates": [ [ [ 4809998.074498852714896, 3545003.390704389195889, 0.0 ], [ 4809998.070162431336939, 3550003.39726489270106, 0.0 ], [ 4804998.07045011408627, 3550003.398786664474756, 0.0 ], [ 4804998.074837513267994, 3545003.392288238741457, 0.0 ], [ 4809998.074498852714896, 3545003.390704389195889, 0.0 ] ] ] } },
{ "type": "Feature", "properties": { "tile": "N163E207", "url": "https://kyfromabove.s3.us-west-2.amazonaws.com/elevation/DEM/Phase1/N163E207_2014_DEM_Phase1_cog.tif" }, "geometry": { "type": "Polygon", "coordinates": [ [ [ 4814998.074818314053118, 3545003.389119806699455, 0.0 ], [ 4814998.070532822050154, 3550003.395742402411997, 0.0 ], [ 4809998.070162431336939, 3550003.39726489270106, 0.0 ], [ 4809998.074498852714896, 3545003.390704389195889, 0.0 ], [ 4814998.074818314053118, 3545003.389119806699455, 0.0 ] ] ] } },
{ "type": "Feature", "properties": { "tile": "N164E177", "url": "https://kyfromabove.s3.us-west-2.amazonaws.com/elevation/DEM/Phase1/N164E177_2014_DEM_Phase1_cog.tif" }, "geometry": { "type": "Polygon", "coordinates": [ [ [ 4664998.098228677175939, 3540003.530025505460799, 0.0 ], [ 4664998.093533274717629, 3545003.531720960512757, 0.0 ], [ 4659998.090472190640867, 3545003.538430101703852, 0.0 ], [ 4659998.094736789353192, 3540003.536800040397793, 0.0 ], [ 4664998.098228677175939, 3540003.530025505460799, 0.0 ] ] ] } },
{ "type": "Feature", "properties": { "tile": "N164E178", "url": "https://kyfromabove.s3.us-west-2.amazonaws.com/elevation/DEM/Phase1/N164E178_2014_DEM_Phase1_cog.tif" }, "geometry": { "type": "Polygon", "coordinates": [ [ [ 4669998.101715940050781, 3540003.523253181483597, 0.0 ], [ 4669998.096589717082679, 3545003.525013864040375, 0.0 ], [ 4664998.093533274717629, 3545003.531720960512757, 0.0 ], [ 4664998.098228677175939, 3540003.530025505460799, 0.0 ], [ 4669998.101715940050781, 3540003.523253181483597, 0.0 ] ] ] } },
{ "type": "Feature", "properties": { "tile": "N164E179", "url": "https://kyfromabove.s3.us-west-2.amazonaws.com/elevation/DEM/Phase1/N164E179_2014_DEM_Phase1_cog.tif" }, "geometry": { "type": "Polygon", "coordinates": [ [ [ 4674998.104870777577162, 3540003.516483022365719, 0.0 ], [ 4674998.099313700571656, 3545003.518308779690415, 0.0 ], [ 4669998.096589717082679, 3545003.525013864040375, 0.0 ], [ 4669998.101715940050781, 3540003.523253181483597, 0.0 ], [ 4674998.104870777577162, 3540003.516483022365719, 0.0 ] ] ] } },
{ "type": "Feature", "properties": { "tile": "N164E180", "url": "https://kyfromabove.s3.us-west-2.amazonaws.com/elevation/DEM/Phase1/N164E180_2014_DEM_Phase1_cog.tif" }, "geometry": { "type": "Polygon", "coordinates": [ [ [ 4679998.108021459542215, 3540003.509714973624796, 0.0 ], [ 4679998.102033508010209, 3545003.511605673003942, 0.0 ], [ 4674998.099313700571656, 3545003.518308779690415, 0.0 ], [ 4674998.104870777577162, 3540003.516483022365719, 0.0 ], [ 4679998.108021459542215, 3540003.509714973624796, 0.0 ] ] ] } },
{ "type": "Feature", "properties": { "tile": "N164E181", "url": "https://kyfromabove.s3.us-west-2.amazonaws.com/elevation/DEM/Phase1/N164E181_2014_DEM_Phase1_cog.tif" }, "geometry": { "type": "Polygon", "coordinates": [ [ [ 4684998.11149634141475, 3540003.502949038054794, 0.0 ], [ 4684998.10507748182863, 3545003.504904482048005, 0.0 ], [ 4679998.102033508010209, 3545003.511605673003942, 0.0 ], [ 4679998.108021459542215, 3540003.509714973624796, 0.0 ], [ 4684998.11149634141475, 3540003.502949038054794, 0.0 ] ] ] } },
{ "type": "Feature", "properties": { "tile": "N164E182", "url": "https://kyfromabove.s3.us-west-2.amazonaws.com/elevation/DEM/Phase1/N164E182_2014_DEM_Phase1_cog.tif" }, "geometry": { "type": "Polygon", "coordinates": [ [ [ 4689998.114639478735626, 3540003.496185147203505, 0.0 ], [ 4689998.107789676636457, 3545003.498205184470862, 0.0 ], [ 4684998.10507748182863, 3545003.504904482048005, 0.0 ], [ 4684998.11149634141475, 3540003.502949038054794, 0.0 ], [ 4689998.114639478735626, 3540003.496185147203505, 0.0 ] ] ] } },
{ "type": "Feature", "properties": { "tile": "N164E183", "url": "https://kyfromabove.s3.us-west-2.amazonaws.com/elevation/DEM/Phase1/N164E183_2014_DEM_Phase1_cog.tif" }, "geometry": { "type": "Polygon", "coordinates": [ [ [ 4694998.118107262067497, 3540003.489423244725913, 0.0 ], [ 4694998.11082651745528, 3545003.491507755126804, 0.0 ], [ 4689998.107789676636457, 3545003.498205184470862, 0.0 ], [ 4689998.114639478735626, 3540003.496185147203505, 0.0 ], [ 4694998.118107262067497, 3540003.489423244725913, 0.0 ] ] ] } },
{ "type": "Feature", "properties": { "tile": "N164E184", "url": "https://kyfromabove.s3.us-west-2.amazonaws.com/elevation/DEM/Phase1/N164E184_2014_DEM_Phase1_cog.tif" }, "geometry": { "type": "Polygon", "coordinates": [ [ [ 4699998.121243777684867, 3540003.482663323637098, 0.0 ], [ 4699998.113532060757279, 3545003.484812115319073, 0.0 ], [ 4694998.11082651745528, 3545003.491507755126804, 0.0 ], [ 4694998.118107262067497, 3540003.489423244725913, 0.0 ], [ 4699998.121243777684867, 3540003.482663323637098, 0.0 ] ] ] } },
{ "type": "Feature", "properties": { "tile": "N164E185", "url": "https://kyfromabove.s3.us-west-2.amazonaws.com/elevation/DEM/Phase1/N164E185_2014_DEM_Phase1_cog.tif" }, "geometry": { "type": "Polygon", "coordinates": [ [ [ 4704998.121079344302416, 3540003.47643005521968, 0.0 ], [ 4704998.113326107151806, 3545003.478743698913604, 0.0 ], [ 4699998.113532060757279, 3545003.484812115319073, 0.0 ], [ 4699998.121243777684867, 3540003.482663323637098, 0.0 ], [ 4704998.121079344302416, 3540003.47643005521968, 0.0 ] ] ] } },
{ "type": "Feature", "properties": { "tile": "N164E186", "url": "https://kyfromabove.s3.us-west-2.amazonaws.com/elevation/DEM/Phase1/N164E186_2014_DEM_Phase1_cog.tif" }, "geometry": { "type": "Polygon", "coordinates": [ [ [ 4709998.118322749622166, 3540003.470664794091135, 0.0 ], [ 4709998.110788787715137, 3545003.47325082635507, 0.0 ], [ 4704998.113326107151806, 3545003.478743698913604, 0.0 ], [ 4704998.121079344302416, 3540003.47643005521968, 0.0 ], [ 4709998.118322749622166, 3540003.470664794091135, 0.0 ] ] ] } },
{ "type": "Feature", "properties": { "tile": "N164E187", "url": "https://kyfromabove.s3.us-west-2.amazonaws.com/elevation/DEM/Phase1/N164E187_2014_DEM_Phase1_cog.tif" }, "geometry": { "type": "Polygon", "coordinates": [ [ [ 4714998.115573223680258, 3540003.464902304578573, 0.0 ], [ 4714998.108258436433971, 3545003.467760791536421, 0.0 ], [ 4709998.110788787715137, 3545003.47325082635507, 0.0 ], [ 4709998.118322749622166, 3540003.470664794091135, 0.0 ], [ 4714998.115573223680258, 3540003.464902304578573, 0.0 ] ] ] } },
{ "type": "Feature", "properties": { "tile": "N164E188", "url": "https://kyfromabove.s3.us-west-2.amazonaws.com/elevation/DEM/Phase1/N164E188_2014_DEM_Phase1_cog.tif" }, "geometry": { "type": "Polygon", "coordinates": [ [ [ 4719998.112502528354526, 3540003.459142392035574, 0.0 ], [ 4719998.10540683567524, 3545003.462273450568318, 0.0 ], [ 4714998.108258436433971, 3545003.467760791536421, 0.0 ], [ 4714998.115573223680258, 3540003.464902304578573, 0.0 ], [ 4719998.112502528354526, 3540003.459142392035574, 0.0 ] ] ] } },
{ "type": "Feature", "properties": { "tile": "N164E189", "url": "https://kyfromabove.s3.us-west-2.amazonaws.com/elevation/DEM/Phase1/N164E189_2014_DEM_Phase1_cog.tif" }, "geometry": { "type": "Polygon", "coordinates": [ [ [ 4724998.109766755253077, 3540003.453384938649833, 0.0 ], [ 4724998.102890037931502, 3545003.456788619048893, 0.0 ], [ 4719998.10540683567524, 3545003.462273450568318, 0.0 ], [ 4719998.112502528354526, 3540003.459142392035574, 0.0 ], [ 4724998.109766755253077, 3540003.453384938649833, 0.0 ] ] ] } },
{ "type": "Feature", "properties": { "tile": "N164E190", "url": "https://kyfromabove.s3.us-west-2.amazonaws.com/elevation/DEM/Phase1/N164E190_2014_DEM_Phase1_cog.tif" }, "geometry": { "type": "Polygon", "coordinates": [ [ [ 4729998.100051745772362, 3545003.451306191738695, 0.0 ], [ 4724998.102890037931502, 3545003.456788619048893, 0.0 ], [ 4724998.109766755253077, 3540003.453384938649833, 0.0 ], [ 4729998.106709573417902, 3540003.447629785630852, 0.0 ], [ 4729998.100051745772362, 3545003.451306191738695, 0.0 ] ] ] } },
{ "type": "Feature", "properties": { "tile": "N164E191", "url": "https://kyfromabove.s3.us-west-2.amazonaws.com/elevation/DEM/Phase1/N164E191_2014_DEM_Phase1_cog.tif" }, "geometry": { "type": "Polygon", "coordinates": [ [ [ 4734998.103987058624625, 3540003.441876798402518, 0.0 ], [ 4734998.09754800889641, 3545003.445826002862304, 0.0 ], [ 4729998.100051745772362, 3545003.451306191738695, 0.0 ], [ 4729998.106709573417902, 3540003.447629785630852, 0.0 ], [ 4734998.103987058624625, 3540003.441876798402518, 0.0 ] ] ] } },
{ "type": "Feature", "properties": { "tile": "N164E192", "url": "https://kyfromabove.s3.us-west-2.amazonaws.com/elevation/DEM/Phase1/N164E192_2014_DEM_Phase1_cog.tif" }, "geometry": { "type": "Polygon", "coordinates": [ [ [ 4739998.100942893885076, 3540003.436125800013542, 0.0 ], [ 4739998.09472253639251, 3545003.440347882453352, 0.0 ], [ 4734998.09754800889641, 3545003.445826002862304, 0.0 ], [ 4734998.103987058624625, 3540003.441876798402518, 0.0 ], [ 4739998.100942893885076, 3540003.436125800013542, 0.0 ] ] ] } },
{ "type": "Feature", "properties": { "tile": "N164E193", "url": "https://kyfromabove.s3.us-west-2.amazonaws.com/elevation/DEM/Phase1/N164E193_2014_DEM_Phase1_cog.tif" }, "geometry": { "type": "Polygon", "coordinates": [ [ [ 4744998.097905063070357, 3540003.430376661941409, 0.0 ], [ 4744998.091903280466795, 3545003.43487171176821, 0.0 ], [ 4739998.09472253639251, 3545003.440347882453352, 0.0 ], [ 4739998.100942893885076, 3540003.436125800013542, 0.0 ], [ 4744998.097905063070357, 3540003.430376661941409, 0.0 ] ] ] } },
{ "type": "Feature", "properties": { "tile": "N164E194", "url": "https://kyfromabove.s3.us-west-2.amazonaws.com/elevation/DEM/Phase1/N164E194_2014_DEM_Phase1_cog.tif" }, "geometry": { "type": "Polygon", "coordinates": [ [ [ 4749998.095201516523957, 3540003.424629246816039, 0.0 ], [ 4749998.089418230578303, 3545003.429397335276008, 0.0 ], [ 4744998.091903280466795, 3545003.43487171176821, 0.0 ], [ 4744998.097905063070357, 3540003.430376661941409, 0.0 ], [ 4749998.095201516523957, 3540003.424629246816039, 0.0 ] ] ] } },
{ "type": "Feature", "properties": { "tile": "N164E195", "url": "https://kyfromabove.s3.us-west-2.amazonaws.com/elevation/DEM/Phase1/N164E195_2014_DEM_Phase1_cog.tif" }, "geometry": { "type": "Polygon", "coordinates": [ [ [ 4754998.092175966128707, 3540003.418883391655982, 0.0 ], [ 4754998.086611053906381, 3545003.423924608156085, 0.0 ], [ 4749998.089418230578303, 3545003.429397335276008, 0.0 ], [ 4749998.095201516523957, 3540003.424629246816039, 0.0 ], [ 4754998.092175966128707, 3540003.418883391655982, 0.0 ] ] ] } },
{ "type": "Feature", "properties": { "tile": "N164E196", "url": "https://kyfromabove.s3.us-west-2.amazonaws.com/elevation/DEM/Phase1/N164E196_2014_DEM_Phase1_cog.tif" }, "geometry": { "type": "Polygon", "coordinates": [ [ [ 4759998.089484458789229, 3540003.413138945586979, 0.0 ], [ 4759998.084137842059135, 3545003.41845336323604, 0.0 ], [ 4754998.086611053906381, 3545003.423924608156085, 0.0 ], [ 4754998.092175966128707, 3540003.418883391655982, 0.0 ], [ 4759998.089484458789229, 3540003.413138945586979, 0.0 ] ] ] } },
{ "type": "Feature", "properties": { "tile": "N164E197", "url": "https://kyfromabove.s3.us-west-2.amazonaws.com/elevation/DEM/Phase1/N164E197_2014_DEM_Phase1_cog.tif" }, "geometry": { "type": "Polygon", "coordinates": [ [ [ 4759998.089484458789229, 3540003.413138945586979, 0.0 ], [ 4764998.086798793636262, 3540003.407395751215518, 0.0 ], [ 4764998.08167037088424, 3545003.412983471993357, 0.0 ], [ 4759998.084137842059135, 3545003.41845336323604, 0.0 ], [ 4759998.089484458789229, 3540003.413138945586979, 0.0 ] ] ] } },
{ "type": "Feature", "properties": { "tile": "N164E198", "url": "https://kyfromabove.s3.us-west-2.amazonaws.com/elevation/DEM/Phase1/N164E198_2014_DEM_Phase1_cog.tif" }, "geometry": { "type": "Polygon", "coordinates": [ [ [ 4764998.086798793636262, 3540003.407395751215518, 0.0 ], [ 4769998.083790742792189, 3540003.4016537014395, 0.0 ], [ 4769998.078880406916142, 3545003.407514786813408, 0.0 ], [ 4764998.08167037088424, 3545003.412983471993357, 0.0 ], [ 4764998.086798793636262, 3540003.407395751215518, 0.0 ] ] ] } },
{ "type": "Feature", "properties": { "tile": "N164E199", "url": "https://kyfromabove.s3.us-west-2.amazonaws.com/elevation/DEM/Phase1/N164E199_2014_DEM_Phase1_cog.tif" }, "geometry": { "type": "Polygon", "coordinates": [ [ [ 4774998.081116388551891, 3540003.395912592299283, 0.0 ], [ 4774998.076424040831625, 3545003.402047134004533, 0.0 ], [ 4769998.078880406916142, 3545003.407514786813408, 0.0 ], [ 4769998.083790742792189, 3540003.4016537014395, 0.0 ], [ 4774998.081116388551891, 3540003.395912592299283, 0.0 ] ] ] } },
{ "type": "Feature", "properties": { "tile": "N164E200", "url": "https://kyfromabove.s3.us-west-2.amazonaws.com/elevation/DEM/Phase1/N164E200_2014_DEM_Phase1_cog.tif" }, "geometry": { "type": "Polygon", "coordinates": [ [ [ 4774998.081116388551891, 3540003.395912592299283, 0.0 ], [ 4779998.08054855838418, 3540003.394008754286915, 0.0 ], [ 4779998.075904944911599, 3545003.400197912938893, 0.0 ], [ 4774998.076424040831625, 3545003.402047134004533, 0.0 ], [ 4774998.081116388551891, 3540003.395912592299283, 0.0 ] ] ] } },
{ "type": "Feature", "properties": { "tile": "N164E201", "url": "https://kyfromabove.s3.us-west-2.amazonaws.com/elevation/DEM/Phase1/N164E201_2014_DEM_Phase1_cog.tif" }, "geometry": { "type": "Polygon", "coordinates": [ [ [ 4784998.080148618668318, 3540003.392366028856486, 0.0 ], [ 4784998.075556089170277, 3545003.398617136757821, 0.0 ], [ 4779998.075904944911599, 3545003.400197912938893, 0.0 ], [ 4779998.08054855838418, 3540003.394008754286915, 0.0 ], [ 4784998.080148618668318, 3540003.392366028856486, 0.0 ] ] ] } },
{ "type": "Feature", "properties": { "tile": "N164E202", "url": "https://kyfromabove.s3.us-west-2.amazonaws.com/elevation/DEM/Phase1/N164E202_2014_DEM_Phase1_cog.tif" }, "geometry": { "type": "Polygon", "coordinates": [ [ [ 4789998.080078903585672, 3540003.390722740441561, 0.0 ], [ 4789998.075537420809269, 3545003.397035818081349, 0.0 ], [ 4784998.075556089170277, 3545003.398617136757821, 0.0 ], [ 4784998.080148618668318, 3540003.392366028856486, 0.0 ], [ 4789998.080078903585672, 3540003.390722740441561, 0.0 ] ] ] } },
{ "type": "Feature", "properties": { "tile": "N164E203", "url": "https://kyfromabove.s3.us-west-2.amazonaws.com/elevation/DEM/Phase1/N164E203_2014_DEM_Phase1_cog.tif" }, "geometry": { "type": "Polygon", "coordinates": [ [ [ 4794998.079683171585202, 3540003.389078859239817, 0.0 ], [ 4794998.075192727148533, 3545003.395453921053559, 0.0 ], [ 4789998.075537420809269, 3545003.397035818081349, 0.0 ], [ 4789998.080078903585672, 3540003.390722740441561, 0.0 ], [ 4794998.079683171585202, 3540003.389078859239817, 0.0 ] ] ] } },
{ "type": "Feature", "properties": { "tile": "N164E204", "url": "https://kyfromabove.s3.us-west-2.amazonaws.com/elevation/DEM/Phase1/N164E204_2014_DEM_Phase1_cog.tif" }, "geometry": { "type": "Polygon", "coordinates": [ [ [ 4799998.079617590643466, 3540003.387434316799045, 0.0 ], [ 4799998.075178164988756, 3545003.393871401436627, 0.0 ], [ 4794998.075192727148533, 3545003.395453921053559, 0.0 ], [ 4794998.079683171585202, 3540003.389078859239817, 0.0 ], [ 4799998.079617590643466, 3540003.387434316799045, 0.0 ] ] ] } },
{ "type": "Feature", "properties": { "tile": "N164E205", "url": "https://kyfromabove.s3.us-west-2.amazonaws.com/elevation/DEM/Phase1/N164E205_2014_DEM_Phase1_cog.tif" }, "geometry": { "type": "Polygon", "coordinates": [ [ [ 4804998.079225958324969, 3540003.385789122898132, 0.0 ], [ 4804998.074837513267994, 3545003.392288238741457, 0.0 ], [ 4799998.075178164988756, 3545003.393871401436627, 0.0 ], [ 4799998.079617590643466, 3540003.387434316799045, 0.0 ], [ 4804998.079225958324969, 3540003.385789122898132, 0.0 ] ] ] } },
{ "type": "Feature", "properties": { "tile": "N164E206", "url": "https://kyfromabove.s3.us-west-2.amazonaws.com/elevation/DEM/Phase1/N164E206_2014_DEM_Phase1_cog.tif" }, "geometry": { "type": "Polygon", "coordinates": [ [ [ 4809998.078836331143975, 3540003.38414323143661, 0.0 ], [ 4809998.074498852714896, 3545003.390704389195889, 0.0 ], [ 4804998.074837513267994, 3545003.392288238741457, 0.0 ], [ 4804998.079225958324969, 3540003.385789122898132, 0.0 ], [ 4809998.078836331143975, 3540003.38414323143661, 0.0 ] ] ] } },
{ "type": "Feature", "properties": { "tile": "N164E207", "url": "https://kyfromabove.s3.us-west-2.amazonaws.com/elevation/DEM/Phase1/N164E207_2014_DEM_Phase1_cog.tif" }, "geometry": { "type": "Polygon", "coordinates": [ [ [ 4814998.079104840755463, 3540003.382496593520045, 0.0 ], [ 4814998.074818314053118, 3545003.389119806699455, 0.0 ], [ 4809998.074498852714896, 3545003.390704389195889, 0.0 ], [ 4809998.078836331143975, 3540003.38414323143661, 0.0 ], [ 4814998.079104840755463, 3540003.382496593520045, 0.0 ] ] ] } },
{ "type": "Feature", "properties": { "tile": "N165E177", "url": "https://kyfromabove.s3.us-west-2.amazonaws.com/elevation/DEM/Phase1/N165E177_2014_DEM_Phase1_cog.tif" }, "geometry": { "type": "Polygon", "coordinates": [ [ [ 4664998.10293376352638, 3535003.528656803071499, 0.0 ], [ 4664998.098228677175939, 3540003.530025505460799, 0.0 ], [ 4659998.094736789353192, 3540003.536800040397793, 0.0 ], [ 4659998.099011071957648, 3535003.535496694501489, 0.0 ], [ 4664998.10293376352638, 3535003.528656803071499, 0.0 ] ] ] } },
{ "type": "Feature", "properties": { "tile": "N165E178", "url": "https://kyfromabove.s3.us-west-2.amazonaws.com/elevation/DEM/Phase1/N165E178_2014_DEM_Phase1_cog.tif" }, "geometry": { "type": "Polygon", "coordinates": [ [ [ 4669998.106851854361594, 3535003.521819257643074, 0.0 ], [ 4669998.101715940050781, 3540003.523253181483597, 0.0 ], [ 4664998.098228677175939, 3540003.530025505460799, 0.0 ], [ 4664998.10293376352638, 3535003.528656803071499, 0.0 ], [ 4669998.106851854361594, 3535003.521819257643074, 0.0 ] ] ] } },
{ "type": "Feature", "properties": { "tile": "N165E179", "url": "https://kyfromabove.s3.us-west-2.amazonaws.com/elevation/DEM/Phase1/N165E179_2014_DEM_Phase1_cog.tif" }, "geometry": { "type": "Polygon", "coordinates": [ [ [ 4674998.110437541268766, 3535003.514984054025263, 0.0 ], [ 4674998.104870777577162, 3540003.516483022365719, 0.0 ], [ 4669998.101715940050781, 3540003.523253181483597, 0.0 ], [ 4669998.106851854361594, 3535003.521819257643074, 0.0 ], [ 4674998.110437541268766, 3535003.514984054025263, 0.0 ] ] ] } },
{ "type": "Feature", "properties": { "tile": "N165E180", "url": "https://kyfromabove.s3.us-west-2.amazonaws.com/elevation/DEM/Phase1/N165E180_2014_DEM_Phase1_cog.tif" }, "geometry": { "type": "Polygon", "coordinates": [ [ [ 4679998.1140191052109, 3535003.508151122834533, 0.0 ], [ 4679998.108021459542215, 3540003.509714973624796, 0.0 ], [ 4674998.104870777577162, 3540003.516483022365719, 0.0 ], [ 4674998.110437541268766, 3535003.514984054025263, 0.0 ], [ 4679998.1140191052109, 3535003.508151122834533, 0.0 ] ] ] } },
{ "type": "Feature", "properties": { "tile": "N165E181", "url": "https://kyfromabove.s3.us-west-2.amazonaws.com/elevation/DEM/Phase1/N165E181_2014_DEM_Phase1_cog.tif" }, "geometry": { "type": "Polygon", "coordinates": [ [ [ 4679998.108021459542215, 3540003.509714973624796, 0.0 ], [ 4679998.1140191052109, 3535003.508151122834533, 0.0 ], [ 4684998.11792488861829, 3535003.501320446375757, 0.0 ], [ 4684998.11149634141475, 3540003.502949038054794, 0.0 ], [ 4679998.108021459542215, 3540003.509714973624796, 0.0 ] ] ] } },
{ "type": "Feature", "properties": { "tile": "N165E182", "url": "https://kyfromabove.s3.us-west-2.amazonaws.com/elevation/DEM/Phase1/N165E182_2014_DEM_Phase1_cog.tif" }, "geometry": { "type": "Polygon", "coordinates": [ [ [ 4689998.121498950757086, 3535003.494491945020854, 0.0 ], [ 4689998.114639478735626, 3540003.496185147203505, 0.0 ], [ 4684998.11149634141475, 3540003.502949038054794, 0.0 ], [ 4684998.11792488861829, 3535003.501320446375757, 0.0 ], [ 4689998.121498950757086, 3535003.494491945020854, 0.0 ] ] ] } },
{ "type": "Feature", "properties": { "tile": "N165E183", "url": "https://kyfromabove.s3.us-west-2.amazonaws.com/elevation/DEM/Phase1/N165E183_2014_DEM_Phase1_cog.tif" }, "geometry": { "type": "Polygon", "coordinates": [ [ [ 4694998.125397691503167, 3535003.487665642984211, 0.0 ], [ 4694998.118107262067497, 3540003.489423244725913, 0.0 ], [ 4689998.114639478735626, 3540003.496185147203505, 0.0 ], [ 4689998.121498950757086, 3535003.494491945020854, 0.0 ], [ 4694998.125397691503167, 3535003.487665642984211, 0.0 ] ] ] } },
{ "type": "Feature", "properties": { "tile": "N165E184", "url": "https://kyfromabove.s3.us-west-2.amazonaws.com/elevation/DEM/Phase1/N165E184_2014_DEM_Phase1_cog.tif" }, "geometry": { "type": "Polygon", "coordinates": [ [ [ 4699998.128965188749135, 3535003.480841452255845, 0.0 ], [ 4699998.121243777684867, 3540003.482663323637098, 0.0 ], [ 4694998.118107262067497, 3540003.489423244725913, 0.0 ], [ 4694998.125397691503167, 3535003.487665642984211, 0.0 ], [ 4699998.128965188749135, 3535003.480841452255845, 0.0 ] ] ] } },
{ "type": "Feature", "properties": { "tile": "N165E185", "url": "https://kyfromabove.s3.us-west-2.amazonaws.com/elevation/DEM/Phase1/N165E185_2014_DEM_Phase1_cog.tif" }, "geometry": { "type": "Polygon", "coordinates": [ [ [ 4704998.128831818699837, 3535003.47444004425779, 0.0 ], [ 4704998.121079344302416, 3540003.47643005521968, 0.0 ], [ 4699998.121243777684867, 3540003.482663323637098, 0.0 ], [ 4699998.128965188749135, 3535003.480841452255845, 0.0 ], [ 4704998.128831818699837, 3535003.47444004425779, 0.0 ] ] ] } },
{ "type": "Feature", "properties": { "tile": "N165E186", "url": "https://kyfromabove.s3.us-west-2.amazonaws.com/elevation/DEM/Phase1/N165E186_2014_DEM_Phase1_cog.tif" }, "geometry": { "type": "Polygon", "coordinates": [ [ [ 4709998.125855950638652, 3535003.468402505386621, 0.0 ], [ 4709998.118322749622166, 3540003.470664794091135, 0.0 ], [ 4704998.121079344302416, 3540003.47643005521968, 0.0 ], [ 4704998.128831818699837, 3535003.47444004425779, 0.0 ], [ 4709998.125855950638652, 3535003.468402505386621, 0.0 ] ] ] } },
{ "type": "Feature", "properties": { "tile": "N165E187", "url": "https://kyfromabove.s3.us-west-2.amazonaws.com/elevation/DEM/Phase1/N165E187_2014_DEM_Phase1_cog.tif" }, "geometry": { "type": "Polygon", "coordinates": [ [ [ 4714998.122887234203517, 3535003.462367618456483, 0.0 ], [ 4714998.115573223680258, 3540003.464902304578573, 0.0 ], [ 4709998.118322749622166, 3540003.470664794091135, 0.0 ], [ 4709998.125855950638652, 3535003.468402505386621, 0.0 ], [ 4714998.122887234203517, 3535003.462367618456483, 0.0 ] ] ] } },
{ "type": "Feature", "properties": { "tile": "N165E188", "url": "https://kyfromabove.s3.us-west-2.amazonaws.com/elevation/DEM/Phase1/N165E188_2014_DEM_Phase1_cog.tif" }, "geometry": { "type": "Polygon", "coordinates": [ [ [ 4719998.119597471319139, 3535003.456335288006812, 0.0 ], [ 4719998.112502528354526, 3540003.459142392035574, 0.0 ], [ 4714998.115573223680258, 3540003.464902304578573, 0.0 ], [ 4714998.122887234203517, 3535003.462367618456483, 0.0 ], [ 4719998.119597471319139, 3535003.456335288006812, 0.0 ] ] ] } },
{ "type": "Feature", "properties": { "tile": "N165E189", "url": "https://kyfromabove.s3.us-west-2.amazonaws.com/elevation/DEM/Phase1/N165E189_2014_DEM_Phase1_cog.tif" }, "geometry": { "type": "Polygon", "coordinates": [ [ [ 4724998.11664270889014, 3535003.450305299367756, 0.0 ], [ 4724998.109766755253077, 3540003.453384938649833, 0.0 ], [ 4719998.112502528354526, 3540003.459142392035574, 0.0 ], [ 4719998.119597471319139, 3535003.456335288006812, 0.0 ], [ 4724998.11664270889014, 3535003.450305299367756, 0.0 ] ] ] } },
{ "type": "Feature", "properties": { "tile": "N165E190", "url": "https://kyfromabove.s3.us-west-2.amazonaws.com/elevation/DEM/Phase1/N165E190_2014_DEM_Phase1_cog.tif" }, "geometry": { "type": "Polygon", "coordinates": [ [ [ 4729998.113366648554802, 3535003.444277523085475, 0.0 ], [ 4729998.106709573417902, 3540003.447629785630852, 0.0 ], [ 4724998.109766755253077, 3540003.453384938649833, 0.0 ], [ 4724998.11664270889014, 3535003.450305299367756, 0.0 ], [ 4729998.113366648554802, 3535003.444277523085475, 0.0 ] ] ] } },
{ "type": "Feature", "properties": { "tile": "N165E191", "url": "https://kyfromabove.s3.us-west-2.amazonaws.com/elevation/DEM/Phase1/N165E191_2014_DEM_Phase1_cog.tif" }, "geometry": { "type": "Polygon", "coordinates": [ [ [ 4734998.110425346530974, 3535003.438251826446503, 0.0 ], [ 4734998.103987058624625, 3540003.441876798402518, 0.0 ], [ 4729998.106709573417902, 3540003.447629785630852, 0.0 ], [ 4729998.113366648554802, 3535003.444277523085475, 0.0 ], [ 4734998.110425346530974, 3535003.438251826446503, 0.0 ] ] ] } },
{ "type": "Feature", "properties": { "tile": "N165E192", "url": "https://kyfromabove.s3.us-west-2.amazonaws.com/elevation/DEM/Phase1/N165E192_2014_DEM_Phase1_cog.tif" }, "geometry": { "type": "Polygon", "coordinates": [ [ [ 4739998.10716250538826, 3535003.432228055782616, 0.0 ], [ 4739998.100942893885076, 3540003.436125800013542, 0.0 ], [ 4734998.103987058624625, 3540003.441876798402518, 0.0 ], [ 4734998.110425346530974, 3535003.438251826446503, 0.0 ], [ 4739998.10716250538826, 3535003.432228055782616, 0.0 ] ] ] } },
{ "type": "Feature", "properties": { "tile": "N165E193", "url": "https://kyfromabove.s3.us-west-2.amazonaws.com/elevation/DEM/Phase1/N165E193_2014_DEM_Phase1_cog.tif" }, "geometry": { "type": "Polygon", "coordinates": [ [ [ 4744998.103906080126762, 3535003.426206063479185, 0.0 ], [ 4744998.097905063070357, 3540003.430376661941409, 0.0 ], [ 4739998.100942893885076, 3540003.436125800013542, 0.0 ], [ 4739998.10716250538826, 3535003.432228055782616, 0.0 ], [ 4744998.103906080126762, 3535003.426206063479185, 0.0 ] ] ] } },
{ "type": "Feature", "properties": { "tile": "N165E194", "url": "https://kyfromabove.s3.us-west-2.amazonaws.com/elevation/DEM/Phase1/N165E194_2014_DEM_Phase1_cog.tif" }, "geometry": { "type": "Polygon", "coordinates": [ [ [ 4749998.100984056480229, 3535003.420185695402324, 0.0 ], [ 4749998.095201516523957, 3540003.424629246816039, 0.0 ], [ 4744998.097905063070357, 3540003.430376661941409, 0.0 ], [ 4744998.103906080126762, 3535003.426206063479185, 0.0 ], [ 4749998.100984056480229, 3535003.420185695402324, 0.0 ] ] ] } },
{ "type": "Feature", "properties": { "tile": "N165E195", "url": "https://kyfromabove.s3.us-west-2.amazonaws.com/elevation/DEM/Phase1/N165E195_2014_DEM_Phase1_cog.tif" }, "geometry": { "type": "Polygon", "coordinates": [ [ [ 4754998.097740118391812, 3535003.414166795555502, 0.0 ], [ 4754998.092175966128707, 3540003.418883391655982, 0.0 ], [ 4749998.095201516523957, 3540003.424629246816039, 0.0 ], [ 4749998.100984056480229, 3535003.420185695402324, 0.0 ], [ 4754998.097740118391812, 3535003.414166795555502, 0.0 ] ] ] } },
{ "type": "Feature", "properties": { "tile": "N165E196", "url": "https://kyfromabove.s3.us-west-2.amazonaws.com/elevation/DEM/Phase1/N165E196_2014_DEM_Phase1_cog.tif" }, "geometry": { "type": "Polygon", "coordinates": [ [ [ 4759998.094830323010683, 3535003.408149243332446, 0.0 ], [ 4759998.089484458789229, 3540003.413138945586979, 0.0 ], [ 4754998.092175966128707, 3540003.418883391655982, 0.0 ], [ 4754998.097740118391812, 3535003.414166795555502, 0.0 ], [ 4759998.094830323010683, 3535003.408149243332446, 0.0 ] ] ] } },
{ "type": "Feature", "properties": { "tile": "N165E197", "url": "https://kyfromabove.s3.us-west-2.amazonaws.com/elevation/DEM/Phase1/N165E197_2014_DEM_Phase1_cog.tif" }, "geometry": { "type": "Polygon", "coordinates": [ [ [ 4764998.086798793636262, 3540003.407395751215518, 0.0 ], [ 4759998.089484458789229, 3540003.413138945586979, 0.0 ], [ 4759998.094830323010683, 3535003.408149243332446, 0.0 ], [ 4764998.091926471330225, 3535003.402132871560752, 0.0 ], [ 4764998.086798793636262, 3540003.407395751215518, 0.0 ] ] ] } },
{ "type": "Feature", "properties": { "tile": "N165E198", "url": "https://kyfromabove.s3.us-west-2.amazonaws.com/elevation/DEM/Phase1/N165E198_2014_DEM_Phase1_cog.tif" }, "geometry": { "type": "Polygon", "coordinates": [ [ [ 4769998.08870034199208, 3535003.396117533557117, 0.0 ], [ 4769998.083790742792189, 3540003.4016537014395, 0.0 ], [ 4764998.086798793636262, 3540003.407395751215518, 0.0 ], [ 4764998.091926471330225, 3535003.402132871560752, 0.0 ], [ 4769998.08870034199208, 3535003.396117533557117, 0.0 ] ] ] } },
{ "type": "Feature", "properties": { "tile": "N165E199", "url": "https://kyfromabove.s3.us-west-2.amazonaws.com/elevation/DEM/Phase1/N165E199_2014_DEM_Phase1_cog.tif" }, "geometry": { "type": "Polygon", "coordinates": [ [ [ 4774998.081116388551891, 3540003.395912592299283, 0.0 ], [ 4769998.083790742792189, 3540003.4016537014395, 0.0 ], [ 4769998.08870034199208, 3535003.396117533557117, 0.0 ], [ 4774998.085807994008064, 3535003.390103078447282, 0.0 ], [ 4774998.081116388551891, 3540003.395912592299283, 0.0 ] ] ] } },
{ "type": "Feature", "properties": { "tile": "N165E200", "url": "https://kyfromabove.s3.us-west-2.amazonaws.com/elevation/DEM/Phase1/N165E200_2014_DEM_Phase1_cog.tif" }, "geometry": { "type": "Polygon", "coordinates": [ [ [ 4779998.085193212144077, 3535003.38814691407606, 0.0 ], [ 4779998.08054855838418, 3540003.394008754286915, 0.0 ], [ 4774998.081116388551891, 3540003.395912592299283, 0.0 ], [ 4774998.085807994008064, 3535003.390103078447282, 0.0 ], [ 4779998.085193212144077, 3535003.38814691407606, 0.0 ] ] ] } },
{ "type": "Feature", "properties": { "tile": "N165E201", "url": "https://kyfromabove.s3.us-west-2.amazonaws.com/elevation/DEM/Phase1/N165E201_2014_DEM_Phase1_cog.tif" }, "geometry": { "type": "Polygon", "coordinates": [ [ [ 4779998.08054855838418, 3540003.394008754286915, 0.0 ], [ 4779998.085193212144077, 3535003.38814691407606, 0.0 ], [ 4784998.084742205217481, 3535003.386442270129919, 0.0 ], [ 4784998.080148618668318, 3540003.392366028856486, 0.0 ], [ 4779998.08054855838418, 3540003.394008754286915, 0.0 ] ] ] } },
{ "type": "Feature", "properties": { "tile": "N165E202", "url": "https://kyfromabove.s3.us-west-2.amazonaws.com/elevation/DEM/Phase1/N165E202_2014_DEM_Phase1_cog.tif" }, "geometry": { "type": "Polygon", "coordinates": [ [ [ 4789998.084621421992779, 3535003.384737025015056, 0.0 ], [ 4789998.080078903585672, 3540003.390722740441561, 0.0 ], [ 4784998.080148618668318, 3540003.392366028856486, 0.0 ], [ 4784998.084742205217481, 3535003.386442270129919, 0.0 ], [ 4789998.084621421992779, 3535003.384737025015056, 0.0 ] ] ] } },
{ "type": "Feature", "properties": { "tile": "N165E203", "url": "https://kyfromabove.s3.us-west-2.amazonaws.com/elevation/DEM/Phase1/N165E203_2014_DEM_Phase1_cog.tif" }, "geometry": { "type": "Polygon", "coordinates": [ [ [ 4794998.084174663759768, 3535003.383031172677875, 0.0 ], [ 4794998.079683171585202, 3540003.389078859239817, 0.0 ], [ 4789998.080078903585672, 3540003.390722740441561, 0.0 ], [ 4789998.084621421992779, 3535003.384737025015056, 0.0 ], [ 4794998.084174663759768, 3535003.383031172677875, 0.0 ] ] ] } },
{ "type": "Feature", "properties": { "tile": "N165E204", "url": "https://kyfromabove.s3.us-west-2.amazonaws.com/elevation/DEM/Phase1/N165E204_2014_DEM_Phase1_cog.tif" }, "geometry": { "type": "Polygon", "coordinates": [ [ [ 4799998.084058076143265, 3535003.381324655376375, 0.0 ], [ 4799998.079617590643466, 3540003.387434316799045, 0.0 ], [ 4794998.079683171585202, 3540003.389078859239817, 0.0 ], [ 4794998.084174663759768, 3535003.383031172677875, 0.0 ], [ 4799998.084058076143265, 3535003.381324655376375, 0.0 ] ] ] } },
{ "type": "Feature", "properties": { "tile": "N165E205", "url": "https://kyfromabove.s3.us-west-2.amazonaws.com/elevation/DEM/Phase1/N165E205_2014_DEM_Phase1_cog.tif" }, "geometry": { "type": "Polygon", "coordinates": [ [ [ 4804998.083615450188518, 3535003.379617458675057, 0.0 ], [ 4804998.079225958324969, 3540003.385789122898132, 0.0 ], [ 4799998.079617590643466, 3540003.387434316799045, 0.0 ], [ 4799998.084058076143265, 3535003.381324655376375, 0.0 ], [ 4804998.083615450188518, 3535003.379617458675057, 0.0 ] ] ] } },
{ "type": "Feature", "properties": { "tile": "N165E206", "url": "https://kyfromabove.s3.us-west-2.amazonaws.com/elevation/DEM/Phase1/N165E206_2014_DEM_Phase1_cog.tif" }, "geometry": { "type": "Polygon", "coordinates": [ [ [ 4804998.083615450188518, 3535003.379617458675057, 0.0 ], [ 4809998.083174861967564, 3535003.377909532282501, 0.0 ], [ 4809998.078836331143975, 3540003.38414323143661, 0.0 ], [ 4804998.079225958324969, 3540003.385789122898132, 0.0 ], [ 4804998.083615450188518, 3535003.379617458675057, 0.0 ] ] ] } },
{ "type": "Feature", "properties": { "tile": "N165E207", "url": "https://kyfromabove.s3.us-west-2.amazonaws.com/elevation/DEM/Phase1/N165E207_2014_DEM_Phase1_cog.tif" }, "geometry": { "type": "Polygon", "coordinates": [ [ [ 4814998.079104840755463, 3540003.382496593520045, 0.0 ], [ 4809998.078836331143975, 3540003.38414323143661, 0.0 ], [ 4809998.083174861967564, 3535003.377909532282501, 0.0 ], [ 4814998.083392424508929, 3535003.376200860366225, 0.0 ], [ 4814998.079104840755463, 3540003.382496593520045, 0.0 ] ] ] } },
{ "type": "Feature", "properties": { "tile": "N166E177", "url": "https://kyfromabove.s3.us-west-2.amazonaws.com/elevation/DEM/Phase1/N166E177_2014_DEM_Phase1_cog.tif" }, "geometry": { "type": "Polygon", "coordinates": [ [ [ 4664998.107648522593081, 3530003.526958643458784, 0.0 ], [ 4664998.10293376352638, 3535003.528656803071499, 0.0 ], [ 4659998.099011071957648, 3535003.535496694501489, 0.0 ], [ 4659998.103295035660267, 3530003.533863889053464, 0.0 ], [ 4664998.107648522593081, 3530003.526958643458784, 0.0 ] ] ] } },
{ "type": "Feature", "properties": { "tile": "N166E178", "url": "https://kyfromabove.s3.us-west-2.amazonaws.com/elevation/DEM/Phase1/N166E178_2014_DEM_Phase1_cog.tif" }, "geometry": { "type": "Polygon", "coordinates": [ [ [ 4669998.111997444182634, 3530003.520055924542248, 0.0 ], [ 4669998.106851854361594, 3535003.521819257643074, 0.0 ], [ 4664998.10293376352638, 3535003.528656803071499, 0.0 ], [ 4664998.107648522593081, 3530003.526958643458784, 0.0 ], [ 4669998.111997444182634, 3530003.520055924542248, 0.0 ] ] ] } },
{ "type": "Feature", "properties": { "tile": "N166E179", "url": "https://kyfromabove.s3.us-west-2.amazonaws.com/elevation/DEM/Phase1/N166E179_2014_DEM_Phase1_cog.tif" }, "geometry": { "type": "Polygon", "coordinates": [ [ [ 4674998.116013989783823, 3530003.513155684340745, 0.0 ], [ 4674998.110437541268766, 3535003.514984054025263, 0.0 ], [ 4669998.106851854361594, 3535003.521819257643074, 0.0 ], [ 4669998.111997444182634, 3530003.520055924542248, 0.0 ], [ 4674998.116013989783823, 3530003.513155684340745, 0.0 ] ] ] } },
{ "type": "Feature", "properties": { "tile": "N166E180", "url": "https://kyfromabove.s3.us-west-2.amazonaws.com/elevation/DEM/Phase1/N166E180_2014_DEM_Phase1_cog.tif" }, "geometry": { "type": "Polygon", "coordinates": [ [ [ 4679998.120026422664523, 3530003.506257902365178, 0.0 ], [ 4679998.1140191052109, 3535003.508151122834533, 0.0 ], [ 4674998.110437541268766, 3535003.514984054025263, 0.0 ], [ 4674998.116013989783823, 3530003.513155684340745, 0.0 ], [ 4679998.120026422664523, 3530003.506257902365178, 0.0 ] ] ] } },
{ "type": "Feature", "properties": { "tile": "N166E181", "url": "https://kyfromabove.s3.us-west-2.amazonaws.com/elevation/DEM/Phase1/N166E181_2014_DEM_Phase1_cog.tif" }, "geometry": { "type": "Polygon", "coordinates": [ [ [ 4684998.12436311878264, 3530003.499362485483289, 0.0 ], [ 4684998.11792488861829, 3535003.501320446375757, 0.0 ], [ 4679998.1140191052109, 3535003.508151122834533, 0.0 ], [ 4679998.120026422664523, 3530003.506257902365178, 0.0 ], [ 4684998.12436311878264, 3530003.499362485483289, 0.0 ] ] ] } },
{ "type": "Feature", "properties": { "tile": "N166E182", "url": "https://kyfromabove.s3.us-west-2.amazonaws.com/elevation/DEM/Phase1/N166E182_2014_DEM_Phase1_cog.tif" }, "geometry": { "type": "Polygon", "coordinates": [ [ [ 4689998.128368111327291, 3530003.492469454184175, 0.0 ], [ 4689998.121498950757086, 3535003.494491945020854, 0.0 ], [ 4684998.11792488861829, 3535003.501320446375757, 0.0 ], [ 4684998.12436311878264, 3530003.499362485483289, 0.0 ], [ 4689998.128368111327291, 3530003.492469454184175, 0.0 ] ] ] } },
{ "type": "Feature", "properties": { "tile": "N166E183", "url": "https://kyfromabove.s3.us-west-2.amazonaws.com/elevation/DEM/Phase1/N166E183_2014_DEM_Phase1_cog.tif" }, "geometry": { "type": "Polygon", "coordinates": [ [ [ 4694998.132697809487581, 3530003.485578746534884, 0.0 ], [ 4694998.125397691503167, 3535003.487665642984211, 0.0 ], [ 4689998.121498950757086, 3535003.494491945020854, 0.0 ], [ 4689998.128368111327291, 3530003.492469454184175, 0.0 ], [ 4694998.132697809487581, 3530003.485578746534884, 0.0 ] ] ] } },
{ "type": "Feature", "properties": { "tile": "N166E184", "url": "https://kyfromabove.s3.us-west-2.amazonaws.com/elevation/DEM/Phase1/N166E184_2014_DEM_Phase1_cog.tif" }, "geometry": { "type": "Polygon", "coordinates": [ [ [ 4699998.136696287430823, 3530003.478690312243998, 0.0 ], [ 4699998.128965188749135, 3535003.480841452255845, 0.0 ], [ 4694998.125397691503167, 3535003.487665642984211, 0.0 ], [ 4694998.132697809487581, 3530003.485578746534884, 0.0 ], [ 4699998.136696287430823, 3530003.478690312243998, 0.0 ] ] ] } },
{ "type": "Feature", "properties": { "tile": "N166E185", "url": "https://kyfromabove.s3.us-west-2.amazonaws.com/elevation/DEM/Phase1/N166E185_2014_DEM_Phase1_cog.tif" }, "geometry": { "type": "Polygon", "coordinates": [ [ [ 4704998.136583515442908, 3530003.472117491532117, 0.0 ], [ 4704998.128831818699837, 3535003.47444004425779, 0.0 ], [ 4699998.128965188749135, 3535003.480841452255845, 0.0 ], [ 4699998.136696287430823, 3530003.478690312243998, 0.0 ], [ 4704998.136583515442908, 3530003.472117491532117, 0.0 ] ] ] } },
{ "type": "Feature", "properties": { "tile": "N166E186", "url": "https://kyfromabove.s3.us-west-2.amazonaws.com/elevation/DEM/Phase1/N166E186_2014_DEM_Phase1_cog.tif" }, "geometry": { "type": "Polygon", "coordinates": [ [ [ 4704998.128831818699837, 3535003.47444004425779, 0.0 ], [ 4704998.136583515442908, 3530003.472117491532117, 0.0 ], [ 4709998.13338837120682, 3530003.465807756409049, 0.0 ], [ 4709998.125855950638652, 3535003.468402505386621, 0.0 ], [ 4704998.128831818699837, 3535003.47444004425779, 0.0 ] ] ] } },
{ "type": "Feature", "properties": { "tile": "N166E187", "url": "https://kyfromabove.s3.us-west-2.amazonaws.com/elevation/DEM/Phase1/N166E187_2014_DEM_Phase1_cog.tif" }, "geometry": { "type": "Polygon", "coordinates": [ [ [ 4714998.130200487561524, 3530003.459500615950674, 0.0 ], [ 4714998.122887234203517, 3535003.462367618456483, 0.0 ], [ 4709998.125855950638652, 3535003.468402505386621, 0.0 ], [ 4709998.13338837120682, 3530003.465807756409049, 0.0 ], [ 4714998.130200487561524, 3530003.459500615950674, 0.0 ] ] ] } },
{ "type": "Feature", "properties": { "tile": "N166E188", "url": "https://kyfromabove.s3.us-west-2.amazonaws.com/elevation/DEM/Phase1/N166E188_2014_DEM_Phase1_cog.tif" }, "geometry": { "type": "Polygon", "coordinates": [ [ [ 4719998.126691643148661, 3530003.453195906244218, 0.0 ], [ 4719998.119597471319139, 3535003.456335288006812, 0.0 ], [ 4714998.122887234203517, 3535003.462367618456483, 0.0 ], [ 4714998.130200487561524, 3530003.459500615950674, 0.0 ], [ 4719998.126691643148661, 3530003.453195906244218, 0.0 ] ] ] } },
{ "type": "Feature", "properties": { "tile": "N166E189", "url": "https://kyfromabove.s3.us-west-2.amazonaws.com/elevation/DEM/Phase1/N166E189_2014_DEM_Phase1_cog.tif" }, "geometry": { "type": "Polygon", "coordinates": [ [ [ 4724998.12351789791137, 3530003.44689348898828, 0.0 ], [ 4724998.11664270889014, 3535003.450305299367756, 0.0 ], [ 4719998.119597471319139, 3535003.456335288006812, 0.0 ], [ 4719998.126691643148661, 3530003.453195906244218, 0.0 ], [ 4724998.12351789791137, 3530003.44689348898828, 0.0 ] ] ] } },
{ "type": "Feature", "properties": { "tile": "N166E190", "url": "https://kyfromabove.s3.us-west-2.amazonaws.com/elevation/DEM/Phase1/N166E190_2014_DEM_Phase1_cog.tif" }, "geometry": { "type": "Polygon", "coordinates": [ [ [ 4729998.120022960938513, 3530003.440593197476119, 0.0 ], [ 4729998.113366648554802, 3535003.444277523085475, 0.0 ], [ 4724998.11664270889014, 3535003.450305299367756, 0.0 ], [ 4724998.12351789791137, 3530003.44689348898828, 0.0 ], [ 4729998.120022960938513, 3530003.440593197476119, 0.0 ] ] ] } },
{ "type": "Feature", "properties": { "tile": "N166E191", "url": "https://kyfromabove.s3.us-west-2.amazonaws.com/elevation/DEM/Phase1/N166E191_2014_DEM_Phase1_cog.tif" }, "geometry": { "type": "Polygon", "coordinates": [ [ [ 4734998.116862873546779, 3530003.43429491808638, 0.0 ], [ 4734998.110425346530974, 3535003.438251826446503, 0.0 ], [ 4729998.113366648554802, 3535003.444277523085475, 0.0 ], [ 4729998.120022960938513, 3530003.440593197476119, 0.0 ], [ 4734998.116862873546779, 3530003.43429491808638, 0.0 ] ] ] } },
{ "type": "Feature", "properties": { "tile": "N166E192", "url": "https://kyfromabove.s3.us-west-2.amazonaws.com/elevation/DEM/Phase1/N166E192_2014_DEM_Phase1_cog.tif" }, "geometry": { "type": "Polygon", "coordinates": [ [ [ 4739998.113381357863545, 3530003.427998453844339, 0.0 ], [ 4739998.10716250538826, 3535003.432228055782616, 0.0 ], [ 4734998.110425346530974, 3535003.438251826446503, 0.0 ], [ 4734998.116862873546779, 3530003.43429491808638, 0.0 ], [ 4739998.113381357863545, 3530003.427998453844339, 0.0 ] ] ] } },
{ "type": "Feature", "properties": { "tile": "N166E193", "url": "https://kyfromabove.s3.us-west-2.amazonaws.com/elevation/DEM/Phase1/N166E193_2014_DEM_Phase1_cog.tif" }, "geometry": { "type": "Polygon", "coordinates": [ [ [ 4744998.109906354919076, 3530003.421703689265996, 0.0 ], [ 4744998.103906080126762, 3535003.426206063479185, 0.0 ], [ 4739998.10716250538826, 3535003.432228055782616, 0.0 ], [ 4739998.113381357863545, 3530003.427998453844339, 0.0 ], [ 4744998.109906354919076, 3530003.421703689265996, 0.0 ] ] ] } },
{ "type": "Feature", "properties": { "tile": "N166E194", "url": "https://kyfromabove.s3.us-west-2.amazonaws.com/elevation/DEM/Phase1/N166E194_2014_DEM_Phase1_cog.tif" }, "geometry": { "type": "Polygon", "coordinates": [ [ [ 4749998.106765842996538, 3530003.415410483255982, 0.0 ], [ 4749998.100984056480229, 3535003.420185695402324, 0.0 ], [ 4744998.103906080126762, 3535003.426206063479185, 0.0 ], [ 4744998.109906354919076, 3530003.421703689265996, 0.0 ], [ 4749998.106765842996538, 3530003.415410483255982, 0.0 ] ] ] } },
{ "type": "Feature", "properties": { "tile": "N166E195", "url": "https://kyfromabove.s3.us-west-2.amazonaws.com/elevation/DEM/Phase1/N166E195_2014_DEM_Phase1_cog.tif" }, "geometry": { "type": "Polygon", "coordinates": [ [ [ 4754998.103303515352309, 3530003.409118657466024, 0.0 ], [ 4754998.097740118391812, 3535003.414166795555502, 0.0 ], [ 4749998.100984056480229, 3535003.420185695402324, 0.0 ], [ 4749998.106765842996538, 3530003.415410483255982, 0.0 ], [ 4754998.103303515352309, 3530003.409118657466024, 0.0 ] ] ] } },
{ "type": "Feature", "properties": { "tile": "N166E196", "url": "https://kyfromabove.s3.us-west-2.amazonaws.com/elevation/DEM/Phase1/N166E196_2014_DEM_Phase1_cog.tif" }, "geometry": { "type": "Polygon", "coordinates": [ [ [ 4759998.100175440311432, 3530003.402828089892864, 0.0 ], [ 4759998.094830323010683, 3535003.408149243332446, 0.0 ], [ 4754998.097740118391812, 3535003.414166795555502, 0.0 ], [ 4754998.103303515352309, 3530003.409118657466024, 0.0 ], [ 4759998.100175440311432, 3530003.402828089892864, 0.0 ] ] ] } },
{ "type": "Feature", "properties": { "tile": "N166E197", "url": "https://kyfromabove.s3.us-west-2.amazonaws.com/elevation/DEM/Phase1/N166E197_2014_DEM_Phase1_cog.tif" }, "geometry": { "type": "Polygon", "coordinates": [ [ [ 4764998.097053406760097, 3530003.396538618952036, 0.0 ], [ 4764998.091926471330225, 3535003.402132871560752, 0.0 ], [ 4759998.094830323010683, 3535003.408149243332446, 0.0 ], [ 4759998.100175440311432, 3530003.402828089892864, 0.0 ], [ 4764998.097053406760097, 3530003.396538618952036, 0.0 ] ] ] } },
{ "type": "Feature", "properties": { "tile": "N166E198", "url": "https://kyfromabove.s3.us-west-2.amazonaws.com/elevation/DEM/Phase1/N166E198_2014_DEM_Phase1_cog.tif" }, "geometry": { "type": "Polygon", "coordinates": [ [ [ 4769998.093609184026718, 3530003.390250108670443, 0.0 ], [ 4769998.08870034199208, 3535003.396117533557117, 0.0 ], [ 4764998.091926471330225, 3535003.402132871560752, 0.0 ], [ 4764998.097053406760097, 3530003.396538618952036, 0.0 ], [ 4769998.093609184026718, 3530003.390250108670443, 0.0 ] ] ] } },
{ "type": "Feature", "properties": { "tile": "N166E199", "url": "https://kyfromabove.s3.us-west-2.amazonaws.com/elevation/DEM/Phase1/N166E199_2014_DEM_Phase1_cog.tif" }, "geometry": { "type": "Polygon", "coordinates": [ [ [ 4774998.090498856268823, 3530003.383962396997958, 0.0 ], [ 4774998.085807994008064, 3535003.390103078447282, 0.0 ], [ 4769998.08870034199208, 3535003.396117533557117, 0.0 ], [ 4769998.093609184026718, 3530003.390250108670443, 0.0 ], [ 4774998.090498856268823, 3530003.383962396997958, 0.0 ] ] ] } },
{ "type": "Feature", "properties": { "tile": "N166E200", "url": "https://kyfromabove.s3.us-west-2.amazonaws.com/elevation/DEM/Phase1/N166E200_2014_DEM_Phase1_cog.tif" }, "geometry": { "type": "Polygon", "coordinates": [ [ [ 4779998.089838922023773, 3530003.381956219673157, 0.0 ], [ 4779998.085193212144077, 3535003.38814691407606, 0.0 ], [ 4774998.085807994008064, 3535003.390103078447282, 0.0 ], [ 4774998.090498856268823, 3530003.383962396997958, 0.0 ], [ 4779998.089838922023773, 3530003.381956219673157, 0.0 ] ] ] } },
{ "type": "Feature", "properties": { "tile": "N166E201", "url": "https://kyfromabove.s3.us-west-2.amazonaws.com/elevation/DEM/Phase1/N166E201_2014_DEM_Phase1_cog.tif" }, "geometry": { "type": "Polygon", "coordinates": [ [ [ 4779998.085193212144077, 3535003.38814691407606, 0.0 ], [ 4779998.089838922023773, 3530003.381956219673157, 0.0 ], [ 4784998.089336831122637, 3530003.380189667455852, 0.0 ], [ 4784998.084742205217481, 3535003.386442270129919, 0.0 ], [ 4779998.085193212144077, 3535003.38814691407606, 0.0 ] ] ] } },
{ "type": "Feature", "properties": { "tile": "N166E202", "url": "https://kyfromabove.s3.us-west-2.amazonaws.com/elevation/DEM/Phase1/N166E202_2014_DEM_Phase1_cog.tif" }, "geometry": { "type": "Polygon", "coordinates": [ [ [ 4789998.089164993725717, 3530003.378422513138503, 0.0 ], [ 4789998.084621421992779, 3535003.384737025015056, 0.0 ], [ 4784998.084742205217481, 3535003.386442270129919, 0.0 ], [ 4784998.089336831122637, 3530003.380189667455852, 0.0 ], [ 4789998.089164993725717, 3530003.378422513138503, 0.0 ] ] ] } },
{ "type": "Feature", "properties": { "tile": "N166E203", "url": "https://kyfromabove.s3.us-west-2.amazonaws.com/elevation/DEM/Phase1/N166E203_2014_DEM_Phase1_cog.tif" }, "geometry": { "type": "Polygon", "coordinates": [ [ [ 4794998.088667199015617, 3530003.376654701773077, 0.0 ], [ 4794998.084174663759768, 3535003.383031172677875, 0.0 ], [ 4789998.084621421992779, 3535003.384737025015056, 0.0 ], [ 4789998.089164993725717, 3530003.378422513138503, 0.0 ], [ 4794998.088667199015617, 3530003.376654701773077, 0.0 ] ] ] } },
{ "type": "Feature", "properties": { "tile": "N166E204", "url": "https://kyfromabove.s3.us-west-2.amazonaws.com/elevation/DEM/Phase1/N166E204_2014_DEM_Phase1_cog.tif" }, "geometry": { "type": "Polygon", "coordinates": [ [ [ 4799998.088499599136412, 3530003.374886216130108, 0.0 ], [ 4799998.084058076143265, 3535003.381324655376375, 0.0 ], [ 4794998.084174663759768, 3535003.383031172677875, 0.0 ], [ 4794998.088667199015617, 3530003.376654701773077, 0.0 ], [ 4799998.088499599136412, 3530003.374886216130108, 0.0 ] ] ] } },
{ "type": "Feature", "properties": { "tile": "N166E205", "url": "https://kyfromabove.s3.us-west-2.amazonaws.com/elevation/DEM/Phase1/N166E205_2014_DEM_Phase1_cog.tif" }, "geometry": { "type": "Polygon", "coordinates": [ [ [ 4804998.083615450188518, 3535003.379617458675057, 0.0 ], [ 4799998.084058076143265, 3535003.381324655376375, 0.0 ], [ 4799998.088499599136412, 3530003.374886216130108, 0.0 ], [ 4804998.088005983270705, 3530003.37311703665182, 0.0 ], [ 4804998.083615450188518, 3535003.379617458675057, 0.0 ] ] ] } },
{ "type": "Feature", "properties": { "tile": "N166E206", "url": "https://kyfromabove.s3.us-west-2.amazonaws.com/elevation/DEM/Phase1/N166E206_2014_DEM_Phase1_cog.tif" }, "geometry": { "type": "Polygon", "coordinates": [ [ [ 4804998.083615450188518, 3535003.379617458675057, 0.0 ], [ 4804998.088005983270705, 3530003.37311703665182, 0.0 ], [ 4809998.087514431215823, 3530003.371347107924521, 0.0 ], [ 4809998.083174861967564, 3535003.377909532282501, 0.0 ], [ 4804998.083615450188518, 3535003.379617458675057, 0.0 ] ] ] } },
{ "type": "Feature", "properties": { "tile": "N166E207", "url": "https://kyfromabove.s3.us-west-2.amazonaws.com/elevation/DEM/Phase1/N166E207_2014_DEM_Phase1_cog.tif" }, "geometry": { "type": "Polygon", "coordinates": [ [ [ 4814998.087681056931615, 3530003.369576415978372, 0.0 ], [ 4814998.083392424508929, 3535003.376200860366225, 0.0 ], [ 4809998.083174861967564, 3535003.377909532282501, 0.0 ], [ 4809998.087514431215823, 3530003.371347107924521, 0.0 ], [ 4814998.087681056931615, 3530003.369576415978372, 0.0 ] ] ] } },
{ "type": "Feature", "properties": { "tile": "N167E177", "url": "https://kyfromabove.s3.us-west-2.amazonaws.com/elevation/DEM/Phase1/N167E177_2014_DEM_Phase1_cog.tif" }, "geometry": { "type": "Polygon", "coordinates": [ [ [ 4659998.107588683255017, 3525003.532557786908001, 0.0 ], [ 4664998.112372968345881, 3525003.525587224401534, 0.0 ], [ 4664998.107648522593081, 3530003.526958643458784, 0.0 ], [ 4659998.103295035660267, 3530003.533863889053464, 0.0 ], [ 4659998.107588683255017, 3525003.532557786908001, 0.0 ] ] ] } },
{ "type": "Feature", "properties": { "tile": "N167E178", "url": "https://kyfromabove.s3.us-west-2.amazonaws.com/elevation/DEM/Phase1/N167E178_2014_DEM_Phase1_cog.tif" }, "geometry": { "type": "Polygon", "coordinates": [ [ [ 4669998.117152721621096, 3525003.518619357142597, 0.0 ], [ 4669998.111997444182634, 3530003.520055924542248, 0.0 ], [ 4664998.107648522593081, 3530003.526958643458784, 0.0 ], [ 4664998.112372968345881, 3525003.525587224401534, 0.0 ], [ 4669998.117152721621096, 3525003.518619357142597, 0.0 ] ] ] } },
{ "type": "Feature", "properties": { "tile": "N167E179", "url": "https://kyfromabove.s3.us-west-2.amazonaws.com/elevation/DEM/Phase1/N167E179_2014_DEM_Phase1_cog.tif" }, "geometry": { "type": "Polygon", "coordinates": [ [ [ 4674998.121600115671754, 3525003.511654108762741, 0.0 ], [ 4674998.116013989783823, 3530003.513155684340745, 0.0 ], [ 4669998.111997444182634, 3530003.520055924542248, 0.0 ], [ 4669998.117152721621096, 3525003.518619357142597, 0.0 ], [ 4674998.121600115671754, 3525003.511654108762741, 0.0 ] ] ] } },
{ "type": "Feature", "properties": { "tile": "N167E180", "url": "https://kyfromabove.s3.us-west-2.amazonaws.com/elevation/DEM/Phase1/N167E180_2014_DEM_Phase1_cog.tif" }, "geometry": { "type": "Polygon", "coordinates": [ [ [ 4679998.126043434254825, 3525003.504691467620432, 0.0 ], [ 4679998.120026422664523, 3530003.506257902365178, 0.0 ], [ 4674998.116013989783823, 3530003.513155684340745, 0.0 ], [ 4674998.121600115671754, 3525003.511654108762741, 0.0 ], [ 4679998.126043434254825, 3525003.504691467620432, 0.0 ] ] ] } },
{ "type": "Feature", "properties": { "tile": "N167E181", "url": "https://kyfromabove.s3.us-west-2.amazonaws.com/elevation/DEM/Phase1/N167E181_2014_DEM_Phase1_cog.tif" }, "geometry": { "type": "Polygon", "coordinates": [ [ [ 4684998.130811032839119, 3525003.497731375042349, 0.0 ], [ 4684998.12436311878264, 3530003.499362485483289, 0.0 ], [ 4679998.120026422664523, 3530003.506257902365178, 0.0 ], [ 4679998.126043434254825, 3525003.504691467620432, 0.0 ], [ 4684998.130811032839119, 3525003.497731375042349, 0.0 ] ] ] } },
{ "type": "Feature", "properties": { "tile": "N167E182", "url": "https://kyfromabove.s3.us-west-2.amazonaws.com/elevation/DEM/Phase1/N167E182_2014_DEM_Phase1_cog.tif" }, "geometry": { "type": "Polygon", "coordinates": [ [ [ 4689998.135246951133013, 3525003.490773822180927, 0.0 ], [ 4689998.128368111327291, 3530003.492469454184175, 0.0 ], [ 4684998.12436311878264, 3530003.499362485483289, 0.0 ], [ 4684998.130811032839119, 3525003.497731375042349, 0.0 ], [ 4689998.135246951133013, 3525003.490773822180927, 0.0 ] ] ] } },
{ "type": "Feature", "properties": { "tile": "N167E183", "url": "https://kyfromabove.s3.us-west-2.amazonaws.com/elevation/DEM/Phase1/N167E183_2014_DEM_Phase1_cog.tif" }, "geometry": { "type": "Polygon", "coordinates": [ [ [ 4694998.140007612295449, 3525003.483818740118295, 0.0 ], [ 4694998.132697809487581, 3530003.485578746534884, 0.0 ], [ 4689998.128368111327291, 3530003.492469454184175, 0.0 ], [ 4689998.135246951133013, 3525003.490773822180927, 0.0 ], [ 4694998.140007612295449, 3525003.483818740118295, 0.0 ] ] ] } },
{ "type": "Feature", "properties": { "tile": "N167E184", "url": "https://kyfromabove.s3.us-west-2.amazonaws.com/elevation/DEM/Phase1/N167E184_2014_DEM_Phase1_cog.tif" }, "geometry": { "type": "Polygon", "coordinates": [ [ [ 4699998.144437068141997, 3525003.476866086479276, 0.0 ], [ 4699998.136696287430823, 3530003.478690312243998, 0.0 ], [ 4694998.132697809487581, 3530003.485578746534884, 0.0 ], [ 4694998.140007612295449, 3525003.483818740118295, 0.0 ], [ 4699998.144437068141997, 3525003.476866086479276, 0.0 ] ] ] } },
{ "type": "Feature", "properties": { "tile": "N167E185", "url": "https://kyfromabove.s3.us-west-2.amazonaws.com/elevation/DEM/Phase1/N167E185_2014_DEM_Phase1_cog.tif" }, "geometry": { "type": "Polygon", "coordinates": [ [ [ 4704998.144334454089403, 3525003.470118556171656, 0.0 ], [ 4704998.136583515442908, 3530003.472117491532117, 0.0 ], [ 4699998.136696287430823, 3530003.478690312243998, 0.0 ], [ 4699998.144437068141997, 3525003.476866086479276, 0.0 ], [ 4704998.144334454089403, 3525003.470118556171656, 0.0 ] ] ] } },
{ "type": "Feature", "properties": { "tile": "N167E186", "url": "https://kyfromabove.s3.us-west-2.amazonaws.com/elevation/DEM/Phase1/N167E186_2014_DEM_Phase1_cog.tif" }, "geometry": { "type": "Polygon", "coordinates": [ [ [ 4709998.1409200290218, 3525003.463536768686026, 0.0 ], [ 4709998.13338837120682, 3530003.465807756409049, 0.0 ], [ 4704998.136583515442908, 3530003.472117491532117, 0.0 ], [ 4704998.144334454089403, 3525003.470118556171656, 0.0 ], [ 4709998.1409200290218, 3525003.463536768686026, 0.0 ] ] ] } },
{ "type": "Feature", "properties": { "tile": "N167E187", "url": "https://kyfromabove.s3.us-west-2.amazonaws.com/elevation/DEM/Phase1/N167E187_2014_DEM_Phase1_cog.tif" }, "geometry": { "type": "Polygon", "coordinates": [ [ [ 4714998.137512966990471, 3525003.45695744920522, 0.0 ], [ 4714998.130200487561524, 3530003.459500615950674, 0.0 ], [ 4709998.13338837120682, 3530003.465807756409049, 0.0 ], [ 4709998.1409200290218, 3525003.463536768686026, 0.0 ], [ 4714998.137512966990471, 3525003.45695744920522, 0.0 ] ] ] } },
{ "type": "Feature", "properties": { "tile": "N167E188", "url": "https://kyfromabove.s3.us-west-2.amazonaws.com/elevation/DEM/Phase1/N167E188_2014_DEM_Phase1_cog.tif" }, "geometry": { "type": "Polygon", "coordinates": [ [ [ 4719998.133785047568381, 3525003.450380479451269, 0.0 ], [ 4719998.126691643148661, 3530003.453195906244218, 0.0 ], [ 4714998.130200487561524, 3530003.459500615950674, 0.0 ], [ 4714998.137512966990471, 3525003.45695744920522, 0.0 ], [ 4719998.133785047568381, 3525003.450380479451269, 0.0 ] ] ] } },
{ "type": "Feature", "properties": { "tile": "N167E189", "url": "https://kyfromabove.s3.us-west-2.amazonaws.com/elevation/DEM/Phase1/N167E189_2014_DEM_Phase1_cog.tif" }, "geometry": { "type": "Polygon", "coordinates": [ [ [ 4724998.130392328836024, 3525003.443805722985417, 0.0 ], [ 4724998.12351789791137, 3530003.44689348898828, 0.0 ], [ 4719998.126691643148661, 3530003.453195906244218, 0.0 ], [ 4719998.133785047568381, 3525003.450380479451269, 0.0 ], [ 4724998.130392328836024, 3525003.443805722985417, 0.0 ] ] ] } },
{ "type": "Feature", "properties": { "tile": "N167E190", "url": "https://kyfromabove.s3.us-west-2.amazonaws.com/elevation/DEM/Phase1/N167E190_2014_DEM_Phase1_cog.tif" }, "geometry": { "type": "Polygon", "coordinates": [ [ [ 4724998.12351789791137, 3530003.44689348898828, 0.0 ], [ 4724998.130392328836024, 3525003.443805722985417, 0.0 ], [ 4729998.126678510569036, 3525003.437233023811132, 0.0 ], [ 4729998.120022960938513, 3530003.440593197476119, 0.0 ], [ 4724998.12351789791137, 3530003.44689348898828, 0.0 ] ] ] } },
{ "type": "Feature", "properties": { "tile": "N167E191", "url": "https://kyfromabove.s3.us-west-2.amazonaws.com/elevation/DEM/Phase1/N167E191_2014_DEM_Phase1_cog.tif" }, "geometry": { "type": "Polygon", "coordinates": [ [ [ 4734998.123299654573202, 3525003.430662223137915, 0.0 ], [ 4734998.116862873546779, 3530003.43429491808638, 0.0 ], [ 4729998.120022960938513, 3530003.440593197476119, 0.0 ], [ 4729998.126678510569036, 3525003.437233023811132, 0.0 ], [ 4734998.123299654573202, 3525003.430662223137915, 0.0 ] ] ] } },
{ "type": "Feature", "properties": { "tile": "N167E192", "url": "https://kyfromabove.s3.us-west-2.amazonaws.com/elevation/DEM/Phase1/N167E192_2014_DEM_Phase1_cog.tif" }, "geometry": { "type": "Polygon", "coordinates": [ [ [ 4734998.123299654573202, 3525003.430662223137915, 0.0 ], [ 4739998.11959944665432, 3525003.424093198496848, 0.0 ], [ 4739998.113381357863545, 3530003.427998453844339, 0.0 ], [ 4734998.116862873546779, 3530003.43429491808638, 0.0 ], [ 4734998.123299654573202, 3525003.430662223137915, 0.0 ] ] ] } },
{ "type": "Feature", "properties": { "tile": "N167E193", "url": "https://kyfromabove.s3.us-west-2.amazonaws.com/elevation/DEM/Phase1/N167E193_2014_DEM_Phase1_cog.tif" }, "geometry": { "type": "Polygon", "coordinates": [ [ [ 4744998.115905870683491, 3525003.417525766417384, 0.0 ], [ 4744998.109906354919076, 3530003.421703689265996, 0.0 ], [ 4739998.113381357863545, 3530003.427998453844339, 0.0 ], [ 4739998.11959944665432, 3525003.424093198496848, 0.0 ], [ 4744998.115905870683491, 3525003.417525766417384, 0.0 ] ] ] } },
{ "type": "Feature", "properties": { "tile": "N167E194", "url": "https://kyfromabove.s3.us-west-2.amazonaws.com/elevation/DEM/Phase1/N167E194_2014_DEM_Phase1_cog.tif" }, "geometry": { "type": "Polygon", "coordinates": [ [ [ 4749998.112546875141561, 3525003.410959785804152, 0.0 ], [ 4749998.106765842996538, 3530003.415410483255982, 0.0 ], [ 4744998.109906354919076, 3530003.421703689265996, 0.0 ], [ 4744998.115905870683491, 3525003.417525766417384, 0.0 ], [ 4749998.112546875141561, 3525003.410959785804152, 0.0 ] ] ] } },
{ "type": "Feature", "properties": { "tile": "N167E195", "url": "https://kyfromabove.s3.us-west-2.amazonaws.com/elevation/DEM/Phase1/N167E195_2014_DEM_Phase1_cog.tif" }, "geometry": { "type": "Polygon", "coordinates": [ [ [ 4754998.108866163529456, 3525003.404395149089396, 0.0 ], [ 4754998.103303515352309, 3530003.409118657466024, 0.0 ], [ 4749998.106765842996538, 3530003.415410483255982, 0.0 ], [ 4749998.112546875141561, 3525003.410959785804152, 0.0 ], [ 4754998.108866163529456, 3525003.404395149089396, 0.0 ] ] ] } },
{ "type": "Feature", "properties": { "tile": "N167E196", "url": "https://kyfromabove.s3.us-west-2.amazonaws.com/elevation/DEM/Phase1/N167E196_2014_DEM_Phase1_cog.tif" }, "geometry": { "type": "Polygon", "coordinates": [ [ [ 4759998.105519810691476, 3525003.397831661626697, 0.0 ], [ 4759998.100175440311432, 3530003.402828089892864, 0.0 ], [ 4754998.103303515352309, 3530003.409118657466024, 0.0 ], [ 4754998.108866163529456, 3525003.404395149089396, 0.0 ], [ 4759998.105519810691476, 3525003.397831661626697, 0.0 ] ] ] } },
{ "type": "Feature", "properties": { "tile": "N167E197", "url": "https://kyfromabove.s3.us-west-2.amazonaws.com/elevation/DEM/Phase1/N167E197_2014_DEM_Phase1_cog.tif" }, "geometry": { "type": "Polygon", "coordinates": [ [ [ 4764998.102179593406618, 3525003.391269211657345, 0.0 ], [ 4764998.097053406760097, 3530003.396538618952036, 0.0 ], [ 4759998.100175440311432, 3530003.402828089892864, 0.0 ], [ 4759998.105519810691476, 3525003.397831661626697, 0.0 ], [ 4764998.102179593406618, 3525003.391269211657345, 0.0 ] ] ] } },
{ "type": "Feature", "properties": { "tile": "N167E198", "url": "https://kyfromabove.s3.us-west-2.amazonaws.com/elevation/DEM/Phase1/N167E198_2014_DEM_Phase1_cog.tif" }, "geometry": { "type": "Polygon", "coordinates": [ [ [ 4764998.097053406760097, 3530003.396538618952036, 0.0 ], [ 4764998.102179593406618, 3525003.391269211657345, 0.0 ], [ 4769998.098517290316522, 3525003.384707622695714, 0.0 ], [ 4769998.093609184026718, 3530003.390250108670443, 0.0 ], [ 4764998.097053406760097, 3530003.396538618952036, 0.0 ] ] ] } },
{ "type": "Feature", "properties": { "tile": "N167E199", "url": "https://kyfromabove.s3.us-west-2.amazonaws.com/elevation/DEM/Phase1/N167E199_2014_DEM_Phase1_cog.tif" }, "geometry": { "type": "Polygon", "coordinates": [ [ [ 4774998.095188978128135, 3525003.378146756440401, 0.0 ], [ 4774998.090498856268823, 3530003.383962396997958, 0.0 ], [ 4769998.093609184026718, 3530003.390250108670443, 0.0 ], [ 4769998.098517290316522, 3525003.384707622695714, 0.0 ], [ 4774998.095188978128135, 3525003.378146756440401, 0.0 ] ] ] } },
{ "type": "Feature", "properties": { "tile": "N167E200", "url": "https://kyfromabove.s3.us-west-2.amazonaws.com/elevation/DEM/Phase1/N167E200_2014_DEM_Phase1_cog.tif" }, "geometry": { "type": "Polygon", "coordinates": [ [ [ 4779998.094485671259463, 3525003.376092836726457, 0.0 ], [ 4779998.089838922023773, 3530003.381956219673157, 0.0 ], [ 4774998.090498856268823, 3530003.383962396997958, 0.0 ], [ 4774998.095188978128135, 3525003.378146756440401, 0.0 ], [ 4779998.094485671259463, 3525003.376092836726457, 0.0 ] ] ] } },
{ "type": "Feature", "properties": { "tile": "N167E201", "url": "https://kyfromabove.s3.us-west-2.amazonaws.com/elevation/DEM/Phase1/N167E201_2014_DEM_Phase1_cog.tif" }, "geometry": { "type": "Polygon", "coordinates": [ [ [ 4779998.094485671259463, 3525003.376092836726457, 0.0 ], [ 4784998.093932501040399, 3525003.374264392536134, 0.0 ], [ 4784998.089336831122637, 3530003.380189667455852, 0.0 ], [ 4779998.089838922023773, 3530003.381956219673157, 0.0 ], [ 4779998.094485671259463, 3525003.376092836726457, 0.0 ] ] ] } },
{ "type": "Feature", "properties": { "tile": "N167E202", "url": "https://kyfromabove.s3.us-west-2.amazonaws.com/elevation/DEM/Phase1/N167E202_2014_DEM_Phase1_cog.tif" }, "geometry": { "type": "Polygon", "coordinates": [ [ [ 4789998.093709606677294, 3525003.372435341123492, 0.0 ], [ 4789998.089164993725717, 3530003.378422513138503, 0.0 ], [ 4784998.089336831122637, 3530003.380189667455852, 0.0 ], [ 4784998.093932501040399, 3525003.374264392536134, 0.0 ], [ 4789998.093709606677294, 3525003.372435341123492, 0.0 ] ] ] } },
{ "type": "Feature", "properties": { "tile": "N167E203", "url": "https://kyfromabove.s3.us-west-2.amazonaws.com/elevation/DEM/Phase1/N167E203_2014_DEM_Phase1_cog.tif" }, "geometry": { "type": "Polygon", "coordinates": [ [ [ 4794998.093160778284073, 3525003.370605605188757, 0.0 ], [ 4794998.088667199015617, 3530003.376654701773077, 0.0 ], [ 4789998.089164993725717, 3530003.378422513138503, 0.0 ], [ 4789998.093709606677294, 3525003.372435341123492, 0.0 ], [ 4794998.093160778284073, 3525003.370605605188757, 0.0 ] ] ] } },
{ "type": "Feature", "properties": { "tile": "N167E204", "url": "https://kyfromabove.s3.us-west-2.amazonaws.com/elevation/DEM/Phase1/N167E204_2014_DEM_Phase1_cog.tif" }, "geometry": { "type": "Polygon", "coordinates": [ [ [ 4799998.092942176386714, 3525003.368775195907801, 0.0 ], [ 4799998.088499599136412, 3530003.374886216130108, 0.0 ], [ 4794998.088667199015617, 3530003.376654701773077, 0.0 ], [ 4794998.093160778284073, 3525003.370605605188757, 0.0 ], [ 4799998.092942176386714, 3525003.368775195907801, 0.0 ] ] ] } },
{ "type": "Feature", "properties": { "tile": "N167E205", "url": "https://kyfromabove.s3.us-west-2.amazonaws.com/elevation/DEM/Phase1/N167E205_2014_DEM_Phase1_cog.tif" }, "geometry": { "type": "Polygon", "coordinates": [ [ [ 4804998.092397568747401, 3525003.366944052744657, 0.0 ], [ 4804998.088005983270705, 3530003.37311703665182, 0.0 ], [ 4799998.088499599136412, 3530003.374886216130108, 0.0 ], [ 4799998.092942176386714, 3525003.368775195907801, 0.0 ], [ 4804998.092397568747401, 3525003.366944052744657, 0.0 ] ] ] } },
{ "type": "Feature", "properties": { "tile": "N167E206", "url": "https://kyfromabove.s3.us-west-2.amazonaws.com/elevation/DEM/Phase1/N167E206_2014_DEM_Phase1_cog.tif" }, "geometry": { "type": "Polygon", "coordinates": [ [ [ 4809998.091855050995946, 3525003.36511214543134, 0.0 ], [ 4809998.087514431215823, 3530003.371347107924521, 0.0 ], [ 4804998.088005983270705, 3530003.37311703665182, 0.0 ], [ 4804998.092397568747401, 3525003.366944052744657, 0.0 ], [ 4809998.091855050995946, 3525003.36511214543134, 0.0 ] ] ] } },
{ "type": "Feature", "properties": { "tile": "N167E207", "url": "https://kyfromabove.s3.us-west-2.amazonaws.com/elevation/DEM/Phase1/N167E207_2016_DEM_Phase1_cog.tif" }, "geometry": { "type": "Polygon", "coordinates": [ [ [ 4814998.091970732435584, 3525003.363279448822141, 0.0 ], [ 4814998.087681056931615, 3530003.369576415978372, 0.0 ], [ 4809998.087514431215823, 3530003.371347107924521, 0.0 ], [ 4809998.091855050995946, 3525003.36511214543134, 0.0 ], [ 4814998.091970732435584, 3525003.363279448822141, 0.0 ] ] ] } },
{ "type": "Feature", "properties": { "tile": "N168E177", "url": "https://kyfromabove.s3.us-west-2.amazonaws.com/elevation/DEM/Phase1/N168E177_2014_DEM_Phase1_cog.tif" }, "geometry": { "type": "Polygon", "coordinates": [ [ [ 4659998.112890911288559, 3520003.531906310468912, 0.0 ], [ 4664998.117205095477402, 3520003.524966502096504, 0.0 ], [ 4664998.112372968345881, 3525003.525587224401534, 0.0 ], [ 4659998.107588683255017, 3525003.532557786908001, 0.0 ], [ 4659998.112890911288559, 3520003.531906310468912, 0.0 ] ] ] } },
{ "type": "Feature", "properties": { "tile": "N168E178", "url": "https://kyfromabove.s3.us-west-2.amazonaws.com/elevation/DEM/Phase1/N168E178_2014_DEM_Phase1_cog.tif" }, "geometry": { "type": "Polygon", "coordinates": [ [ [ 4669998.121532234363258, 3520003.518027351703495, 0.0 ], [ 4669998.117152721621096, 3525003.518619357142597, 0.0 ], [ 4664998.112372968345881, 3525003.525587224401534, 0.0 ], [ 4664998.117205095477402, 3520003.524966502096504, 0.0 ], [ 4669998.121532234363258, 3520003.518027351703495, 0.0 ] ] ] } },
{ "type": "Feature", "properties": { "tile": "N168E179", "url": "https://kyfromabove.s3.us-west-2.amazonaws.com/elevation/DEM/Phase1/N168E179_2014_DEM_Phase1_cog.tif" }, "geometry": { "type": "Polygon", "coordinates": [ [ [ 4674998.125544026494026, 3520003.511088866740465, 0.0 ], [ 4674998.121600115671754, 3525003.511654108762741, 0.0 ], [ 4669998.117152721621096, 3525003.518619357142597, 0.0 ], [ 4669998.121532234363258, 3520003.518027351703495, 0.0 ], [ 4674998.125544026494026, 3520003.511088866740465, 0.0 ] ] ] } },
{ "type": "Feature", "properties": { "tile": "N168E180", "url": "https://kyfromabove.s3.us-west-2.amazonaws.com/elevation/DEM/Phase1/N168E180_2014_DEM_Phase1_cog.tif" }, "geometry": { "type": "Polygon", "coordinates": [ [ [ 4679998.129568235948682, 3520003.504151068627834, 0.0 ], [ 4679998.126043434254825, 3525003.504691467620432, 0.0 ], [ 4674998.121600115671754, 3525003.511654108762741, 0.0 ], [ 4674998.125544026494026, 3520003.511088866740465, 0.0 ], [ 4679998.129568235948682, 3520003.504151068627834, 0.0 ] ] ] } },
{ "type": "Feature", "properties": { "tile": "N168E181", "url": "https://kyfromabove.s3.us-west-2.amazonaws.com/elevation/DEM/Phase1/N168E181_2014_DEM_Phase1_cog.tif" }, "geometry": { "type": "Polygon", "coordinates": [ [ [ 4684998.13393269572407, 3520003.497214006725699, 0.0 ], [ 4684998.130811032839119, 3525003.497731375042349, 0.0 ], [ 4679998.126043434254825, 3525003.504691467620432, 0.0 ], [ 4679998.129568235948682, 3520003.504151068627834, 0.0 ], [ 4684998.13393269572407, 3520003.497214006725699, 0.0 ] ] ] } },
{ "type": "Feature", "properties": { "tile": "N168E182", "url": "https://kyfromabove.s3.us-west-2.amazonaws.com/elevation/DEM/Phase1/N168E182_2014_DEM_Phase1_cog.tif" }, "geometry": { "type": "Polygon", "coordinates": [ [ [ 4689998.137980936095119, 3520003.49027770711109, 0.0 ], [ 4689998.135246951133013, 3525003.490773822180927, 0.0 ], [ 4684998.130811032839119, 3525003.497731375042349, 0.0 ], [ 4684998.13393269572407, 3520003.497214006725699, 0.0 ], [ 4689998.137980936095119, 3520003.49027770711109, 0.0 ] ] ] } },
{ "type": "Feature", "properties": { "tile": "N168E183", "url": "https://kyfromabove.s3.us-west-2.amazonaws.com/elevation/DEM/Phase1/N168E183_2014_DEM_Phase1_cog.tif" }, "geometry": { "type": "Polygon", "coordinates": [ [ [ 4694998.142368883825839, 3520003.483342172577977, 0.0 ], [ 4694998.140007612295449, 3525003.483818740118295, 0.0 ], [ 4689998.135246951133013, 3525003.490773822180927, 0.0 ], [ 4689998.137980936095119, 3520003.49027770711109, 0.0 ], [ 4694998.142368883825839, 3520003.483342172577977, 0.0 ] ] ] } },
{ "type": "Feature", "properties": { "tile": "N168E184", "url": "https://kyfromabove.s3.us-west-2.amazonaws.com/elevation/DEM/Phase1/N168E184_2014_DEM_Phase1_cog.tif" }, "geometry": { "type": "Polygon", "coordinates": [ [ [ 4699998.146440074779093, 3520003.476407458540052, 0.0 ], [ 4699998.144437068141997, 3525003.476866086479276, 0.0 ], [ 4694998.140007612295449, 3525003.483818740118295, 0.0 ], [ 4694998.142368883825839, 3520003.483342172577977, 0.0 ], [ 4699998.146440074779093, 3520003.476407458540052, 0.0 ] ] ] } },
{ "type": "Feature", "properties": { "tile": "N168E185", "url": "https://kyfromabove.s3.us-west-2.amazonaws.com/elevation/DEM/Phase1/N168E185_2014_DEM_Phase1_cog.tif" }, "geometry": { "type": "Polygon", "coordinates": [ [ [ 4704998.146243382245302, 3520003.46982783311978, 0.0 ], [ 4704998.144334454089403, 3525003.470118556171656, 0.0 ], [ 4699998.144437068141997, 3525003.476866086479276, 0.0 ], [ 4699998.146440074779093, 3520003.476407458540052, 0.0 ], [ 4704998.146243382245302, 3520003.46982783311978, 0.0 ] ] ] } },
{ "type": "Feature", "properties": { "tile": "N168E186", "url": "https://kyfromabove.s3.us-west-2.amazonaws.com/elevation/DEM/Phase1/N168E186_2014_DEM_Phase1_cog.tif" }, "geometry": { "type": "Polygon", "coordinates": [ [ [ 4709998.143043385818601, 3520003.463518879376352, 0.0 ], [ 4709998.1409200290218, 3525003.463536768686026, 0.0 ], [ 4704998.144334454089403, 3525003.470118556171656, 0.0 ], [ 4704998.146243382245302, 3520003.46982783311978, 0.0 ], [ 4709998.143043385818601, 3520003.463518879376352, 0.0 ] ] ] } },
{ "type": "Feature", "properties": { "tile": "N168E187", "url": "https://kyfromabove.s3.us-west-2.amazonaws.com/elevation/DEM/Phase1/N168E187_2014_DEM_Phase1_cog.tif" }, "geometry": { "type": "Polygon", "coordinates": [ [ [ 4714998.139842787757516, 3520003.45720309112221, 0.0 ], [ 4714998.137512966990471, 3525003.45695744920522, 0.0 ], [ 4709998.1409200290218, 3525003.463536768686026, 0.0 ], [ 4709998.143043385818601, 3520003.463518879376352, 0.0 ], [ 4714998.139842787757516, 3520003.45720309112221, 0.0 ] ] ] } },
{ "type": "Feature", "properties": { "tile": "N168E188", "url": "https://kyfromabove.s3.us-west-2.amazonaws.com/elevation/DEM/Phase1/N168E188_2014_DEM_Phase1_cog.tif" }, "geometry": { "type": "Polygon", "coordinates": [ [ [ 4714998.139842787757516, 3520003.45720309112221, 0.0 ], [ 4719998.136313606984913, 3520003.450880672316998, 0.0 ], [ 4719998.133785047568381, 3525003.450380479451269, 0.0 ], [ 4714998.137512966990471, 3525003.45695744920522, 0.0 ], [ 4714998.139842787757516, 3520003.45720309112221, 0.0 ] ] ] } },
{ "type": "Feature", "properties": { "tile": "N168E189", "url": "https://kyfromabove.s3.us-west-2.amazonaws.com/elevation/DEM/Phase1/N168E189_2014_DEM_Phase1_cog.tif" }, "geometry": { "type": "Polygon", "coordinates": [ [ [ 4724998.133112162351608, 3520003.444551818538457, 0.0 ], [ 4724998.130392328836024, 3525003.443805722985417, 0.0 ], [ 4719998.133785047568381, 3525003.450380479451269, 0.0 ], [ 4719998.136313606984913, 3520003.450880672316998, 0.0 ], [ 4724998.133112162351608, 3520003.444551818538457, 0.0 ] ] ] } },
{ "type": "Feature", "properties": { "tile": "N168E190", "url": "https://kyfromabove.s3.us-west-2.amazonaws.com/elevation/DEM/Phase1/N168E190_2014_DEM_Phase1_cog.tif" }, "geometry": { "type": "Polygon", "coordinates": [ [ [ 4729998.129582387395203, 3520003.438216687645763, 0.0 ], [ 4729998.126678510569036, 3525003.437233023811132, 0.0 ], [ 4724998.130392328836024, 3525003.443805722985417, 0.0 ], [ 4724998.133112162351608, 3520003.444551818538457, 0.0 ], [ 4729998.129582387395203, 3520003.438216687645763, 0.0 ] ] ] } },
{ "type": "Feature", "properties": { "tile": "N168E191", "url": "https://kyfromabove.s3.us-west-2.amazonaws.com/elevation/DEM/Phase1/N168E191_2014_DEM_Phase1_cog.tif" }, "geometry": { "type": "Polygon", "coordinates": [ [ [ 4734998.123299654573202, 3525003.430662223137915, 0.0 ], [ 4729998.126678510569036, 3525003.437233023811132, 0.0 ], [ 4729998.129582387395203, 3520003.438216687645763, 0.0 ], [ 4734998.126380580477417, 3520003.431875556241721, 0.0 ], [ 4734998.123299654573202, 3525003.430662223137915, 0.0 ] ] ] } },
{ "type": "Feature", "properties": { "tile": "N168E192", "url": "https://kyfromabove.s3.us-west-2.amazonaws.com/elevation/DEM/Phase1/N168E192_2014_DEM_Phase1_cog.tif" }, "geometry": { "type": "Polygon", "coordinates": [ [ [ 4734998.123299654573202, 3525003.430662223137915, 0.0 ], [ 4734998.126380580477417, 3520003.431875556241721, 0.0 ], [ 4739998.122850676998496, 3520003.425528574734926, 0.0 ], [ 4739998.11959944665432, 3525003.424093198496848, 0.0 ], [ 4734998.123299654573202, 3525003.430662223137915, 0.0 ] ] ] } },
{ "type": "Feature", "properties": { "tile": "N168E193", "url": "https://kyfromabove.s3.us-west-2.amazonaws.com/elevation/DEM/Phase1/N168E193_2014_DEM_Phase1_cog.tif" }, "geometry": { "type": "Polygon", "coordinates": [ [ [ 4744998.119320903904736, 3520003.419175949878991, 0.0 ], [ 4744998.115905870683491, 3525003.417525766417384, 0.0 ], [ 4739998.11959944665432, 3525003.424093198496848, 0.0 ], [ 4739998.122850676998496, 3520003.425528574734926, 0.0 ], [ 4744998.119320903904736, 3520003.419175949878991, 0.0 ] ] ] } },
{ "type": "Feature", "properties": { "tile": "N168E194", "url": "https://kyfromabove.s3.us-west-2.amazonaws.com/elevation/DEM/Phase1/N168E194_2014_DEM_Phase1_cog.tif" }, "geometry": { "type": "Polygon", "coordinates": [ [ [ 4749998.116119461134076, 3520003.4128178791143, 0.0 ], [ 4749998.112546875141561, 3525003.410959785804152, 0.0 ], [ 4744998.115905870683491, 3525003.417525766417384, 0.0 ], [ 4744998.119320903904736, 3520003.419175949878991, 0.0 ], [ 4749998.116119461134076, 3520003.4128178791143, 0.0 ] ] ] } },
{ "type": "Feature", "properties": { "tile": "N168E195", "url": "https://kyfromabove.s3.us-west-2.amazonaws.com/elevation/DEM/Phase1/N168E195_2014_DEM_Phase1_cog.tif" }, "geometry": { "type": "Polygon", "coordinates": [ [ [ 4754998.112590292468667, 3520003.406454575713724, 0.0 ], [ 4754998.108866163529456, 3525003.404395149089396, 0.0 ], [ 4749998.112546875141561, 3525003.410959785804152, 0.0 ], [ 4749998.116119461134076, 3520003.4128178791143, 0.0 ], [ 4754998.112590292468667, 3520003.406454575713724, 0.0 ] ] ] } },
{ "type": "Feature", "properties": { "tile": "N168E196", "url": "https://kyfromabove.s3.us-west-2.amazonaws.com/elevation/DEM/Phase1/N168E196_2014_DEM_Phase1_cog.tif" }, "geometry": { "type": "Polygon", "coordinates": [ [ [ 4754998.112590292468667, 3520003.406454575713724, 0.0 ], [ 4759998.109389698132873, 3520003.400086232926697, 0.0 ], [ 4759998.105519810691476, 3525003.397831661626697, 0.0 ], [ 4754998.108866163529456, 3525003.404395149089396, 0.0 ], [ 4754998.112590292468667, 3520003.406454575713724, 0.0 ] ] ] } },
{ "type": "Feature", "properties": { "tile": "N168E197", "url": "https://kyfromabove.s3.us-west-2.amazonaws.com/elevation/DEM/Phase1/N168E197_2014_DEM_Phase1_cog.tif" }, "geometry": { "type": "Polygon", "coordinates": [ [ [ 4764998.106189697980881, 3520003.393713033758104, 0.0 ], [ 4764998.102179593406618, 3525003.391269211657345, 0.0 ], [ 4759998.105519810691476, 3525003.397831661626697, 0.0 ], [ 4759998.109389698132873, 3520003.400086232926697, 0.0 ], [ 4764998.106189697980881, 3520003.393713033758104, 0.0 ] ] ] } },
{ "type": "Feature", "properties": { "tile": "N168E198", "url": "https://kyfromabove.s3.us-west-2.amazonaws.com/elevation/DEM/Phase1/N168E198_2014_DEM_Phase1_cog.tif" }, "geometry": { "type": "Polygon", "coordinates": [ [ [ 4769998.102662338875234, 3520003.38733520777896, 0.0 ], [ 4769998.098517290316522, 3525003.384707622695714, 0.0 ], [ 4764998.102179593406618, 3525003.391269211657345, 0.0 ], [ 4764998.106189697980881, 3520003.393713033758104, 0.0 ], [ 4769998.102662338875234, 3520003.38733520777896, 0.0 ] ] ] } },
{ "type": "Feature", "properties": { "tile": "N168E199", "url": "https://kyfromabove.s3.us-west-2.amazonaws.com/elevation/DEM/Phase1/N168E199_2014_DEM_Phase1_cog.tif" }, "geometry": { "type": "Polygon", "coordinates": [ [ [ 4769998.102662338875234, 3520003.38733520777896, 0.0 ], [ 4774998.099463905207813, 3520003.380952933803201, 0.0 ], [ 4774998.095188978128135, 3525003.378146756440401, 0.0 ], [ 4769998.098517290316522, 3525003.384707622695714, 0.0 ], [ 4769998.102662338875234, 3520003.38733520777896, 0.0 ] ] ] } },
{ "type": "Feature", "properties": { "tile": "N168E200", "url": "https://kyfromabove.s3.us-west-2.amazonaws.com/elevation/DEM/Phase1/N168E200_2014_DEM_Phase1_cog.tif" }, "geometry": { "type": "Polygon", "coordinates": [ [ [ 4774998.099463905207813, 3520003.380952933803201, 0.0 ], [ 4779998.098659755662084, 3520003.379357797559351, 0.0 ], [ 4779998.094485671259463, 3525003.376092836726457, 0.0 ], [ 4774998.095188978128135, 3525003.378146756440401, 0.0 ], [ 4774998.099463905207813, 3520003.380952933803201, 0.0 ] ] ] } },
{ "type": "Feature", "properties": { "tile": "N168E201", "url": "https://kyfromabove.s3.us-west-2.amazonaws.com/elevation/DEM/Phase1/N168E201_2014_DEM_Phase1_cog.tif" }, "geometry": { "type": "Polygon", "coordinates": [ [ [ 4784998.097979048267007, 3520003.377968940883875, 0.0 ], [ 4784998.093932501040399, 3525003.374264392536134, 0.0 ], [ 4779998.094485671259463, 3525003.376092836726457, 0.0 ], [ 4779998.098659755662084, 3520003.379357797559351, 0.0 ], [ 4784998.097979048267007, 3520003.377968940883875, 0.0 ] ] ] } },
{ "type": "Feature", "properties": { "tile": "N168E202", "url": "https://kyfromabove.s3.us-west-2.amazonaws.com/elevation/DEM/Phase1/N168E202_2014_DEM_Phase1_cog.tif" }, "geometry": { "type": "Polygon", "coordinates": [ [ [ 4789998.097629311494529, 3520003.376574528869241, 0.0 ], [ 4789998.093709606677294, 3525003.372435341123492, 0.0 ], [ 4784998.093932501040399, 3525003.374264392536134, 0.0 ], [ 4784998.097979048267007, 3520003.377968940883875, 0.0 ], [ 4789998.097629311494529, 3520003.376574528869241, 0.0 ] ] ] } },
{ "type": "Feature", "properties": { "tile": "N168E203", "url": "https://kyfromabove.s3.us-west-2.amazonaws.com/elevation/DEM/Phase1/N168E203_2014_DEM_Phase1_cog.tif" }, "geometry": { "type": "Polygon", "coordinates": [ [ [ 4794998.096954296343029, 3520003.375174922402948, 0.0 ], [ 4794998.093160778284073, 3525003.370605605188757, 0.0 ], [ 4789998.093709606677294, 3525003.372435341123492, 0.0 ], [ 4789998.097629311494529, 3520003.376574528869241, 0.0 ], [ 4794998.096954296343029, 3520003.375174922402948, 0.0 ] ] ] } },
{ "type": "Feature", "properties": { "tile": "N168E204", "url": "https://kyfromabove.s3.us-west-2.amazonaws.com/elevation/DEM/Phase1/N168E204_2014_DEM_Phase1_cog.tif" }, "geometry": { "type": "Polygon", "coordinates": [ [ [ 4799998.096610103733838, 3520003.373770478181541, 0.0 ], [ 4799998.092942176386714, 3525003.368775195907801, 0.0 ], [ 4794998.093160778284073, 3525003.370605605188757, 0.0 ], [ 4794998.096954296343029, 3520003.375174922402948, 0.0 ], [ 4799998.096610103733838, 3520003.373770478181541, 0.0 ] ] ] } },
{ "type": "Feature", "properties": { "tile": "N168E205", "url": "https://kyfromabove.s3.us-west-2.amazonaws.com/elevation/DEM/Phase1/N168E205_2014_DEM_Phase1_cog.tif" }, "geometry": { "type": "Polygon", "coordinates": [ [ [ 4804998.095940445549786, 3520003.372361524030566, 0.0 ], [ 4804998.092397568747401, 3525003.366944052744657, 0.0 ], [ 4799998.092942176386714, 3525003.368775195907801, 0.0 ], [ 4799998.096610103733838, 3520003.373770478181541, 0.0 ], [ 4804998.095940445549786, 3520003.372361524030566, 0.0 ] ] ] } },
{ "type": "Feature", "properties": { "tile": "N168E206", "url": "https://kyfromabove.s3.us-west-2.amazonaws.com/elevation/DEM/Phase1/N168E206_2014_DEM_Phase1_cog.tif" }, "geometry": { "type": "Polygon", "coordinates": [ [ [ 4809998.09527338668704, 3520003.370948475785553, 0.0 ], [ 4809998.091855050995946, 3525003.36511214543134, 0.0 ], [ 4804998.092397568747401, 3525003.366944052744657, 0.0 ], [ 4804998.095940445549786, 3520003.372361524030566, 0.0 ], [ 4809998.09527338668704, 3520003.370948475785553, 0.0 ] ] ] } },
{ "type": "Feature", "properties": { "tile": "N168E207", "url": "https://kyfromabove.s3.us-west-2.amazonaws.com/elevation/DEM/Phase1/N168E207_2016_DEM_Phase1_cog.tif" }, "geometry": { "type": "Polygon", "coordinates": [ [ [ 4814998.09526495821774, 3520003.369531646836549, 0.0 ], [ 4814998.091970732435584, 3525003.363279448822141, 0.0 ], [ 4809998.091855050995946, 3525003.36511214543134, 0.0 ], [ 4809998.09527338668704, 3520003.370948475785553, 0.0 ], [ 4814998.09526495821774, 3520003.369531646836549, 0.0 ] ] ] } },
{ "type": "Feature", "properties": { "tile": "N169E177", "url": "https://kyfromabove.s3.us-west-2.amazonaws.com/elevation/DEM/Phase1/N169E177_2014_DEM_Phase1_cog.tif" }, "geometry": { "type": "Polygon", "coordinates": [ [ [ 4664998.12203418277204, 3515003.52405203320086, 0.0 ], [ 4664998.117205095477402, 3520003.524966502096504, 0.0 ], [ 4659998.112890911288559, 3520003.531906310468912, 0.0 ], [ 4659998.118220160715282, 3515003.530950083397329, 0.0 ], [ 4664998.12203418277204, 3515003.52405203320086, 0.0 ] ] ] } },
{ "type": "Feature", "properties": { "tile": "N169E178", "url": "https://kyfromabove.s3.us-west-2.amazonaws.com/elevation/DEM/Phase1/N169E178_2014_DEM_Phase1_cog.tif" }, "geometry": { "type": "Polygon", "coordinates": [ [ [ 4669998.125861160457134, 3515003.517154454253614, 0.0 ], [ 4669998.121532234363258, 3520003.518027351703495, 0.0 ], [ 4664998.117205095477402, 3520003.524966502096504, 0.0 ], [ 4664998.12203418277204, 3515003.52405203320086, 0.0 ], [ 4669998.125861160457134, 3515003.517154454253614, 0.0 ] ] ] } },
{ "type": "Feature", "properties": { "tile": "N169E179", "url": "https://kyfromabove.s3.us-west-2.amazonaws.com/elevation/DEM/Phase1/N169E179_2014_DEM_Phase1_cog.tif" }, "geometry": { "type": "Polygon", "coordinates": [ [ [ 4669998.121532234363258, 3520003.518027351703495, 0.0 ], [ 4669998.125861160457134, 3515003.517154454253614, 0.0 ], [ 4674998.129372757859528, 3515003.510257372166961, 0.0 ], [ 4674998.125544026494026, 3520003.511088866740465, 0.0 ], [ 4669998.121532234363258, 3520003.518027351703495, 0.0 ] ] ] } },
{ "type": "Feature", "properties": { "tile": "N169E180", "url": "https://kyfromabove.s3.us-west-2.amazonaws.com/elevation/DEM/Phase1/N169E180_2014_DEM_Phase1_cog.tif" }, "geometry": { "type": "Polygon", "coordinates": [ [ [ 4674998.125544026494026, 3520003.511088866740465, 0.0 ], [ 4674998.129372757859528, 3515003.510257372166961, 0.0 ], [ 4679998.132896756753325, 3515003.503360791131854, 0.0 ], [ 4679998.129568235948682, 3520003.504151068627834, 0.0 ], [ 4674998.125544026494026, 3520003.511088866740465, 0.0 ] ] ] } },
{ "type": "Feature", "properties": { "tile": "N169E181", "url": "https://kyfromabove.s3.us-west-2.amazonaws.com/elevation/DEM/Phase1/N169E181_2014_DEM_Phase1_cog.tif" }, "geometry": { "type": "Polygon", "coordinates": [ [ [ 4679998.129568235948682, 3520003.504151068627834, 0.0 ], [ 4679998.132896756753325, 3515003.503360791131854, 0.0 ], [ 4684998.136760988272727, 3515003.496464768890291, 0.0 ], [ 4684998.13393269572407, 3520003.497214006725699, 0.0 ], [ 4679998.129568235948682, 3520003.504151068627834, 0.0 ] ] ] } },
{ "type": "Feature", "properties": { "tile": "N169E182", "url": "https://kyfromabove.s3.us-west-2.amazonaws.com/elevation/DEM/Phase1/N169E182_2014_DEM_Phase1_cog.tif" }, "geometry": { "type": "Polygon", "coordinates": [ [ [ 4689998.140308985486627, 3515003.489569315221161, 0.0 ], [ 4689998.137980936095119, 3520003.49027770711109, 0.0 ], [ 4684998.13393269572407, 3520003.497214006725699, 0.0 ], [ 4684998.136760988272727, 3515003.496464768890291, 0.0 ], [ 4689998.140308985486627, 3515003.489569315221161, 0.0 ] ] ] } },
{ "type": "Feature", "properties": { "tile": "N169E183", "url": "https://kyfromabove.s3.us-west-2.amazonaws.com/elevation/DEM/Phase1/N169E183_2014_DEM_Phase1_cog.tif" }, "geometry": { "type": "Polygon", "coordinates": [ [ [ 4694998.144196667708457, 3515003.482674450613558, 0.0 ], [ 4694998.142368883825839, 3520003.483342172577977, 0.0 ], [ 4689998.137980936095119, 3520003.49027770711109, 0.0 ], [ 4689998.140308985486627, 3515003.489569315221161, 0.0 ], [ 4694998.144196667708457, 3515003.482674450613558, 0.0 ] ] ] } },
{ "type": "Feature", "properties": { "tile": "N169E184", "url": "https://kyfromabove.s3.us-west-2.amazonaws.com/elevation/DEM/Phase1/N169E184_2014_DEM_Phase1_cog.tif" }, "geometry": { "type": "Polygon", "coordinates": [ [ [ 4699998.147767576389015, 3515003.475780220236629, 0.0 ], [ 4699998.146440074779093, 3520003.476407458540052, 0.0 ], [ 4694998.142368883825839, 3520003.483342172577977, 0.0 ], [ 4694998.144196667708457, 3515003.482674450613558, 0.0 ], [ 4699998.147767576389015, 3515003.475780220236629, 0.0 ] ] ] } },
{ "type": "Feature", "properties": { "tile": "N169E185", "url": "https://kyfromabove.s3.us-west-2.amazonaws.com/elevation/DEM/Phase1/N169E185_2014_DEM_Phase1_cog.tif" }, "geometry": { "type": "Polygon", "coordinates": [ [ [ 4704998.147417307831347, 3515003.469430666882545, 0.0 ], [ 4704998.146243382245302, 3520003.46982783311978, 0.0 ], [ 4699998.146440074779093, 3520003.476407458540052, 0.0 ], [ 4699998.147767576389015, 3515003.475780220236629, 0.0 ], [ 4704998.147417307831347, 3515003.469430666882545, 0.0 ] ] ] } },
{ "type": "Feature", "properties": { "tile": "N169E186", "url": "https://kyfromabove.s3.us-west-2.amazonaws.com/elevation/DEM/Phase1/N169E186_2014_DEM_Phase1_cog.tif" }, "geometry": { "type": "Polygon", "coordinates": [ [ [ 4709998.144432252272964, 3515003.463485958520323, 0.0 ], [ 4709998.143043385818601, 3520003.463518879376352, 0.0 ], [ 4704998.146243382245302, 3520003.46982783311978, 0.0 ], [ 4704998.147417307831347, 3515003.469430666882545, 0.0 ], [ 4709998.144432252272964, 3515003.463485958520323, 0.0 ] ] ] } },
{ "type": "Feature", "properties": { "tile": "N169E187", "url": "https://kyfromabove.s3.us-west-2.amazonaws.com/elevation/DEM/Phase1/N169E187_2014_DEM_Phase1_cog.tif" }, "geometry": { "type": "Polygon", "coordinates": [ [ [ 4714998.141446464695036, 3515003.457534497603774, 0.0 ], [ 4714998.139842787757516, 3520003.45720309112221, 0.0 ], [ 4709998.143043385818601, 3520003.463518879376352, 0.0 ], [ 4709998.144432252272964, 3515003.463485958520323, 0.0 ], [ 4714998.141446464695036, 3515003.457534497603774, 0.0 ] ] ] } },
{ "type": "Feature", "properties": { "tile": "N169E188", "url": "https://kyfromabove.s3.us-west-2.amazonaws.com/elevation/DEM/Phase1/N169E188_2014_DEM_Phase1_cog.tif" }, "geometry": { "type": "Polygon", "coordinates": [ [ [ 4714998.141446464695036, 3515003.457534497603774, 0.0 ], [ 4719998.138131972402334, 3515003.451576482038945, 0.0 ], [ 4719998.136313606984913, 3520003.450880672316998, 0.0 ], [ 4714998.139842787757516, 3520003.45720309112221, 0.0 ], [ 4714998.141446464695036, 3515003.457534497603774, 0.0 ] ] ] } },
{ "type": "Feature", "properties": { "tile": "N169E189", "url": "https://kyfromabove.s3.us-west-2.amazonaws.com/elevation/DEM/Phase1/N169E189_2014_DEM_Phase1_cog.tif" }, "geometry": { "type": "Polygon", "coordinates": [ [ [ 4724998.135145084001124, 3515003.445612104609609, 0.0 ], [ 4724998.133112162351608, 3520003.444551818538457, 0.0 ], [ 4719998.136313606984913, 3520003.450880672316998, 0.0 ], [ 4719998.138131972402334, 3515003.451576482038945, 0.0 ], [ 4724998.135145084001124, 3515003.445612104609609, 0.0 ] ] ] } },
{ "type": "Feature", "properties": { "tile": "N169E190", "url": "https://kyfromabove.s3.us-west-2.amazonaws.com/elevation/DEM/Phase1/N169E190_2014_DEM_Phase1_cog.tif" }, "geometry": { "type": "Polygon", "coordinates": [ [ [ 4729998.131829712539911, 3515003.439641578122973, 0.0 ], [ 4729998.129582387395203, 3520003.438216687645763, 0.0 ], [ 4724998.133112162351608, 3520003.444551818538457, 0.0 ], [ 4724998.135145084001124, 3515003.445612104609609, 0.0 ], [ 4729998.131829712539911, 3515003.439641578122973, 0.0 ] ] ] } },
{ "type": "Feature", "properties": { "tile": "N169E191", "url": "https://kyfromabove.s3.us-west-2.amazonaws.com/elevation/DEM/Phase1/N169E191_2014_DEM_Phase1_cog.tif" }, "geometry": { "type": "Polygon", "coordinates": [ [ [ 4734998.128842191770673, 3515003.433665082324296, 0.0 ], [ 4734998.126380580477417, 3520003.431875556241721, 0.0 ], [ 4729998.129582387395203, 3520003.438216687645763, 0.0 ], [ 4729998.131829712539911, 3515003.439641578122973, 0.0 ], [ 4734998.128842191770673, 3515003.433665082324296, 0.0 ] ] ] } },
{ "type": "Feature", "properties": { "tile": "N169E192", "url": "https://kyfromabove.s3.us-west-2.amazonaws.com/elevation/DEM/Phase1/N169E192_2014_DEM_Phase1_cog.tif" }, "geometry": { "type": "Polygon", "coordinates": [ [ [ 4739998.125526441261172, 3515003.427682841196656, 0.0 ], [ 4739998.122850676998496, 3520003.425528574734926, 0.0 ], [ 4734998.126380580477417, 3520003.431875556241721, 0.0 ], [ 4734998.128842191770673, 3515003.433665082324296, 0.0 ], [ 4739998.125526441261172, 3515003.427682841196656, 0.0 ] ] ] } },
{ "type": "Feature", "properties": { "tile": "N170E177", "url": "https://kyfromabove.s3.us-west-2.amazonaws.com/elevation/DEM/Phase1/N170E177_2014_DEM_Phase1_cog.tif" }, "geometry": { "type": "Polygon", "coordinates": [ [ [ 4664998.126855483278632, 3510003.523466299753636, 0.0 ], [ 4664998.12203418277204, 3515003.52405203320086, 0.0 ], [ 4659998.118220160715282, 3515003.530950083397329, 0.0 ], [ 4659998.123541615903378, 3510003.530322593171149, 0.0 ], [ 4664998.126855483278632, 3510003.523466299753636, 0.0 ] ] ] } },
{ "type": "Feature", "properties": { "tile": "N170E178", "url": "https://kyfromabove.s3.us-west-2.amazonaws.com/elevation/DEM/Phase1/N170E178_2014_DEM_Phase1_cog.tif" }, "geometry": { "type": "Polygon", "coordinates": [ [ [ 4669998.130182282067835, 3510003.516610281541944, 0.0 ], [ 4669998.125861160457134, 3515003.517154454253614, 0.0 ], [ 4664998.12203418277204, 3515003.52405203320086, 0.0 ], [ 4664998.126855483278632, 3510003.523466299753636, 0.0 ], [ 4669998.130182282067835, 3510003.516610281541944, 0.0 ] ] ] } },
{ "type": "Feature", "properties": { "tile": "N170E179", "url": "https://kyfromabove.s3.us-west-2.amazonaws.com/elevation/DEM/Phase1/N170E179_2014_DEM_Phase1_cog.tif" }, "geometry": { "type": "Polygon", "coordinates": [ [ [ 4674998.133193687535822, 3510003.509754580911249, 0.0 ], [ 4674998.129372757859528, 3515003.510257372166961, 0.0 ], [ 4669998.125861160457134, 3515003.517154454253614, 0.0 ], [ 4669998.130182282067835, 3510003.516610281541944, 0.0 ], [ 4674998.133193687535822, 3510003.509754580911249, 0.0 ] ] ] } },
{ "type": "Feature", "properties": { "tile": "N170E180", "url": "https://kyfromabove.s3.us-west-2.amazonaws.com/elevation/DEM/Phase1/N170E180_2014_DEM_Phase1_cog.tif" }, "geometry": { "type": "Polygon", "coordinates": [ [ [ 4679998.136217483319342, 3510003.502899195533246, 0.0 ], [ 4679998.132896756753325, 3515003.503360791131854, 0.0 ], [ 4674998.129372757859528, 3515003.510257372166961, 0.0 ], [ 4674998.133193687535822, 3510003.509754580911249, 0.0 ], [ 4679998.136217483319342, 3510003.502899195533246, 0.0 ] ] ] } },
{ "type": "Feature", "properties": { "tile": "N170E181", "url": "https://kyfromabove.s3.us-west-2.amazonaws.com/elevation/DEM/Phase1/N170E181_2014_DEM_Phase1_cog.tif" }, "geometry": { "type": "Polygon", "coordinates": [ [ [ 4684998.139581492170691, 3510003.496044191531837, 0.0 ], [ 4684998.136760988272727, 3515003.496464768890291, 0.0 ], [ 4679998.132896756753325, 3515003.503360791131854, 0.0 ], [ 4679998.136217483319342, 3510003.502899195533246, 0.0 ], [ 4684998.139581492170691, 3510003.496044191531837, 0.0 ] ] ] } },
{ "type": "Feature", "properties": { "tile": "N170E182", "url": "https://kyfromabove.s3.us-west-2.amazonaws.com/elevation/DEM/Phase1/N170E182_2014_DEM_Phase1_cog.tif" }, "geometry": { "type": "Polygon", "coordinates": [ [ [ 4689998.142629245296121, 3510003.489189561456442, 0.0 ], [ 4689998.140308985486627, 3515003.489569315221161, 0.0 ], [ 4684998.136760988272727, 3515003.496464768890291, 0.0 ], [ 4684998.139581492170691, 3510003.496044191531837, 0.0 ], [ 4689998.142629245296121, 3510003.489189561456442, 0.0 ] ] ] } },
{ "type": "Feature", "properties": { "tile": "N170E183", "url": "https://kyfromabove.s3.us-west-2.amazonaws.com/elevation/DEM/Phase1/N170E183_2014_DEM_Phase1_cog.tif" }, "geometry": { "type": "Polygon", "coordinates": [ [ [ 4694998.146016668528318, 3510003.482335360255092, 0.0 ], [ 4694998.144196667708457, 3515003.482674450613558, 0.0 ], [ 4689998.140308985486627, 3515003.489569315221161, 0.0 ], [ 4689998.142629245296121, 3510003.489189561456442, 0.0 ], [ 4694998.146016668528318, 3510003.482335360255092, 0.0 ] ] ] } },
{ "type": "Feature", "properties": { "tile": "N170E184", "url": "https://kyfromabove.s3.us-west-2.amazonaws.com/elevation/DEM/Phase1/N170E184_2014_DEM_Phase1_cog.tif" }, "geometry": { "type": "Polygon", "coordinates": [ [ [ 4699998.14908729121089, 3510003.47548158140853, 0.0 ], [ 4699998.147767576389015, 3515003.475780220236629, 0.0 ], [ 4694998.144196667708457, 3515003.482674450613558, 0.0 ], [ 4694998.146016668528318, 3510003.482335360255092, 0.0 ], [ 4699998.14908729121089, 3510003.47548158140853, 0.0 ] ] ] } },
{ "type": "Feature", "properties": { "tile": "N170E185", "url": "https://kyfromabove.s3.us-west-2.amazonaws.com/elevation/DEM/Phase1/N170E185_2014_DEM_Phase1_cog.tif" }, "geometry": { "type": "Polygon", "coordinates": [ [ [ 4704998.14859492983669, 3510003.469367223326117, 0.0 ], [ 4704998.147417307831347, 3515003.469430666882545, 0.0 ], [ 4699998.147767576389015, 3515003.475780220236629, 0.0 ], [ 4699998.14908729121089, 3510003.47548158140853, 0.0 ], [ 4704998.14859492983669, 3510003.469367223326117, 0.0 ] ] ] } },
{ "type": "Feature", "properties": { "tile": "N170E186", "url": "https://kyfromabove.s3.us-west-2.amazonaws.com/elevation/DEM/Phase1/N170E186_2014_DEM_Phase1_cog.tif" }, "geometry": { "type": "Polygon", "coordinates": [ [ [ 4704998.147417307831347, 3515003.469430666882545, 0.0 ], [ 4704998.14859492983669, 3510003.469367223326117, 0.0 ], [ 4709998.145824830047786, 3510003.463786623906344, 0.0 ], [ 4709998.144432252272964, 3515003.463485958520323, 0.0 ], [ 4704998.147417307831347, 3515003.469430666882545, 0.0 ] ] ] } },
{ "type": "Feature", "properties": { "tile": "N170E187", "url": "https://kyfromabove.s3.us-west-2.amazonaws.com/elevation/DEM/Phase1/N170E187_2014_DEM_Phase1_cog.tif" }, "geometry": { "type": "Polygon", "coordinates": [ [ [ 4714998.141446464695036, 3515003.457534497603774, 0.0 ], [ 4709998.144432252272964, 3515003.463485958520323, 0.0 ], [ 4709998.145824830047786, 3510003.463786623906344, 0.0 ], [ 4714998.14305385760963, 3510003.458199347369373, 0.0 ], [ 4714998.141446464695036, 3515003.457534497603774, 0.0 ] ] ] } },
{ "type": "Feature", "properties": { "tile": "N170E188", "url": "https://kyfromabove.s3.us-west-2.amazonaws.com/elevation/DEM/Phase1/N170E188_2014_DEM_Phase1_cog.tif" }, "geometry": { "type": "Polygon", "coordinates": [ [ [ 4719998.139954042620957, 3510003.452605616766959, 0.0 ], [ 4719998.138131972402334, 3515003.451576482038945, 0.0 ], [ 4714998.141446464695036, 3515003.457534497603774, 0.0 ], [ 4714998.14305385760963, 3510003.458199347369373, 0.0 ], [ 4719998.139954042620957, 3510003.452605616766959, 0.0 ] ] ] } },
{ "type": "Feature", "properties": { "tile": "N170E189", "url": "https://kyfromabove.s3.us-west-2.amazonaws.com/elevation/DEM/Phase1/N170E189_2014_DEM_Phase1_cog.tif" }, "geometry": { "type": "Polygon", "coordinates": [ [ [ 4724998.137181684374809, 3510003.447005603462458, 0.0 ], [ 4724998.135145084001124, 3515003.445612104609609, 0.0 ], [ 4719998.138131972402334, 3515003.451576482038945, 0.0 ], [ 4719998.139954042620957, 3510003.452605616766959, 0.0 ], [ 4724998.137181684374809, 3510003.447005603462458, 0.0 ] ] ] } },
{ "type": "Feature", "properties": { "tile": "N170E190", "url": "https://kyfromabove.s3.us-west-2.amazonaws.com/elevation/DEM/Phase1/N170E190_2014_DEM_Phase1_cog.tif" }, "geometry": { "type": "Polygon", "coordinates": [ [ [ 4729998.134080735035241, 3510003.441399510484189, 0.0 ], [ 4729998.131829712539911, 3515003.439641578122973, 0.0 ], [ 4724998.135145084001124, 3515003.445612104609609, 0.0 ], [ 4724998.137181684374809, 3510003.447005603462458, 0.0 ], [ 4729998.134080735035241, 3510003.441399510484189, 0.0 ] ] ] } },
{ "type": "Feature", "properties": { "tile": "N170E191", "url": "https://kyfromabove.s3.us-west-2.amazonaws.com/elevation/DEM/Phase1/N170E191_2014_DEM_Phase1_cog.tif" }, "geometry": { "type": "Polygon", "coordinates": [ [ [ 4734998.131307495757937, 3510003.435787539929152, 0.0 ], [ 4734998.128842191770673, 3515003.433665082324296, 0.0 ], [ 4729998.131829712539911, 3515003.439641578122973, 0.0 ], [ 4729998.134080735035241, 3510003.441399510484189, 0.0 ], [ 4734998.131307495757937, 3510003.435787539929152, 0.0 ] ] ] } },
{ "type": "Feature", "properties": { "tile": "N170E192", "url": "https://kyfromabove.s3.us-west-2.amazonaws.com/elevation/DEM/Phase1/N170E192_2014_DEM_Phase1_cog.tif" }, "geometry": { "type": "Polygon", "coordinates": [ [ [ 4739998.128205886110663, 3510003.430169900879264, 0.0 ], [ 4739998.125526441261172, 3515003.427682841196656, 0.0 ], [ 4734998.128842191770673, 3515003.433665082324296, 0.0 ], [ 4734998.131307495757937, 3510003.435787539929152, 0.0 ], [ 4739998.128205886110663, 3510003.430169900879264, 0.0 ] ] ] } },
{ "type": "Feature", "properties": { "tile": "N171E177", "url": "https://kyfromabove.s3.us-west-2.amazonaws.com/elevation/DEM/Phase1/N171E177_2014_DEM_Phase1_cog.tif" }, "geometry": { "type": "Polygon", "coordinates": [ [ [ 4664998.13166899047792, 3505003.522553153801709, 0.0 ], [ 4664998.126855483278632, 3510003.523466299753636, 0.0 ], [ 4659998.123541615903378, 3510003.530322593171149, 0.0 ], [ 4659998.128855275921524, 3505003.52936769509688, 0.0 ], [ 4664998.13166899047792, 3505003.522553153801709, 0.0 ] ] ] } },
{ "type": "Feature", "properties": { "tile": "N171E178", "url": "https://kyfromabove.s3.us-west-2.amazonaws.com/elevation/DEM/Phase1/N171E178_2014_DEM_Phase1_cog.tif" }, "geometry": { "type": "Polygon", "coordinates": [ [ [ 4669998.134495618753135, 3505003.515738687478006, 0.0 ], [ 4669998.130182282067835, 3510003.516610281541944, 0.0 ], [ 4664998.126855483278632, 3510003.523466299753636, 0.0 ], [ 4664998.13166899047792, 3505003.522553153801709, 0.0 ], [ 4669998.134495618753135, 3505003.515738687478006, 0.0 ] ] ] } },
{ "type": "Feature", "properties": { "tile": "N171E179", "url": "https://kyfromabove.s3.us-west-2.amazonaws.com/elevation/DEM/Phase1/N171E179_2014_DEM_Phase1_cog.tif" }, "geometry": { "type": "Polygon", "coordinates": [ [ [ 4674998.137006835080683, 3505003.508924344554543, 0.0 ], [ 4674998.133193687535822, 3510003.509754580911249, 0.0 ], [ 4669998.130182282067835, 3510003.516610281541944, 0.0 ], [ 4669998.134495618753135, 3505003.515738687478006, 0.0 ], [ 4674998.137006835080683, 3505003.508924344554543, 0.0 ] ] ] } },
{ "type": "Feature", "properties": { "tile": "N171E180", "url": "https://kyfromabove.s3.us-west-2.amazonaws.com/elevation/DEM/Phase1/N171E180_2014_DEM_Phase1_cog.tif" }, "geometry": { "type": "Polygon", "coordinates": [ [ [ 4679998.139530424959958, 3505003.502110150642693, 0.0 ], [ 4679998.136217483319342, 3510003.502899195533246, 0.0 ], [ 4674998.133193687535822, 3510003.509754580911249, 0.0 ], [ 4674998.137006835080683, 3505003.508924344554543, 0.0 ], [ 4679998.139530424959958, 3505003.502110150642693, 0.0 ] ] ] } },
{ "type": "Feature", "properties": { "tile": "N171E181", "url": "https://kyfromabove.s3.us-west-2.amazonaws.com/elevation/DEM/Phase1/N171E181_2014_DEM_Phase1_cog.tif" }, "geometry": { "type": "Polygon", "coordinates": [ [ [ 4684998.14239420555532, 3505003.495296135544777, 0.0 ], [ 4684998.139581492170691, 3510003.496044191531837, 0.0 ], [ 4679998.136217483319342, 3510003.502899195533246, 0.0 ], [ 4679998.139530424959958, 3505003.502110150642693, 0.0 ], [ 4684998.14239420555532, 3505003.495296135544777, 0.0 ] ] ] } },
{ "type": "Feature", "properties": { "tile": "N171E182", "url": "https://kyfromabove.s3.us-west-2.amazonaws.com/elevation/DEM/Phase1/N171E182_2014_DEM_Phase1_cog.tif" }, "geometry": { "type": "Polygon", "coordinates": [ [ [ 4689998.144941716454923, 3505003.488482323940843, 0.0 ], [ 4689998.142629245296121, 3510003.489189561456442, 0.0 ], [ 4684998.139581492170691, 3510003.496044191531837, 0.0 ], [ 4684998.14239420555532, 3505003.495296135544777, 0.0 ], [ 4689998.144941716454923, 3505003.488482323940843, 0.0 ] ] ] } },
{ "type": "Feature", "properties": { "tile": "N171E183", "url": "https://kyfromabove.s3.us-west-2.amazonaws.com/elevation/DEM/Phase1/N171E183_2014_DEM_Phase1_cog.tif" }, "geometry": { "type": "Polygon", "coordinates": [ [ [ 4694998.147828875109553, 3505003.481668745167553, 0.0 ], [ 4694998.146016668528318, 3510003.482335360255092, 0.0 ], [ 4689998.142629245296121, 3510003.489189561456442, 0.0 ], [ 4689998.144941716454923, 3505003.488482323940843, 0.0 ], [ 4694998.147828875109553, 3505003.481668745167553, 0.0 ] ] ] } },
{ "type": "Feature", "properties": { "tile": "N171E184", "url": "https://kyfromabove.s3.us-west-2.amazonaws.com/elevation/DEM/Phase1/N171E184_2014_DEM_Phase1_cog.tif" }, "geometry": { "type": "Polygon", "coordinates": [ [ [ 4699998.150399221107364, 3505003.474855438340455, 0.0 ], [ 4699998.14908729121089, 3510003.47548158140853, 0.0 ], [ 4694998.146016668528318, 3510003.482335360255092, 0.0 ], [ 4694998.147828875109553, 3505003.481668745167553, 0.0 ], [ 4699998.150399221107364, 3505003.474855438340455, 0.0 ] ] ] } },
{ "type": "Feature", "properties": { "tile": "N171E185", "url": "https://kyfromabove.s3.us-west-2.amazonaws.com/elevation/DEM/Phase1/N171E185_2014_DEM_Phase1_cog.tif" }, "geometry": { "type": "Polygon", "coordinates": [ [ [ 4704998.149776265956461, 3505003.46898138243705, 0.0 ], [ 4704998.14859492983669, 3510003.469367223326117, 0.0 ], [ 4699998.14908729121089, 3510003.47548158140853, 0.0 ], [ 4699998.150399221107364, 3505003.474855438340455, 0.0 ], [ 4704998.149776265956461, 3505003.46898138243705, 0.0 ] ] ] } },
{ "type": "Feature", "properties": { "tile": "N171E186", "url": "https://kyfromabove.s3.us-west-2.amazonaws.com/elevation/DEM/Phase1/N171E186_2014_DEM_Phase1_cog.tif" }, "geometry": { "type": "Polygon", "coordinates": [ [ [ 4704998.149776265956461, 3505003.46898138243705, 0.0 ], [ 4709998.14722110889852, 3505003.463764745276421, 0.0 ], [ 4709998.145824830047786, 3510003.463786623906344, 0.0 ], [ 4704998.14859492983669, 3510003.469367223326117, 0.0 ], [ 4704998.149776265956461, 3505003.46898138243705, 0.0 ] ] ] } },
{ "type": "Feature", "properties": { "tile": "N171E187", "url": "https://kyfromabove.s3.us-west-2.amazonaws.com/elevation/DEM/Phase1/N171E187_2014_DEM_Phase1_cog.tif" }, "geometry": { "type": "Polygon", "coordinates": [ [ [ 4714998.144664946012199, 3505003.458541554864496, 0.0 ], [ 4714998.14305385760963, 3510003.458199347369373, 0.0 ], [ 4709998.145824830047786, 3510003.463786623906344, 0.0 ], [ 4709998.14722110889852, 3505003.463764745276421, 0.0 ], [ 4714998.144664946012199, 3505003.458541554864496, 0.0 ] ] ] } },
{ "type": "Feature", "properties": { "tile": "N171E188", "url": "https://kyfromabove.s3.us-west-2.amazonaws.com/elevation/DEM/Phase1/N171E188_2014_DEM_Phase1_cog.tif" }, "geometry": { "type": "Polygon", "coordinates": [ [ [ 4714998.144664946012199, 3505003.458541554864496, 0.0 ], [ 4719998.141779799945652, 3505003.453311945311725, 0.0 ], [ 4719998.139954042620957, 3510003.452605616766959, 0.0 ], [ 4714998.14305385760963, 3510003.458199347369373, 0.0 ], [ 4714998.144664946012199, 3505003.458541554864496, 0.0 ] ] ] } },
{ "type": "Feature", "properties": { "tile": "N171E189", "url": "https://kyfromabove.s3.us-west-2.amazonaws.com/elevation/DEM/Phase1/N171E189_2014_DEM_Phase1_cog.tif" }, "geometry": { "type": "Polygon", "coordinates": [ [ [ 4724998.139221992343664, 3505003.448076153639704, 0.0 ], [ 4724998.137181684374809, 3510003.447005603462458, 0.0 ], [ 4719998.139954042620957, 3510003.452605616766959, 0.0 ], [ 4719998.141779799945652, 3505003.453311945311725, 0.0 ], [ 4724998.139221992343664, 3505003.448076153639704, 0.0 ] ] ] } },
{ "type": "Feature", "properties": { "tile": "N171E190", "url": "https://kyfromabove.s3.us-west-2.amazonaws.com/elevation/DEM/Phase1/N171E190_2014_DEM_Phase1_cog.tif" }, "geometry": { "type": "Polygon", "coordinates": [ [ [ 4729998.136335455812514, 3505003.44283437775448, 0.0 ], [ 4729998.134080735035241, 3510003.441399510484189, 0.0 ], [ 4724998.137181684374809, 3510003.447005603462458, 0.0 ], [ 4724998.139221992343664, 3505003.448076153639704, 0.0 ], [ 4729998.136335455812514, 3505003.44283437775448, 0.0 ] ] ] } },
{ "type": "Feature", "properties": { "tile": "N171E191", "url": "https://kyfromabove.s3.us-west-2.amazonaws.com/elevation/DEM/Phase1/N171E191_2014_DEM_Phase1_cog.tif" }, "geometry": { "type": "Polygon", "coordinates": [ [ [ 4734998.133776486851275, 3505003.437586798332632, 0.0 ], [ 4734998.131307495757937, 3510003.435787539929152, 0.0 ], [ 4729998.134080735035241, 3510003.441399510484189, 0.0 ], [ 4729998.136335455812514, 3505003.44283437775448, 0.0 ], [ 4734998.133776486851275, 3505003.437586798332632, 0.0 ] ] ] } },
{ "type": "Feature", "properties": { "tile": "N171E192", "url": "https://kyfromabove.s3.us-west-2.amazonaws.com/elevation/DEM/Phase1/N171E192_2014_DEM_Phase1_cog.tif" }, "geometry": { "type": "Polygon", "coordinates": [ [ [ 4739998.130889029242098, 3505003.432333626784384, 0.0 ], [ 4739998.128205886110663, 3510003.430169900879264, 0.0 ], [ 4734998.131307495757937, 3510003.435787539929152, 0.0 ], [ 4734998.133776486851275, 3505003.437586798332632, 0.0 ], [ 4739998.130889029242098, 3505003.432333626784384, 0.0 ] ] ] } },
{ "type": "Feature", "properties": { "tile": "N172E177", "url": "https://kyfromabove.s3.us-west-2.amazonaws.com/elevation/DEM/Phase1/N172E177_2014_DEM_Phase1_cog.tif" }, "geometry": { "type": "Polygon", "coordinates": [ [ [ 4659998.128855275921524, 3505003.52936769509688, 0.0 ], [ 4659998.134161141701043, 3500003.528741574846208, 0.0 ], [ 4664998.136474706232548, 3500003.521968721412122, 0.0 ], [ 4664998.13166899047792, 3505003.522553153801709, 0.0 ], [ 4659998.128855275921524, 3505003.52936769509688, 0.0 ] ] ] } },
{ "type": "Feature", "properties": { "tile": "N172E178", "url": "https://kyfromabove.s3.us-west-2.amazonaws.com/elevation/DEM/Phase1/N172E178_2014_DEM_Phase1_cog.tif" }, "geometry": { "type": "Polygon", "coordinates": [ [ [ 4669998.138801159337163, 3500003.515195791609585, 0.0 ], [ 4669998.134495618753135, 3505003.515738687478006, 0.0 ], [ 4664998.13166899047792, 3505003.522553153801709, 0.0 ], [ 4664998.136474706232548, 3500003.521968721412122, 0.0 ], [ 4669998.138801159337163, 3500003.515195791609585, 0.0 ] ] ] } },
{ "type": "Feature", "properties": { "tile": "N172E179", "url": "https://kyfromabove.s3.us-west-2.amazonaws.com/elevation/DEM/Phase1/N172E179_2014_DEM_Phase1_cog.tif" }, "geometry": { "type": "Polygon", "coordinates": [ [ [ 4674998.14081218931824, 3500003.508422797545791, 0.0 ], [ 4674998.137006835080683, 3505003.508924344554543, 0.0 ], [ 4669998.134495618753135, 3505003.515738687478006, 0.0 ], [ 4669998.138801159337163, 3500003.515195791609585, 0.0 ], [ 4674998.14081218931824, 3500003.508422797545791, 0.0 ] ] ] } },
{ "type": "Feature", "properties": { "tile": "N172E180", "url": "https://kyfromabove.s3.us-west-2.amazonaws.com/elevation/DEM/Phase1/N172E180_2014_DEM_Phase1_cog.tif" }, "geometry": { "type": "Polygon", "coordinates": [ [ [ 4674998.14081218931824, 3500003.508422797545791, 0.0 ], [ 4679998.14283556304872, 3500003.501649773214012, 0.0 ], [ 4679998.139530424959958, 3505003.502110150642693, 0.0 ], [ 4674998.137006835080683, 3505003.508924344554543, 0.0 ], [ 4674998.14081218931824, 3500003.508422797545791, 0.0 ] ] ] } },
{ "type": "Feature", "properties": { "tile": "N172E181", "url": "https://kyfromabove.s3.us-west-2.amazonaws.com/elevation/DEM/Phase1/N172E181_2014_DEM_Phase1_cog.tif" }, "geometry": { "type": "Polygon", "coordinates": [ [ [ 4684998.145199126563966, 3500003.494876736309379, 0.0 ], [ 4684998.14239420555532, 3505003.495296135544777, 0.0 ], [ 4679998.139530424959958, 3505003.502110150642693, 0.0 ], [ 4679998.14283556304872, 3500003.501649773214012, 0.0 ], [ 4684998.145199126563966, 3500003.494876736309379, 0.0 ] ] ] } },
{ "type": "Feature", "properties": { "tile": "N172E182", "url": "https://kyfromabove.s3.us-west-2.amazonaws.com/elevation/DEM/Phase1/N172E182_2014_DEM_Phase1_cog.tif" }, "geometry": { "type": "Polygon", "coordinates": [ [ [ 4689998.147246390581131, 3500003.488103732466698, 0.0 ], [ 4689998.144941716454923, 3505003.488482323940843, 0.0 ], [ 4684998.14239420555532, 3505003.495296135544777, 0.0 ], [ 4684998.145199126563966, 3500003.494876736309379, 0.0 ], [ 4689998.147246390581131, 3500003.488103732466698, 0.0 ] ] ] } },
{ "type": "Feature", "properties": { "tile": "N172E183", "url": "https://kyfromabove.s3.us-west-2.amazonaws.com/elevation/DEM/Phase1/N172E183_2014_DEM_Phase1_cog.tif" }, "geometry": { "type": "Polygon", "coordinates": [ [ [ 4694998.149633295834064, 3500003.481330769136548, 0.0 ], [ 4694998.147828875109553, 3505003.481668745167553, 0.0 ], [ 4689998.144941716454923, 3505003.488482323940843, 0.0 ], [ 4689998.147246390581131, 3500003.488103732466698, 0.0 ], [ 4694998.149633295834064, 3500003.481330769136548, 0.0 ] ] ] } },
{ "type": "Feature", "properties": { "tile": "N172E184", "url": "https://kyfromabove.s3.us-west-2.amazonaws.com/elevation/DEM/Phase1/N172E184_2014_DEM_Phase1_cog.tif" }, "geometry": { "type": "Polygon", "coordinates": [ [ [ 4699998.151703367941082, 3500003.474557887297124, 0.0 ], [ 4699998.150399221107364, 3505003.474855438340455, 0.0 ], [ 4694998.147828875109553, 3505003.481668745167553, 0.0 ], [ 4694998.149633295834064, 3500003.481330769136548, 0.0 ], [ 4699998.151703367941082, 3500003.474557887297124, 0.0 ] ] ] } },
{ "type": "Feature", "properties": { "tile": "N172E185", "url": "https://kyfromabove.s3.us-west-2.amazonaws.com/elevation/DEM/Phase1/N172E185_2014_DEM_Phase1_cog.tif" }, "geometry": { "type": "Polygon", "coordinates": [ [ [ 4704998.149776265956461, 3505003.46898138243705, 0.0 ], [ 4699998.150399221107364, 3505003.474855438340455, 0.0 ], [ 4699998.151703367941082, 3500003.474557887297124, 0.0 ], [ 4704998.150961315259337, 3500003.468929262831807, 0.0 ], [ 4704998.149776265956461, 3505003.46898138243705, 0.0 ] ] ] } },
{ "type": "Feature", "properties": { "tile": "N172E186", "url": "https://kyfromabove.s3.us-west-2.amazonaws.com/elevation/DEM/Phase1/N172E186_2014_DEM_Phase1_cog.tif" }, "geometry": { "type": "Polygon", "coordinates": [ [ [ 4709998.148621094413102, 3500003.46407647524029, 0.0 ], [ 4709998.14722110889852, 3505003.463764745276421, 0.0 ], [ 4704998.149776265956461, 3505003.46898138243705, 0.0 ], [ 4704998.150961315259337, 3500003.468929262831807, 0.0 ], [ 4709998.148621094413102, 3500003.46407647524029, 0.0 ] ] ] } },
{ "type": "Feature", "properties": { "tile": "N172E187", "url": "https://kyfromabove.s3.us-west-2.amazonaws.com/elevation/DEM/Phase1/N172E187_2014_DEM_Phase1_cog.tif" }, "geometry": { "type": "Polygon", "coordinates": [ [ [ 4709998.14722110889852, 3505003.463764745276421, 0.0 ], [ 4709998.148621094413102, 3500003.46407647524029, 0.0 ], [ 4714998.146279734559357, 3500003.45921720424667, 0.0 ], [ 4714998.144664946012199, 3505003.458541554864496, 0.0 ], [ 4709998.14722110889852, 3505003.463764745276421, 0.0 ] ] ] } },
{ "type": "Feature", "properties": { "tile": "N172E188", "url": "https://kyfromabove.s3.us-west-2.amazonaws.com/elevation/DEM/Phase1/N172E188_2014_DEM_Phase1_cog.tif" }, "geometry": { "type": "Polygon", "coordinates": [ [ [ 4719998.143609271384776, 3500003.454351615626365, 0.0 ], [ 4719998.141779799945652, 3505003.453311945311725, 0.0 ], [ 4714998.144664946012199, 3505003.458541554864496, 0.0 ], [ 4714998.146279734559357, 3500003.45921720424667, 0.0 ], [ 4719998.143609271384776, 3500003.454351615626365, 0.0 ] ] ] } },
{ "type": "Feature", "properties": { "tile": "N172E189", "url": "https://kyfromabove.s3.us-west-2.amazonaws.com/elevation/DEM/Phase1/N172E189_2014_DEM_Phase1_cog.tif" }, "geometry": { "type": "Polygon", "coordinates": [ [ [ 4724998.141266002319753, 3500003.449479912873358, 0.0 ], [ 4724998.139221992343664, 3505003.448076153639704, 0.0 ], [ 4719998.141779799945652, 3505003.453311945311725, 0.0 ], [ 4719998.143609271384776, 3500003.454351615626365, 0.0 ], [ 4724998.141266002319753, 3500003.449479912873358, 0.0 ] ] ] } },
{ "type": "Feature", "properties": { "tile": "N172E190", "url": "https://kyfromabove.s3.us-west-2.amazonaws.com/elevation/DEM/Phase1/N172E190_2014_DEM_Phase1_cog.tif" }, "geometry": { "type": "Polygon", "coordinates": [ [ [ 4724998.141266002319753, 3500003.449479912873358, 0.0 ], [ 4729998.138593865558505, 3500003.444602308794856, 0.0 ], [ 4729998.136335455812514, 3505003.44283437775448, 0.0 ], [ 4724998.139221992343664, 3505003.448076153639704, 0.0 ], [ 4724998.141266002319753, 3500003.449479912873358, 0.0 ] ] ] } },
{ "type": "Feature", "properties": { "tile": "N172E191", "url": "https://kyfromabove.s3.us-west-2.amazonaws.com/elevation/DEM/Phase1/N172E191_2014_DEM_Phase1_cog.tif" }, "geometry": { "type": "Polygon", "coordinates": [ [ [ 4734998.136249176226556, 3500003.439718988258392, 0.0 ], [ 4734998.133776486851275, 3505003.437586798332632, 0.0 ], [ 4729998.136335455812514, 3505003.44283437775448, 0.0 ], [ 4729998.138593865558505, 3500003.444602308794856, 0.0 ], [ 4734998.136249176226556, 3500003.439718988258392, 0.0 ] ] ] } },
{ "type": "Feature", "properties": { "tile": "N172E192", "url": "https://kyfromabove.s3.us-west-2.amazonaws.com/elevation/DEM/Phase1/N172E192_2014_DEM_Phase1_cog.tif" }, "geometry": { "type": "Polygon", "coordinates": [ [ [ 4739998.133575852029026, 3500003.434830147307366, 0.0 ], [ 4739998.130889029242098, 3505003.432333626784384, 0.0 ], [ 4734998.133776486851275, 3505003.437586798332632, 0.0 ], [ 4734998.136249176226556, 3500003.439718988258392, 0.0 ], [ 4739998.133575852029026, 3500003.434830147307366, 0.0 ] ] ] } },
{ "type": "Feature", "properties": { "tile": "N173E177", "url": "https://kyfromabove.s3.us-west-2.amazonaws.com/elevation/DEM/Phase1/N173E177_2014_DEM_Phase1_cog.tif" }, "geometry": { "type": "Polygon", "coordinates": [ [ [ 4659998.13945921137929, 3495003.52811611816287, 0.0 ], [ 4664998.141272626817226, 3495003.521384978666902, 0.0 ], [ 4664998.136474706232548, 3500003.521968721412122, 0.0 ], [ 4659998.134161141701043, 3500003.528741574846208, 0.0 ], [ 4659998.13945921137929, 3495003.52811611816287, 0.0 ] ] ] } },
{ "type": "Feature", "properties": { "tile": "N173E178", "url": "https://kyfromabove.s3.us-west-2.amazonaws.com/elevation/DEM/Phase1/N173E178_2014_DEM_Phase1_cog.tif" }, "geometry": { "type": "Polygon", "coordinates": [ [ [ 4669998.143098916858435, 3495003.514653566293418, 0.0 ], [ 4669998.138801159337163, 3500003.515195791609585, 0.0 ], [ 4664998.136474706232548, 3500003.521968721412122, 0.0 ], [ 4664998.141272626817226, 3495003.521384978666902, 0.0 ], [ 4669998.143098916858435, 3495003.514653566293418, 0.0 ] ] ] } },
{ "type": "Feature", "properties": { "tile": "N173E179", "url": "https://kyfromabove.s3.us-west-2.amazonaws.com/elevation/DEM/Phase1/N173E179_2014_DEM_Phase1_cog.tif" }, "geometry": { "type": "Polygon", "coordinates": [ [ [ 4669998.143098916858435, 3495003.514653566293418, 0.0 ], [ 4674998.144609751179814, 3495003.507921900600195, 0.0 ], [ 4674998.14081218931824, 3500003.508422797545791, 0.0 ], [ 4669998.138801159337163, 3500003.515195791609585, 0.0 ], [ 4669998.143098916858435, 3495003.514653566293418, 0.0 ] ] ] } },
{ "type": "Feature", "properties": { "tile": "N173E180", "url": "https://kyfromabove.s3.us-west-2.amazonaws.com/elevation/DEM/Phase1/N173E180_2014_DEM_Phase1_cog.tif" }, "geometry": { "type": "Polygon", "coordinates": [ [ [ 4679998.146132921800017, 3495003.501190026290715, 0.0 ], [ 4679998.14283556304872, 3500003.501649773214012, 0.0 ], [ 4674998.14081218931824, 3500003.508422797545791, 0.0 ], [ 4674998.144609751179814, 3495003.507921900600195, 0.0 ], [ 4679998.146132921800017, 3495003.501190026290715, 0.0 ] ] ] } },
{ "type": "Feature", "properties": { "tile": "N173E181", "url": "https://kyfromabove.s3.us-west-2.amazonaws.com/elevation/DEM/Phase1/N173E181_2014_DEM_Phase1_cog.tif" }, "geometry": { "type": "Polygon", "coordinates": [ [ [ 4684998.147996253333986, 3495003.494457953143865, 0.0 ], [ 4684998.145199126563966, 3500003.494876736309379, 0.0 ], [ 4679998.14283556304872, 3500003.501649773214012, 0.0 ], [ 4679998.146132921800017, 3495003.501190026290715, 0.0 ], [ 4684998.147996253333986, 3495003.494457953143865, 0.0 ] ] ] } },
{ "type": "Feature", "properties": { "tile": "N173E182", "url": "https://kyfromabove.s3.us-west-2.amazonaws.com/elevation/DEM/Phase1/N173E182_2014_DEM_Phase1_cog.tif" }, "geometry": { "type": "Polygon", "coordinates": [ [ [ 4684998.145199126563966, 3500003.494876736309379, 0.0 ], [ 4684998.147996253333986, 3495003.494457953143865, 0.0 ], [ 4689998.149543278850615, 3495003.487725723069161, 0.0 ], [ 4689998.147246390581131, 3500003.488103732466698, 0.0 ], [ 4684998.145199126563966, 3500003.494876736309379, 0.0 ] ] ] } },
{ "type": "Feature", "properties": { "tile": "N173E183", "url": "https://kyfromabove.s3.us-west-2.amazonaws.com/elevation/DEM/Phase1/N173E183_2014_DEM_Phase1_cog.tif" }, "geometry": { "type": "Polygon", "coordinates": [ [ [ 4694998.151429919525981, 3495003.480993359815329, 0.0 ], [ 4694998.149633295834064, 3500003.481330769136548, 0.0 ], [ 4689998.147246390581131, 3500003.488103732466698, 0.0 ], [ 4689998.149543278850615, 3495003.487725723069161, 0.0 ], [ 4694998.151429919525981, 3495003.480993359815329, 0.0 ] ] ] } },
{ "type": "Feature", "properties": { "tile": "N173E184", "url": "https://kyfromabove.s3.us-west-2.amazonaws.com/elevation/DEM/Phase1/N173E184_2014_DEM_Phase1_cog.tif" }, "geometry": { "type": "Polygon", "coordinates": [ [ [ 4699998.152999717742205, 3495003.474260916002095, 0.0 ], [ 4699998.151703367941082, 3500003.474557887297124, 0.0 ], [ 4694998.149633295834064, 3500003.481330769136548, 0.0 ], [ 4694998.151429919525981, 3495003.480993359815329, 0.0 ], [ 4699998.152999717742205, 3495003.474260916002095, 0.0 ] ] ] } },
{ "type": "Feature", "properties": { "tile": "N173E185", "url": "https://kyfromabove.s3.us-west-2.amazonaws.com/elevation/DEM/Phase1/N173E185_2014_DEM_Phase1_cog.tif" }, "geometry": { "type": "Polygon", "coordinates": [ [ [ 4704998.152150065638125, 3495003.468882822431624, 0.0 ], [ 4704998.150961315259337, 3500003.468929262831807, 0.0 ], [ 4699998.151703367941082, 3500003.474557887297124, 0.0 ], [ 4699998.152999717742205, 3495003.474260916002095, 0.0 ], [ 4704998.152150065638125, 3495003.468882822431624, 0.0 ] ] ] } },
{ "type": "Feature", "properties": { "tile": "N173E186", "url": "https://kyfromabove.s3.us-west-2.amazonaws.com/elevation/DEM/Phase1/N173E186_2014_DEM_Phase1_cog.tif" }, "geometry": { "type": "Polygon", "coordinates": [ [ [ 4709998.15002478286624, 3495003.464393742848188, 0.0 ], [ 4709998.148621094413102, 3500003.46407647524029, 0.0 ], [ 4704998.150961315259337, 3500003.468929262831807, 0.0 ], [ 4704998.152150065638125, 3495003.468882822431624, 0.0 ], [ 4709998.15002478286624, 3495003.464393742848188, 0.0 ] ] ] } },
{ "type": "Feature", "properties": { "tile": "N173E187", "url": "https://kyfromabove.s3.us-west-2.amazonaws.com/elevation/DEM/Phase1/N173E187_2014_DEM_Phase1_cog.tif" }, "geometry": { "type": "Polygon", "coordinates": [ [ [ 4714998.147898226045072, 3495003.459898264147341, 0.0 ], [ 4714998.146279734559357, 3500003.45921720424667, 0.0 ], [ 4709998.148621094413102, 3500003.46407647524029, 0.0 ], [ 4709998.15002478286624, 3495003.464393742848188, 0.0 ], [ 4714998.147898226045072, 3495003.459898264147341, 0.0 ] ] ] } },
{ "type": "Feature", "properties": { "tile": "N173E188", "url": "https://kyfromabove.s3.us-west-2.amazonaws.com/elevation/DEM/Phase1/N173E188_2014_DEM_Phase1_cog.tif" }, "geometry": { "type": "Polygon", "coordinates": [ [ [ 4719998.145442429929972, 3495003.455396552104503, 0.0 ], [ 4719998.143609271384776, 3500003.454351615626365, 0.0 ], [ 4714998.146279734559357, 3500003.45921720424667, 0.0 ], [ 4714998.147898226045072, 3495003.459898264147341, 0.0 ], [ 4719998.145442429929972, 3495003.455396552104503, 0.0 ] ] ] } },
{ "type": "Feature", "properties": { "tile": "N173E189", "url": "https://kyfromabove.s3.us-west-2.amazonaws.com/elevation/DEM/Phase1/N173E189_2014_DEM_Phase1_cog.tif" }, "geometry": { "type": "Polygon", "coordinates": [ [ [ 4724998.143313704058528, 3495003.450888815335929, 0.0 ], [ 4724998.141266002319753, 3500003.449479912873358, 0.0 ], [ 4719998.143609271384776, 3500003.454351615626365, 0.0 ], [ 4719998.145442429929972, 3495003.455396552104503, 0.0 ], [ 4724998.143313704058528, 3495003.450888815335929, 0.0 ] ] ] } },
{ "type": "Feature", "properties": { "tile": "N173E190", "url": "https://kyfromabove.s3.us-west-2.amazonaws.com/elevation/DEM/Phase1/N173E190_2014_DEM_Phase1_cog.tif" }, "geometry": { "type": "Polygon", "coordinates": [ [ [ 4729998.140855961479247, 3495003.446375248022377, 0.0 ], [ 4729998.138593865558505, 3500003.444602308794856, 0.0 ], [ 4724998.141266002319753, 3500003.449479912873358, 0.0 ], [ 4724998.143313704058528, 3495003.450888815335929, 0.0 ], [ 4729998.140855961479247, 3495003.446375248022377, 0.0 ] ] ] } },
{ "type": "Feature", "properties": { "tile": "N173E191", "url": "https://kyfromabove.s3.us-west-2.amazonaws.com/elevation/DEM/Phase1/N173E191_2014_DEM_Phase1_cog.tif" }, "geometry": { "type": "Polygon", "coordinates": [ [ [ 4734998.138725546188653, 3495003.441856050398201, 0.0 ], [ 4734998.136249176226556, 3500003.439718988258392, 0.0 ], [ 4729998.138593865558505, 3500003.444602308794856, 0.0 ], [ 4729998.140855961479247, 3495003.446375248022377, 0.0 ], [ 4734998.138725546188653, 3495003.441856050398201, 0.0 ] ] ] } },
{ "type": "Feature", "properties": { "tile": "N173E192", "url": "https://kyfromabove.s3.us-west-2.amazonaws.com/elevation/DEM/Phase1/N173E192_2014_DEM_Phase1_cog.tif" }, "geometry": { "type": "Polygon", "coordinates": [ [ [ 4734998.138725546188653, 3495003.441856050398201, 0.0 ], [ 4739998.136266364715993, 3495003.437331425957382, 0.0 ], [ 4739998.133575852029026, 3500003.434830147307366, 0.0 ], [ 4734998.136249176226556, 3500003.439718988258392, 0.0 ], [ 4734998.138725546188653, 3495003.441856050398201, 0.0 ] ] ] } },
{ "type": "Feature", "properties": { "tile": "N174E177", "url": "https://kyfromabove.s3.us-west-2.amazonaws.com/elevation/DEM/Phase1/N174E177_2014_DEM_Phase1_cog.tif" }, "geometry": { "type": "Polygon", "coordinates": [ [ [ 4664998.146062752231956, 3490003.520145716611296, 0.0 ], [ 4664998.141272626817226, 3495003.521384978666902, 0.0 ], [ 4659998.13945921137929, 3495003.52811611816287, 0.0 ], [ 4659998.144749495200813, 3490003.526835189200938, 0.0 ], [ 4664998.146062752231956, 3490003.520145716611296, 0.0 ] ] ] } },
{ "type": "Feature", "properties": { "tile": "N174E178", "url": "https://kyfromabove.s3.us-west-2.amazonaws.com/elevation/DEM/Phase1/N174E178_2014_DEM_Phase1_cog.tif" }, "geometry": { "type": "Polygon", "coordinates": [ [ [ 4669998.147388867102563, 3490003.513455790001899, 0.0 ], [ 4669998.143098916858435, 3495003.514653566293418, 0.0 ], [ 4664998.141272626817226, 3495003.521384978666902, 0.0 ], [ 4664998.146062752231956, 3490003.520145716611296, 0.0 ], [ 4669998.147388867102563, 3490003.513455790001899, 0.0 ] ] ] } },
{ "type": "Feature", "properties": { "tile": "N174E179", "url": "https://kyfromabove.s3.us-west-2.amazonaws.com/elevation/DEM/Phase1/N174E179_2014_DEM_Phase1_cog.tif" }, "geometry": { "type": "Polygon", "coordinates": [ [ [ 4674998.148399517871439, 3490003.506765446159989, 0.0 ], [ 4674998.144609751179814, 3495003.507921900600195, 0.0 ], [ 4669998.143098916858435, 3495003.514653566293418, 0.0 ], [ 4669998.147388867102563, 3490003.513455790001899, 0.0 ], [ 4674998.148399517871439, 3490003.506765446159989, 0.0 ] ] ] } },
{ "type": "Feature", "properties": { "tile": "N174E180", "url": "https://kyfromabove.s3.us-west-2.amazonaws.com/elevation/DEM/Phase1/N174E180_2014_DEM_Phase1_cog.tif" }, "geometry": { "type": "Polygon", "coordinates": [ [ [ 4679998.14942248724401, 3490003.500074693001807, 0.0 ], [ 4679998.146132921800017, 3495003.501190026290715, 0.0 ], [ 4674998.144609751179814, 3495003.507921900600195, 0.0 ], [ 4674998.148399517871439, 3490003.506765446159989, 0.0 ], [ 4679998.14942248724401, 3490003.500074693001807, 0.0 ] ] ] } },
{ "type": "Feature", "properties": { "tile": "N174E181", "url": "https://kyfromabove.s3.us-west-2.amazonaws.com/elevation/DEM/Phase1/N174E181_2014_DEM_Phase1_cog.tif" }, "geometry": { "type": "Polygon", "coordinates": [ [ [ 4684998.150785594247282, 3490003.493383582681417, 0.0 ], [ 4684998.147996253333986, 3495003.494457953143865, 0.0 ], [ 4679998.146132921800017, 3495003.501190026290715, 0.0 ], [ 4679998.14942248724401, 3490003.500074693001807, 0.0 ], [ 4684998.150785594247282, 3490003.493383582681417, 0.0 ] ] ] } },
{ "type": "Feature", "properties": { "tile": "N174E182", "url": "https://kyfromabove.s3.us-west-2.amazonaws.com/elevation/DEM/Phase1/N174E182_2014_DEM_Phase1_cog.tif" }, "geometry": { "type": "Polygon", "coordinates": [ [ [ 4689998.151832380332053, 3490003.486692123580724, 0.0 ], [ 4689998.149543278850615, 3495003.487725723069161, 0.0 ], [ 4684998.147996253333986, 3495003.494457953143865, 0.0 ], [ 4684998.150785594247282, 3490003.493383582681417, 0.0 ], [ 4689998.151832380332053, 3490003.486692123580724, 0.0 ] ] ] } },
{ "type": "Feature", "properties": { "tile": "N174E183", "url": "https://kyfromabove.s3.us-west-2.amazonaws.com/elevation/DEM/Phase1/N174E183_2014_DEM_Phase1_cog.tif" }, "geometry": { "type": "Polygon", "coordinates": [ [ [ 4694998.153218758292496, 3490003.480000355280936, 0.0 ], [ 4694998.151429919525981, 3495003.480993359815329, 0.0 ], [ 4689998.149543278850615, 3495003.487725723069161, 0.0 ], [ 4689998.151832380332053, 3490003.486692123580724, 0.0 ], [ 4694998.153218758292496, 3490003.480000355280936, 0.0 ] ] ] } },
{ "type": "Feature", "properties": { "tile": "N174E184", "url": "https://kyfromabove.s3.us-west-2.amazonaws.com/elevation/DEM/Phase1/N174E184_2014_DEM_Phase1_cog.tif" }, "geometry": { "type": "Polygon", "coordinates": [ [ [ 4699998.154288276098669, 3490003.473308284301311, 0.0 ], [ 4699998.152999717742205, 3495003.474260916002095, 0.0 ], [ 4694998.151429919525981, 3495003.480993359815329, 0.0 ], [ 4694998.153218758292496, 3490003.480000355280936, 0.0 ], [ 4699998.154288276098669, 3490003.473308284301311, 0.0 ] ] ] } },
{ "type": "Feature", "properties": { "tile": "N174E185", "url": "https://kyfromabove.s3.us-west-2.amazonaws.com/elevation/DEM/Phase1/N174E185_2014_DEM_Phase1_cog.tif" }, "geometry": { "type": "Polygon", "coordinates": [ [ [ 4704998.153342537581921, 3490003.468185835517943, 0.0 ], [ 4704998.152150065638125, 3495003.468882822431624, 0.0 ], [ 4699998.152999717742205, 3495003.474260916002095, 0.0 ], [ 4699998.154288276098669, 3490003.473308284301311, 0.0 ], [ 4704998.153342537581921, 3490003.468185835517943, 0.0 ] ] ] } },
{ "type": "Feature", "properties": { "tile": "N174E186", "url": "https://kyfromabove.s3.us-west-2.amazonaws.com/elevation/DEM/Phase1/N174E186_2014_DEM_Phase1_cog.tif" }, "geometry": { "type": "Polygon", "coordinates": [ [ [ 4709998.151432176120579, 3490003.464060355443507, 0.0 ], [ 4709998.15002478286624, 3495003.464393742848188, 0.0 ], [ 4704998.152150065638125, 3495003.468882822431624, 0.0 ], [ 4704998.153342537581921, 3490003.468185835517943, 0.0 ], [ 4709998.151432176120579, 3490003.464060355443507, 0.0 ] ] ] } },
{ "type": "Feature", "properties": { "tile": "N174E187", "url": "https://kyfromabove.s3.us-west-2.amazonaws.com/elevation/DEM/Phase1/N174E187_2014_DEM_Phase1_cog.tif" }, "geometry": { "type": "Polygon", "coordinates": [ [ [ 4714998.149520423263311, 3490003.459928539115936, 0.0 ], [ 4714998.147898226045072, 3495003.459898264147341, 0.0 ], [ 4709998.15002478286624, 3495003.464393742848188, 0.0 ], [ 4709998.151432176120579, 3490003.464060355443507, 0.0 ], [ 4714998.149520423263311, 3490003.459928539115936, 0.0 ] ] ] } },
{ "type": "Feature", "properties": { "tile": "N174E188", "url": "https://kyfromabove.s3.us-west-2.amazonaws.com/elevation/DEM/Phase1/N174E188_2014_DEM_Phase1_cog.tif" }, "geometry": { "type": "Polygon", "coordinates": [ [ [ 4719998.147279288619757, 3490003.455790568143129, 0.0 ], [ 4719998.145442429929972, 3495003.455396552104503, 0.0 ], [ 4714998.147898226045072, 3495003.459898264147341, 0.0 ], [ 4714998.149520423263311, 3490003.459928539115936, 0.0 ], [ 4719998.147279288619757, 3490003.455790568143129, 0.0 ] ] ] } },
{ "type": "Feature", "properties": { "tile": "N174E189", "url": "https://kyfromabove.s3.us-west-2.amazonaws.com/elevation/DEM/Phase1/N174E189_2014_DEM_Phase1_cog.tif" }, "geometry": { "type": "Polygon", "coordinates": [ [ [ 4724998.145365091972053, 3490003.45164667069912, 0.0 ], [ 4724998.143313704058528, 3495003.450888815335929, 0.0 ], [ 4719998.145442429929972, 3495003.455396552104503, 0.0 ], [ 4719998.147279288619757, 3490003.455790568143129, 0.0 ], [ 4724998.145365091972053, 3490003.45164667069912, 0.0 ] ] ] } },
{ "type": "Feature", "properties": { "tile": "N174E190", "url": "https://kyfromabove.s3.us-west-2.amazonaws.com/elevation/DEM/Phase1/N174E190_2014_DEM_Phase1_cog.tif" }, "geometry": { "type": "Polygon", "coordinates": [ [ [ 4729998.143121761269867, 3490003.447497010231018, 0.0 ], [ 4729998.140855961479247, 3495003.446375248022377, 0.0 ], [ 4724998.143313704058528, 3495003.450888815335929, 0.0 ], [ 4724998.145365091972053, 3490003.45164667069912, 0.0 ], [ 4729998.143121761269867, 3490003.447497010231018, 0.0 ] ] ] } },
{ "type": "Feature", "properties": { "tile": "N174E191", "url": "https://kyfromabove.s3.us-west-2.amazonaws.com/elevation/DEM/Phase1/N174E191_2014_DEM_Phase1_cog.tif" }, "geometry": { "type": "Polygon", "coordinates": [ [ [ 4729998.143121761269867, 3490003.447497010231018, 0.0 ], [ 4734998.14120561350137, 3490003.443341805133969, 0.0 ], [ 4734998.138725546188653, 3495003.441856050398201, 0.0 ], [ 4729998.140855961479247, 3495003.446375248022377, 0.0 ], [ 4729998.143121761269867, 3490003.447497010231018, 0.0 ] ] ] } },
{ "type": "Feature", "properties": { "tile": "N174E192", "url": "https://kyfromabove.s3.us-west-2.amazonaws.com/elevation/DEM/Phase1/N174E192_2014_DEM_Phase1_cog.tif" }, "geometry": { "type": "Polygon", "coordinates": [ [ [ 4739998.138960563577712, 3490003.439181241672486, 0.0 ], [ 4739998.136266364715993, 3495003.437331425957382, 0.0 ], [ 4734998.138725546188653, 3495003.441856050398201, 0.0 ], [ 4734998.14120561350137, 3490003.443341805133969, 0.0 ], [ 4739998.138960563577712, 3490003.439181241672486, 0.0 ] ] ] } },
{ "type": "Feature", "properties": { "tile": "N175E177", "url": "https://kyfromabove.s3.us-west-2.amazonaws.com/elevation/DEM/Phase1/N175E177_2014_DEM_Phase1_cog.tif" }, "geometry": { "type": "Polygon", "coordinates": [ [ [ 4664998.150845090858638, 3485003.519563276786357, 0.0 ], [ 4664998.146062752231956, 3490003.520145716611296, 0.0 ], [ 4659998.144749495200813, 3490003.526835189200938, 0.0 ], [ 4659998.150031987577677, 3485003.526211071759462, 0.0 ], [ 4664998.150845090858638, 3485003.519563276786357, 0.0 ] ] ] } },
{ "type": "Feature", "properties": { "tile": "N175E178", "url": "https://kyfromabove.s3.us-west-2.amazonaws.com/elevation/DEM/Phase1/N175E178_2014_DEM_Phase1_cog.tif" }, "geometry": { "type": "Polygon", "coordinates": [ [ [ 4664998.150845090858638, 3485003.519563276786357, 0.0 ], [ 4669998.151671034283936, 3485003.512914835941046, 0.0 ], [ 4669998.147388867102563, 3490003.513455790001899, 0.0 ], [ 4664998.146062752231956, 3490003.520145716611296, 0.0 ], [ 4664998.150845090858638, 3485003.519563276786357, 0.0 ] ] ] } },
{ "type": "Feature", "properties": { "tile": "N175E179", "url": "https://kyfromabove.s3.us-west-2.amazonaws.com/elevation/DEM/Phase1/N175E179_2014_DEM_Phase1_cog.tif" }, "geometry": { "type": "Polygon", "coordinates": [ [ [ 4674998.152181503362954, 3485003.506265795323998, 0.0 ], [ 4674998.148399517871439, 3490003.506765446159989, 0.0 ], [ 4669998.147388867102563, 3490003.513455790001899, 0.0 ], [ 4669998.151671034283936, 3485003.512914835941046, 0.0 ], [ 4674998.152181503362954, 3485003.506265795323998, 0.0 ] ] ] } },
{ "type": "Feature", "properties": { "tile": "N175E180", "url": "https://kyfromabove.s3.us-west-2.amazonaws.com/elevation/DEM/Phase1/N175E180_2014_DEM_Phase1_cog.tif" }, "geometry": { "type": "Polygon", "coordinates": [ [ [ 4679998.152704257518053, 3485003.499616175424308, 0.0 ], [ 4679998.14942248724401, 3490003.500074693001807, 0.0 ], [ 4674998.148399517871439, 3490003.506765446159989, 0.0 ], [ 4674998.152181503362954, 3485003.506265795323998, 0.0 ], [ 4679998.152704257518053, 3485003.499616175424308, 0.0 ] ] ] } },
{ "type": "Feature", "properties": { "tile": "N175E181", "url": "https://kyfromabove.s3.us-west-2.amazonaws.com/elevation/DEM/Phase1/N175E181_2014_DEM_Phase1_cog.tif" }, "geometry": { "type": "Polygon", "coordinates": [ [ [ 4684998.153567142784595, 3485003.492965972982347, 0.0 ], [ 4684998.150785594247282, 3490003.493383582681417, 0.0 ], [ 4679998.14942248724401, 3490003.500074693001807, 0.0 ], [ 4679998.152704257518053, 3485003.499616175424308, 0.0 ], [ 4684998.153567142784595, 3485003.492965972982347, 0.0 ] ] ] } },
{ "type": "Feature", "properties": { "tile": "N175E182", "url": "https://kyfromabove.s3.us-west-2.amazonaws.com/elevation/DEM/Phase1/N175E182_2014_DEM_Phase1_cog.tif" }, "geometry": { "type": "Polygon", "coordinates": [ [ [ 4689998.154113691300154, 3485003.486315276939422, 0.0 ], [ 4689998.151832380332053, 3490003.486692123580724, 0.0 ], [ 4684998.150785594247282, 3490003.493383582681417, 0.0 ], [ 4684998.153567142784595, 3485003.492965972982347, 0.0 ], [ 4689998.154113691300154, 3485003.486315276939422, 0.0 ] ] ] } },
{ "type": "Feature", "properties": { "tile": "N175E183", "url": "https://kyfromabove.s3.us-west-2.amazonaws.com/elevation/DEM/Phase1/N175E183_2014_DEM_Phase1_cog.tif" }, "geometry": { "type": "Polygon", "coordinates": [ [ [ 4689998.154113691300154, 3485003.486315276939422, 0.0 ], [ 4694998.154999810270965, 3485003.4796640612185, 0.0 ], [ 4694998.153218758292496, 3490003.480000355280936, 0.0 ], [ 4689998.151832380332053, 3490003.486692123580724, 0.0 ], [ 4689998.154113691300154, 3485003.486315276939422, 0.0 ] ] ] } },
{ "type": "Feature", "properties": { "tile": "N175E184", "url": "https://kyfromabove.s3.us-west-2.amazonaws.com/elevation/DEM/Phase1/N175E184_2014_DEM_Phase1_cog.tif" }, "geometry": { "type": "Polygon", "coordinates": [ [ [ 4699998.155569056048989, 3485003.473012375179678, 0.0 ], [ 4699998.154288276098669, 3490003.473308284301311, 0.0 ], [ 4694998.153218758292496, 3490003.480000355280936, 0.0 ], [ 4694998.154999810270965, 3485003.4796640612185, 0.0 ], [ 4699998.155569056048989, 3485003.473012375179678, 0.0 ] ] ] } },
{ "type": "Feature", "properties": { "tile": "N175E185", "url": "https://kyfromabove.s3.us-west-2.amazonaws.com/elevation/DEM/Phase1/N175E185_2014_DEM_Phase1_cog.tif" }, "geometry": { "type": "Polygon", "coordinates": [ [ [ 4704998.154538709670305, 3485003.468150702305138, 0.0 ], [ 4704998.153342537581921, 3490003.468185835517943, 0.0 ], [ 4699998.154288276098669, 3490003.473308284301311, 0.0 ], [ 4699998.155569056048989, 3485003.473012375179678, 0.0 ], [ 4704998.154538709670305, 3485003.468150702305138, 0.0 ] ] ] } },
{ "type": "Feature", "properties": { "tile": "N175E186", "url": "https://kyfromabove.s3.us-west-2.amazonaws.com/elevation/DEM/Phase1/N175E186_2014_DEM_Phase1_cog.tif" }, "geometry": { "type": "Polygon", "coordinates": [ [ [ 4704998.154538709670305, 3485003.468150702305138, 0.0 ], [ 4709998.152843282558024, 3485003.464388659223914, 0.0 ], [ 4709998.151432176120579, 3490003.464060355443507, 0.0 ], [ 4704998.153342537581921, 3490003.468185835517943, 0.0 ], [ 4704998.154538709670305, 3485003.468150702305138, 0.0 ] ] ] } },
{ "type": "Feature", "properties": { "tile": "N175E187", "url": "https://kyfromabove.s3.us-west-2.amazonaws.com/elevation/DEM/Phase1/N175E187_2014_DEM_Phase1_cog.tif" }, "geometry": { "type": "Polygon", "coordinates": [ [ [ 4714998.151146319694817, 3485003.460620363242924, 0.0 ], [ 4714998.149520423263311, 3490003.459928539115936, 0.0 ], [ 4709998.151432176120579, 3490003.464060355443507, 0.0 ], [ 4709998.152843282558024, 3485003.464388659223914, 0.0 ], [ 4714998.151146319694817, 3485003.460620363242924, 0.0 ] ] ] } },
{ "type": "Feature", "properties": { "tile": "N175E188", "url": "https://kyfromabove.s3.us-west-2.amazonaws.com/elevation/DEM/Phase1/N175E188_2014_DEM_Phase1_cog.tif" }, "geometry": { "type": "Polygon", "coordinates": [ [ [ 4714998.151146319694817, 3485003.460620363242924, 0.0 ], [ 4719998.149119854904711, 3485003.456846011802554, 0.0 ], [ 4719998.147279288619757, 3490003.455790568143129, 0.0 ], [ 4714998.149520423263311, 3490003.459928539115936, 0.0 ], [ 4714998.151146319694817, 3485003.460620363242924, 0.0 ] ] ] } },
{ "type": "Feature", "properties": { "tile": "N175E189", "url": "https://kyfromabove.s3.us-west-2.amazonaws.com/elevation/DEM/Phase1/N175E189_2014_DEM_Phase1_cog.tif" }, "geometry": { "type": "Polygon", "coordinates": [ [ [ 4724998.14742018841207, 3485003.453065818175673, 0.0 ], [ 4724998.145365091972053, 3490003.45164667069912, 0.0 ], [ 4719998.147279288619757, 3490003.455790568143129, 0.0 ], [ 4719998.149119854904711, 3485003.456846011802554, 0.0 ], [ 4724998.14742018841207, 3485003.453065818175673, 0.0 ] ] ] } },
{ "type": "Feature", "properties": { "tile": "N175E190", "url": "https://kyfromabove.s3.us-west-2.amazonaws.com/elevation/DEM/Phase1/N175E190_2014_DEM_Phase1_cog.tif" }, "geometry": { "type": "Polygon", "coordinates": [ [ [ 4729998.143121761269867, 3490003.447497010231018, 0.0 ], [ 4724998.145365091972053, 3490003.45164667069912, 0.0 ], [ 4724998.14742018841207, 3485003.453065818175673, 0.0 ], [ 4729998.145391258411109, 3485003.449279926717281, 0.0 ], [ 4729998.143121761269867, 3490003.447497010231018, 0.0 ] ] ] } },
{ "type": "Feature", "properties": { "tile": "N175E191", "url": "https://kyfromabove.s3.us-west-2.amazonaws.com/elevation/DEM/Phase1/N175E191_2014_DEM_Phase1_cog.tif" }, "geometry": { "type": "Polygon", "coordinates": [ [ [ 4734998.143689375370741, 3485003.445488586090505, 0.0 ], [ 4734998.14120561350137, 3490003.443341805133969, 0.0 ], [ 4729998.143121761269867, 3490003.447497010231018, 0.0 ], [ 4729998.145391258411109, 3485003.449279926717281, 0.0 ], [ 4734998.143689375370741, 3485003.445488586090505, 0.0 ] ] ] } },
{ "type": "Feature", "properties": { "tile": "N175E192", "url": "https://kyfromabove.s3.us-west-2.amazonaws.com/elevation/DEM/Phase1/N175E192_2014_DEM_Phase1_cog.tif" }, "geometry": { "type": "Polygon", "coordinates": [ [ [ 4739998.141658456996083, 3485003.441691981628537, 0.0 ], [ 4739998.138960563577712, 3490003.439181241672486, 0.0 ], [ 4734998.14120561350137, 3490003.443341805133969, 0.0 ], [ 4734998.143689375370741, 3485003.445488586090505, 0.0 ], [ 4739998.141658456996083, 3485003.441691981628537, 0.0 ] ] ] } },
{ "type": "Feature", "properties": { "tile": "N176E177", "url": "https://kyfromabove.s3.us-west-2.amazonaws.com/elevation/DEM/Phase1/N176E177_2014_DEM_Phase1_cog.tif" }, "geometry": { "type": "Polygon", "coordinates": [ [ [ 4664998.150845090858638, 3485003.519563276786357, 0.0 ], [ 4659998.150031987577677, 3485003.526211071759462, 0.0 ], [ 4659998.155306670814753, 3480003.525587643031031, 0.0 ], [ 4664998.155619626864791, 3480003.518981485627592, 0.0 ], [ 4664998.150845090858638, 3485003.519563276786357, 0.0 ] ] ] } },
{ "type": "Feature", "properties": { "tile": "N176E178", "url": "https://kyfromabove.s3.us-west-2.amazonaws.com/elevation/DEM/Phase1/N176E178_2014_DEM_Phase1_cog.tif" }, "geometry": { "type": "Polygon", "coordinates": [ [ [ 4669998.155945404432714, 3480003.512374522164464, 0.0 ], [ 4669998.151671034283936, 3485003.512914835941046, 0.0 ], [ 4664998.150845090858638, 3485003.519563276786357, 0.0 ], [ 4664998.155619626864791, 3480003.518981485627592, 0.0 ], [ 4669998.155945404432714, 3480003.512374522164464, 0.0 ] ] ] } },
{ "type": "Feature", "properties": { "tile": "N176E179", "url": "https://kyfromabove.s3.us-west-2.amazonaws.com/elevation/DEM/Phase1/N176E179_2014_DEM_Phase1_cog.tif" }, "geometry": { "type": "Polygon", "coordinates": [ [ [ 4674998.15595568716526, 3480003.505766753107309, 0.0 ], [ 4674998.152181503362954, 3485003.506265795323998, 0.0 ], [ 4669998.151671034283936, 3485003.512914835941046, 0.0 ], [ 4669998.155945404432714, 3480003.512374522164464, 0.0 ], [ 4674998.15595568716526, 3480003.505766753107309, 0.0 ] ] ] } },
{ "type": "Feature", "properties": { "tile": "N176E180", "url": "https://kyfromabove.s3.us-west-2.amazonaws.com/elevation/DEM/Phase1/N176E180_2014_DEM_Phase1_cog.tif" }, "geometry": { "type": "Polygon", "coordinates": [ [ [ 4679998.155978236347437, 3480003.499158225022256, 0.0 ], [ 4679998.152704257518053, 3485003.499616175424308, 0.0 ], [ 4674998.152181503362954, 3485003.506265795323998, 0.0 ], [ 4674998.15595568716526, 3480003.505766753107309, 0.0 ], [ 4679998.155978236347437, 3480003.499158225022256, 0.0 ] ] ] } },
{ "type": "Feature", "properties": { "tile": "N176E181", "url": "https://kyfromabove.s3.us-west-2.amazonaws.com/elevation/DEM/Phase1/N176E181_2014_DEM_Phase1_cog.tif" }, "geometry": { "type": "Polygon", "coordinates": [ [ [ 4684998.156340893357992, 3480003.492548950947821, 0.0 ], [ 4684998.153567142784595, 3485003.492965972982347, 0.0 ], [ 4679998.152704257518053, 3485003.499616175424308, 0.0 ], [ 4679998.155978236347437, 3480003.499158225022256, 0.0 ], [ 4684998.156340893357992, 3480003.492548950947821, 0.0 ] ] ] } },
{ "type": "Feature", "properties": { "tile": "N176E182", "url": "https://kyfromabove.s3.us-west-2.amazonaws.com/elevation/DEM/Phase1/N176E182_2014_DEM_Phase1_cog.tif" }, "geometry": { "type": "Polygon", "coordinates": [ [ [ 4689998.154113691300154, 3485003.486315276939422, 0.0 ], [ 4684998.153567142784595, 3485003.492965972982347, 0.0 ], [ 4684998.156340893357992, 3480003.492548950947821, 0.0 ], [ 4689998.15638720523566, 3480003.485938971396536, 0.0 ], [ 4689998.154113691300154, 3485003.486315276939422, 0.0 ] ] ] } },
{ "type": "Feature", "properties": { "tile": "N176E183", "url": "https://kyfromabove.s3.us-west-2.amazonaws.com/elevation/DEM/Phase1/N176E183_2014_DEM_Phase1_cog.tif" }, "geometry": { "type": "Polygon", "coordinates": [ [ [ 4694998.15677307266742, 3480003.479328318499029, 0.0 ], [ 4694998.154999810270965, 3485003.4796640612185, 0.0 ], [ 4689998.154113691300154, 3485003.486315276939422, 0.0 ], [ 4689998.15638720523566, 3480003.485938971396536, 0.0 ], [ 4694998.15677307266742, 3480003.479328318499029, 0.0 ] ] ] } },
{ "type": "Feature", "properties": { "tile": "N176E184", "url": "https://kyfromabove.s3.us-west-2.amazonaws.com/elevation/DEM/Phase1/N176E184_2014_DEM_Phase1_cog.tif" }, "geometry": { "type": "Polygon", "coordinates": [ [ [ 4699998.156842030584812, 3480003.472717011813074, 0.0 ], [ 4699998.155569056048989, 3485003.473012375179678, 0.0 ], [ 4694998.154999810270965, 3485003.4796640612185, 0.0 ], [ 4694998.15677307266742, 3480003.479328318499029, 0.0 ], [ 4699998.156842030584812, 3480003.472717011813074, 0.0 ] ] ] } },
{ "type": "Feature", "properties": { "tile": "N176E185", "url": "https://kyfromabove.s3.us-west-2.amazonaws.com/elevation/DEM/Phase1/N176E185_2014_DEM_Phase1_cog.tif" }, "geometry": { "type": "Polygon", "coordinates": [ [ [ 4704998.155738592147827, 3480003.468121177982539, 0.0 ], [ 4704998.154538709670305, 3485003.468150702305138, 0.0 ], [ 4699998.155569056048989, 3485003.473012375179678, 0.0 ], [ 4699998.156842030584812, 3480003.472717011813074, 0.0 ], [ 4704998.155738592147827, 3480003.468121177982539, 0.0 ] ] ] } },
{ "type": "Feature", "properties": { "tile": "N176E186", "url": "https://kyfromabove.s3.us-west-2.amazonaws.com/elevation/DEM/Phase1/N176E186_2014_DEM_Phase1_cog.tif" }, "geometry": { "type": "Polygon", "coordinates": [ [ [ 4709998.154258089140058, 3480003.464722468517721, 0.0 ], [ 4709998.152843282558024, 3485003.464388659223914, 0.0 ], [ 4704998.154538709670305, 3485003.468150702305138, 0.0 ], [ 4704998.155738592147827, 3480003.468121177982539, 0.0 ], [ 4709998.154258089140058, 3480003.464722468517721, 0.0 ] ] ] } },
{ "type": "Feature", "properties": { "tile": "N176E187", "url": "https://kyfromabove.s3.us-west-2.amazonaws.com/elevation/DEM/Phase1/N176E187_2014_DEM_Phase1_cog.tif" }, "geometry": { "type": "Polygon", "coordinates": [ [ [ 4709998.154258089140058, 3480003.464722468517721, 0.0 ], [ 4714998.152775919064879, 3480003.461317563895136, 0.0 ], [ 4714998.151146319694817, 3485003.460620363242924, 0.0 ], [ 4709998.152843282558024, 3485003.464388659223914, 0.0 ], [ 4709998.154258089140058, 3480003.464722468517721, 0.0 ] ] ] } },
{ "type": "Feature", "properties": { "tile": "N176E188", "url": "https://kyfromabove.s3.us-west-2.amazonaws.com/elevation/DEM/Phase1/N176E188_2014_DEM_Phase1_cog.tif" }, "geometry": { "type": "Polygon", "coordinates": [ [ [ 4714998.152775919064879, 3480003.461317563895136, 0.0 ], [ 4719998.150964116677642, 3480003.457906695548445, 0.0 ], [ 4719998.149119854904711, 3485003.456846011802554, 0.0 ], [ 4714998.151146319694817, 3485003.460620363242924, 0.0 ], [ 4714998.152775919064879, 3480003.461317563895136, 0.0 ] ] ] } },
{ "type": "Feature", "properties": { "tile": "N176E189", "url": "https://kyfromabove.s3.us-west-2.amazonaws.com/elevation/DEM/Phase1/N176E189_2014_DEM_Phase1_cog.tif" }, "geometry": { "type": "Polygon", "coordinates": [ [ [ 4719998.150964116677642, 3480003.457906695548445, 0.0 ], [ 4724998.149478974752128, 3480003.45449004881084, 0.0 ], [ 4724998.14742018841207, 3485003.453065818175673, 0.0 ], [ 4719998.149119854904711, 3485003.456846011802554, 0.0 ], [ 4719998.150964116677642, 3480003.457906695548445, 0.0 ] ] ] } },
{ "type": "Feature", "properties": { "tile": "N176E190", "url": "https://kyfromabove.s3.us-west-2.amazonaws.com/elevation/DEM/Phase1/N176E190_2014_DEM_Phase1_cog.tif" }, "geometry": { "type": "Polygon", "coordinates": [ [ [ 4729998.147664435207844, 3480003.451067817863077, 0.0 ], [ 4729998.145391258411109, 3485003.449279926717281, 0.0 ], [ 4724998.14742018841207, 3485003.453065818175673, 0.0 ], [ 4724998.149478974752128, 3480003.45449004881084, 0.0 ], [ 4729998.147664435207844, 3480003.451067817863077, 0.0 ] ] ] } },
{ "type": "Feature", "properties": { "tile": "N176E191", "url": "https://kyfromabove.s3.us-west-2.amazonaws.com/elevation/DEM/Phase1/N176E191_2014_DEM_Phase1_cog.tif" }, "geometry": { "type": "Polygon", "coordinates": [ [ [ 4734998.146176812238991, 3480003.44764019921422, 0.0 ], [ 4734998.143689375370741, 3485003.445488586090505, 0.0 ], [ 4729998.145391258411109, 3485003.449279926717281, 0.0 ], [ 4729998.147664435207844, 3480003.451067817863077, 0.0 ], [ 4734998.146176812238991, 3480003.44764019921422, 0.0 ] ] ] } },
{ "type": "Feature", "properties": { "tile": "N176E192", "url": "https://kyfromabove.s3.us-west-2.amazonaws.com/elevation/DEM/Phase1/N176E192_2014_DEM_Phase1_cog.tif" }, "geometry": { "type": "Polygon", "coordinates": [ [ [ 4739998.141658456996083, 3485003.441691981628537, 0.0 ], [ 4734998.143689375370741, 3485003.445488586090505, 0.0 ], [ 4734998.146176812238991, 3480003.44764019921422, 0.0 ], [ 4739998.144360035657883, 3480003.444207401014864, 0.0 ], [ 4739998.141658456996083, 3485003.441691981628537, 0.0 ] ] ] } },
{ "type": "Feature", "properties": { "tile": "N177E177", "url": "https://kyfromabove.s3.us-west-2.amazonaws.com/elevation/DEM/Phase1/N177E177_2014_DEM_Phase1_cog.tif" }, "geometry": { "type": "Polygon", "coordinates": [ [ [ 4664998.160386363975704, 3475003.518072295002639, 0.0 ], [ 4664998.155619626864791, 3480003.518981485627592, 0.0 ], [ 4659998.155306670814753, 3480003.525587643031031, 0.0 ], [ 4659998.160573567263782, 3475003.524636813439429, 0.0 ], [ 4664998.160386363975704, 3475003.518072295002639, 0.0 ] ] ] } },
{ "type": "Feature", "properties": { "tile": "N177E178", "url": "https://kyfromabove.s3.us-west-2.amazonaws.com/elevation/DEM/Phase1/N177E178_2014_DEM_Phase1_cog.tif" }, "geometry": { "type": "Polygon", "coordinates": [ [ [ 4669998.160211984999478, 3475003.511506775859743, 0.0 ], [ 4669998.155945404432714, 3480003.512374522164464, 0.0 ], [ 4664998.155619626864791, 3480003.518981485627592, 0.0 ], [ 4664998.160386363975704, 3475003.518072295002639, 0.0 ], [ 4669998.160211984999478, 3475003.511506775859743, 0.0 ] ] ] } },
{ "type": "Feature", "properties": { "tile": "N177E179", "url": "https://kyfromabove.s3.us-west-2.amazonaws.com/elevation/DEM/Phase1/N177E179_2014_DEM_Phase1_cog.tif" }, "geometry": { "type": "Polygon", "coordinates": [ [ [ 4674998.159722073934972, 3475003.504940261133015, 0.0 ], [ 4674998.15595568716526, 3480003.505766753107309, 0.0 ], [ 4669998.155945404432714, 3480003.512374522164464, 0.0 ], [ 4669998.160211984999478, 3475003.511506775859743, 0.0 ], [ 4674998.159722073934972, 3475003.504940261133015, 0.0 ] ] ] } },
{ "type": "Feature", "properties": { "tile": "N177E180", "url": "https://kyfromabove.s3.us-west-2.amazonaws.com/elevation/DEM/Phase1/N177E180_2014_DEM_Phase1_cog.tif" }, "geometry": { "type": "Polygon", "coordinates": [ [ [ 4674998.15595568716526, 3480003.505766753107309, 0.0 ], [ 4674998.159722073934972, 3475003.504940261133015, 0.0 ], [ 4679998.159244428388774, 3475003.498372822999954, 0.0 ], [ 4679998.155978236347437, 3480003.499158225022256, 0.0 ], [ 4674998.15595568716526, 3480003.505766753107309, 0.0 ] ] ] } },
{ "type": "Feature", "properties": { "tile": "N177E181", "url": "https://kyfromabove.s3.us-west-2.amazonaws.com/elevation/DEM/Phase1/N177E181_2014_DEM_Phase1_cog.tif" }, "geometry": { "type": "Polygon", "coordinates": [ [ [ 4684998.159106872044504, 3475003.491804447956383, 0.0 ], [ 4684998.156340893357992, 3480003.492548950947821, 0.0 ], [ 4679998.155978236347437, 3480003.499158225022256, 0.0 ], [ 4679998.159244428388774, 3475003.498372822999954, 0.0 ], [ 4684998.159106872044504, 3475003.491804447956383, 0.0 ] ] ] } },
{ "type": "Feature", "properties": { "tile": "N177E182", "url": "https://kyfromabove.s3.us-west-2.amazonaws.com/elevation/DEM/Phase1/N177E182_2014_DEM_Phase1_cog.tif" }, "geometry": { "type": "Polygon", "coordinates": [ [ [ 4689998.15865293238312, 3475003.485235190019011, 0.0 ], [ 4689998.15638720523566, 3480003.485938971396536, 0.0 ], [ 4684998.156340893357992, 3480003.492548950947821, 0.0 ], [ 4684998.159106872044504, 3475003.491804447956383, 0.0 ], [ 4689998.15865293238312, 3475003.485235190019011, 0.0 ] ] ] } },
{ "type": "Feature", "properties": { "tile": "N177E183", "url": "https://kyfromabove.s3.us-west-2.amazonaws.com/elevation/DEM/Phase1/N177E183_2014_DEM_Phase1_cog.tif" }, "geometry": { "type": "Polygon", "coordinates": [ [ [ 4694998.15853854175657, 3475003.478665072470903, 0.0 ], [ 4694998.15677307266742, 3480003.479328318499029, 0.0 ], [ 4689998.15638720523566, 3480003.485938971396536, 0.0 ], [ 4689998.15865293238312, 3475003.485235190019011, 0.0 ], [ 4694998.15853854175657, 3475003.478665072470903, 0.0 ] ] ] } },
{ "type": "Feature", "properties": { "tile": "N177E184", "url": "https://kyfromabove.s3.us-west-2.amazonaws.com/elevation/DEM/Phase1/N177E184_2014_DEM_Phase1_cog.tif" }, "geometry": { "type": "Polygon", "coordinates": [ [ [ 4699998.158107234165072, 3475003.472094099968672, 0.0 ], [ 4699998.156842030584812, 3480003.472717011813074, 0.0 ], [ 4694998.15677307266742, 3480003.479328318499029, 0.0 ], [ 4694998.15853854175657, 3475003.478665072470903, 0.0 ], [ 4699998.158107234165072, 3475003.472094099968672, 0.0 ] ] ] } },
{ "type": "Feature", "properties": { "tile": "N177E185", "url": "https://kyfromabove.s3.us-west-2.amazonaws.com/elevation/DEM/Phase1/N177E185_2014_DEM_Phase1_cog.tif" }, "geometry": { "type": "Polygon", "coordinates": [ [ [ 4704998.156942182220519, 3475003.467769250273705, 0.0 ], [ 4704998.155738592147827, 3480003.468121177982539, 0.0 ], [ 4699998.156842030584812, 3480003.472717011813074, 0.0 ], [ 4699998.158107234165072, 3475003.472094099968672, 0.0 ], [ 4704998.156942182220519, 3475003.467769250273705, 0.0 ] ] ] } },
{ "type": "Feature", "properties": { "tile": "N177E186", "url": "https://kyfromabove.s3.us-west-2.amazonaws.com/elevation/DEM/Phase1/N177E186_2014_DEM_Phase1_cog.tif" }, "geometry": { "type": "Polygon", "coordinates": [ [ [ 4704998.155738592147827, 3480003.468121177982539, 0.0 ], [ 4704998.156942182220519, 3475003.467769250273705, 0.0 ], [ 4709998.15567659959197, 3475003.464733712375164, 0.0 ], [ 4709998.154258089140058, 3480003.464722468517721, 0.0 ], [ 4704998.155738592147827, 3480003.468121177982539, 0.0 ] ] ] } },
{ "type": "Feature", "properties": { "tile": "N177E187", "url": "https://kyfromabove.s3.us-west-2.amazonaws.com/elevation/DEM/Phase1/N177E187_2014_DEM_Phase1_cog.tif" }, "geometry": { "type": "Polygon", "coordinates": [ [ [ 4709998.15567659959197, 3475003.464733712375164, 0.0 ], [ 4714998.154409220442176, 3475003.461692085489631, 0.0 ], [ 4714998.152775919064879, 3480003.461317563895136, 0.0 ], [ 4709998.154258089140058, 3480003.464722468517721, 0.0 ], [ 4709998.15567659959197, 3475003.464733712375164, 0.0 ] ] ] } },
{ "type": "Feature", "properties": { "tile": "N177E188", "url": "https://kyfromabove.s3.us-west-2.amazonaws.com/elevation/DEM/Phase1/N177E188_2014_DEM_Phase1_cog.tif" }, "geometry": { "type": "Polygon", "coordinates": [ [ [ 4719998.150964116677642, 3480003.457906695548445, 0.0 ], [ 4714998.152775919064879, 3480003.461317563895136, 0.0 ], [ 4714998.154409220442176, 3475003.461692085489631, 0.0 ], [ 4719998.152812068350613, 3475003.458644566126168, 0.0 ], [ 4719998.150964116677642, 3480003.457906695548445, 0.0 ] ] ] } },
{ "type": "Feature", "properties": { "tile": "N177E189", "url": "https://kyfromabove.s3.us-west-2.amazonaws.com/elevation/DEM/Phase1/N177E189_2014_DEM_Phase1_cog.tif" }, "geometry": { "type": "Polygon", "coordinates": [ [ [ 4724998.15154146309942, 3475003.455591343343258, 0.0 ], [ 4724998.149478974752128, 3480003.45449004881084, 0.0 ], [ 4719998.150964116677642, 3480003.457906695548445, 0.0 ], [ 4719998.152812068350613, 3475003.458644566126168, 0.0 ], [ 4724998.15154146309942, 3475003.455591343343258, 0.0 ] ] ] } },
{ "type": "Feature", "properties": { "tile": "N177E190", "url": "https://kyfromabove.s3.us-west-2.amazonaws.com/elevation/DEM/Phase1/N177E190_2014_DEM_Phase1_cog.tif" }, "geometry": { "type": "Polygon", "coordinates": [ [ [ 4729998.149941318668425, 3475003.452532632742077, 0.0 ], [ 4729998.147664435207844, 3480003.451067817863077, 0.0 ], [ 4724998.149478974752128, 3480003.45449004881084, 0.0 ], [ 4724998.15154146309942, 3475003.455591343343258, 0.0 ], [ 4729998.149941318668425, 3475003.452532632742077, 0.0 ] ] ] } },
{ "type": "Feature", "properties": { "tile": "N177E191", "url": "https://kyfromabove.s3.us-west-2.amazonaws.com/elevation/DEM/Phase1/N177E191_2014_DEM_Phase1_cog.tif" }, "geometry": { "type": "Polygon", "coordinates": [ [ [ 4734998.148667953908443, 3475003.449468619655818, 0.0 ], [ 4734998.146176812238991, 3480003.44764019921422, 0.0 ], [ 4729998.147664435207844, 3480003.451067817863077, 0.0 ], [ 4729998.149941318668425, 3475003.452532632742077, 0.0 ], [ 4734998.148667953908443, 3475003.449468619655818, 0.0 ] ] ] } },
{ "type": "Feature", "properties": { "tile": "N177E192", "url": "https://kyfromabove.s3.us-west-2.amazonaws.com/elevation/DEM/Phase1/N177E192_2014_DEM_Phase1_cog.tif" }, "geometry": { "type": "Polygon", "coordinates": [ [ [ 4739998.14706529583782, 3475003.446399496868253, 0.0 ], [ 4739998.144360035657883, 3480003.444207401014864, 0.0 ], [ 4734998.146176812238991, 3480003.44764019921422, 0.0 ], [ 4734998.148667953908443, 3475003.449468619655818, 0.0 ], [ 4739998.14706529583782, 3475003.446399496868253, 0.0 ] ] ] } }
]
}
